strain	species	species_match	contig_count	N50	largest_contig	total_size	ambiguous_bases	QC_warnings	ST	gapA	infB	mdh	pgi	phoE	rpoB	tonB	YbST	Yersiniabactin	ybtS	ybtX	ybtQ	ybtP	ybtA	irp2	irp1	ybtU	ybtT	ybtE	fyuA	spurious_ybt_hits	CbST	Colibactin	clbA	clbB	clbC	clbD	clbE	clbF	clbG	clbH	clbI	clbL	clbM	clbN	clbO	clbP	clbQ	spurious_clb_hits	AbST	Aerobactin	iucA	iucB	iucC	iucD	iutA	spurious_abst_hits	SmST	Salmochelin	iroB	iroC	iroD	iroN	spurious_smst_hits	RmST	RmpADC	rmpA	rmpD	rmpC	spurious_rmst_hits	virulence_score	spurious_virulence_hits	rmpA2	AGly_acquired	Col_acquired	Fcyn_acquired	Flq_acquired	Gly_acquired	MLS_acquired	Phe_acquired	Rif_acquired	Sul_acquired	Tet_acquired	Tgc_acquired	Tmt_acquired	Bla_acquired	Bla_inhR_acquired	Bla_ESBL_acquired	Bla_ESBL_inhR_acquired	Bla_Carb_acquired	Bla_chr	SHV_mutations	Omp_mutations	Col_mutations	Flq_mutations	truncated_resistance_hits	spurious_resistance_hits	resistance_score	num_resistance_classes	num_resistance_genes	Ciprofloxacin_prediction	Ciprofloxacin_profile_support	Ciprofloxacin_profile	Ciprofloxacin_MIC_prediction	wzi	K_locus	K_type	K_locus_confidence	K_locus_problems	K_locus_identity	K_Missing_expected_genes	O_locus	O_type	O_locus_confidence	O_locus_problems	O_locus_identity	O_Missing_expected_genes
2018-01-1001	Klebsiella pneumoniae	strong	7	5310593	5310593	5550275	no	-	ST35	2	1	2	1	10	1	19	0	-	-	-	-	-	-	-	-	-	-	-	-	-	0	-	-	-	-	-	-	-	-	-	-	-	-	-	-	-	-	-	0	-	-	-	-	-	-	-	0	-	-	-	-	-	-	0	-	-	-	-	-	0	-	-	-	-	-	-	-	-	-	-	-	-	-	-	-	-	-	-	-	SHV-33	-	-	-	-	-	-	0	0	0	wildtype S	90.99% S (N=5168/5680)	0^ QRDR, 0 PMQR, 0 aac(6`)-Ib-cr	0.25 mg/L [0.25-0.25]	wzi37	KL22	K22	Typeable	!	99.77%	-	OL2α.1	O1αβ,2α	Typeable	-	98.85%	-
2018-01-1024	Klebsiella pneumoniae	strong	9	5123193	5123193	5338117	no	-	ST590	2	1	13	3	7	4	25	0	-	-	-	-	-	-	-	-	-	-	-	-	-	0	-	-	-	-	-	-	-	-	-	-	-	-	-	-	-	-	-	0	-	-	-	-	-	-	-	0	-	-	-	-	-	-	0	-	-	-	-	-	0	-	-	-	-	fosA7*	-	-	-	-	-	-	-	-	-	-	-	-	-	-	SHV-172*	SHV:p.Leu35Gln	-	-	-	-	-	0	1	1	wildtype S	90.99% S (N=5168/5680)	0^ QRDR, 0 PMQR, 0 aac(6`)-Ib-cr	0.25 mg/L [0.25-0.25]	wzi34	KL57	K57	Typeable	-	99.56%	-	OL2α.2	O2β	Typeable	-	99.11%	-
2018-01-1439	Klebsiella pneumoniae	strong	6	5280837	5280837	5562433	no	-	ST1229	4	1	1	1	20	1	218	417-2LV	ybt 14; ICEKp5 (truncated)	4	4	5	120	1	227-35%	273	2	4	4	2	-	0	-	-	-	-	-	-	-	-	-	-	-	-	-	-	-	-	-	0	-	-	-	-	-	-	-	0	-	-	-	-	-	-	0	-	-	-	-	-	1	-	-	-	-	-	-	-	-	-	-	-	-	-	-	-	-	-	-	-	SHV-11^	SHV:p.Leu35Gln	-	-	-	-	-	0	0	0	wildtype S	90.99% S (N=5168/5680)	0^ QRDR, 0 PMQR, 0 aac(6`)-Ib-cr	0.25 mg/L [0.25-0.25]	wzi191	KL125	unknown (KL125)	Typeable	-	93.47%	-	OL5	O5	Typeable	-	98.26%	-
2018-01-1584	Klebsiella pneumoniae	strong	5	5228166	5228166	5341135	no	-	ST35	2	1	2	1	10	1	19	0	-	-	-	-	-	-	-	-	-	-	-	-	-	0	-	-	-	-	-	-	-	-	-	-	-	-	-	-	-	-	-	0	-	-	-	-	-	-	-	0	-	-	-	-	-	-	0	-	-	-	-	-	0	-	-	-	-	-	-	-	-	-	-	sul2	-	-	-	-	-	-	-	-	SHV-33	-	-	-	-	-	-	0	1	1	wildtype S	90.99% S (N=5168/5680)	0^ QRDR, 0 PMQR, 0 aac(6`)-Ib-cr	0.25 mg/L [0.25-0.25]	wzi37	KL22	Capsule null	Typeable	-!	99.78%	KL22_16_gnd	OL2α.1	O1αβ,2α	Typeable	-	98.85%	-
2018-01-2085	Klebsiella pneumoniae	strong	5	5299008	5299008	5423256	no	-	ST35	2	1	2	1	10	1	19	0	-	-	-	-	-	-	-	-	-	-	-	-	-	0	-	-	-	-	-	-	-	-	-	-	-	-	-	-	-	-	-	0	-	-	-	-	-	-	-	0	-	-	-	-	-	-	0	-	-	-	-	-	0	-	-	-	-	-	-	-	-	-	-	-	-	-	-	-	-	-	-	-	SHV-33	-	-	-	-	-	-	0	0	0	wildtype S	90.99% S (N=5168/5680)	0^ QRDR, 0 PMQR, 0 aac(6`)-Ib-cr	0.25 mg/L [0.25-0.25]	wzi37	KL22	K22	Typeable	-	99.78%	-	OL2α.1	O1αβ,2α	Typeable	-	98.85%	-
2018-01-2353	Klebsiella pneumoniae	strong	3	5254528	5254528	5464737	no	-	ST4386	2	2	1	1	9	1	38	0	-	-	-	-	-	-	-	-	-	-	-	-	-	0	-	-	-	-	-	-	-	-	-	-	-	-	-	-	-	-	-	0	-	-	-	-	-	-	-	0	-	-	-	-	-	-	0	-	-	-	-	-	0	-	-	-	-	-	-	-	-	-	-	-	-	-	-	-	-	-	-	-	SHV-38	SHV:p.Ala146Val	-	-	-	-	-	0	0	0	wildtype S	90.99% S (N=5168/5680)	0^ QRDR, 0 PMQR, 0 aac(6`)-Ib-cr	0.25 mg/L [0.25-0.25]	wzi50	KL15	K15	Typeable	-	99.84%	-	OL4	O4	Typeable	-	99.43%	-
2018-01-2485	Klebsiella pneumoniae	strong	5	5314429	5314429	5543151	no	-	ST4710	2	1	1	37	10	269	86	391	ybt 16; ICEKp12	6	15	5	4	11	479	567	2	11	126	2	-	0	-	-	-	-	-	-	-	-	-	-	-	-	-	-	-	-	-	94	iuc 5	45	12	33	35	22	-	47	iro 5	23	60	18	20	-	0	-	-	-	-	-	4	-	-	-	-	-	-	-	-	-	-	-	-	-	-	-	-	-	-	-	SHV-1	-	-	-	-	-	-	0	0	0	wildtype S	90.99% S (N=5168/5680)	0^ QRDR, 0 PMQR, 0 aac(6`)-Ib-cr	0.25 mg/L [0.25-0.25]	wzi21	KL21	K21	Typeable	-	99.34%	-	OL2α.1	O1αβ,2α	Typeable	-	99.01%	-
2018-01-2640	Klebsiella pneumoniae	strong	6	5272379	5272379	5624445	no	-	ST1779	2	9	2	1	13	1	296	0	-	-	-	-	-	-	-	-	-	-	-	-	-	0	-	-	-	-	-	-	-	-	-	-	-	-	-	-	-	-	-	0	-	-	-	-	-	-	-	0	-	-	-	-	-	-	0	-	-	-	-	-	0	-	-	-	-	-	-	-	-	-	-	-	tet(D)	-	-	-	-	-	-	-	SHV-11^	SHV:p.Leu35Gln	-	-	-	-	-	0	2	2	wildtype S	90.99% S (N=5168/5680)	0^ QRDR, 0 PMQR, 0 aac(6`)-Ib-cr	0.25 mg/L [0.25-0.25]	wzi96	KL38	K38	Typeable	-	99.86%	-	OL3γ	O3γ	Typeable	-	99.67%	-
2018-01-2730	Klebsiella pneumoniae	strong	5	5239870	5239870	5580718	no	-	ST1779	2	9	2	1	13	1	296	0	-	-	-	-	-	-	-	-	-	-	-	-	-	0	-	-	-	-	-	-	-	-	-	-	-	-	-	-	-	-	-	0	-	-	-	-	-	-	-	0	-	-	-	-	-	-	0	-	-	-	-	-	0	-	-	-	-	-	-	-	-	-	-	-	tet(D)	-	-	-	-	-	-	-	SHV-11^	SHV:p.Leu35Gln	-	-	-	-	-	0	2	2	wildtype S	90.99% S (N=5168/5680)	0^ QRDR, 0 PMQR, 0 aac(6`)-Ib-cr	0.25 mg/L [0.25-0.25]	wzi96	KL38	K38	Typeable	-	99.86%	-	OL3γ	O3γ	Typeable	-	99.67%	-
2018-01-2734	Klebsiella pneumoniae	strong	3	5283357	5283357	5503337	no	-	ST4719	2	3	1	1	1	7	25	0	-	-	-	-	-	-	-	-	-	-	-	-	-	0	-	-	-	-	-	-	-	-	-	-	-	-	-	-	-	-	-	0	-	-	-	-	-	-	-	0	-	-	-	-	-	-	0	-	-	-	-	-	0	-	-	-	-	fosA7*	-	-	-	-	-	-	-	-	-	-	-	-	-	-	SHV-75*	-	-	-	-	-	-	0	1	1	wildtype S	90.99% S (N=5168/5680)	0^ QRDR, 0 PMQR, 0 aac(6`)-Ib-cr	0.25 mg/L [0.25-0.25]	wzi64	KL64	K64	Typeable	-	99.95%	-	OL2α.1	O2α	Typeable	-	99.08%	-
2018-01-2782	Klebsiella pneumoniae	strong	1	5250366	5250366	5250366	no	-	ST290	2	1	1	37	10	1	86	393	ybt 14; ICEKp5	81	4	5	4	1	8	243	2	4	4	2	-	0	-	-	-	-	-	-	-	-	-	-	-	-	-	-	-	-	-	0	-	-	-	-	-	-	-	0	-	-	-	-	-	-	0	-	-	-	-	-	1	-	-	-	-	-	-	-	-	-	-	-	-	-	-	-	-	-	-	-	SHV-1	-	-	-	-	-	-	0	0	0	wildtype S	90.99% S (N=5168/5680)	0^ QRDR, 0 PMQR, 0 aac(6`)-Ib-cr	0.25 mg/L [0.25-0.25]	wzi21	KL21	K21	Typeable	-	99.31%	-	OL2α.1	O1αβ,2α	Typeable	-	99.01%	-
2018-01-2860	Klebsiella pneumoniae	strong	4	5223344	5223344	5235564	no	-	ST4726	252	5	1	1	9	4	18	0	-	-	-	-	-	-	-	-	-	-	-	-	-	0	-	-	-	-	-	-	-	-	-	-	-	-	-	-	-	-	-	0	-	-	-	-	-	-	-	0	-	-	-	-	-	-	0	-	-	-	-	-	0	-	-	-	-	-	-	-	-	-	-	-	-	-	-	-	-	-	-	-	SHV-11^	SHV:p.Leu35Gln	-	-	-	-	-	0	0	0	wildtype S	90.99% S (N=5168/5680)	0^ QRDR, 0 PMQR, 0 aac(6`)-Ib-cr	0.25 mg/L [0.25-0.25]	wzi26	KL46	K46	Typeable	-	99.38%	-	OL3γ	O3γ	Typeable	-	99.71%	-
2018-01-3094	Klebsiella pneumoniae	strong	8	5238019	5238019	5466989	no	-	ST4712	2	1	1	6	2	1	129	0	-	-	-	-	-	-	-	-	-	-	-	-	-	0	-	-	-	-	-	-	-	-	-	-	-	-	-	-	-	-	-	0	-	-	-	-	-	-	-	0	-	-	-	-	-	-	0	-	-	-	-	-	0	-	-	-	-	-	-	-	-	-	-	-	-	-	-	-	-	-	-	-	SHV-1^	-	-	-	-	-	-	0	0	0	wildtype S	90.99% S (N=5168/5680)	0^ QRDR, 0 PMQR, 0 aac(6`)-Ib-cr	0.25 mg/L [0.25-0.25]	wzi40	KL3	K3	Typeable	!	99.94%	-	OL2α.2	O2β	Typeable	-	99.27%	-
2018-01-3218	Klebsiella pneumoniae	strong	1	5282242	5282242	5282242	no	-	ST2	3	4	1	1	9	4	17	0	-	-	-	-	-	-	-	-	-	-	-	-	-	0	-	-	-	-	-	-	-	-	-	-	-	-	-	-	-	-	-	0	-	-	-	-	-	-	-	0	-	-	-	-	-	-	0	-	-	-	-	-	0	-	-	-	-	-	-	-	-	-	-	-	-	-	-	-	-	-	-	-	SHV-193	SHV:p.Leu35Gln	-	-	-	-	-	0	0	0	wildtype S	90.99% S (N=5168/5680)	0^ QRDR, 0 PMQR, 0 aac(6`)-Ib-cr	0.25 mg/L [0.25-0.25]	wzi50	KL52	K52	Typeable	-	99.92%	-	OL10	O10	Typeable	-	97.47%	-
2018-01-3465	Klebsiella pneumoniae	strong	4	5241774	5241774	5373096	no	-	ST370	41	47	1	14	1	1	12	0	-	-	-	-	-	-	-	-	-	-	-	-	-	0	-	-	-	-	-	-	-	-	-	-	-	-	-	-	-	-	-	0	-	-	-	-	-	-	-	0	-	-	-	-	-	-	0	-	-	-	-	-	0	-	-	-	-	-	-	-	-	-	-	-	-	-	-	-	-	-	-	-	SHV-11^	SHV:p.Leu35Gln	-	-	-	-	-	0	0	0	wildtype S	90.99% S (N=5168/5680)	0^ QRDR, 0 PMQR, 0 aac(6`)-Ib-cr	0.25 mg/L [0.25-0.25]	-	KL28	K28	Typeable	-	99.59%	-	OL3γ	O3γ	Typeable	-	99.67%	-
2018-01-3723	Klebsiella pneumoniae	strong	2	5411208	5411208	5538747	no	-	ST4106	4	1	2	36	9	1	14	0	-	-	-	-	-	-	-	-	-	-	-	-	-	0	-	-	-	-	-	-	-	-	-	-	-	-	-	-	-	-	-	0	-	-	-	-	-	-	-	38-1LV	iro 5	23	52*	21	19	-	0	-	-	-	-	-	0	-	-	-	-	-	-	-	-	-	-	-	-	-	-	-	-	-	-	-	SHV-27	SHV:p.Gly156Asp	-	-	-	-	-	0	0	0	wildtype S	90.99% S (N=5168/5680)	0^ QRDR, 0 PMQR, 0 aac(6`)-Ib-cr	0.25 mg/L [0.25-0.25]	wzi39	KL39	K39	Typeable	-	99.98%	-	OL3γ	O3γ	Typeable	-	99.71%	-
2018-01-389	Klebsiella pneumoniae	strong	1	5327507	5327507	5327507	no	-	ST35	2	1	2	1	10	1	19	394	ybt 8; ICEKp3	5	11	6	5	30	105	107	36	33	160	11	-	0	-	-	-	-	-	-	-	-	-	-	-	-	-	-	-	-	-	0	-	-	-	-	-	-	-	0	-	-	-	-	-	-	0	-	-	-	-	-	1	-	-	-	-	-	-	-	-	-	-	-	-	-	-	-	-	-	-	-	SHV-33	-	-	-	-	-	-	0	0	0	wildtype S	90.99% S (N=5168/5680)	0^ QRDR, 0 PMQR, 0 aac(6`)-Ib-cr	0.25 mg/L [0.25-0.25]	wzi37	KL22	K22	Typeable	-	99.79%	-	OL2α.1	O1αβ,2α	Typeable	-	98.85%	-
2018-01-4107	Klebsiella pneumoniae	strong	7	5295991	5295991	5358419	no	-	ST35	2	1	2	1	10	1	19	0	-	-	-	-	-	-	-	-	-	-	-	-	-	0	-	-	-	-	-	-	-	-	-	-	-	-	-	-	-	-	-	0	-	-	-	-	-	-	-	0	-	-	-	-	-	-	0	-	-	-	-	-	0	-	-	-	-	-	-	-	-	-	-	sul2	-	-	-	-	-	-	-	-	SHV-33	-	-	-	-	-	-	0	1	1	wildtype S	90.99% S (N=5168/5680)	0^ QRDR, 0 PMQR, 0 aac(6`)-Ib-cr	0.25 mg/L [0.25-0.25]	wzi37	KL22	K22	Typeable	-	99.79%	-	OL2α.1	O1αβ,2α	Typeable	-	98.85%	-
2018-01-4203	Klebsiella pneumoniae	strong	1	5242521	5242521	5242521	no	-	ST2439	2	5	2	1	26	4	2	0	-	-	-	-	-	-	-	-	-	-	-	-	-	0	-	-	-	-	-	-	-	-	-	-	-	-	-	-	-	-	-	0	-	-	-	-	-	-	-	0	-	-	-	-	-	-	0	-	-	-	-	-	0	-	-	-	-	-	-	-	-	-	-	-	-	-	-	-	-	-	-	-	SHV-38	SHV:p.Ala146Val	-	-	-	-	-	0	0	0	wildtype S	90.99% S (N=5168/5680)	0^ QRDR, 0 PMQR, 0 aac(6`)-Ib-cr	0.25 mg/L [0.25-0.25]	wzi40	KL3	K3	Typeable	!	99.94%	-	OL2α.1	O1αβ,2α	Typeable	-	99.22%	-
2018-01-4639	Klebsiella pneumoniae	strong	4	5207981	5207981	5754382	no	-	ST463	2	1	4	1	7	6	19	0	-	-	-	-	-	-	-	-	-	-	-	-	-	0	-	-	-	-	-	-	-	-	-	-	-	-	-	-	-	-	-	0	-	-	-	-	-	-	-	0	-	-	-	-	-	-	0	-	-	-	-	-	0	-	-	-	-	-	-	-	-	-	-	-	tet(A).v1	-	-	-	-	-	-	-	SHV-1^	-	-	-	-	-	-	0	1	1	wildtype S	90.99% S (N=5168/5680)	0^ QRDR, 0 PMQR, 0 aac(6`)-Ib-cr	0.25 mg/L [0.25-0.25]	wzi356	KL117	unknown (KL117)	Typeable	-	100.00%	-	OL2α.2	O2β	Typeable	-	99.05%	-
2018-01-4735	Klebsiella pneumoniae	strong	5	5286513	5286513	5308428	no	-	ST37	2	9	2	1	13	1	16	378	ybt 15; ICEKp11	6	15	22	4	1	37	44	14	1	4	17	-	0	-	-	-	-	-	-	-	-	-	-	-	-	-	-	-	-	-	0	-	-	-	-	-	-	-	0	-	-	-	-	-	-	0	-	-	-	-	-	1	-	-	-	-	-	-	-	-	-	-	-	-	-	-	-	-	-	-	-	SHV-11^	SHV:p.Leu35Gln	-	-	-	-	-	0	0	0	wildtype S	90.99% S (N=5168/5680)	0^ QRDR, 0 PMQR, 0 aac(6`)-Ib-cr	0.25 mg/L [0.25-0.25]	wzi96	KL38	K38	Typeable	-	99.85%	-	OL3γ	O3γ	Typeable	-	99.67%	-
2018-01-707	Klebsiella pneumoniae	strong	7	5315792	5315792	5547572	no	-	ST4710	2	1	1	37	10	269	86	391	ybt 16; ICEKp12	6	15	5	4	11	479	567	2	11	126	2	-	0	-	-	-	-	-	-	-	-	-	-	-	-	-	-	-	-	-	94	iuc 5	45	12	33	35	22	-	47	iro 5	23	60	18	20	-	0	-	-	-	-	-	4	-	-	-	-	-	-	-	-	-	-	-	-	-	-	-	-	-	-	-	SHV-1	-	-	-	-	-	-	0	0	0	wildtype S	90.99% S (N=5168/5680)	0^ QRDR, 0 PMQR, 0 aac(6`)-Ib-cr	0.25 mg/L [0.25-0.25]	wzi21	KL21	K21	Typeable	-	99.34%	-	OL2α.1	O1αβ,2α	Typeable	-	99.01%	-
2018-01-710	Klebsiella pneumoniae	strong	4	5210957	5210957	5257184	no	-	ST590	2	1	13	3	7	4	25	0	-	-	-	-	-	-	-	-	-	-	-	-	-	0	-	-	-	-	-	-	-	-	-	-	-	-	-	-	-	-	-	0	-	-	-	-	-	-	-	0	-	-	-	-	-	-	0	-	-	-	-	-	0	-	-	-	-	fosA7*	-	-	-	-	-	-	-	-	-	-	-	-	-	-	SHV-172*	SHV:p.Leu35Gln	-	-	-	-	-	0	1	1	wildtype S	90.99% S (N=5168/5680)	0^ QRDR, 0 PMQR, 0 aac(6`)-Ib-cr	0.25 mg/L [0.25-0.25]	wzi34	KL57	K57	Typeable	-	99.55%	-	OL2α.2	O2β	Typeable	-	99.11%	-
2018-01-711	Klebsiella pneumoniae	strong	5	5214509	5214509	5228463	no	-	ST776	2	1	2	1	2	1	2	0	-	-	-	-	-	-	-	-	-	-	-	-	-	0	-	-	-	-	-	-	-	-	-	-	-	-	-	-	-	-	-	0	-	-	-	-	-	-	-	0	-	-	-	-	-	-	0	-	-	-	-	-	0	-	-	-	-	-	-	-	-	-	-	-	-	-	-	-	-	-	-	-	SHV-11^	SHV:p.Leu35Gln	-	-	-	-	-	0	0	0	wildtype S	90.99% S (N=5168/5680)	0^ QRDR, 0 PMQR, 0 aac(6`)-Ib-cr	0.25 mg/L [0.25-0.25]	wzi87	KL21	K21	Typeable	-	99.79%	-	OL3γ	O3γ	Typeable	-	99.75%	-
2018-01-714	Klebsiella pneumoniae	strong	2	5081823	5081823	5327701	no	-	ST636	2	5	1	1	4	1	4	10	ybt 5; ICEKp6	10	8	10	7	18	4	288	7	8	5	37	-	0	-	-	-	-	-	-	-	-	-	-	-	-	-	-	-	-	-	0	-	-	-	-	-	-	-	0	-	-	-	-	-	-	0	-	-	-	-	-	1	-	-	-	-	-	-	-	-	-	-	-	-	-	-	-	-	-	-	-	SHV-1	-	-	-	-	-	-	0	0	0	wildtype S	90.99% S (N=5168/5680)	0^ QRDR, 0 PMQR, 0 aac(6`)-Ib-cr	0.25 mg/L [0.25-0.25]	wzi95	KL123	unknown (KL123)	Typeable	-	97.34%	-	OL5	O5	Typeable	-	98.25%	-
2018-01-778	Klebsiella pneumoniae	strong	3	5234161	5234161	5366524	no	-	ST17	2	1	1	1	4	4	4	392	ybt 10; ICEKp4	125	12	4	3	29	464	254	3	10	9	2	-	0	-	-	-	-	-	-	-	-	-	-	-	-	-	-	-	-	-	0	-	-	-	-	-	-	-	0	-	-	-	-	-	-	0	-	-	-	-	-	1	-	-	-	-	-	-	-	-	-	-	-	-	-	-	-	-	-	-	-	SHV-11^	SHV:p.Leu35Gln	-	-	-	-	-	0	0	0	wildtype S	90.99% S (N=5168/5680)	0^ QRDR, 0 PMQR, 0 aac(6`)-Ib-cr	0.25 mg/L [0.25-0.25]	wzi82	KL23	K23	Typeable	-	99.94%	-	OL2α.2	O2β	Typeable	-	99.12%	-
2018-01-880	Klebsiella pneumoniae	strong	2	5265240	5265240	5270703	no	-	ST3069	4	1	1	2	319	4	100	0	-	-	-	-	-	-	-	-	-	-	-	-	-	0	-	-	-	-	-	-	-	-	-	-	-	-	-	-	-	-	-	0	-	-	-	-	-	-	-	0	-	-	-	-	-	-	0	-	-	-	-	-	0	-	-	-	-	-	-	-	-	-	-	-	-	-	-	-	-	-	-	-	SHV-60	SHV:p.Leu35Gln	-	-	-	-	-	0	0	0	wildtype S	90.99% S (N=5168/5680)	0^ QRDR, 0 PMQR, 0 aac(6`)-Ib-cr	0.25 mg/L [0.25-0.25]	wzi209	KL47	K47	Typeable	-	99.67%	-	OL13	O13	Typeable	!	97.68%	-
KGMAR-2016-1076	Klebsiella pneumoniae	strong	8	5243831	5243831	5605568	no	-	ST22	2	3	1	1	1	4	4	0	-	-	-	-	-	-	-	-	-	-	-	-	-	0	-	-	-	-	-	-	-	-	-	-	-	-	-	-	-	-	-	0	-	-	-	-	-	-	-	0	-	-	-	-	-	-	0	-	-	-	-	-	0	-	-	-	-	-	-	-	-	-	-	-	-	-	-	-	-	-	-	-	SHV-1^	-	-	-	-	-	-	0	0	0	wildtype S	90.99% S (N=5168/5680)	0^ QRDR, 0 PMQR, 0 aac(6`)-Ib-cr	0.25 mg/L [0.25-0.25]	wzi238	KL11	K11	Typeable	-	95.81%	-	OL3γ	O3γ	Typeable	-	99.40%	-
KGMAR-2016-1178	Klebsiella pneumoniae	strong	4	5235913	5235913	5467427	no	-	ST4675	2	3	1	1	7	1	4	0	-	-	-	-	-	-	-	-	-	-	-	-	-	0	-	-	-	-	-	-	-	-	-	-	-	-	-	-	-	-	-	0	-	-	-	-	-	-	-	0	-	-	-	-	-	-	0	-	-	-	-	-	0	-	-	-	-	-	-	-	-	-	-	-	-	-	-	-	-	-	-	-	SHV-168^	SHV:p.Ala146Val	-	-	-	-	-	0	0	0	wildtype S	90.99% S (N=5168/5680)	0^ QRDR, 0 PMQR, 0 aac(6`)-Ib-cr	0.25 mg/L [0.25-0.25]	wzi306	KL55	K55	Typeable	!	97.79%	-	OL2α.2	O2β	Typeable	-	99.01%	-
KGMAR-2016-1198	Klebsiella pneumoniae	strong	2	5245077	5245077	5510693	no	-	ST2167	2	9	2	1	13	1	35	0	-	-	-	-	-	-	-	-	-	-	-	-	-	0	-	-	-	-	-	-	-	-	-	-	-	-	-	-	-	-	-	0	-	-	-	-	-	-	-	0	-	-	-	-	-	-	0	-	-	-	-	-	0	-	-	-	-	-	-	-	-	catII.2*	-	sul2	tet(D)	-	-	-	-	-	-	-	SHV-11^	SHV:p.Leu35Gln	-	-	-	-	-	0	3	3	wildtype S	90.99% S (N=5168/5680)	0^ QRDR, 0 PMQR, 0 aac(6`)-Ib-cr	0.25 mg/L [0.25-0.25]	wzi100	KL10	K10	Typeable	-	99.05%	-	OL3α/β	O3αβ	Typeable	-	99.29%	-
KGMAR-2016-1200	Klebsiella pneumoniae	strong	3	5312007	5312007	5502481	no	-	ST25	2	1	1	1	10	4	13	63	ybt 6; ICEKp5	22	22	6	24	16	53	51	9	17	5	30	-	0	-	-	-	-	-	-	-	-	-	-	-	-	-	-	-	-	-	0	-	-	-	-	-	-	-	0	-	-	-	-	-	-	0	-	-	-	-	-	1	-	-	strB.v1;strA.v1^;aph3-Ia.v1*	-	-	-	-	-	-	-	sul1*;sul2	tet(D)	-	dfrA14.v2*	-	-	-	-	-	SHV-11^	SHV:p.Leu35Gln	-	-	-	-	-	0	5	8	wildtype S	90.99% S (N=5168/5680)	0^ QRDR, 0 PMQR, 0 aac(6`)-Ib-cr	0.25 mg/L [0.25-0.25]	wzi72	KL2	K2	Typeable	-	99.55%	-	OL2α.2	O1αβ,2β	Typeable	-	99.55%	-
KGMAR-2016-1396	Klebsiella pneumoniae	strong	6	5192658	5192658	5492653	no	-	ST240	2	1	1	1	17	1	18	0	-	-	-	-	-	-	-	-	-	-	-	-	-	0	-	-	-	-	-	-	-	-	-	-	-	-	-	-	-	-	-	0	-	-	-	-	-	-	-	0	-	-	-	-	-	-	0	-	-	-	-	-	0	-	-	-	-	-	-	-	-	-	-	-	-	-	-	-	-	-	-	-	SHV-36	SHV:p.Leu35Gln	-	-	-	-	-	0	0	0	wildtype S	90.99% S (N=5168/5680)	0^ QRDR, 0 PMQR, 0 aac(6`)-Ib-cr	0.25 mg/L [0.25-0.25]	wzi24	KL24	K24	Typeable	!	99.10%	-	OL2α.1	O1αβ,2α	Typeable	-	98.98%	-
KGMAR-2016-1397	Klebsiella pneumoniae	strong	6	5143580	5143580	5531954	no	-	ST4676	2	1	354	1	7	5	181	0	-	-	-	-	-	-	-	-	-	-	-	-	-	0	-	-	-	-	-	-	-	-	-	-	-	-	-	-	-	-	-	0	-	-	-	-	-	-	-	0	-	-	-	-	-	-	0	-	-	-	-	-	0	-	-	-	-	-	-	-	-	-	-	-	-	-	-	-	-	-	-	-	SHV-11^	SHV:p.Leu35Gln	-	-	-	-	-	0	0	0	wildtype S	90.99% S (N=5168/5680)	0^ QRDR, 0 PMQR, 0 aac(6`)-Ib-cr	0.25 mg/L [0.25-0.25]	wzi394	KL153	unknown (KL153)	Typeable	!	98.63%	-	OL2α.2	O2β	Typeable	-	99.04%	-
KGMAR-2016-1400	Klebsiella pneumoniae	strong	2	5088943	5088943	5280687	no	-	ST1035	4	1	1	26	1	1	4	0	-	-	-	-	-	-	-	-	-	-	-	-	-	0	-	-	-	-	-	-	-	-	-	-	-	-	-	-	-	-	-	0	-	-	-	-	-	-	-	0	-	-	-	-	-	-	0	-	-	-	-	-	0	-	-	-	-	-	-	-	-	-	-	-	-	-	-	-	-	CTX-M-3	-	-	-	-	-	-	-	-	-	1	2	2	wildtype S	90.99% S (N=5168/5680)	0^ QRDR, 0 PMQR, 0 aac(6`)-Ib-cr	0.25 mg/L [0.25-0.25]	wzi116	KL57	K57	Typeable	!	98.33%	-	OL2α.2	O1αβ,2β	Typeable	-	98.97%	-
KGMAR-2016-319	Klebsiella pneumoniae	strong	2	5273997	5273997	5489258	no	-	ST556	2	1	1	26	12	15	138	0	-	-	-	-	-	-	-	-	-	-	-	-	-	0	-	-	-	-	-	-	-	-	-	-	-	-	-	-	-	-	-	0	-	-	-	-	-	-	-	0	-	-	-	-	-	-	0	-	-	-	-	-	0	-	-	-	-	-	-	-	-	-	-	-	tet(D)	-	-	-	-	-	-	-	SHV-1^;SHV-1^	-	-	-	-	-	-	0	1	1	wildtype S	90.99% S (N=5168/5680)	0^ QRDR, 0 PMQR, 0 aac(6`)-Ib-cr	0.25 mg/L [0.25-0.25]	wzi94	KL62	K62	Typeable	-	99.93%	-	OL2α.1	O2α	Typeable	-	99.43%	-
KGMAR-2016-563	Klebsiella pneumoniae	strong	5	5319059	5319059	5472336	no	-	ST110	2	6	1	3	8	1	44	0	-	-	-	-	-	-	-	-	-	-	-	-	-	0	-	-	-	-	-	-	-	-	-	-	-	-	-	-	-	-	-	0	-	-	-	-	-	-	-	0	-	-	-	-	-	-	0	-	-	-	-	-	0	-	-	-	-	-	-	-	-	-	-	-	-	-	-	-	-	-	-	-	SHV-1*	-	-	-	-	-	-	0	0	0	wildtype S	90.99% S (N=5168/5680)	0^ QRDR, 0 PMQR, 0 aac(6`)-Ib-cr	0.25 mg/L [0.25-0.25]	wzi194	KL108	unknown (KL108)	Typeable	-	99.22%	-	OL2α.2	O2β	Typeable	-	99.07%	-
KGMAR-2016-733	Klebsiella pneumoniae	strong	7	5426328	5426328	5829750	no	-	ST252	2	5	1	1	9	1	6	0	-	-	-	-	-	-	-	-	-	-	-	-	-	0	-	-	-	-	-	-	-	-	-	-	-	-	-	-	-	-	-	0	-	-	-	-	-	-	-	0	-	-	-	-	-	-	0	-	-	-	-	-	0	-	-	-	-	-	-	-	-	-	-	-	-	-	-	-	-	-	-	-	SHV-1^	-	-	-	-	-	fosA7*?-0%	0	0	0	wildtype S	90.99% S (N=5168/5680)	0^ QRDR, 0 PMQR, 0 aac(6`)-Ib-cr	0.25 mg/L [0.25-0.25]	wzi104	KL51	K51	Typeable	!	99.63%	-	OL2α.2	O1αβ,2β	Typeable	!	99.01%	-
KGMAR-2019-1417-2	Klebsiella pneumoniae	strong	2	5143265	5143265	5320325	no	-	ST3157	2	1	1	1	7	1	89	0	-	-	-	-	-	-	-	-	-	-	-	-	-	0	-	-	-	-	-	-	-	-	-	-	-	-	-	-	-	-	-	0	-	-	-	-	-	-	-	0	-	-	-	-	-	-	0	-	-	-	-	-	0	-	-	-	-	-	-	-	-	-	-	-	-	-	-	-	-	-	-	-	SHV-14^	-	-	-	-	-	-	0	0	0	wildtype S	90.99% S (N=5168/5680)	0^ QRDR, 0 PMQR, 0 aac(6`)-Ib-cr	0.25 mg/L [0.25-0.25]	wzi273	KL30	K30	Typeable	!	97.48%	-	OL2α.2	O1αβ,2β	Typeable	-	99.51%	-
KGMAR-2019-1434	Klebsiella quasivariicola	strong	9	5603882	5603882	5876846	no	-	ST3899	65	174	86	79	136	81	209	0	-	-	-	-	-	-	-	-	-	-	-	-	-	0	-	-	-	-	-	-	-	-	-	-	-	-	-	-	-	-	-	0	-	-	-	-	-	-	-	0	-	-	-	-	-	-	0	-	-	-	-	-	0	-	-	-	-	-	-	-	-	-	-	-	-	-	-	-	-	-	-	-	LEN-26	-	-	-	-	-	-	0	0	0	wildtype S	90.99% S (N=5168/5680)	0^ QRDR, 0 PMQR, 0 aac(6`)-Ib-cr	0.25 mg/L [0.25-0.25]	wzi394	KL153	unknown (KL153)	Typeable	-	99.88%	-	OL2α.2	O2β	Typeable	-	99.01%	-
KGMAR-2019-1459	Klebsiella pneumoniae	strong	6	5325836	5325836	5745149	no	-	ST922	79	3	1	1	9	1	13	0	-	-	-	-	-	-	-	-	-	-	-	-	-	0	-	-	-	-	-	-	-	-	-	-	-	-	-	-	-	-	-	0	-	-	-	-	-	-	-	0	-	-	-	-	-	-	0	-	-	-	-	-	0	-	-	-	-	-	-	-	-	-	-	-	-	-	-	-	-	-	-	-	SHV-164	-	-	-	-	-	-	0	0	0	wildtype S	90.99% S (N=5168/5680)	0^ QRDR, 0 PMQR, 0 aac(6`)-Ib-cr	0.25 mg/L [0.25-0.25]	wzi24	KL24	K24	Typeable	!	99.87%	-	OL2α.1	O1αβ,2α	Typeable	-	99.03%	-
KGMAR-2019-1497	Klebsiella pneumoniae	strong	7	5270579	5270579	5606091	no	-	ST45	2	1	1	6	7	1	12	78-2LV	ybt 10; ICEKp4	3	12	208	11	103	21	18	3	10	16	2	-	0	-	-	-	-	-	-	-	-	-	-	-	-	-	-	-	-	-	0	-	-	-	-	-	-	-	0	-	-	-	-	-	-	0	-	-	-	-	-	1	-	-	-	-	-	-	-	-	-	-	-	-	-	-	-	-	-	-	-	SHV-1	-	-	-	-	-	-	0	0	0	wildtype S	90.99% S (N=5168/5680)	0^ QRDR, 0 PMQR, 0 aac(6`)-Ib-cr	0.25 mg/L [0.25-0.25]	wzi121	KL43	K43	Typeable	-	99.73%	-	OL2α.1	O2α	Typeable	-	99.37%	-
KGMAR-2019-1764	Klebsiella pneumoniae	strong	2	5197806	5197806	5335409	no	-	ST292	2	1	2	1	1	1	4	0	-	-	-	-	-	-	-	-	-	-	-	-	-	0	-	-	-	-	-	-	-	-	-	-	-	-	-	-	-	-	-	0	-	-	-	-	-	-	-	0	-	-	-	-	-	-	0	-	-	-	-	-	0	-	-	aadA^;aadA2	-	-	qnrS1	-	-	cmlA1*	-	sul3	-	-	dfrA12	-	-	-	-	-	SHV-11^	SHV:p.Leu35Gln	-	-	-	-	-	0	6	7	nonwildtype R	77.47% R (N=423/546)	0 QRDR, 1^ PMQR, 0 aac(6`)-Ib-cr	1 mg/L [1-2]	wzi50	KL51	K51	Typeable	-	99.98%	-	OL3γ	O3γ	Typeable	-	99.61%	-
KGMAR-2019-1766	Klebsiella pneumoniae	strong	8	5079953	5079953	5446408	no	-	ST2695	2	1	1	1	4	4	373	0	-	-	-	-	-	-	-	-	-	-	-	-	-	0	-	-	-	-	-	-	-	-	-	-	-	-	-	-	-	-	-	0	-	-	-	-	-	-	-	0	-	-	-	-	-	-	0	-	-	-	-	-	0	-	-	-	-	-	-	-	-	-	-	-	-	-	-	-	-	-	-	-	SHV-36	SHV:p.Leu35Gln	-	-	-	-	-	0	0	0	wildtype S	90.99% S (N=5168/5680)	0^ QRDR, 0 PMQR, 0 aac(6`)-Ib-cr	0.25 mg/L [0.25-0.25]	wzi224	KL49	Capsule null	Typeable	-+!	99.66%	KL49_14_wcpF;KL49_15	OL13	O13	Typeable	-	97.64%	OL13_09_glycosylhydrolase
KGMAR-2019-1792	Klebsiella pneumoniae	strong	3	5303093	5303093	5577689	no	-	ST4267	2	1	5	1	7	4	23	0	-	-	-	-	-	-	-	-	-	-	-	-	-	0	-	-	-	-	-	-	-	-	-	-	-	-	-	-	-	-	-	0	-	-	-	-	-	-	-	0	-	-	-	-	-	-	0	-	-	-	-	-	0	-	-	-	-	-	-	-	-	-	-	-	tet(A).v1	-	-	-	-	-	-	-	SHV-1	-	-	-	-	-	-	0	1	1	wildtype S	90.99% S (N=5168/5680)	0^ QRDR, 0 PMQR, 0 aac(6`)-Ib-cr	0.25 mg/L [0.25-0.25]	-	KL40	K40	Untypeable	-+*!	91.46%	KL40_15_wcpR;KL40_05_rfaG;KL40_14_wcuD;KL40_27_rmlC;KL40_12_wbaP;KL40_17_wcpS;KL40_20_wcuE;KL40_13_wzy;KL40_04;KL40_03_wcpO;KL40_19;KL40_18_wbaZ;KL40_16_wzx;KL40_28_ugd	OL14	unknown (OL14)	Typeable	-	96.69%	-
KGMAR-2019-2186	Klebsiella pneumoniae	strong	1	5306834	5306834	5306834	no	-	ST2441	2	1	2	1	12	4	9	0	-	-	-	-	-	-	-	-	-	-	-	-	-	0	-	-	-	-	-	-	-	-	-	-	-	-	-	-	-	-	-	0	-	-	-	-	-	-	-	0	-	-	-	-	-	-	0	-	-	-	-	-	0	-	-	-	-	-	-	-	-	-	-	-	-	-	-	-	-	-	-	-	SHV-11^	SHV:p.Leu35Gln	-	-	-	-	-	0	0	0	wildtype S	90.99% S (N=5168/5680)	0^ QRDR, 0 PMQR, 0 aac(6`)-Ib-cr	0.25 mg/L [0.25-0.25]	wzi14	KL14	K14	Typeable	-	99.97%	-	OL3γ	O3γ	Typeable	-	99.87%	-
KGMAR-2019-400-2	Klebsiella pneumoniae	strong	5	5306170	5306170	5508626	no	-	ST1083	2	1	2	1	13	1	23	0	-	-	-	-	-	-	-	-	-	-	-	-	-	0	-	-	-	-	-	-	-	-	-	-	-	-	-	-	-	-	-	0	-	-	-	-	-	-	-	0	-	-	-	-	-	-	0	-	-	-	-	-	0	-	-	-	-	-	-	-	-	-	-	-	-	-	-	-	-	-	-	-	SHV-11^	SHV:p.Leu35Gln	-	-	-	-	-	0	0	0	wildtype S	90.99% S (N=5168/5680)	0^ QRDR, 0 PMQR, 0 aac(6`)-Ib-cr	0.25 mg/L [0.25-0.25]	wzi462	KL132	unknown (KL132)	Typeable	!	99.52%	-	OL2α.1	O1αβ,2α	Typeable	-	99.06%	-
KGMAR-2019-604	Klebsiella pneumoniae	strong	2	5335640	5335640	5376068	no	-	ST111	2	1	5	1	17	4	42	178	ybt 9; ICEKp3	5	11	6	5	1	16	15	9	5	5	11	-	0	-	-	-	-	-	-	-	-	-	-	-	-	-	-	-	-	-	0	-	-	-	-	-	-	-	0	-	-	-	-	-	-	0	-	-	-	-	-	1	-	-	-	-	-	-	-	-	-	-	-	-	-	-	-	-	-	-	-	SHV-11^	SHV:p.Leu35Gln	-	-	-	-	-	0	0	0	wildtype S	90.99% S (N=5168/5680)	0^ QRDR, 0 PMQR, 0 aac(6`)-Ib-cr	0.25 mg/L [0.25-0.25]	wzi63	KL63	K63	Typeable	-	99.77%	-	OL2α.2	O1αβ,2β	Typeable	-	99.51%	-
KGMAR-2020-428	Klebsiella pneumoniae	strong	7	5180779	5180779	5600078	no	-	ST643	2	3	6	75	9	7	137	0	-	-	-	-	-	-	-	-	-	-	-	-	-	0	-	-	-	-	-	-	-	-	-	-	-	-	-	-	-	-	-	0	-	-	-	-	-	-	-	0	-	-	-	-	-	-	0	-	-	-	-	-	0	-	-	-	-	-	-	-	-	-	-	-	-	-	-	-	-	-	-	-	SHV-26	-	-	-	-	-	-	0	0	0	wildtype S	90.99% S (N=5168/5680)	0^ QRDR, 0 PMQR, 0 aac(6`)-Ib-cr	0.25 mg/L [0.25-0.25]	wzi149	KL62	K62	Typeable	!	99.62%	-	OL2α.2	O1αβ,2β	Typeable	-	99.26%	-
KGMAR-2020-440	Klebsiella pneumoniae	strong	3	5293138	5293138	5430337	no	-	ST1026	2	1	2	35	10	24	19	0	-	-	-	-	-	-	-	-	-	-	-	-	-	0	-	-	-	-	-	-	-	-	-	-	-	-	-	-	-	-	-	0	-	-	-	-	-	-	-	0	-	-	-	-	-	-	0	-	-	-	-	-	0	-	-	-	-	-	-	-	-	-	-	-	-	-	-	-	-	-	-	-	SHV-206*	-	-	-	-	-	-	0	0	0	wildtype S	90.99% S (N=5168/5680)	0^ QRDR, 0 PMQR, 0 aac(6`)-Ib-cr	0.25 mg/L [0.25-0.25]	wzi42	KL42	K42	Typeable	-	99.88%	-	OL4	O4	Typeable	-	99.95%	-
KGVET-2018-01-3794	Klebsiella pneumoniae	strong	1	5267888	5267888	5267888	no	-	ST148	4	1	31	1	16	23	6	0	-	-	-	-	-	-	-	-	-	-	-	-	-	0	-	-	-	-	-	-	-	-	-	-	-	-	-	-	-	-	-	0	-	-	-	-	-	-	-	0	-	-	-	-	-	-	0	-	-	-	-	-	0	-	-	-	-	-	-	-	-	-	-	-	-	-	-	-	-	-	-	-	SHV-196	-	-	-	-	-	-	0	0	0	wildtype S	90.99% S (N=5168/5680)	0^ QRDR, 0 PMQR, 0 aac(6`)-Ib-cr	0.25 mg/L [0.25-0.25]	-	KL11	K11	Typeable	-	96.17%	-	OL5	O5	Typeable	-	98.24%	-
KGVET-2018-04-44577	Klebsiella pneumoniae	strong	3	5144053	5144053	5173765	no	-	ST200	2	1	2	1	12	1	68	0	-	-	-	-	-	-	-	-	-	-	-	-	-	0	-	-	-	-	-	-	-	-	-	-	-	-	-	-	-	-	-	0	-	-	-	-	-	-	-	0	-	-	-	-	-	-	0	-	-	-	-	-	0	-	-	-	-	-	-	-	-	-	-	-	-	-	-	-	-	-	-	-	SHV-1^	-	-	-	-	-	-	0	0	0	wildtype S	90.99% S (N=5168/5680)	0^ QRDR, 0 PMQR, 0 aac(6`)-Ib-cr	0.25 mg/L [0.25-0.25]	wzi354	KL114	unknown (KL114)	Typeable	-	99.64%	-	OL3γ	O3γ	Typeable	-	99.54%	-
KGVET-2019-01-2264	Klebsiella pneumoniae	strong	1	5251937	5251937	5251937	no	-	ST458	2	1	2	2	10	4	9	183-1LV	ybt 9; ICEKp3	5	11*	6	5	1	25	37	9	5	5	11	-	0	-	-	-	-	-	-	-	-	-	-	-	-	-	-	-	-	-	0	-	-	-	-	-	-	-	0	-	-	-	-	-	-	0	-	-	-	-	-	1	-	-	-	-	-	-	-	-	-	-	-	-	-	-	-	-	-	-	-	SHV-75*	-	-	-	-	-	-	0	0	0	wildtype S	90.99% S (N=5168/5680)	0^ QRDR, 0 PMQR, 0 aac(6`)-Ib-cr	0.25 mg/L [0.25-0.25]	wzi24	KL24	K24	Typeable	-	99.97%	-	OL2α.1	O1αβ,2α	Typeable	-	99.17%	-
KGVET-2019-01-3472-4	Klebsiella pneumoniae	strong	4	5179523	5179523	5223905	no	-	ST5824	2	1	1	2	572	4	18	0	-	-	-	-	-	-	-	-	-	-	-	-	-	0	-	-	-	-	-	-	-	-	-	-	-	-	-	-	-	-	-	0	-	-	-	-	-	-	-	0	-	-	-	-	-	-	0	-	-	-	-	-	0	-	-	-	-	-	-	-	-	-	-	-	-	-	-	-	-	-	-	-	SHV-61	SHV:p.Leu35Gln	-	-	-	-	-	0	0	0	wildtype S	90.99% S (N=5168/5680)	0^ QRDR, 0 PMQR, 0 aac(6`)-Ib-cr	0.25 mg/L [0.25-0.25]	-	KL30	K30	Typeable	!	99.63%	-	OL2α.2	O1αβ,2β	Typeable	-	99.59%	-
KGVET-2019-01-3619	Klebsiella pneumoniae	strong	8	5206778	5206778	5690470	no	-	ST5825	2	3	439	75	9	7	137	0	-	-	-	-	-	-	-	-	-	-	-	-	-	0	-	-	-	-	-	-	-	-	-	-	-	-	-	-	-	-	-	0	-	-	-	-	-	-	-	0	-	-	-	-	-	-	0	-	-	-	-	-	0	-	-	-	-	-	-	-	-	-	-	-	-	-	-	-	-	-	-	-	SHV-26	-	-	-	-	-	-	0	0	0	wildtype S	90.99% S (N=5168/5680)	0^ QRDR, 0 PMQR, 0 aac(6`)-Ib-cr	0.25 mg/L [0.25-0.25]	wzi149	KL62	K62	Typeable	!	99.62%	-	OL2α.2	O2β	Typeable	-	99.26%	-
KGVET-2019-01-792	Klebsiella variicola subsp. variicola	strong	5	5622595	5622595	5942031	no	-	ST712	16	62	21	27	47	22	67	0	-	-	-	-	-	-	-	-	-	-	-	-	-	0	-	-	-	-	-	-	-	-	-	-	-	-	-	-	-	-	-	0	-	-	-	-	-	-	-	0	-	-	-	-	-	-	0	-	-	-	-	-	0	-	-	-	-	-	-	-	-	-	-	-	-	-	-	-	-	-	-	-	LEN-2^	-	OmpK36:p.Ala183fs	-	-	-	-	0	0	0	wildtype S	90.99% S (N=5168/5680)	0^ QRDR, 0 PMQR, 0 aac(6`)-Ib-cr	0.25 mg/L [0.25-0.25]	-	KL111	unknown (KL111)	Typeable	-	97.35%	-	OL3α/β	O3αβ	Typeable	-	99.55%	-
KGVET-2020-01-126	Klebsiella pneumoniae	strong	1	5190314	5190314	5190314	no	-	ST187	23	31	2	1	9	4	23	0	-	-	-	-	-	-	-	-	-	-	-	-	-	0	-	-	-	-	-	-	-	-	-	-	-	-	-	-	-	-	-	0	-	-	-	-	-	-	-	0	-	-	-	-	-	-	0	-	-	-	-	-	0	-	-	-	-	-	-	-	-	-	-	-	-	-	-	-	-	-	-	-	SHV-11^	SHV:p.Leu35Gln	-	-	-	-	-	0	0	0	wildtype S	90.99% S (N=5168/5680)	0^ QRDR, 0 PMQR, 0 aac(6`)-Ib-cr	0.25 mg/L [0.25-0.25]	wzi10	KL10	K10	Typeable	-	98.68%	-	OL5	O5	Typeable	-	98.30%	-
KGVET-2020-01-1661	Klebsiella pneumoniae	strong	4	5387724	5387724	5693459	no	-	ST1583	2	1	2	1	12	1	9	0	-	-	-	-	-	-	-	-	-	-	-	-	-	0	-	-	-	-	-	-	-	-	-	-	-	-	-	-	-	-	-	0	-	-	-	-	-	-	-	0	-	-	-	-	-	-	0	-	-	-	-	-	0	-	-	aadA^;aac(3)-IId^;strB.v1;strA.v1*	-	-	-	-	-	catA1^	-	sul1;sul2	tet(D)	-	dfrA14.v2*	-	-	CTX-M-15	-	-	SHV-27;SHV-1^	SHV:p.Gly156Asp	-	-	GyrA:p.Ser83Ile;ParC:p.Ser80Ile	-	-	1	8	11	nonwildtype R	99.21% R (N=2147/2167)	>1 QRDR, 0 PMQR, * aac(6`)-Ib-cr	2 mg/L [2-4]	wzi384	KL102	unknown (KL102)	Typeable	-	99.69%	-	OL2α.2	O2β	Typeable	-	99.16%	-
KGVET-2020-01-202-1	Klebsiella pneumoniae	strong	2	5128607	5128607	5134070	no	-	ST2097	4	1	1	1	12	1	39	0	-	-	-	-	-	-	-	-	-	-	-	-	-	0	-	-	-	-	-	-	-	-	-	-	-	-	-	-	-	-	-	0	-	-	-	-	-	-	-	0	-	-	-	-	-	-	0	-	-	-	-	-	0	-	-	-	-	-	-	-	-	-	-	-	-	-	-	-	-	-	-	-	SHV-108^	SHV:p.Leu35Gln	-	-	-	-	-	0	0	0	wildtype S	90.99% S (N=5168/5680)	0^ QRDR, 0 PMQR, 0 aac(6`)-Ib-cr	0.25 mg/L [0.25-0.25]	wzi112	KL13	K13	Typeable	-	99.63%	-	OL3γ	O3γ	Typeable	-	99.73%	-
KGVET-2020-01-2067-1	Klebsiella pneumoniae	strong	2	5364693	5364693	5368665	no	-	ST49	8	1	1	2	12	1	23	0	-	-	-	-	-	-	-	-	-	-	-	-	-	0	-	-	-	-	-	-	-	-	-	-	-	-	-	-	-	-	-	0	-	-	-	-	-	-	-	0	-	-	-	-	-	-	0	-	-	-	-	-	0	-	-	-	-	-	-	-	-	-	-	-	-	-	-	-	-	-	-	-	SHV-11^	SHV:p.Leu35Gln	-	-	-	-	-	0	0	0	wildtype S	90.99% S (N=5168/5680)	0^ QRDR, 0 PMQR, 0 aac(6`)-Ib-cr	0.25 mg/L [0.25-0.25]	wzi31	KL31	K31	Typeable	-	99.80%	-	OL3γ	O3γ	Typeable	-	99.49%	-
KGVET-2020-01-2158-1	Klebsiella pneumoniae	strong	8	5308542	5308542	5511609	no	-	ST4710	2	1	1	37	10	269	86	391	ybt 16; ICEKp12	6	15	5	4	11	479	567	2	11	126	2	-	0	-	-	-	-	-	-	-	-	-	-	-	-	-	-	-	-	-	94	iuc 5	45	12	33	35	22	-	0	-	-	-	-	-	-	0	-	-	-	-	-	4	-	-	-	-	-	-	-	-	-	-	-	-	-	-	-	-	-	-	-	SHV-1	-	-	-	-	-	-	0	0	0	wildtype S	90.99% S (N=5168/5680)	0^ QRDR, 0 PMQR, 0 aac(6`)-Ib-cr	0.25 mg/L [0.25-0.25]	wzi21	KL21	K21	Typeable	-	99.34%	-	OL2α.1	O1αβ,2α	Typeable	-	99.01%	-
KGVET-2020-01-2209-1	Klebsiella pneumoniae	strong	7	5308300	5308300	5511338	no	-	ST4710	2	1	1	37	10	269	86	391	ybt 16; ICEKp12	6	15	5	4	11	479	567	2	11	126	2	-	0	-	-	-	-	-	-	-	-	-	-	-	-	-	-	-	-	-	94	iuc 5	45	12	33	35	22	-	0	-	-	-	-	-	-	0	-	-	-	-	-	4	-	-	-	-	-	-	-	-	-	-	-	-	-	-	-	-	-	-	-	SHV-1	-	-	-	-	-	-	0	0	0	wildtype S	90.99% S (N=5168/5680)	0^ QRDR, 0 PMQR, 0 aac(6`)-Ib-cr	0.25 mg/L [0.25-0.25]	wzi21	KL21	K21	Typeable	-	99.34%	-	OL2α.1	O1αβ,2α	Typeable	-	99.01%	-
KGVET-2020-01-2318-1	Klebsiella pneumoniae	strong	2	5328021	5328021	5525431	no	-	ST3020	2	1	169	12	9	4	40	0	-	-	-	-	-	-	-	-	-	-	-	-	-	0	-	-	-	-	-	-	-	-	-	-	-	-	-	-	-	-	-	0	-	-	-	-	-	-	-	0	-	-	-	-	-	-	0	-	-	-	-	-	0	-	-	-	-	-	-	-	-	-	-	-	-	-	-	-	-	-	-	-	SHV-11^	SHV:p.Leu35Gln	-	-	-	-	-	0	0	0	wildtype S	90.99% S (N=5168/5680)	0^ QRDR, 0 PMQR, 0 aac(6`)-Ib-cr	0.25 mg/L [0.25-0.25]	wzi385	KL111	unknown (KL111)	Typeable	-	99.65%	-	OL3γ	O3γ	Typeable	-	99.53%	-
KGVET-2020-01-2328-1	Klebsiella variicola subsp. variicola	strong	1	5476043	5476043	5476043	no	-	ST4591	16	18	21	49	468	22	67	0	-	-	-	-	-	-	-	-	-	-	-	-	-	0	-	-	-	-	-	-	-	-	-	-	-	-	-	-	-	-	-	0	-	-	-	-	-	-	-	0	-	-	-	-	-	-	0	-	-	-	-	-	0	-	-	-	-	-	-	-	-	-	-	-	-	-	-	-	-	-	-	-	LEN-16*	-	OmpK36:p.Ala183fs	-	-	-	-	0	0	0	wildtype S	90.99% S (N=5168/5680)	0^ QRDR, 0 PMQR, 0 aac(6`)-Ib-cr	0.25 mg/L [0.25-0.25]	-	KL33	K33	Untypeable	-+!	97.58%	KL33_14_manC;KL33_16_wbaZ;KL33_15_manB;KL33_11_wcuQ;KL33_18_wzy;KL33_19_wckJ;KL33_10_wckL;KL33_13_wckK;KL33_17_wcaJ;KL33_07_wzb;KL33_08_wzc;KL33_12_wzx;KL33_09_wckM	OL3α/β	O3αβ	Typeable	-	99.80%	-
KGVET-2020-01-236-2	Klebsiella pneumoniae	strong	5	5329169	5329169	5351084	no	-	ST37	2	9	2	1	13	1	16	378	ybt 15; ICEKp11	6	15	22	4	1	37	44	14	1	4	17	-	0	-	-	-	-	-	-	-	-	-	-	-	-	-	-	-	-	-	0	-	-	-	-	-	-	-	0	-	-	-	-	-	-	0	-	-	-	-	-	1	-	-	-	-	-	-	-	-	-	-	-	-	-	-	-	-	-	-	-	SHV-11^	SHV:p.Leu35Gln	-	-	-	-	-	0	0	0	wildtype S	90.99% S (N=5168/5680)	0^ QRDR, 0 PMQR, 0 aac(6`)-Ib-cr	0.25 mg/L [0.25-0.25]	wzi96	KL38	K38	Typeable	-	99.86%	-	OL3γ	O3γ	Typeable	-	99.67%	-
KGVET-2020-01-2496-3	Klebsiella pneumoniae	strong	2	5287267	5287267	5482177	no	-	ST1241	4	3	1	1	1	4	223	0	-	-	-	-	-	-	-	-	-	-	-	-	-	0	-	-	-	-	-	-	-	-	-	-	-	-	-	-	-	-	-	0	-	-	-	-	-	-	-	0	-	-	-	-	-	-	0	-	-	-	-	-	0	-	-	-	-	-	-	-	-	-	-	-	-	-	-	-	-	-	-	-	SHV-1	-	-	-	-	-	-	0	0	0	wildtype S	90.99% S (N=5168/5680)	0^ QRDR, 0 PMQR, 0 aac(6`)-Ib-cr	0.25 mg/L [0.25-0.25]	wzi419	KL7	K7	Typeable	-	99.54%	-	OL2α.2	O2β	Typeable	-	99.13%	-
KGVET-2020-01-2661	Klebsiella pneumoniae	strong	3	5354829	5354829	5512026	no	-	ST152	2	3	2	1	1	4	56	131-3LV	ybt 14; ICEKp5?	4	4	5	4	1	27*	184	2	4	4	2*	-	0	-	-	-	-	-	-	-	-	-	-	-	-	-	-	-	-	-	0	-	-	-	-	-	-	-	0	-	-	-	-	-	-	0	-	-	-	-	-	1	-	-	-	-	-	-	-	-	-	-	-	tet(B).v2*;tetR	-	-	-	-	-	-	-	SHV-1^	-	-	-	-	-	-	0	1	2	wildtype S	90.99% S (N=5168/5680)	0^ QRDR, 0 PMQR, 0 aac(6`)-Ib-cr	0.25 mg/L [0.25-0.25]	wzi110	KL149	unknown (KL149)	Typeable	-	99.99%	-	OL4	O4	Typeable	-	99.60%	-
KGVET-2020-01-2677-1	Klebsiella pneumoniae	strong	4	5287320	5287320	5359966	no	-	ST5827	3	5	95	1	16	1	805	0	-	-	-	-	-	-	-	-	-	-	-	-	-	0	-	-	-	-	-	-	-	-	-	-	-	-	-	-	-	-	-	0	-	-	-	-	-	-	-	0	-	-	-	-	-	-	0	-	-	-	-	-	0	-	-	-	-	-	-	-	-	-	-	-	-	-	-	-	-	-	-	-	SHV-11^	SHV:p.Leu35Gln	-	-	-	-	-	0	0	0	wildtype S	90.99% S (N=5168/5680)	0^ QRDR, 0 PMQR, 0 aac(6`)-Ib-cr	0.25 mg/L [0.25-0.25]	wzi24	KL55	K55	Typeable	-	98.82%	-	OL2α.1	O2α	Typeable	-	99.13%	-
KGVET-2020-01-2800-1	Klebsiella pneumoniae	strong	1	5277303	5277303	5277303	no	-	ST1999	2	5	1	1	9	1	318	0	-	-	-	-	-	-	-	-	-	-	-	-	-	0	-	-	-	-	-	-	-	-	-	-	-	-	-	-	-	-	-	0	-	-	-	-	-	-	-	0	-	-	-	-	-	-	0	-	-	-	-	-	0	-	-	-	-	-	-	-	-	-	-	-	tet(A).v1	-	-	-	-	-	-	-	SHV-1^	-	-	-	-	-	-	0	1	1	wildtype S	90.99% S (N=5168/5680)	0^ QRDR, 0 PMQR, 0 aac(6`)-Ib-cr	0.25 mg/L [0.25-0.25]	wzi275	KL38	K38	Typeable	-	97.76%	-	OL12	O12	Typeable	-	98.99%	-
KGVET-2020-01-2846-1	Klebsiella pneumoniae	strong	1	5402258	5402258	5402258	no	-	ST46	4	5	1	1	9	1	31	0	-	-	-	-	-	-	-	-	-	-	-	-	-	0	-	-	-	-	-	-	-	-	-	-	-	-	-	-	-	-	-	0	-	-	-	-	-	-	-	0	-	-	-	-	-	-	0	-	-	-	-	-	0	-	-	-	-	-	-	-	-	-	-	-	-	-	-	-	-	-	-	-	SHV-27	SHV:p.Gly156Asp	-	-	-	-	-	0	0	0	wildtype S	90.99% S (N=5168/5680)	0^ QRDR, 0 PMQR, 0 aac(6`)-Ib-cr	0.25 mg/L [0.25-0.25]	wzi64	KL64	K64	Typeable	-	99.89%	-	OL2α.1	O2α	Typeable	-	99.03%	-
KGVET-2020-01-2959-1	Klebsiella pneumoniae	strong	3	5202254	5202254	5262089	no	-	ST13	2	3	1	1	10	1	19	0	-	-	-	-	-	-	-	-	-	-	-	-	-	0	-	-	-	-	-	-	-	-	-	-	-	-	-	-	-	-	-	0	-	-	-	-	-	-	-	0	-	-	-	-	-	-	0	-	-	-	-	-	0	-	-	-	-	-	-	-	-	-	-	-	-	-	-	-	-	-	-	-	SHV-1^	-	-	-	-	-	-	0	0	0	wildtype S	90.99% S (N=5168/5680)	0^ QRDR, 0 PMQR, 0 aac(6`)-Ib-cr	0.25 mg/L [0.25-0.25]	wzi274	KL30	K30	Typeable	!	99.75%	-	OL2α.1	O1αβ,2α	Typeable	-	99.90%	-
KGVET-2020-01-3043-2	Klebsiella pneumoniae	strong	1	5105113	5105113	5105113	no	-	ST636	2	5	1	1	4	1	4	0	-	-	-	-	-	-	-	-	-	-	-	-	-	0	-	-	-	-	-	-	-	-	-	-	-	-	-	-	-	-	-	0	-	-	-	-	-	-	-	0	-	-	-	-	-	-	0	-	-	-	-	-	0	-	-	-	-	-	-	-	-	-	-	-	-	-	-	-	-	-	-	-	SHV-1	-	-	-	-	-	-	0	0	0	wildtype S	90.99% S (N=5168/5680)	0^ QRDR, 0 PMQR, 0 aac(6`)-Ib-cr	0.25 mg/L [0.25-0.25]	-	KL126	unknown (KL126)	Typeable	-	99.72%	-	OL13	O13	Typeable	!	97.69%	-
KGVET-2020-01-3421-1	Klebsiella pneumoniae	strong	7	5235890	5235890	5406955	no	-	ST279	2	2	1	47	1	4	43	0	-	-	-	-	-	-	-	-	-	-	-	-	-	0	-	-	-	-	-	-	-	-	-	-	-	-	-	-	-	-	-	0	-	-	-	-	-	-	-	0	-	-	-	-	-	-	0	-	-	-	-	-	0	-	-	-	-	-	-	-	-	-	-	-	-	-	-	-	-	-	-	-	SHV-11^	SHV:p.Leu35Gln	-	-	-	-	-	0	0	0	wildtype S	90.99% S (N=5168/5680)	0^ QRDR, 0 PMQR, 0 aac(6`)-Ib-cr	0.25 mg/L [0.25-0.25]	wzi417	KL151	unknown (KL151)	Typeable	-	99.98%	-	OL5	O5	Typeable	-	98.29%	-
KGVET-2020-01-3513-1	Klebsiella pneumoniae	strong	1	5351251	5351251	5351251	no	-	ST37	2	9	2	1	13	1	16	0	-	-	-	-	-	-	-	-	-	-	-	-	-	0	-	-	-	-	-	-	-	-	-	-	-	-	-	-	-	-	-	0	-	-	-	-	-	-	-	0	-	-	-	-	-	-	0	-	-	-	-	-	0	-	-	-	-	-	-	-	-	-	-	-	-	-	-	-	-	-	-	-	SHV-11^	SHV:p.Leu35Gln	-	-	-	-	-	0	0	0	wildtype S	90.99% S (N=5168/5680)	0^ QRDR, 0 PMQR, 0 aac(6`)-Ib-cr	0.25 mg/L [0.25-0.25]	wzi14	KL14	K14	Typeable	-	99.98%	-	OL3γ	O3γ	Typeable	-	99.73%	-
KGVET-2020-01-3514	Klebsiella pneumoniae	strong	1	5351057	5351057	5351057	no	-	ST2513	2	3	1	1	7	4	12	0	-	-	-	-	-	-	-	-	-	-	-	-	-	0	-	-	-	-	-	-	-	-	-	-	-	-	-	-	-	-	-	0	-	-	-	-	-	-	-	0	-	-	-	-	-	-	0	-	-	-	-	-	0	-	-	-	-	-	-	-	-	-	-	-	-	-	-	-	-	-	-	-	SHV-1^	-	-	-	-	-	-	0	0	0	wildtype S	90.99% S (N=5168/5680)	0^ QRDR, 0 PMQR, 0 aac(6`)-Ib-cr	0.25 mg/L [0.25-0.25]	wzi394	KL153	unknown (KL153)	Typeable	-	99.92%	-	OL2α.1	O2α	Typeable	-	99.06%	-
KGVET-2020-01-3515	Klebsiella pneumoniae	strong	2	5283334	5283334	5521190	no	-	ST3175	2	4	5	1	1	1	40	0	-	-	-	-	-	-	-	-	-	-	-	-	-	0	-	-	-	-	-	-	-	-	-	-	-	-	-	-	-	-	-	0	-	-	-	-	-	-	-	0	-	-	-	-	-	-	0	-	-	-	-	-	0	-	-	-	-	-	-	-	-	-	-	-	-	-	-	-	-	-	-	-	SHV-215	SHV:p.Leu35Gln	-	-	-	-	-	0	0	0	wildtype S	90.99% S (N=5168/5680)	0^ QRDR, 0 PMQR, 0 aac(6`)-Ib-cr	0.25 mg/L [0.25-0.25]	-	KL30	K30	Typeable	-	97.36%	-	OL2α.2	O2β	Typeable	-	99.13%	-
KGVET-2020-01-3721-3	Klebsiella pneumoniae	strong	2	5269207	5269207	5473829	no	-	ST187	23	31	2	1	9	4	23	0	-	-	-	-	-	-	-	-	-	-	-	-	-	0	-	-	-	-	-	-	-	-	-	-	-	-	-	-	-	-	-	0	-	-	-	-	-	-	-	0	-	-	-	-	-	-	0	-	-	-	-	-	0	-	-	-	-	-	-	-	-	-	-	-	-	-	-	-	-	-	-	-	SHV-11^	SHV:p.Leu35Gln	-	-	-	-	-	0	0	0	wildtype S	90.99% S (N=5168/5680)	0^ QRDR, 0 PMQR, 0 aac(6`)-Ib-cr	0.25 mg/L [0.25-0.25]	wzi10	KL10	K10	Typeable	-	98.69%	-	OL5	O5	Typeable	-	98.30%	-
KGVET-2020-01-3775-3	Klebsiella pneumoniae	strong	3	5285398	5285398	5293701	no	-	ST5836	4	1	440	2	27	1	4	0	-	-	-	-	-	-	-	-	-	-	-	-	-	0	-	-	-	-	-	-	-	-	-	-	-	-	-	-	-	-	-	0	-	-	-	-	-	-	-	0	-	-	-	-	-	-	0	-	-	-	-	-	0	-	-	-	-	-	-	-	-	-	-	-	-	-	-	-	-	-	-	-	SHV-75	-	-	-	-	-	-	0	0	0	wildtype S	90.99% S (N=5168/5680)	0^ QRDR, 0 PMQR, 0 aac(6`)-Ib-cr	0.25 mg/L [0.25-0.25]	wzi107	KL22	K37	Typeable	!	99.23%	-	OL2α.1	O2α	Typeable	-	99.21%	-
KGVET-2020-01-4188-1	Klebsiella pneumoniae	strong	1	5228811	5228811	5228811	no	-	ST292	2	1	2	1	1	1	4	0	-	-	-	-	-	-	-	-	-	-	-	-	-	0	-	-	-	-	-	-	-	-	-	-	-	-	-	-	-	-	-	0	-	-	-	-	-	-	-	0	-	-	-	-	-	-	0	-	-	-	-	-	0	-	-	-	-	-	-	-	-	-	-	-	-	-	-	-	-	-	-	-	SHV-11^	SHV:p.Leu35Gln	-	-	-	-	-	0	0	0	wildtype S	90.99% S (N=5168/5680)	0^ QRDR, 0 PMQR, 0 aac(6`)-Ib-cr	0.25 mg/L [0.25-0.25]	-	KL51	K51	Typeable	-	99.99%	-	OL3γ	O3γ	Typeable	-	99.61%	-
KGVET-2020-01-4249-1	Klebsiella pneumoniae	strong	5	5216222	5216222	5392214	no	-	ST4356	159	31	1	47	10	4	631	0	-	-	-	-	-	-	-	-	-	-	-	-	-	0	-	-	-	-	-	-	-	-	-	-	-	-	-	-	-	-	-	0	-	-	-	-	-	-	-	0	-	-	-	-	-	-	0	-	-	-	-	-	0	-	-	-	-	-	-	-	-	-	-	-	-	-	-	-	-	-	-	-	SHV-1^	-	-	-	-	-	-	0	0	0	wildtype S	90.99% S (N=5168/5680)	0^ QRDR, 0 PMQR, 0 aac(6`)-Ib-cr	0.25 mg/L [0.25-0.25]	wzi56	KL55	K55	Typeable	-	98.81%	-	OL5	O5	Typeable	-	98.22%	-
KGVET-2020-01-4327	Klebsiella pneumoniae	strong	1	5307558	5307558	5307558	no	-	ST5841	2	1	1	1	101	1	18	0	-	-	-	-	-	-	-	-	-	-	-	-	-	0	-	-	-	-	-	-	-	-	-	-	-	-	-	-	-	-	-	0	-	-	-	-	-	-	-	0	-	-	-	-	-	-	0	-	-	-	-	-	0	-	-	-	-	-	-	-	-	-	-	-	-	-	-	-	-	-	-	-	SHV-11^	SHV:p.Leu35Gln	-	-	-	-	-	0	0	0	wildtype S	90.99% S (N=5168/5680)	0^ QRDR, 0 PMQR, 0 aac(6`)-Ib-cr	0.25 mg/L [0.25-0.25]	wzi102	KL31	K31	Typeable	-	99.61%	-	OL3γ	O3γ	Typeable	-	99.93%	-
KGVET-2020-01-468-1	Klebsiella pneumoniae	strong	4	5301068	5301068	5542103	no	-	ST394	2	9	2	1	13	1	82	0	-	-	-	-	-	-	-	-	-	-	-	-	-	0	-	-	-	-	-	-	-	-	-	-	-	-	-	-	-	-	-	0	-	-	-	-	-	-	-	0	-	-	-	-	-	-	0	-	-	-	-	-	0	-	-	-	-	-	-	-	-	-	-	-	-	-	-	-	-	-	-	-	SHV-11^	SHV:p.Leu35Gln	-	-	-	-	-	0	0	0	wildtype S	90.99% S (N=5168/5680)	0^ QRDR, 0 PMQR, 0 aac(6`)-Ib-cr	0.25 mg/L [0.25-0.25]	wzi59	KL3	K3	Typeable	!	99.73%	-	OL2α.2	O2β	Typeable	-	99.09%	-
KGVET-2020-04-18146	Klebsiella pneumoniae	strong	5	5241320	5241320	5720708	no	-	ST370	41	47	1	14	1	1	12	0	-	-	-	-	-	-	-	-	-	-	-	-	-	0	-	-	-	-	-	-	-	-	-	-	-	-	-	-	-	-	-	0	-	-	-	-	-	-	-	0	-	-	-	-	-	-	0	-	-	-	-	-	0	-	-	-	-	-	-	-	-	-	-	-	-	-	-	-	-	-	-	-	SHV-11^	SHV:p.Leu35Gln	-	-	-	-	-	0	0	0	wildtype S	90.99% S (N=5168/5680)	0^ QRDR, 0 PMQR, 0 aac(6`)-Ib-cr	0.25 mg/L [0.25-0.25]	-	KL28	K28	Typeable	-	99.59%	-	OL3γ	O3γ	Typeable	-	99.67%	-
KGVETS-2019-01-1336	Klebsiella pneumoniae	strong	4	5222809	5222809	5503978	no	-	ST1426	3	5	1	1	12	4	46	0	-	-	-	-	-	-	-	-	-	-	-	-	-	0	-	-	-	-	-	-	-	-	-	-	-	-	-	-	-	-	-	43	iuc 3	25	9	25	23	52	-	0	-	-	-	-	-	-	0	-	-	-	-	-	3	-	-	-	-	-	-	-	-	-	-	-	-	-	-	-	-	-	-	-	SHV-11^	SHV:p.Leu35Gln	-	-	-	-	-	0	0	0	wildtype S	90.99% S (N=5168/5680)	0^ QRDR, 0 PMQR, 0 aac(6`)-Ib-cr	0.25 mg/L [0.25-0.25]	wzi177	KL20	K20	Typeable	-	99.58%	-	OL3α/β	O3αβ	Typeable	-	98.53%	-
KGVETS-2019-01-1378	Klebsiella pneumoniae	strong	3	5358389	5358389	5602447	no	-	ST168	2	5	1	6	9	1	4	0	-	-	-	-	-	-	-	-	-	-	-	-	-	0	-	-	-	-	-	-	-	-	-	-	-	-	-	-	-	-	-	88,ST88	iuc 3,iuc 3	25,25	9,9	25,25	31,31	52,52	-	0	-	-	-	-	-	-	0	-	-	-	-	-	3	-	-	-	-	-	-	-	-	-	-	-	-	-	-	-	-	-	-	-	SHV-11^	SHV:p.Leu35Gln	-	-	-	-	-	0	0	0	wildtype S	90.99% S (N=5168/5680)	0^ QRDR, 0 PMQR, 0 aac(6`)-Ib-cr	0.25 mg/L [0.25-0.25]	wzi39	KL39	K39	Typeable	-	99.96%	-	OL3γ	O3γ	Typeable	-	99.71%	-
KGVETS-2019-01-1380	Klebsiella variicola subsp. variicola	strong	2	5694896	5694896	5852049	no	-	ST4705	16	204	21	27	146	57	67	0	-	-	-	-	-	-	-	-	-	-	-	-	-	0	-	-	-	-	-	-	-	-	-	-	-	-	-	-	-	-	-	0	-	-	-	-	-	-	-	0	-	-	-	-	-	-	0	-	-	-	-	-	0	-	-	-	-	-	-	-	-	-	-	-	-	-	-	-	-	-	-	-	LEN-2^	-	OmpK36:p.Ala183fs	-	-	-	-	0	0	0	wildtype S	90.99% S (N=5168/5680)	0^ QRDR, 0 PMQR, 0 aac(6`)-Ib-cr	0.25 mg/L [0.25-0.25]	wzi32	KL31	K31	Typeable	-	94.16%	-	OL3α/β	O3αβ	Typeable	-	99.85%	-
KGVETS-2019-01-1382	Klebsiella pneumoniae	strong	5	5378254	5378254	5599046	no	-	ST113	14	1	2	1	21	1	23	399	ybt 8; ICEKp3	5	11	94	5	66	226	239	9	60	5	260	-	0	-	-	-	-	-	-	-	-	-	-	-	-	-	-	-	-	-	69	iuc 3	12	29	42	34	13	-	0	-	-	-	-	-	-	0	-	-	-	-	-	4	-	-	-	-	-	-	-	-	-	-	-	-	-	-	-	-	-	-	-	SHV-1	-	-	-	-	-	-	0	0	0	wildtype S	90.99% S (N=5168/5680)	0^ QRDR, 0 PMQR, 0 aac(6`)-Ib-cr	0.25 mg/L [0.25-0.25]	wzi355	KL114	unknown (KL114)	Typeable	-	99.66%	-	OL3α/β	O3αβ	Typeable	-	99.20%	-
KGVETS-2019-01-1759	Klebsiella pneumoniae	strong	3	5228346	5228346	5387795	no	-	ST219	2	1	2	3	27	1	39	0	-	-	-	-	-	-	-	-	-	-	-	-	-	0	-	-	-	-	-	-	-	-	-	-	-	-	-	-	-	-	-	25	iuc 3	9	7	12	8	17	-	0	-	-	-	-	-	-	0	-	-	-	-	-	3	-	-	-	-	-	-	-	-	-	-	-	-	-	-	-	-	-	-	-	SHV-1^	-	-	-	-	-	-	0	0	0	wildtype S	90.99% S (N=5168/5680)	0^ QRDR, 0 PMQR, 0 aac(6`)-Ib-cr	0.25 mg/L [0.25-0.25]	wzi122	KL121	unknown (KL121)	Typeable	-	99.99%	-	OL2α.1	O1αβ,2α	Typeable	-	99.32%	-
KGVETS-2019-01-1760	Klebsiella pneumoniae	strong	4	5257891	5257891	5471593	no	-	ST219	2	1	2	3	27	1	39	0	-	-	-	-	-	-	-	-	-	-	-	-	-	0	-	-	-	-	-	-	-	-	-	-	-	-	-	-	-	-	-	25	iuc 3	9	7	12	8	17	-	0	-	-	-	-	-	-	0	-	-	-	-	-	3	-	-	-	-	-	-	-	-	-	-	-	-	-	-	-	-	-	-	-	SHV-1^	-	-	-	-	-	-	0	0	0	wildtype S	90.99% S (N=5168/5680)	0^ QRDR, 0 PMQR, 0 aac(6`)-Ib-cr	0.25 mg/L [0.25-0.25]	wzi122	KL121	unknown (KL121)	Typeable	-	99.98%	-	OL2α.1	O1αβ,2α	Typeable	-	99.32%	-
KGVETS-2019-01-1761	Klebsiella pneumoniae	strong	2	5420965	5420965	5586924	no	-	ST2411	2	1	17	1	1	4	23	0	-	-	-	-	-	-	-	-	-	-	-	-	-	0	-	-	-	-	-	-	-	-	-	-	-	-	-	-	-	-	-	43	iuc 3	25	9	25	23	52	-	0	-	-	-	-	-	-	0	-	-	-	-	-	3	-	-	-	-	-	-	-	-	-	-	-	-	-	-	-	-	-	-	-	SHV-168*	-	-	-	-	-	-	0	0	0	wildtype S	90.99% S (N=5168/5680)	0^ QRDR, 0 PMQR, 0 aac(6`)-Ib-cr	0.25 mg/L [0.25-0.25]	wzi459	KL20	K20	Typeable	-	99.54%	-	OL3γ	O3γ	Typeable	-	99.67%	-
KGVETS-2019-01-1806	Klebsiella pneumoniae	strong	6	5366405	5366405	5635111	no	-	ST37	2	9	2	1	13	1	16	0	-	-	-	-	-	-	-	-	-	-	-	-	-	0	-	-	-	-	-	-	-	-	-	-	-	-	-	-	-	-	-	25	iuc 3	9	7	12	8	17	-	0	-	-	-	-	-	-	0	-	-	-	-	-	3	-	-	-	-	-	-	-	-	-	-	-	-	-	-	-	-	-	-	-	SHV-11^	SHV:p.Leu35Gln	-	-	-	-	-	0	0	0	wildtype S	90.99% S (N=5168/5680)	0^ QRDR, 0 PMQR, 0 aac(6`)-Ib-cr	0.25 mg/L [0.25-0.25]	wzi87	KL21	K21	Typeable	-	99.74%	-	OL3γ	O3γ	Typeable	-	99.45%	-
KGVETS-2019-01-1844	Klebsiella pneumoniae	strong	5	5378252	5378252	5616958	no	-	ST113	14	1	2	1	21	1	23	399	ybt 8; ICEKp3	5	11	94	5	66	226	239	9	60	5	260	-	0	-	-	-	-	-	-	-	-	-	-	-	-	-	-	-	-	-	69	iuc 3	12	29	42	34	13	-	0	-	-	-	-	-	-	0	-	-	-	-	-	4	-	-	-	-	-	-	-	-	-	-	-	-	-	-	-	-	-	-	-	SHV-1	-	-	-	-	-	-	0	0	0	wildtype S	90.99% S (N=5168/5680)	0^ QRDR, 0 PMQR, 0 aac(6`)-Ib-cr	0.25 mg/L [0.25-0.25]	wzi355	KL114	unknown (KL114)	Typeable	-	99.66%	-	OL3α/β	O3αβ	Typeable	-	99.20%	-
KGVETS-2019-01-1961	Klebsiella pneumoniae	strong	4	5247455	5247455	5532948	no	-	ST2108	2	1	1	3	12	1	5	0	-	-	-	-	-	-	-	-	-	-	-	-	-	0	-	-	-	-	-	-	-	-	-	-	-	-	-	-	-	-	-	88	iuc 3	25	9	25	31	52	-	0	-	-	-	-	-	-	0	-	-	-	-	-	3	-	-	strB.v1;strA.v1	-	-	-	-	-	-	-	-	-	-	-	-	-	-	-	-	SHV-1^	-	-	-	-	-	-	0	1	2	wildtype S	90.99% S (N=5168/5680)	0^ QRDR, 0 PMQR, 0 aac(6`)-Ib-cr	0.25 mg/L [0.25-0.25]	wzi31	KL31	K31	Typeable	-	99.80%	-	OL5	O5	Typeable	-	98.30%	-
KGVETS-2019-01-2116	Klebsiella variicola subsp. variicola	strong	2	5571553	5571553	5731775	no	-	ST2594	28	24	21	53	47	153	67	0	-	-	-	-	-	-	-	-	-	-	-	-	-	0	-	-	-	-	-	-	-	-	-	-	-	-	-	-	-	-	-	0	-	-	-	-	-	-	-	0	-	-	-	-	-	-	0	-	-	-	-	-	0	-	-	-	-	-	-	-	-	-	-	-	-	-	-	-	-	-	-	-	LEN-13*	-	OmpK36:p.Ala183fs	-	-	-	-	0	0	0	wildtype S	90.99% S (N=5168/5680)	0^ QRDR, 0 PMQR, 0 aac(6`)-Ib-cr	0.25 mg/L [0.25-0.25]	wzi51	KL46	K46	Typeable	-	95.11%	-	OL3α/β	O3αβ	Typeable	-	99.83%	-
KGVETS-2019-01-2201	Klebsiella pneumoniae	strong	1	5423540	5423540	5423540	no	-	ST289	4	5	1	1	12	4	46	0	-	-	-	-	-	-	-	-	-	-	-	-	-	0	-	-	-	-	-	-	-	-	-	-	-	-	-	-	-	-	-	0	-	-	-	-	-	-	-	0	-	-	-	-	-	-	0	-	-	-	-	-	0	-	-	-	-	-	-	-	-	-	-	-	-	-	-	-	-	-	-	-	SHV-11^	SHV:p.Leu35Gln	-	-	-	-	-	0	0	0	wildtype S	90.99% S (N=5168/5680)	0^ QRDR, 0 PMQR, 0 aac(6`)-Ib-cr	0.25 mg/L [0.25-0.25]	wzi39	KL13	K13	Typeable	-	99.51%	-	OL3γ	O3γ	Typeable	-	99.56%	-
KGVETS-2019-01-2303	Klebsiella quasipneumoniae subsp. similipneumoniae	strong	2	5222258	5222258	5384784	no	-	ST138	18	22	26	23	31	13	49	0	-	-	-	-	-	-	-	-	-	-	-	-	-	0	-	-	-	-	-	-	-	-	-	-	-	-	-	-	-	-	-	0	-	-	-	-	-	-	-	0	-	-	-	-	-	-	0	-	-	-	-	-	0	-	-	-	-	-	-	-	-	-	-	-	-	-	-	-	-	-	-	-	OKP-B-2	-	OmpK36:p.Ala183fs	-	-	-	-	0	0	0	wildtype S	90.99% S (N=5168/5680)	0^ QRDR, 0 PMQR, 0 aac(6`)-Ib-cr	0.25 mg/L [0.25-0.25]	wzi231	KL170	unknown (KL170)	Typeable	+!	98.61%	-	OL5	O5	Typeable	-	98.48%	-
KGVETS-2019-01-2870	Klebsiella pneumoniae	strong	8	5172574	5172574	5699850	no	-	ST4717	2	20	1	2	4	4	38	0	ybt unknown	117*	138*	178*	49*	100	221*	533*	57*	113	130*	272	-	0	-	-	-	-	-	-	-	-	-	-	-	-	-	-	-	-	-	0	-	-	-	-	-	-	-	0	-	-	-	-	-	-	0	-	-	-	-	-	1	-	-	strB.v1;strA.v1	-	-	-	-	-	-	-	-	-	-	-	-	-	-	-	-	SHV-11^	SHV:p.Leu35Gln	-	-	-	-	-	0	1	2	wildtype S	90.99% S (N=5168/5680)	0^ QRDR, 0 PMQR, 0 aac(6`)-Ib-cr	0.25 mg/L [0.25-0.25]	wzi184	KL45	K45	Untypeable	-+*	98.30%	KL45_05_wzb	OL2α.2	O2β	Typeable	-	99.04%	-
KGVETS-2019-01-2871	Klebsiella pneumoniae	strong	2	5148545	5148545	5260600	no	-	ST1537	2	1	2	1	12	1	46	0	-	-	-	-	-	-	-	-	-	-	-	-	-	0	-	-	-	-	-	-	-	-	-	-	-	-	-	-	-	-	-	0	-	-	-	-	-	-	-	0	-	-	-	-	-	-	0	-	-	-	-	-	0	-	-	-	-	-	-	-	-	-	-	-	-	-	-	-	-	-	-	-	SHV-1^	-	-	-	-	-	-	0	0	0	wildtype S	90.99% S (N=5168/5680)	0^ QRDR, 0 PMQR, 0 aac(6`)-Ib-cr	0.25 mg/L [0.25-0.25]	wzi502	KL107	unknown (KL107)	Typeable	-	99.59%	-	OL2α.1	O2α	Typeable	-	99.08%	-
KGVETS-2019-01-3127	Klebsiella pneumoniae	strong	3	5201600	5201600	5448505	no	-	ST788	2	4	2	1	7	1	12	0	-	-	-	-	-	-	-	-	-	-	-	-	-	0	-	-	-	-	-	-	-	-	-	-	-	-	-	-	-	-	-	88	iuc 3	25	9	25	31	52	-	0	-	-	-	-	-	-	0	-	-	-	-	-	3	-	-	-	-	-	-	-	-	-	-	-	-	-	-	-	SHV-52	-	-	-	-	SHV:p.Leu35Gln;SHV:p.Met69Ile	-	-	-	-	fosA7.5*?-0%	0	1	1	wildtype S	90.99% S (N=5168/5680)	0^ QRDR, 0 PMQR, 0 aac(6`)-Ib-cr	0.25 mg/L [0.25-0.25]	wzi224	KL49	K49	Typeable	+	99.76%	-	OL3γ	O3γ	Typeable	-	99.72%	-
KGVETS-2019-01-3158	Klebsiella variicola subsp. variicola	strong	1	5412914	5412914	5412914	no	-	ST347	16	24	21	27	47	22	67	0	-	-	-	-	-	-	-	-	-	-	-	-	-	0	-	-	-	-	-	-	-	-	-	-	-	-	-	-	-	-	-	0	-	-	-	-	-	-	-	0	-	-	-	-	-	-	0	-	-	-	-	-	0	-	-	-	-	-	-	-	-	-	-	-	-	-	-	-	-	-	-	-	LEN-9	-	OmpK36:p.Ala183fs	-	-	-	-	0	0	0	wildtype S	90.99% S (N=5168/5680)	0^ QRDR, 0 PMQR, 0 aac(6`)-Ib-cr	0.25 mg/L [0.25-0.25]	-	KL14	K14	Typeable	!	97.90%	-	OL5	O5	Typeable	-	99.79%	-
KGVETS-2019-01-3162	Klebsiella pneumoniae	strong	4	5240090	5240090	5522250	no	-	ST290	2	1	1	37	10	1	86	404	ybt 9; ICEKp3	5	11	6	5	94	25	37	9	5	5	11	-	0	-	-	-	-	-	-	-	-	-	-	-	-	-	-	-	-	-	85	iuc 3	12	14	22	36	51	-	0	-	-	-	-	-	-	0	-	-	-	-	-	4	-	-	-	-	-	-	-	-	-	-	-	-	-	-	-	-	-	-	-	SHV-1	-	-	-	-	-	-	0	0	0	wildtype S	90.99% S (N=5168/5680)	0^ QRDR, 0 PMQR, 0 aac(6`)-Ib-cr	0.25 mg/L [0.25-0.25]	wzi21	KL21	K21	Typeable	-	99.32%	-	OL2α.1	O1αβ,2α	Typeable	-	98.98%	-
KGVETS-2019-01-3185	Klebsiella pneumoniae	strong	5	5336402	5336402	5718723	no	-	ST3689	2	3	1	1	2	1	14	0	-	-	-	-	-	-	-	-	-	-	-	-	-	0	-	-	-	-	-	-	-	-	-	-	-	-	-	-	-	-	-	71	iuc 3	12	14	42	38	30	-	0	-	-	-	-	-	-	0	-	-	-	-	-	3	-	-	-	-	-	-	-	-	-	-	-	-	-	-	-	-	-	-	-	SHV-1^	-	-	-	-	-	-	0	0	0	wildtype S	90.99% S (N=5168/5680)	0^ QRDR, 0 PMQR, 0 aac(6`)-Ib-cr	0.25 mg/L [0.25-0.25]	-	KL61	K61	Typeable	-	98.36%	-	OL5	O5	Typeable	-	98.23%	-
KGVETS-2019-01-3187	Klebsiella pneumoniae	strong	2	5304093	5304093	5438707	no	-	ST37	2	9	2	1	13	1	16	0	-	-	-	-	-	-	-	-	-	-	-	-	-	0	-	-	-	-	-	-	-	-	-	-	-	-	-	-	-	-	-	88	iuc 3	25	9	25	31	52	-	0	-	-	-	-	-	-	0	-	-	-	-	-	3	-	-	-	-	-	-	-	-	-	-	-	-	-	-	-	-	-	-	-	SHV-11^	SHV:p.Leu35Gln	-	-	-	-	-	0	0	0	wildtype S	90.99% S (N=5168/5680)	0^ QRDR, 0 PMQR, 0 aac(6`)-Ib-cr	0.25 mg/L [0.25-0.25]	wzi107	KL22	K22	Typeable	-	99.80%	-	OL2α.1	O2α	Typeable	-	99.18%	-
KGVETS-2019-01-326	Klebsiella pneumoniae	strong	2	5228899	5228899	5417101	no	-	ST35	2	1	2	1	10	1	19	0	-	-	-	-	-	-	-	-	-	-	-	-	-	0	-	-	-	-	-	-	-	-	-	-	-	-	-	-	-	-	-	86	iuc 3	12	30	22	37	13	-	0	-	-	-	-	-	-	0	-	-	-	-	-	3	-	-	-	-	-	-	-	-	-	-	-	-	-	-	-	-	-	-	-	SHV-33	-	-	-	-	-	-	0	0	0	wildtype S	90.99% S (N=5168/5680)	0^ QRDR, 0 PMQR, 0 aac(6`)-Ib-cr	0.25 mg/L [0.25-0.25]	wzi37	KL22	K37	Typeable	!	99.81%	-	OL2α.1	O1αβ,2α	Typeable	-	98.85%	-
KGVETS-2019-01-376	Klebsiella pneumoniae	strong	2	5348407	5348407	5540302	no	-	ST866	2	9	2	1	1	1	4	400	ybt 18; ICEKp15	21	21	99	105	67	230	606	17	1	5	29	-	0	-	-	-	-	-	-	-	-	-	-	-	-	-	-	-	-	-	74	iuc 3	12	30	22	37	32	-	0	-	-	-	-	-	-	0	-	-	-	-	-	4	-	-	-	-	-	-	-	-	-	-	-	-	-	-	-	-	-	-	-	SHV-11^	SHV:p.Leu35Gln	-	-	-	-	-	0	0	0	wildtype S	90.99% S (N=5168/5680)	0^ QRDR, 0 PMQR, 0 aac(6`)-Ib-cr	0.25 mg/L [0.25-0.25]	wzi478	KL46	K46	Typeable	-	99.57%	-	OL3γ	O3γ	Typeable	-	99.72%	-
KGVETS-2019-01-3793	Klebsiella pneumoniae	strong	2	5318074	5318074	5473896	no	-	ST301	4	1	2	2	1	10	43	0	-	-	-	-	-	-	-	-	-	-	-	-	-	0	-	-	-	-	-	-	-	-	-	-	-	-	-	-	-	-	-	83-1LV	iuc 3 (truncated)	9	33	12	8	17*-0%	-	0	-	-	-	-	-	-	0	-	-	-	-	-	3	-	-	-	-	-	-	-	-	-	-	-	-	-	-	-	-	-	-	-	SHV-27	SHV:p.Gly156Asp	-	-	-	-	-	0	0	0	wildtype S	90.99% S (N=5168/5680)	0^ QRDR, 0 PMQR, 0 aac(6`)-Ib-cr	0.25 mg/L [0.25-0.25]	wzi331	KL7	K7	Typeable	-	99.77%	-	OL2α.1	O2α	Typeable	-	99.08%	-
KGVETS-2019-01-4118	Klebsiella pneumoniae	strong	2	5199032	5199032	5350119	no	-	ST116	15	1	1	18	1	1	4	0	-	-	-	-	-	-	-	-	-	-	-	-	-	0	-	-	-	-	-	-	-	-	-	-	-	-	-	-	-	-	-	25	iuc 3	9	7	12	8	17	-	0	-	-	-	-	-	-	0	-	-	-	-	-	3	-	-	-	-	-	-	-	-	-	-	-	-	-	-	-	-	-	-	-	SHV-1^	-	-	-	-	-	-	0	0	0	wildtype S	90.99% S (N=5168/5680)	0^ QRDR, 0 PMQR, 0 aac(6`)-Ib-cr	0.25 mg/L [0.25-0.25]	wzi11	KL11	K11	Typeable	-	96.14%	-	OL3α/β	O3αβ	Typeable	-	98.56%	-
KGVETS-2019-01-4380	Klebsiella pneumoniae	strong	3	5311047	5311047	5476158	no	-	ST4709	2	1	1	311	27	1	87	402	ybt 14; ICEKp5	6	149	21	4	1	257	397	2	65	4	2	-	0	-	-	-	-	-	-	-	-	-	-	-	-	-	-	-	-	-	83	iuc 3	9	33	12	8	17	-	0	-	-	-	-	-	-	0	-	-	-	-	-	4	-	-	-	-	-	-	-	-	-	-	-	-	-	-	-	-	-	-	-	SHV-116*	-	-	-	-	-	-	0	0	0	wildtype S	90.99% S (N=5168/5680)	0^ QRDR, 0 PMQR, 0 aac(6`)-Ib-cr	0.25 mg/L [0.25-0.25]	wzi3	KL3	K3	Typeable	!	99.67%	-	OL2α.1	O2α	Typeable	-	99.08%	-
KGVETS-2019-01-4407	Klebsiella pneumoniae	strong	4	5261907	5261907	5581356	no	-	ST3403	2	1	2	1	12	1	62	0	-	-	-	-	-	-	-	-	-	-	-	-	-	0	-	-	-	-	-	-	-	-	-	-	-	-	-	-	-	-	-	83	iuc 3	9	33	12	8	17	-	0	-	-	-	-	-	-	0	-	-	-	-	-	3	-	-	-	-	-	-	-	-	-	-	-	-	-	-	-	-	-	-	-	SHV-11^	SHV:p.Leu35Gln	-	-	-	-	-	0	0	0	wildtype S	90.99% S (N=5168/5680)	0^ QRDR, 0 PMQR, 0 aac(6`)-Ib-cr	0.25 mg/L [0.25-0.25]	wzi547	KL43	K43	Typeable	+!	98.15%	-	OL2α.1	O1αβ,2α	Typeable	-	98.76%	-
KGVETS-2019-01-4548	Klebsiella pneumoniae	strong	5	5269972	5269972	5618962	no	-	ST727	2	9	2	1	7	1	16	0	-	-	-	-	-	-	-	-	-	-	-	-	-	0	-	-	-	-	-	-	-	-	-	-	-	-	-	-	-	-	-	86	iuc 3	12	30	22	37	13	-	0	-	-	-	-	-	-	0	-	-	-	-	-	3	-	-	-	-	-	-	-	-	-	-	-	-	-	-	-	-	-	-	-	SHV-11^	SHV:p.Leu35Gln	-	-	-	-	-	0	0	0	wildtype S	90.99% S (N=5168/5680)	0^ QRDR, 0 PMQR, 0 aac(6`)-Ib-cr	0.25 mg/L [0.25-0.25]	wzi83	KL23	K23	Typeable	-	99.93%	-	OL2α.2	O2β	Typeable	-	98.95%	-
KGVETS-2019-01-4637	Klebsiella pneumoniae	strong	3	5353997	5353997	5515245	no	-	ST150	2	5	2	28	4	1	43	0	-	-	-	-	-	-	-	-	-	-	-	-	-	0	-	-	-	-	-	-	-	-	-	-	-	-	-	-	-	-	-	70	iuc 3	9	33	12	8	34	-	0	-	-	-	-	-	-	0	-	-	-	-	-	3	-	-	-	-	-	-	-	-	-	-	-	-	-	-	-	-	-	-	-	SHV-11^	SHV:p.Leu35Gln	-	-	-	fosA7*-15%	-	0	0	0	wildtype S	90.99% S (N=5168/5680)	0^ QRDR, 0 PMQR, 0 aac(6`)-Ib-cr	0.25 mg/L [0.25-0.25]	wzi111	KL25	K25	Typeable	!	99.82%	-	OL3α/β	O3αβ	Typeable	-	99.54%	-
KGVETS-2019-01-4639	Klebsiella pneumoniae	strong	2	5250843	5250843	5385458	no	-	ST148	4	1	31	1	16	23	6	0	-	-	-	-	-	-	-	-	-	-	-	-	-	0	-	-	-	-	-	-	-	-	-	-	-	-	-	-	-	-	-	88	iuc 3	25	9	25	31	52	-	0	-	-	-	-	-	-	0	-	-	-	-	-	3	-	-	-	-	-	-	-	-	-	-	-	-	-	-	-	-	-	-	-	SHV-196	-	-	-	-	-	-	0	0	0	wildtype S	90.99% S (N=5168/5680)	0^ QRDR, 0 PMQR, 0 aac(6`)-Ib-cr	0.25 mg/L [0.25-0.25]	-	KL11	K11	Typeable	-	96.17%	-	OL5	O5	Typeable	-	98.24%	-
KGVETS-2019-01-476	Klebsiella pneumoniae	strong	3	5377605	5377605	5421685	no	-	ST60	2	1	2	1	4	4	8	407	ybt 2; ICEKp1	8	7	9	6	5	231	1	6	7	7	6	-	0	-	-	-	-	-	-	-	-	-	-	-	-	-	-	-	-	-	0	-	-	-	-	-	-	-	25	iro 3 (truncated)	6	19-4%	11	5	-	47	rmp 3; ICEKp1	11	10	6	-	1	-	-	-	-	-	-	-	-	-	-	-	-	-	-	-	-	-	-	-	SHV-11^	SHV:p.Leu35Gln	-	-	-	-	-	0	0	0	wildtype S	90.99% S (N=5168/5680)	0^ QRDR, 0 PMQR, 0 aac(6`)-Ib-cr	0.25 mg/L [0.25-0.25]	wzi5	KL5	K5	Typeable	-	99.97%	-	OL2α.1	O1αβ,2α	Typeable	-	98.85%	-
KGVETS-2019-01-4848	Klebsiella pneumoniae	strong	5	5269972	5269972	5618962	no	-	ST727	2	9	2	1	7	1	16	0	-	-	-	-	-	-	-	-	-	-	-	-	-	0	-	-	-	-	-	-	-	-	-	-	-	-	-	-	-	-	-	86	iuc 3	12	30	22	37	13	-	0	-	-	-	-	-	-	0	-	-	-	-	-	3	-	-	-	-	-	-	-	-	-	-	-	-	-	-	-	-	-	-	-	SHV-11^	SHV:p.Leu35Gln	-	-	-	-	-	0	0	0	wildtype S	90.99% S (N=5168/5680)	0^ QRDR, 0 PMQR, 0 aac(6`)-Ib-cr	0.25 mg/L [0.25-0.25]	wzi83	KL23	K23	Typeable	-	99.93%	-	OL2α.2	O2β	Typeable	-	98.95%	-
KGVETS-2019-01-4908	Klebsiella pneumoniae	strong	5	5215663	5215663	5333331	no	-	ST5459	2	3	1	3	1	28	35	0	-	-	-	-	-	-	-	-	-	-	-	-	-	0	-	-	-	-	-	-	-	-	-	-	-	-	-	-	-	-	-	0	-	-	-	-	-	-	-	0	-	-	-	-	-	-	0	-	-	-	-	-	0	-	-	-	-	-	-	-	-	-	-	-	-	-	-	-	-	-	-	-	SHV-11^	SHV:p.Leu35Gln	-	-	-	-	fosA7*?-0%	0	0	0	wildtype S	90.99% S (N=5168/5680)	0^ QRDR, 0 PMQR, 0 aac(6`)-Ib-cr	0.25 mg/L [0.25-0.25]	wzi196	KL49	Capsule null	Typeable	+!	99.62%	-	OL3α/β	O3αβ	Typeable	-	99.11%	-
KGVETS-2019-01-4937	Klebsiella pneumoniae	strong	3	5219391	5219391	5476426	no	-	ST4730	4	3	1	1	274	1	491	0	-	-	-	-	-	-	-	-	-	-	-	-	-	0	-	-	-	-	-	-	-	-	-	-	-	-	-	-	-	-	-	93	iuc 3	25	9	44	31	52	-	0	-	-	-	-	-	-	0	-	-	-	-	-	3	-	-	strB.v1;strA.v1	-	-	-	-	-	-	-	-	tet(B).v2*;tetR	-	-	-	-	-	-	-	SHV-11^	SHV:p.Leu35Gln	-	-	-	-	-	0	2	4	wildtype S	90.99% S (N=5168/5680)	0^ QRDR, 0 PMQR, 0 aac(6`)-Ib-cr	0.25 mg/L [0.25-0.25]	-	KL25	K25	Typeable	!	99.83%	-	OL3α/β	O3αβ	Typeable	!	99.72%	-
KGVETS-2019-01-5108	Klebsiella pneumoniae	strong	2	5190342	5190342	5382252	no	-	ST5529	23	31	2	1	9	4	769	0	-	-	-	-	-	-	-	-	-	-	-	-	-	0	-	-	-	-	-	-	-	-	-	-	-	-	-	-	-	-	-	86	iuc 3	12	30	22	37	13	-	0	-	-	-	-	-	-	0	-	-	-	-	-	3	-	-	-	-	-	-	-	-	-	-	-	-	-	-	-	-	-	-	-	SHV-11^	SHV:p.Leu35Gln	-	-	-	-	-	0	0	0	wildtype S	90.99% S (N=5168/5680)	0^ QRDR, 0 PMQR, 0 aac(6`)-Ib-cr	0.25 mg/L [0.25-0.25]	wzi10	KL10	K10	Typeable	-	98.68%	-	OL5	O5	Typeable	-	98.30%	-
KGVETS-2019-01-587	Klebsiella pneumoniae	strong	4	5241878	5241878	5545414	no	-	ST44	2	1	4	3	8	1	9	0	-	-	-	-	-	-	-	-	-	-	-	-	-	0	-	-	-	-	-	-	-	-	-	-	-	-	-	-	-	-	-	87	iuc 3	12	31	22	37	13	-	0	-	-	-	-	-	-	0	-	-	-	-	-	3	-	-	-	-	-	-	-	-	-	-	-	-	-	-	-	-	-	-	-	SHV-1^	-	-	-	-	-	-	0	0	0	wildtype S	90.99% S (N=5168/5680)	0^ QRDR, 0 PMQR, 0 aac(6`)-Ib-cr	0.25 mg/L [0.25-0.25]	wzi34	KL57	K57	Typeable	-	99.53%	-	OL2α.2	O1αβ,2β	Typeable	-	99.11%	-
KGVETS-2019-01-604	Klebsiella pneumoniae	strong	2	5258435	5258435	5368913	no	-	ST629	2	3	87	1	12	1	26	0	-	-	-	-	-	-	-	-	-	-	-	-	-	0	-	-	-	-	-	-	-	-	-	-	-	-	-	-	-	-	-	0	-	-	-	-	-	-	-	0	-	-	-	-	-	-	0	-	-	-	-	-	0	-	-	-	-	-	-	-	-	-	-	-	-	-	-	-	-	-	-	-	SHV-11^	SHV:p.Leu35Gln	-	-	-	-	-	0	0	0	wildtype S	90.99% S (N=5168/5680)	0^ QRDR, 0 PMQR, 0 aac(6`)-Ib-cr	0.25 mg/L [0.25-0.25]	wzi368	KL134	unknown (KL134)	Typeable	-	99.98%	-	OL3α/β	O3αβ	Typeable	-	99.65%	-
KGVETS-2019-01-897	Klebsiella pneumoniae	strong	3	5252719	5252719	5423503	no	-	ST661	4	3	1	36	9	10	14	0	-	-	-	-	-	-	-	-	-	-	-	-	-	0	-	-	-	-	-	-	-	-	-	-	-	-	-	-	-	-	-	32	iuc 3	9	11	12	8	17	-	0	-	-	-	-	-	-	0	-	-	-	-	-	3	-	-	-	-	-	-	-	-	-	-	-	-	-	-	-	-	-	-	-	SHV-27	SHV:p.Gly156Asp	-	-	-	-	-	0	0	0	wildtype S	90.99% S (N=5168/5680)	0^ QRDR, 0 PMQR, 0 aac(6`)-Ib-cr	0.25 mg/L [0.25-0.25]	wzi27	KL27	K27	Typeable	-	100.00%	-	OL2α.2	O2β	Typeable	-	99.09%	-
KGVETS-2019-01-901	Klebsiella pneumoniae	strong	2	5190271	5190271	5331508	no	-	ST4527	2	1	1	26	11	25	31	0	-	-	-	-	-	-	-	-	-	-	-	-	-	0	-	-	-	-	-	-	-	-	-	-	-	-	-	-	-	-	-	0	-	-	-	-	-	-	-	0	-	-	-	-	-	-	0	-	-	-	-	-	0	-	-	-	-	-	-	-	-	-	-	-	-	-	-	-	-	-	-	-	SHV-1^	-	-	-	-	-	-	0	0	0	wildtype S	90.99% S (N=5168/5680)	0^ QRDR, 0 PMQR, 0 aac(6`)-Ib-cr	0.25 mg/L [0.25-0.25]	wzi109	KL36	K36	Typeable	-	100.00%	-	OL4	O4	Typeable	-	99.60%	-
KGVETS-2019-01-902	Klebsiella pneumoniae	strong	2	5422152	5422152	5611636	no	-	ST485	2	1	1	1	7	1	12	0	-	-	-	-	-	-	-	-	-	-	-	-	-	0	-	-	-	-	-	-	-	-	-	-	-	-	-	-	-	-	-	72	iuc 3	12	30	22	37	33	-	0	-	-	-	-	-	-	0	-	-	-	-	-	3	-	-	-	-	-	-	-	-	-	-	-	-	-	-	-	-	-	-	-	SHV-1	-	-	-	-	-	-	0	0	0	wildtype S	90.99% S (N=5168/5680)	0^ QRDR, 0 PMQR, 0 aac(6`)-Ib-cr	0.25 mg/L [0.25-0.25]	wzi101	KL24	K24	Typeable	-	99.56%	-	OL2α.1	O2α	Typeable	-	99.37%	-
KP_NORM_BLD_1032	Klebsiella pneumoniae	strong	5	5470676	5470676	5686818	no	-	ST420	2	1	65	2	5	1	36	0	-	-	-	-	-	-	-	-	-	-	-	-	-	0	-	-	-	-	-	-	-	-	-	-	-	-	-	-	-	-	-	0	-	-	-	-	-	-	-	0	-	-	-	-	-	-	0	-	-	-	-	-	0	-	-	aadA^	-	-	-	-	-	-	-	sul1	-	-	-	-	-	-	-	-	SHV-75	-	-	-	GyrA:p.Asp87Tyr	-	-	0	3	2	nonwildtype R	77.67% R (N=80/103)	1 QRDR, 0 PMQR, 0 aac(6`)-Ib-cr	1 mg/L [1-2]	wzi95	KL20	K20	Typeable	-	99.96%	-	OL2α.1	O1αβ,2α	Typeable	-	99.18%	-
KP_NORM_BLD_110772	Klebsiella pneumoniae	strong	3	5282656	5282656	5422427	no	-	ST2459	2	1	5	1	9	4	13	0	-	-	-	-	-	-	-	-	-	-	-	-	-	0	-	-	-	-	-	-	-	-	-	-	-	-	-	-	-	-	-	0	-	-	-	-	-	-	-	39	iro 5	31	59	25	29	-	0	-	-	-	-	-	0	-	-	strB.v1;strA.v1	-	-	-	-	-	-	-	-	tet(B).v2*;tetR	-	-	-	-	-	-	-	SHV-1	-	-	-	-	-	-	0	3	6	wildtype S	90.99% S (N=5168/5680)	0^ QRDR, 0 PMQR, 0 aac(6`)-Ib-cr	0.25 mg/L [0.25-0.25]	-	KL125	unknown (KL125)	Typeable	-	93.57%	-	OL3γ	O3γ	Typeable	-	99.83%	-
KP_NORM_BLD_111588	Klebsiella pneumoniae	strong	3	5265303	5265303	5449631	no	-	ST25	2	1	1	1	10	4	13	0	-	-	-	-	-	-	-	-	-	-	-	-	-	0	-	-	-	-	-	-	-	-	-	-	-	-	-	-	-	-	-	0	-	-	-	-	-	-	-	0	-	-	-	-	-	-	0	-	-	-	-	-	0	-	-	strB.v1;strA.v1^	-	-	-	-	-	-	-	sul2	tet(D)	-	dfrA14.v2*	-	-	-	-	-	SHV-11^	SHV:p.Leu35Gln	-	-	-	-	-	0	5	6	wildtype S	90.99% S (N=5168/5680)	0^ QRDR, 0 PMQR, 0 aac(6`)-Ib-cr	0.25 mg/L [0.25-0.25]	wzi72	KL2	K2	Typeable	-	99.56%	-	OL2α.2	O1αβ,2β	Typeable	-	99.55%	-
KP_NORM_BLD_111598	Klebsiella variicola subsp. variicola	strong	4	5426082	5426082	5776729	no	-	ST925	16	18	21	27	153	40	85	0	-	-	-	-	-	-	-	-	-	-	-	-	-	0	-	-	-	-	-	-	-	-	-	-	-	-	-	-	-	-	-	0	-	-	-	-	-	-	-	0	-	-	-	-	-	-	0	-	-	-	-	-	0	-	-	-	-	-	-	-	-	-	-	-	-	-	-	-	-	-	-	-	LEN-2^	-	-	-	-	-	-	0	0	0	wildtype S	90.99% S (N=5168/5680)	0^ QRDR, 0 PMQR, 0 aac(6`)-Ib-cr	0.25 mg/L [0.25-0.25]	wzi22	KL48	Capsule null	Typeable	!	97.63%	-	OL2α.2	O2α	Typeable	-!	99.45%	OL2α.2_07_kfoC;OL2α.2_06_wbbO
KP_NORM_BLD_112590	Klebsiella pneumoniae	strong	2	5208626	5208626	5443784	no	-	ST643	2	3	6	75	9	7	137	0	-	-	-	-	-	-	-	-	-	-	-	-	-	0	-	-	-	-	-	-	-	-	-	-	-	-	-	-	-	-	-	0	-	-	-	-	-	-	-	0	-	-	-	-	-	-	0	-	-	-	-	-	0	-	-	-	-	-	-	-	-	-	-	-	-	-	-	-	-	-	-	-	SHV-26	-	-	-	-	-	-	0	0	0	wildtype S	90.99% S (N=5168/5680)	0^ QRDR, 0 PMQR, 0 aac(6`)-Ib-cr	0.25 mg/L [0.25-0.25]	-	KL112	unknown (KL112)	Untypeable	-+!	99.60%	KL112_12_wbaZ;KL112_07_wbaP;KL112_06_wzc;KL112_14_wzx;KL112_11_wcaN;KL112_09_wzy;KL112_13_wcuV;KL112_08;KL112_10_wcaO;KL112_03_wzi;KL112_04_wza;KL112_05_wzb	OL2α.2	O2β	Typeable	+!	99.25%	-
KP_NORM_BLD_112596	Klebsiella pneumoniae	strong	4	5216146	5216146	5448366	no	-	ST485	2	1	1	1	7	1	12	0	-	-	-	-	-	-	-	-	-	-	-	-	-	0	-	-	-	-	-	-	-	-	-	-	-	-	-	-	-	-	-	0	-	-	-	-	-	-	-	0	-	-	-	-	-	-	0	-	-	-	-	-	0	-	-	-	-	-	-	-	-	-	-	-	-	-	-	-	SHV-52	-	-	-	-	SHV:p.Leu35Gln;SHV:p.Met69Ile	-	-	-	-	fosA7.5*?-0%	0	1	1	wildtype S	90.99% S (N=5168/5680)	0^ QRDR, 0 PMQR, 0 aac(6`)-Ib-cr	0.25 mg/L [0.25-0.25]	wzi219	KL25	K25	Typeable	!	99.70%	-	OL5	O5	Typeable	-	98.30%	-
KP_NORM_BLD_112603	Klebsiella pneumoniae	strong	3	5385730	5385730	5586520	no	-	ST10	4	1	7	1	9	1	12	0	-	-	-	-	-	-	-	-	-	-	-	-	-	0	-	-	-	-	-	-	-	-	-	-	-	-	-	-	-	-	-	0	-	-	-	-	-	-	-	0	-	-	-	-	-	-	0	-	-	-	-	-	0	-	-	-	-	-	-	-	-	-	-	-	-	-	-	-	-	-	-	-	SHV-1^	-	-	-	-	-	-	0	0	0	wildtype S	90.99% S (N=5168/5680)	0^ QRDR, 0 PMQR, 0 aac(6`)-Ib-cr	0.25 mg/L [0.25-0.25]	wzi173	KL102	unknown (KL102)	Typeable	-	99.61%	-	OL2α.1	O1αβ,2α	Typeable	-	99.01%	-
KP_NORM_BLD_112904	Klebsiella pneumoniae	strong	5	5289121	5289121	5638205	no	-	ST253	2	1	1	1	9	1	13	0	-	-	-	-	-	-	-	-	-	-	-	-	-	0	-	-	-	-	-	-	-	-	-	-	-	-	-	-	-	-	-	0	-	-	-	-	-	-	-	0	-	-	-	-	-	-	0	-	-	-	-	-	0	-	-	-	-	-	-	-	-	-	-	-	-	-	-	-	-	-	-	-	SHV-36	SHV:p.Leu35Gln	-	-	GyrA:p.Asp87His	-	-	0	1	0	wildtype S	90.99% S (N=5168/5680)	0^ QRDR, 0 PMQR, 0 aac(6`)-Ib-cr	0.25 mg/L [0.25-0.25]	wzi25	KL25	K25	Typeable	!	99.80%	-	OL2α.2	O1αβ,2β	Typeable	-	99.40%	-
KP_NORM_BLD_112908	Klebsiella pneumoniae	strong	2	5331064	5331064	5473258	no	-	ST1630	2	94	5	1	1	1	4	0	-	-	-	-	-	-	-	-	-	-	-	-	-	0	-	-	-	-	-	-	-	-	-	-	-	-	-	-	-	-	-	0	-	-	-	-	-	-	-	0	-	-	-	-	-	-	0	-	-	-	-	-	0	-	-	-	-	-	-	-	-	-	-	-	-	-	-	-	-	-	-	-	SHV-1^	-	-	-	-	-	-	0	0	0	wildtype S	90.99% S (N=5168/5680)	0^ QRDR, 0 PMQR, 0 aac(6`)-Ib-cr	0.25 mg/L [0.25-0.25]	wzi262	KL21	K21	Typeable	-	99.99%	-	OL3γ	O3γ	Typeable	-	99.65%	-
KP_NORM_BLD_112911	Klebsiella variicola subsp. variicola	strong	2	5542550	5542550	5764921	no	-	ST3937	16	18	30	49	47	22	67	0	-	-	-	-	-	-	-	-	-	-	-	-	-	0	-	-	-	-	-	-	-	-	-	-	-	-	-	-	-	-	-	0	-	-	-	-	-	-	-	0	-	-	-	-	-	-	0	-	-	-	-	-	0	-	-	-	-	-	-	-	-	-	-	-	-	-	-	-	-	-	-	-	LEN-13	-	OmpK36:p.Ala183fs	-	-	-	-	0	0	0	wildtype S	90.99% S (N=5168/5680)	0^ QRDR, 0 PMQR, 0 aac(6`)-Ib-cr	0.25 mg/L [0.25-0.25]	wzi427	KL151	unknown (KL151)	Typeable	-	96.12%	-	OL3α/β	O3αβ	Typeable	-	99.46%	-
KP_NORM_BLD_112916	Klebsiella pneumoniae	strong	4	5308023	5308023	5516374	no	-	ST33	2	3	5	1	12	4	9	0	-	-	-	-	-	-	-	-	-	-	-	-	-	0	-	-	-	-	-	-	-	-	-	-	-	-	-	-	-	-	-	0	-	-	-	-	-	-	-	0	-	-	-	-	-	-	0	-	-	-	-	-	0	-	-	-	-	-	-	-	-	-	-	-	-	-	-	-	-	-	-	-	SHV-108	SHV:p.Leu35Gln	-	-	-	-	-	0	0	0	wildtype S	90.99% S (N=5168/5680)	0^ QRDR, 0 PMQR, 0 aac(6`)-Ib-cr	0.25 mg/L [0.25-0.25]	wzi112	KL13	K13	Typeable	-	99.59%	-	OL3γ	O3γ	Typeable	-	99.69%	-
KP_NORM_BLD_112922	Klebsiella pneumoniae	strong	6	5191172	5191172	5646333	no	-	ST643	2	3	6	75	9	7	137	0	-	-	-	-	-	-	-	-	-	-	-	-	-	0	-	-	-	-	-	-	-	-	-	-	-	-	-	-	-	-	-	0	-	-	-	-	-	-	-	0	-	-	-	-	-	-	0	-	-	-	-	-	0	-	-	-	-	-	-	-	-	-	-	-	-	-	-	-	-	-	-	-	SHV-26	-	-	-	-	-	-	0	0	0	wildtype S	90.99% S (N=5168/5680)	0^ QRDR, 0 PMQR, 0 aac(6`)-Ib-cr	0.25 mg/L [0.25-0.25]	wzi149	KL62	K62	Typeable	!	99.62%	-	OL2α.2	O1αβ,2β	Typeable	-	99.26%	-
KP_NORM_BLD_112925	Klebsiella pneumoniae	strong	2	5296984	5296984	5423891	no	-	ST180	2	1	1	34	4	1	64	0	-	-	-	-	-	-	-	-	-	-	-	-	-	0	-	-	-	-	-	-	-	-	-	-	-	-	-	-	-	-	-	0	-	-	-	-	-	-	-	0	-	-	-	-	-	-	0	-	-	-	-	-	0	-	-	-	-	-	-	-	-	-	-	-	-	-	-	-	-	-	-	-	SHV-28^	-	-	-	-	-	fosA7*?-0%	0	0	0	wildtype S	90.99% S (N=5168/5680)	0^ QRDR, 0 PMQR, 0 aac(6`)-Ib-cr	0.25 mg/L [0.25-0.25]	wzi24	KL55	K55	Typeable	!	98.83%	-	OL2α.1	O1αβ,2α	Typeable	-	99.13%	-
KP_NORM_BLD_113315	Klebsiella pneumoniae	strong	3	5471840	5471840	5700092	no	-	ST23-1LV	2*	1	1	1	9	4	12	47	ybt 1; ICEKp10	2	2	2	2	2	6	6	2	2	2	2	-	29	clb 2	2	2	2	2	2	2	2	3	2	2	2	2	2	2	2	-	1	iuc 1	1	1	1	1	1	-	2	iro 1	1	4	1	1	-	26	rmp 1; KpVP-1	2	2	2	-	5	-	rmpA2_6-60%	-	-	-	-	-	-	-	-	-	-	-	-	-	-	-	-	-	SHV-11^	SHV:p.Leu35Gln	-	-	-	-	-	0	0	0	wildtype S	90.99% S (N=5168/5680)	0^ QRDR, 0 PMQR, 0 aac(6`)-Ib-cr	0.25 mg/L [0.25-0.25]	wzi1	KL1	K1	Typeable	!	99.98%	-	OL2α.2	O1αβ,2β	Typeable	-	99.29%	-
KP_NORM_BLD_113321	Klebsiella pneumoniae	strong	2	5246005	5246005	5433839	no	-	ST20	2	3	1	1	4	4	4	0	-	-	-	-	-	-	-	-	-	-	-	-	-	0	-	-	-	-	-	-	-	-	-	-	-	-	-	-	-	-	-	0	-	-	-	-	-	-	-	0	-	-	-	-	-	-	0	-	-	-	-	-	0	-	-	-	-	-	-	-	-	-	-	-	-	-	-	-	-	-	-	-	SHV-187	-	-	-	-	-	-	0	0	0	wildtype S	90.99% S (N=5168/5680)	0^ QRDR, 0 PMQR, 0 aac(6`)-Ib-cr	0.25 mg/L [0.25-0.25]	wzi84	KL28	K28	Typeable	-	99.79%	-	OL2α.2	O1αβ,2β	Typeable	-	99.09%	-
KP_NORM_BLD_113768	Klebsiella variicola subsp. variicola	strong	5	5631658	5631658	6076556	no	-	ST363	16	18	21	27	53	22	67	0	-	-	-	-	-	-	-	-	-	-	-	-	-	0	-	-	-	-	-	-	-	-	-	-	-	-	-	-	-	-	-	0	-	-	-	-	-	-	-	0	-	-	-	-	-	-	0	-	-	-	-	-	0	-	-	-	-	-	-	-	-	-	-	-	-	-	-	-	-	-	-	-	LEN-13	-	OmpK36:p.Ala183fs	-	-	-	-	0	0	0	wildtype S	90.99% S (N=5168/5680)	0^ QRDR, 0 PMQR, 0 aac(6`)-Ib-cr	0.25 mg/L [0.25-0.25]	wzi53	KL53	K53	Typeable	-	99.98%	-	OL5	O5	Typeable	-	99.76%	-
KP_NORM_BLD_113888	Klebsiella pneumoniae	strong	7	5393244	5393244	5560732	no	-	ST37	2	9	2	1	13	1	16	0	-	-	-	-	-	-	-	-	-	-	-	-	-	0	-	-	-	-	-	-	-	-	-	-	-	-	-	-	-	-	-	0	-	-	-	-	-	-	-	0	-	-	-	-	-	-	0	-	-	-	-	-	0	-	-	-	-	-	-	-	-	-	-	-	-	-	-	-	-	-	-	-	SHV-11^	SHV:p.Leu35Gln	-	-	-	-	-	0	0	0	wildtype S	90.99% S (N=5168/5680)	0^ QRDR, 0 PMQR, 0 aac(6`)-Ib-cr	0.25 mg/L [0.25-0.25]	wzi451	KL145	unknown (KL145)	Untypeable	-+!	97.65%	KL145_01_galF;KL145_02_cpsACP;KL145_22_rmlC	OL10	O10	Typeable	!	97.66%	-
KP_NORM_BLD_114309	Klebsiella variicola subsp. variicola	strong	2	5499779	5499779	5588087	no	-	ST596	16	24	21	27	41	22	67	0	-	-	-	-	-	-	-	-	-	-	-	-	-	0	-	-	-	-	-	-	-	-	-	-	-	-	-	-	-	-	-	0	-	-	-	-	-	-	-	0	-	-	-	-	-	-	0	-	-	-	-	-	0	-	-	-	-	-	-	-	-	-	-	-	-	-	-	-	-	-	-	-	LEN-16^	-	OmpK36:p.Ala183fs	-	-	-	-	0	0	0	wildtype S	90.99% S (N=5168/5680)	0^ QRDR, 0 PMQR, 0 aac(6`)-Ib-cr	0.25 mg/L [0.25-0.25]	wzi184	KL45	K45	Untypeable	-+*	98.03%	KL45_05_wzb	OL3α/β	O3αβ	Typeable	-	99.88%	-
KP_NORM_BLD_114453	Klebsiella variicola subsp. variicola	strong	2	5479692	5479692	5669052	no	-	ST1845	16	24	36	27	47	22	67	0	-	-	-	-	-	-	-	-	-	-	-	-	-	0	-	-	-	-	-	-	-	-	-	-	-	-	-	-	-	-	-	0	-	-	-	-	-	-	-	0	-	-	-	-	-	-	0	-	-	-	-	-	0	-	-	-	-	-	-	-	-	-	-	-	-	-	-	-	-	-	-	-	LEN-16^	-	OmpK36:p.Ala183fs	-	-	-	-	0	0	0	wildtype S	90.99% S (N=5168/5680)	0^ QRDR, 0 PMQR, 0 aac(6`)-Ib-cr	0.25 mg/L [0.25-0.25]	wzi369	KL107	unknown (KL107)	Typeable	-	98.90%	-	OL3α/β	O3αβ	Typeable	-	99.82%	-
KP_NORM_BLD_114458	Klebsiella pneumoniae	strong	4	5330791	5330791	5585361	no	-	ST15	1	1	1	1	1	1	1	381	ybt 10; ICEKp4	3	10	4	3	29	5	94	3	10	9	10	-	0	-	-	-	-	-	-	-	-	-	-	-	-	-	-	-	-	-	0	-	-	-	-	-	-	-	0	-	-	-	-	-	-	0	-	-	-	-	-	1	-	-	aac(3)-IId^;strB.v1;aph3-Ia.v1^;strA.v1^;aadA5	-	-	-	-	Mrx;mphA	catII.2*	-	sul1;sul2	tet(A).v1	-	dfrA17	-	-	-	-	-	SHV-28^	-	-	-	GyrA:p.Ser83Ile;ParC:p.Ser80Ile	-	-	0	8	13	nonwildtype R	99.21% R (N=2147/2167)	>1 QRDR, 0 PMQR, * aac(6`)-Ib-cr	2 mg/L [2-4]	wzi84	KL28	K28	Typeable	-	99.84%	-	OL2α.1	O1αβ,2α	Typeable	-	99.38%	-
KP_NORM_BLD_114473	Klebsiella quasipneumoniae subsp. quasipneumoniae	strong	11	5187487	5187487	5675328	no	-	ST338	38	19	53	58	73	21	52	0	-	-	-	-	-	-	-	-	-	-	-	-	-	0	-	-	-	-	-	-	-	-	-	-	-	-	-	-	-	-	-	0	-	-	-	-	-	-	-	0	-	-	-	-	-	-	0	-	-	-	-	-	0	-	-	-	-	-	-	-	-	-	-	-	-	-	-	-	-	-	-	-	OKP-A-11*	-	-	-	-	-	-	0	0	0	wildtype S	90.99% S (N=5168/5680)	0^ QRDR, 0 PMQR, 0 aac(6`)-Ib-cr	0.25 mg/L [0.25-0.25]	-	KL109	unknown (KL109)	Untypeable	-+*!	91.58%	KL109_05_wzb;KL109_14_manC;KL109_07;KL109_12;KL109_15_manB;KL109_10;KL109_09_wzx;KL109_16;KL109_08;KL109_11;KL109_13	OL14	unknown (OL14)	Untypeable	-+!	93.35%	OL14_05_wbbL;OL14_08_wzt;OL14_07_wzm;OL14_06_rhamnan
KP_NORM_BLD_114482	Klebsiella variicola subsp. variicola	strong	1	5478915	5478915	5478915	no	-	ST475	16	24	21	27	47	22	124	0	-	-	-	-	-	-	-	-	-	-	-	-	-	0	-	-	-	-	-	-	-	-	-	-	-	-	-	-	-	-	-	0	-	-	-	-	-	-	-	0	-	-	-	-	-	-	0	-	-	-	-	-	0	-	-	-	-	-	-	-	-	-	-	-	-	-	-	-	-	-	-	-	LEN-2^	-	OmpK36:p.Ala183fs	-	-	-	-	0	0	0	wildtype S	90.99% S (N=5168/5680)	0^ QRDR, 0 PMQR, 0 aac(6`)-Ib-cr	0.25 mg/L [0.25-0.25]	wzi53	KL53	K53	Typeable	-	99.95%	-	OL3α/β	O3αβ	Typeable	-	99.77%	-
KP_NORM_BLD_114487	Klebsiella pneumoniae	strong	2	5308597	5308597	5536533	no	-	ST101	2	6	1	5	4	1	6	0	-	-	-	-	-	-	-	-	-	-	-	-	-	0	-	-	-	-	-	-	-	-	-	-	-	-	-	-	-	-	-	0	-	-	-	-	-	-	-	0	-	-	-	-	-	-	0	-	-	-	-	-	0	-	-	-	-	-	-	-	-	-	-	-	tet(A).v1	-	-	-	-	-	-	-	SHV-1^	-	-	-	-	-	-	0	1	1	wildtype S	90.99% S (N=5168/5680)	0^ QRDR, 0 PMQR, 0 aac(6`)-Ib-cr	0.25 mg/L [0.25-0.25]	wzi137	KL17	K17	Typeable	-	99.97%	-	OL2α.1	O1αβ,2α	Typeable	-	98.92%	-
KP_NORM_BLD_114603	Klebsiella pneumoniae	strong	2	5073267	5073267	5275016	no	-	ST592	2	3	6	1	9	4	13	0	-	-	-	-	-	-	-	-	-	-	-	-	-	0	-	-	-	-	-	-	-	-	-	-	-	-	-	-	-	-	-	75	iuc 1	1	1	1	1	36	-	40	iro 1	1	1	1	31	-	26	rmp 1; KpVP-1	2	2	2	-	3	-	-	-	-	-	-	-	-	-	-	-	-	-	-	-	-	-	-	-	SHV-26	-	-	-	-	-	-	0	0	0	wildtype S	90.99% S (N=5168/5680)	0^ QRDR, 0 PMQR, 0 aac(6`)-Ib-cr	0.25 mg/L [0.25-0.25]	wzi206	KL57	K57	Typeable	!	99.89%	-	OL3γ	O3γ	Typeable	-	99.66%	-
KP_NORM_BLD_115332	Klebsiella pneumoniae	strong	1	5322010	5322010	5322010	no	-	ST37	2	9	2	1	13	1	16	0	-	-	-	-	-	-	-	-	-	-	-	-	-	0	-	-	-	-	-	-	-	-	-	-	-	-	-	-	-	-	-	0	-	-	-	-	-	-	-	0	-	-	-	-	-	-	0	-	-	-	-	-	0	-	-	-	-	-	-	-	-	-	-	-	-	-	-	-	-	-	-	-	SHV-11^	SHV:p.Leu35Gln	-	-	-	-	-	0	0	0	wildtype S	90.99% S (N=5168/5680)	0^ QRDR, 0 PMQR, 0 aac(6`)-Ib-cr	0.25 mg/L [0.25-0.25]	wzi14	KL14	K14	Typeable	-	100.00%	-	OL3γ	O3γ	Typeable	-	99.73%	-
KP_NORM_BLD_115351	Klebsiella pneumoniae	strong	3	5361093	5361093	5636139	no	-	ST20	2	3	1	1	4	4	4	0	-	-	-	-	-	-	-	-	-	-	-	-	-	0	-	-	-	-	-	-	-	-	-	-	-	-	-	-	-	-	-	0	-	-	-	-	-	-	-	0	-	-	-	-	-	-	0	-	-	-	-	-	0	-	-	-	-	-	-	-	-	-	-	-	-	-	-	-	-	-	-	-	SHV-187	-	-	-	-	-	-	0	0	0	wildtype S	90.99% S (N=5168/5680)	0^ QRDR, 0 PMQR, 0 aac(6`)-Ib-cr	0.25 mg/L [0.25-0.25]	wzi84	KL28	K28	Typeable	-	99.78%	-	OL2α.2	O1αβ,2β	Typeable	-	99.09%	-
KP_NORM_BLD_115369	Klebsiella pneumoniae	strong	3	5257765	5257765	5447844	no	-	ST37	2	9	2	1	13	1	16	0	-	-	-	-	-	-	-	-	-	-	-	-	-	0	-	-	-	-	-	-	-	-	-	-	-	-	-	-	-	-	-	0	-	-	-	-	-	-	-	0	-	-	-	-	-	-	0	-	-	-	-	-	0	-	-	strB.v1*;strA.v1^;aadA2^	-	-	qnrS1	-	-	-	-	sul2;sul1?	-	-	dfrA12	-	-	-	-	-	SHV-11^	SHV:p.Leu35Gln	-	-	-	strB.v1?-0%	-	0	4	7	nonwildtype R	77.47% R (N=423/546)	0 QRDR, 1^ PMQR, 0 aac(6`)-Ib-cr	1 mg/L [1-2]	wzi96	KL38	K38	Typeable	-	99.85%	-	OL3γ	O3γ	Typeable	-	99.64%	-
KP_NORM_BLD_115706	Klebsiella variicola subsp. variicola	strong	4	5523301	5523301	5702890	no	-	ST641	16	18	21	27	39	22	67	0	-	-	-	-	-	-	-	-	-	-	-	-	-	0	-	-	-	-	-	-	-	-	-	-	-	-	-	-	-	-	-	0	-	-	-	-	-	-	-	0	-	-	-	-	-	-	0	-	-	-	-	-	0	-	-	-	-	-	-	-	-	-	-	-	-	-	-	-	-	-	-	-	LEN-16	-	OmpK36:p.Ala183fs	-	-	-	-	0	0	0	wildtype S	90.99% S (N=5168/5680)	0^ QRDR, 0 PMQR, 0 aac(6`)-Ib-cr	0.25 mg/L [0.25-0.25]	wzi38	KL38	K38	Typeable	-	99.21%	-	OL5	O5	Typeable	-	99.85%	-
KP_NORM_BLD_115796	Klebsiella pneumoniae	strong	4	5219081	5219081	5467020	no	-	ST4024	2	1	1	146	9	31	12	0	-	-	-	-	-	-	-	-	-	-	-	-	-	0	-	-	-	-	-	-	-	-	-	-	-	-	-	-	-	-	-	0	-	-	-	-	-	-	-	0	-	-	-	-	-	-	0	-	-	-	-	-	0	-	-	-	-	-	-	-	-	-	-	-	-	-	-	-	-	-	-	-	SHV-77^	SHV:p.Leu35Gln	-	-	-	-	fosA7*?-0%	0	0	0	wildtype S	90.99% S (N=5168/5680)	0^ QRDR, 0 PMQR, 0 aac(6`)-Ib-cr	0.25 mg/L [0.25-0.25]	wzi149	KL62	K62	Typeable	-	99.89%	-	OL2α.1	O1αβ,2α	Typeable	-	99.43%	-
KP_NORM_BLD_116239	Klebsiella pneumoniae	strong	1	5315962	5315962	5315962	no	-	ST37	2	9	2	1	13	1	16	0	-	-	-	-	-	-	-	-	-	-	-	-	-	0	-	-	-	-	-	-	-	-	-	-	-	-	-	-	-	-	-	0	-	-	-	-	-	-	-	0	-	-	-	-	-	-	0	-	-	-	-	-	0	-	-	-	-	-	-	-	-	-	-	-	-	-	-	-	-	-	-	-	SHV-11^	SHV:p.Leu35Gln	-	-	-	-	-	0	0	0	wildtype S	90.99% S (N=5168/5680)	0^ QRDR, 0 PMQR, 0 aac(6`)-Ib-cr	0.25 mg/L [0.25-0.25]	wzi96	KL38	K38	Typeable	-	99.86%	-	OL3γ	O3γ	Typeable	-	99.67%	-
KP_NORM_BLD_116241	Klebsiella pneumoniae	strong	1	5334129	5334129	5334129	no	-	ST4252	2	1	2	1	428	247	66	0	-	-	-	-	-	-	-	-	-	-	-	-	-	0	-	-	-	-	-	-	-	-	-	-	-	-	-	-	-	-	-	0	-	-	-	-	-	-	-	0	-	-	-	-	-	-	0	-	-	-	-	-	0	-	-	-	-	-	-	-	-	-	-	-	-	-	-	-	-	-	-	-	SHV-11^	SHV:p.Leu35Gln	-	-	-	-	-	0	0	0	wildtype S	90.99% S (N=5168/5680)	0^ QRDR, 0 PMQR, 0 aac(6`)-Ib-cr	0.25 mg/L [0.25-0.25]	wzi5	KL5	K5	Typeable	-	99.35%	-	OL3α/β	O3αβ	Typeable	-	98.63%	-
KP_NORM_BLD_116378	Klebsiella pneumoniae	strong	1	5215640	5215640	5215640	no	-	ST4283	2	3	10	1	20	10	25	0	-	-	-	-	-	-	-	-	-	-	-	-	-	0	-	-	-	-	-	-	-	-	-	-	-	-	-	-	-	-	-	0	-	-	-	-	-	-	-	0	-	-	-	-	-	-	0	-	-	-	-	-	0	-	-	-	-	-	-	-	-	-	-	-	-	-	-	-	-	-	-	-	SHV-32	SHV:p.Gly156Asp	-	-	-	fosA7*-15%	-	0	0	0	wildtype S	90.99% S (N=5168/5680)	0^ QRDR, 0 PMQR, 0 aac(6`)-Ib-cr	0.25 mg/L [0.25-0.25]	wzi451	KL145	unknown (KL145)	Typeable	-+!	97.69%	KL145_01_galF;KL145_22_rmlC;KL145_02_cpsACP	OL4	O4	Typeable	-	99.63%	-
KP_NORM_BLD_116392	Klebsiella pneumoniae	strong	3	5206636	5206636	5257007	no	-	ST273	3	4	6	1	7	4	4	0	-	-	-	-	-	-	-	-	-	-	-	-	-	0	-	-	-	-	-	-	-	-	-	-	-	-	-	-	-	-	-	0	-	-	-	-	-	-	-	0	-	-	-	-	-	-	0	-	-	-	-	-	0	-	-	-	-	-	-	-	-	-	-	sul1*	tet(A).v1*	-	dfrA25	-	-	-	-	-	SHV-11^	SHV:p.Leu35Gln	-	-	GyrA:p.Ser83Ile;ParC:p.Ser80Ile	-	-	0	4	3	nonwildtype R	99.21% R (N=2147/2167)	>1 QRDR, 0 PMQR, * aac(6`)-Ib-cr	2 mg/L [2-4]	wzi174	KL74	K74	Typeable	-	99.38%	-	OL15	unknown (OL15)	Typeable	!	95.36%	-
KP_NORM_BLD_116566	Klebsiella pneumoniae	strong	2	5344919	5344919	5570657	no	-	ST1114	4	3	2	1	10	4	17	0	-	-	-	-	-	-	-	-	-	-	-	-	-	0	-	-	-	-	-	-	-	-	-	-	-	-	-	-	-	-	-	0	-	-	-	-	-	-	-	0	-	-	-	-	-	-	0	-	-	-	-	-	0	-	-	strB.v1;strA.v1	-	-	-	-	-	-	-	-	tet(B).v2*;tetR	-	-	-	-	-	-	-	SHV-11^	SHV:p.Leu35Gln	-	-	-	-	-	0	2	4	wildtype S	90.99% S (N=5168/5680)	0^ QRDR, 0 PMQR, 0 aac(6`)-Ib-cr	0.25 mg/L [0.25-0.25]	-	KL105	unknown (KL105)	Typeable	!	99.44%	-	OL3γ	O3γ	Typeable	-	99.58%	-
KP_NORM_BLD_116570	Klebsiella pneumoniae	strong	1	5172703	5172703	5172703	no	-	ST1664	2	1	1	1	21	4	271	0	-	-	-	-	-	-	-	-	-	-	-	-	-	0	-	-	-	-	-	-	-	-	-	-	-	-	-	-	-	-	-	0	-	-	-	-	-	-	-	0	-	-	-	-	-	-	0	-	-	-	-	-	0	-	-	-	-	-	-	-	-	-	-	-	-	-	-	-	-	-	-	-	SHV-61^	SHV:p.Leu35Gln	-	-	-	-	-	0	0	0	wildtype S	90.99% S (N=5168/5680)	0^ QRDR, 0 PMQR, 0 aac(6`)-Ib-cr	0.25 mg/L [0.25-0.25]	wzi25	KL25	K25	Typeable	!	99.77%	-	OL3α/β	O3αβ	Typeable	-	99.06%	-
KP_NORM_BLD_117477	Klebsiella pneumoniae	strong	2	5219512	5219512	5382863	no	-	ST661	4	3	1	36	9	10	14	0	-	-	-	-	-	-	-	-	-	-	-	-	-	0	-	-	-	-	-	-	-	-	-	-	-	-	-	-	-	-	-	0	-	-	-	-	-	-	-	0	-	-	-	-	-	-	0	-	-	-	-	-	0	-	-	-	-	-	-	-	-	-	-	-	-	-	-	-	-	-	-	-	SHV-27	SHV:p.Gly156Asp	-	-	-	-	-	0	0	0	wildtype S	90.99% S (N=5168/5680)	0^ QRDR, 0 PMQR, 0 aac(6`)-Ib-cr	0.25 mg/L [0.25-0.25]	wzi27	KL27	K27	Typeable	-	99.98%	-	OL2α.2	O2β	Typeable	-	99.04%	-
KP_NORM_BLD_12850	Klebsiella pneumoniae	strong	1	5380178	5380178	5380178	no	-	ST37	2	9	2	1	13	1	16	0	-	-	-	-	-	-	-	-	-	-	-	-	-	0	-	-	-	-	-	-	-	-	-	-	-	-	-	-	-	-	-	0	-	-	-	-	-	-	-	0	-	-	-	-	-	-	0	-	-	-	-	-	0	-	-	-	-	-	-	-	-	-	-	-	-	-	-	-	-	-	-	-	SHV-11^	SHV:p.Leu35Gln	-	-	-	-	-	0	0	0	wildtype S	90.99% S (N=5168/5680)	0^ QRDR, 0 PMQR, 0 aac(6`)-Ib-cr	0.25 mg/L [0.25-0.25]	wzi50	KL15	K15	Typeable	-	99.79%	-	OL4	O4	Typeable	-	99.56%	-
KP_NORM_BLD_12934	Klebsiella variicola subsp. variicola	strong	2	5465346	5465346	5626390	no	-	ST360	16	24	21	53	47	17	67	0	-	-	-	-	-	-	-	-	-	-	-	-	-	0	-	-	-	-	-	-	-	-	-	-	-	-	-	-	-	-	-	0	-	-	-	-	-	-	-	0	-	-	-	-	-	-	0	-	-	-	-	-	0	-	-	-	-	-	-	-	-	-	-	-	-	-	-	-	-	-	-	-	LEN-30	-	OmpK36:p.Ala183fs	-	-	-	-	0	0	0	wildtype S	90.99% S (N=5168/5680)	0^ QRDR, 0 PMQR, 0 aac(6`)-Ib-cr	0.25 mg/L [0.25-0.25]	wzi53	KL53	K53	Typeable	-	99.94%	-	OL3α/β	O3αβ	Typeable	-	99.75%	-
KP_NORM_BLD_13123	Klebsiella pneumoniae	strong	3	5302499	5302499	5309799	no	-	ST188	3	1	1	3	4	28	39	0	-	-	-	-	-	-	-	-	-	-	-	-	-	0	-	-	-	-	-	-	-	-	-	-	-	-	-	-	-	-	-	0	-	-	-	-	-	-	-	0	-	-	-	-	-	-	0	-	-	-	-	-	0	-	-	-	-	-	-	-	-	-	-	-	-	-	-	-	-	-	-	-	SHV-37	SHV:p.Leu35Gln	-	-	-	-	fosA7*?-0%	0	0	0	wildtype S	90.99% S (N=5168/5680)	0^ QRDR, 0 PMQR, 0 aac(6`)-Ib-cr	0.25 mg/L [0.25-0.25]	wzi31	KL31	K31	Typeable	-	99.77%	-	OL3γ	O3γ	Typeable	!	99.57%	-
KP_NORM_BLD_13127	Klebsiella variicola subsp. variicola	strong	4	5567709	5567709	5802815	no	-	ST641	16	18	21	27	39	22	67	0	-	-	-	-	-	-	-	-	-	-	-	-	-	0	-	-	-	-	-	-	-	-	-	-	-	-	-	-	-	-	-	0	-	-	-	-	-	-	-	0	-	-	-	-	-	-	0	-	-	-	-	-	0	-	-	-	-	-	-	-	-	-	-	-	-	-	-	-	-	-	-	-	LEN-16	-	OmpK36:p.Ala183fs	-	-	-	-	0	0	0	wildtype S	90.99% S (N=5168/5680)	0^ QRDR, 0 PMQR, 0 aac(6`)-Ib-cr	0.25 mg/L [0.25-0.25]	wzi201	KL60	K60	Typeable	-	99.66%	-	OL5	O5	Typeable	!	99.79%	-
KP_NORM_BLD_13129	Klebsiella pneumoniae	strong	7	5210170	5210170	5522794	no	-	ST950	2	1	1	20	56	4	31	0	-	-	-	-	-	-	-	-	-	-	-	-	-	0	-	-	-	-	-	-	-	-	-	-	-	-	-	-	-	-	-	0	-	-	-	-	-	-	-	0	-	-	-	-	-	-	0	-	-	-	-	-	0	-	-	-	-	-	-	-	-	-	-	-	-	-	-	-	-	-	-	-	SHV-1	-	-	-	-	-	-	0	0	0	wildtype S	90.99% S (N=5168/5680)	0^ QRDR, 0 PMQR, 0 aac(6`)-Ib-cr	0.25 mg/L [0.25-0.25]	wzi7	KL7	K7	Typeable	-	99.52%	-	OL2α.1	O1αβ,2α	Typeable	-	99.43%	-
KP_NORM_BLD_13372	Klebsiella pneumoniae	strong	6	5192692	5192692	5590268	no	-	ST322	2	1	5	1	26	4	12	0	-	-	-	-	-	-	-	-	-	-	-	-	-	0	-	-	-	-	-	-	-	-	-	-	-	-	-	-	-	-	-	0	-	-	-	-	-	-	-	0	-	-	-	-	-	-	0	-	-	-	-	-	0	-	-	-	-	-	-	-	-	-	-	-	-	-	-	-	-	-	-	-	SHV-11^	SHV:p.Leu35Gln	-	-	-	-	-	0	0	0	wildtype S	90.99% S (N=5168/5680)	0^ QRDR, 0 PMQR, 0 aac(6`)-Ib-cr	0.25 mg/L [0.25-0.25]	wzi50	KL17	K17	Typeable	-	99.53%	-	OL4	O4	Typeable	-	99.66%	-
KP_NORM_BLD_13375	Klebsiella pneumoniae	strong	6	5260848	5260848	5566104	no	-	ST15	1	1	1	1	1	1	1	0	-	-	-	-	-	-	-	-	-	-	-	-	-	0	-	-	-	-	-	-	-	-	-	-	-	-	-	-	-	-	-	0	-	-	-	-	-	-	-	0	-	-	-	-	-	-	0	-	-	-	-	-	0	-	-	strB.v1;strA.v1	-	-	-	-	-	-	-	-	-	-	-	-	-	-	-	-	SHV-28^	-	OmpK35:p.Thr154fs	-	GyrA:p.Ser83Phe;GyrA:p.Asp87Ala;ParC:p.Ser80Ile	-	-	0	2	2	nonwildtype R	99.21% R (N=2147/2167)	>1 QRDR, 0 PMQR, * aac(6`)-Ib-cr	2 mg/L [2-4]	wzi24	KL24	K24	Typeable	-!	99.97%	KL24_14_wzy	OL2α.1	O1αβ,2α	Typeable	-	99.19%	-
KP_NORM_BLD_13377	Klebsiella quasipneumoniae subsp. similipneumoniae	strong	1	5085062	5085062	5085062	no	-	ST4217	18	22	25	61	11	128	228	0	-	-	-	-	-	-	-	-	-	-	-	-	-	0	-	-	-	-	-	-	-	-	-	-	-	-	-	-	-	-	-	0	-	-	-	-	-	-	-	0	-	-	-	-	-	-	0	-	-	-	-	-	0	-	-	-	-	fosA7*	-	-	-	-	-	-	-	-	-	-	-	-	-	-	OKP-B-7^	-	-	-	-	-	-	0	1	1	wildtype S	90.99% S (N=5168/5680)	0^ QRDR, 0 PMQR, 0 aac(6`)-Ib-cr	0.25 mg/L [0.25-0.25]	-	KL21	K21	Typeable	-	98.60%	-	OL3α/β	O3αβ	Typeable	-	98.75%	-
KP_NORM_BLD_13379	Klebsiella pneumoniae	strong	4	5373551	5373551	5732075	no	-	ST10	4	1	7	1	9	1	12	0	-	-	-	-	-	-	-	-	-	-	-	-	-	0	-	-	-	-	-	-	-	-	-	-	-	-	-	-	-	-	-	0	-	-	-	-	-	-	-	0	-	-	-	-	-	-	0	-	-	-	-	-	0	-	-	-	-	-	-	-	-	-	-	-	-	-	-	-	-	-	-	-	SHV-1^	-	-	-	-	-	-	0	0	0	wildtype S	90.99% S (N=5168/5680)	0^ QRDR, 0 PMQR, 0 aac(6`)-Ib-cr	0.25 mg/L [0.25-0.25]	wzi173	KL102	unknown (KL102)	Typeable	-	99.67%	-	OL2α.1	O1αβ,2α	Typeable	-	99.01%	-
KP_NORM_BLD_13380	Klebsiella pneumoniae	strong	6	5290279	5290279	5734326	no	-	ST4327	4	1	1	1	16	1	6	0	-	-	-	-	-	-	-	-	-	-	-	-	-	0	-	-	-	-	-	-	-	-	-	-	-	-	-	-	-	-	-	0	-	-	-	-	-	-	-	0	-	-	-	-	-	-	0	-	-	-	-	-	0	-	-	aadA1.v1^	-	-	-	-	mphB.v1	-	-	sul1	tet(A).v1	-	dfrA1.v2	-	-	-	-	-	SHV-1^	-	-	-	-	-	-	0	5	5	wildtype S	90.99% S (N=5168/5680)	0^ QRDR, 0 PMQR, 0 aac(6`)-Ib-cr	0.25 mg/L [0.25-0.25]	wzi59	KL3	K3	Typeable	!	99.07%	-	OL2α.2	O2β	Typeable	-	99.09%	-
KP_NORM_BLD_13382	Klebsiella pneumoniae	strong	5	5207570	5207570	5428738	no	-	ST26	2	1	1	1	9	1	18	0	-	-	-	-	-	-	-	-	-	-	-	-	-	0	-	-	-	-	-	-	-	-	-	-	-	-	-	-	-	-	-	0	-	-	-	-	-	-	-	0	-	-	-	-	-	-	0	-	-	-	-	-	0	-	-	-	-	-	-	-	-	-	-	-	-	-	-	-	-	-	-	-	SHV-36	SHV:p.Leu35Gln	-	-	-	-	-	0	0	0	wildtype S	90.99% S (N=5168/5680)	0^ QRDR, 0 PMQR, 0 aac(6`)-Ib-cr	0.25 mg/L [0.25-0.25]	wzi84	KL28	K28	Typeable	!	99.72%	-	OL2α.2	O1αβ,2α	Typeable	-!	99.17%	OL2α.2_07_kfoC;OL2α.2_06_wbbO
KP_NORM_BLD_13383	Klebsiella pneumoniae	strong	1	5383757	5383757	5383757	no	-	ST3370	2	1	2	14	9	187	5	403	ybt 24; ICEKp16	68	74	79	85	53	214	215	58	82	100	105	-	0	-	-	-	-	-	-	-	-	-	-	-	-	-	-	-	-	-	0	-	-	-	-	-	-	-	0	-	-	-	-	-	-	0	-	-	-	-	-	1	-	-	-	-	-	-	-	-	-	-	-	-	-	-	-	-	-	-	-	SHV-108^	SHV:p.Leu35Gln	-	-	-	-	-	0	0	0	wildtype S	90.99% S (N=5168/5680)	0^ QRDR, 0 PMQR, 0 aac(6`)-Ib-cr	0.25 mg/L [0.25-0.25]	wzi39	KL39	K39	Typeable	-	99.76%	-	OL5	O5	Typeable	-	98.30%	-
KP_NORM_BLD_1339	Klebsiella variicola subsp. variicola	strong	1	5527376	5527376	5527376	no	-	ST595	16	24	21	27	55	22	67	0	-	-	-	-	-	-	-	-	-	-	-	-	-	0	-	-	-	-	-	-	-	-	-	-	-	-	-	-	-	-	-	0	-	-	-	-	-	-	-	0	-	-	-	-	-	-	0	-	-	-	-	-	0	-	-	-	-	-	-	-	-	-	-	-	-	-	-	-	-	-	-	-	LEN-16*	-	OmpK36:p.Ala183fs	-	-	-	-	0	0	0	wildtype S	90.99% S (N=5168/5680)	0^ QRDR, 0 PMQR, 0 aac(6`)-Ib-cr	0.25 mg/L [0.25-0.25]	wzi251	KL16	Capsule null	Typeable	!	98.92%	-	OL5	O5	Typeable	-	99.80%	-
KP_NORM_BLD_1347	Klebsiella pneumoniae	strong	2	5304565	5304565	5408823	no	-	ST4228	2	1	1	1	1	161	34	0	-	-	-	-	-	-	-	-	-	-	-	-	-	0	-	-	-	-	-	-	-	-	-	-	-	-	-	-	-	-	-	0	-	-	-	-	-	-	-	0	-	-	-	-	-	-	0	-	-	-	-	-	0	-	-	-	-	-	-	-	-	-	-	sul2	tet(D)	-	-	-	-	-	-	-	SHV-11^	SHV:p.Leu35Gln	-	-	-	-	-	0	2	2	wildtype S	90.99% S (N=5168/5680)	0^ QRDR, 0 PMQR, 0 aac(6`)-Ib-cr	0.25 mg/L [0.25-0.25]	-	KL61	K61	Typeable	!	98.29%	-	OL2α.1	O1αβ,2α	Typeable	-	98.59%	-
KP_NORM_BLD_1348	Klebsiella variicola subsp. variicola	strong	3	5395428	5395428	5510789	no	-	ST1875	16	24	21	53	47	17	215	0	-	-	-	-	-	-	-	-	-	-	-	-	-	0	-	-	-	-	-	-	-	-	-	-	-	-	-	-	-	-	-	0	-	-	-	-	-	-	-	0	-	-	-	-	-	-	0	-	-	-	-	-	0	-	-	-	-	-	-	-	-	-	-	-	-	-	-	-	-	-	-	-	LEN-30	-	OmpK36:p.Ala183fs	-	-	-	-	0	0	0	wildtype S	90.99% S (N=5168/5680)	0^ QRDR, 0 PMQR, 0 aac(6`)-Ib-cr	0.25 mg/L [0.25-0.25]	wzi53	KL53	K53	Typeable	-	99.98%	-	OL3α/β	O3αβ	Typeable	-	99.75%	-
KP_NORM_BLD_13534	Klebsiella pneumoniae	strong	5	5308841	5308841	5533638	no	-	ST129	2	20	23	1	1	1	19	0	-	-	-	-	-	-	-	-	-	-	-	-	-	0	-	-	-	-	-	-	-	-	-	-	-	-	-	-	-	-	-	0	-	-	-	-	-	-	-	0	-	-	-	-	-	-	0	-	-	-	-	-	0	-	-	-	-	-	-	-	-	-	-	-	-	-	-	-	-	-	-	-	SHV-28^	-	-	-	-	-	-	0	0	0	wildtype S	90.99% S (N=5168/5680)	0^ QRDR, 0 PMQR, 0 aac(6`)-Ib-cr	0.25 mg/L [0.25-0.25]	wzi105	KL108	unknown (KL108)	Typeable	-	100.00%	-	OL2α.2	O1αβ,2β	Typeable	-	99.31%	-
KP_NORM_BLD_13738	Klebsiella pneumoniae	strong	7	5320172	5320172	5535744	no	-	ST27	2	1	11	1	9	10	23	0	-	-	-	-	-	-	-	-	-	-	-	-	-	0	-	-	-	-	-	-	-	-	-	-	-	-	-	-	-	-	-	0	-	-	-	-	-	-	-	0	-	-	-	-	-	-	0	-	-	-	-	-	0	-	-	-	-	-	-	-	-	-	-	-	-	-	-	-	-	-	-	-	SHV-40	SHV:p.Leu35Gln	-	-	-	-	-	0	0	0	wildtype S	90.99% S (N=5168/5680)	0^ QRDR, 0 PMQR, 0 aac(6`)-Ib-cr	0.25 mg/L [0.25-0.25]	wzi25	KL25	K25	Typeable	!	99.78%	-	OL2α.2	O2β	Typeable	-	99.40%	-
KP_NORM_BLD_13748	Klebsiella pneumoniae	strong	9	5284064	5284064	5652160	no	-	ST299	2	10	1	1	56	24	31	0	-	-	-	-	-	-	-	-	-	-	-	-	-	0	-	-	-	-	-	-	-	-	-	-	-	-	-	-	-	-	-	0	-	-	-	-	-	-	-	0	-	-	-	-	-	-	0	-	-	-	-	-	0	-	-	-	-	-	-	-	-	-	-	-	-	-	-	-	-	-	-	-	SHV-1	-	-	-	-	-	-	0	0	0	wildtype S	90.99% S (N=5168/5680)	0^ QRDR, 0 PMQR, 0 aac(6`)-Ib-cr	0.25 mg/L [0.25-0.25]	wzi7	KL7	K7	Typeable	-	99.50%	-	OL2α.1	O1αβ,2α	Typeable	-	99.43%	-
KP_NORM_BLD_13757	Klebsiella quasipneumoniae subsp. similipneumoniae	strong	4	5172975	5172975	5292564	no	-	ST1535	18	22	26	61	79	13	51	0	-	-	-	-	-	-	-	-	-	-	-	-	-	0	-	-	-	-	-	-	-	-	-	-	-	-	-	-	-	-	-	0	-	-	-	-	-	-	-	0	-	-	-	-	-	-	0	-	-	-	-	-	0	-	-	-	-	-	-	-	-	-	-	-	-	-	-	-	-	-	-	-	OKP-B-45	-	OmpK36:p.Ala183fs	-	-	-	-	0	0	0	wildtype S	90.99% S (N=5168/5680)	0^ QRDR, 0 PMQR, 0 aac(6`)-Ib-cr	0.25 mg/L [0.25-0.25]	wzi207	KL114	unknown (KL114)	Typeable	-	99.19%	-	OL3α/β	O3αβ	Typeable	-	98.77%	-
KP_NORM_BLD_13880	Klebsiella pneumoniae	strong	5	5450082	5450082	5792977	no	-	ST453	2	50	1	1	21	4	6	0	-	-	-	-	-	-	-	-	-	-	-	-	-	0	-	-	-	-	-	-	-	-	-	-	-	-	-	-	-	-	-	0	-	-	-	-	-	-	-	0	-	-	-	-	-	-	0	-	-	-	-	-	0	-	-	-	-	-	-	-	-	-	-	-	-	-	-	-	-	-	-	-	SHV-116	-	-	-	-	-	-	0	0	0	wildtype S	90.99% S (N=5168/5680)	0^ QRDR, 0 PMQR, 0 aac(6`)-Ib-cr	0.25 mg/L [0.25-0.25]	-	KL8	K8	Typeable	-	99.57%	-	OL2α.2	O2β	Typeable	-	99.00%	-
KP_NORM_BLD_13886	Klebsiella variicola subsp. variicola	strong	2	5530897	5530897	5718021	no	-	ST347	16	24	21	27	47	22	67	0	-	-	-	-	-	-	-	-	-	-	-	-	-	0	-	-	-	-	-	-	-	-	-	-	-	-	-	-	-	-	-	0	-	-	-	-	-	-	-	0	-	-	-	-	-	-	0	-	-	-	-	-	0	-	-	-	-	fosA7*	-	-	-	-	-	-	-	-	-	-	-	-	-	-	LEN-16^	-	OmpK36:p.Ala183fs	-	-	-	-	0	1	1	wildtype S	90.99% S (N=5168/5680)	0^ QRDR, 0 PMQR, 0 aac(6`)-Ib-cr	0.25 mg/L [0.25-0.25]	-	KL34	K34	Typeable	-	97.79%	-	OL3α/β	O3αβ	Typeable	-	99.89%	-
KP_NORM_BLD_13889	Klebsiella pneumoniae	strong	6	5125844	5125844	5361183	no	-	ST416	2	38	1	1	7	4	89	0	-	-	-	-	-	-	-	-	-	-	-	-	-	0	-	-	-	-	-	-	-	-	-	-	-	-	-	-	-	-	-	0	-	-	-	-	-	-	-	0	-	-	-	-	-	-	0	-	-	-	-	-	0	-	-	-	-	-	-	-	-	-	-	-	-	-	-	-	-	-	-	-	SHV-14^	-	-	-	-	-	-	0	0	0	wildtype S	90.99% S (N=5168/5680)	0^ QRDR, 0 PMQR, 0 aac(6`)-Ib-cr	0.25 mg/L [0.25-0.25]	wzi273	KL30	K30	Typeable	!	95.05%	-	OL2α.2	O1αβ,2β	Typeable	-	99.49%	-
KP_NORM_BLD_14164	Klebsiella quasipneumoniae subsp. similipneumoniae	strong	4	5229386	5229386	5281690	no	-	ST384	18	23	56	63	80	43	51	0	-	-	-	-	-	-	-	-	-	-	-	-	-	0	-	-	-	-	-	-	-	-	-	-	-	-	-	-	-	-	-	0	-	-	-	-	-	-	-	0	-	-	-	-	-	-	0	-	-	-	-	-	0	-	-	-	-	-	-	-	-	-	-	-	-	-	-	-	-	-	-	-	OKP-B-16*	-	OmpK36:p.Ala183fs	-	-	-	-	0	0	0	wildtype S	90.99% S (N=5168/5680)	0^ QRDR, 0 PMQR, 0 aac(6`)-Ib-cr	0.25 mg/L [0.25-0.25]	-	KL151	unknown (KL151)	Typeable	-	99.04%	-	OL10	O10	Typeable	-	99.10%	-
KP_NORM_BLD_14177	Klebsiella pneumoniae	strong	5	5346999	5346999	5472546	no	-	ST253	2	1	1	1	9	1	13	0	-	-	-	-	-	-	-	-	-	-	-	-	-	0	-	-	-	-	-	-	-	-	-	-	-	-	-	-	-	-	-	0	-	-	-	-	-	-	-	0	-	-	-	-	-	-	0	-	-	-	-	-	0	-	-	-	-	-	-	-	-	-	-	-	-	-	-	-	-	-	-	-	SHV-36	SHV:p.Leu35Gln	-	-	-	-	-	0	0	0	wildtype S	90.99% S (N=5168/5680)	0^ QRDR, 0 PMQR, 0 aac(6`)-Ib-cr	0.25 mg/L [0.25-0.25]	wzi25	KL25	K25	Typeable	-	99.98%	-	OL2α.2	O1αβ,2α	Typeable	!	99.40%	-
KP_NORM_BLD_14179	Klebsiella pneumoniae	strong	3	5150123	5150123	5409891	no	-	ST359	10	1	2	1	9	27	6	0	-	-	-	-	-	-	-	-	-	-	-	-	-	0	-	-	-	-	-	-	-	-	-	-	-	-	-	-	-	-	-	0	-	-	-	-	-	-	-	0	-	-	-	-	-	-	0	-	-	-	-	-	0	-	-	-	-	-	-	-	-	-	-	-	-	-	-	-	-	-	-	-	SHV-1^	-	-	-	-	-	-	0	0	0	wildtype S	90.99% S (N=5168/5680)	0^ QRDR, 0 PMQR, 0 aac(6`)-Ib-cr	0.25 mg/L [0.25-0.25]	wzi236	KL10	K10	Typeable	-	99.83%	-	OL2α.2	O1αβ,2β	Typeable	-	99.44%	-
KP_NORM_BLD_14222	Klebsiella pneumoniae	strong	4	5249680	5249680	5455880	no	-	ST30	5	3	1	1	9	4	26	0	-	-	-	-	-	-	-	-	-	-	-	-	-	0	-	-	-	-	-	-	-	-	-	-	-	-	-	-	-	-	-	0	-	-	-	-	-	-	-	0	-	-	-	-	-	-	0	-	-	-	-	-	0	-	-	-	-	-	-	-	-	-	-	-	-	-	-	-	-	-	-	-	SHV-71	SHV:p.Ala146Val	-	-	-	-	-	0	0	0	wildtype S	90.99% S (N=5168/5680)	0^ QRDR, 0 PMQR, 0 aac(6`)-Ib-cr	0.25 mg/L [0.25-0.25]	wzi64	KL64	K64	Typeable	-	99.91%	-	OL2α.1	O1αβ,2α	Typeable	-	99.03%	-
KP_NORM_BLD_1692	Klebsiella pneumoniae	strong	1	5207251	5207251	5207251	no	-	ST2344	2	5	10	1	1	4	25	0	-	-	-	-	-	-	-	-	-	-	-	-	-	0	-	-	-	-	-	-	-	-	-	-	-	-	-	-	-	-	-	0	-	-	-	-	-	-	-	0	-	-	-	-	-	-	0	-	-	-	-	-	0	-	-	-	-	-	-	-	-	-	-	-	-	-	-	-	-	-	-	-	SHV-32	SHV:p.Gly156Asp	-	-	-	-	-	0	0	0	wildtype S	90.99% S (N=5168/5680)	0^ QRDR, 0 PMQR, 0 aac(6`)-Ib-cr	0.25 mg/L [0.25-0.25]	wzi84	KL28	K28	Typeable	!	99.80%	-	OL2α.1	O2α	Typeable	-	99.53%	-
KP_NORM_BLD_1883	Klebsiella pneumoniae	strong	5	5239635	5239635	5805850	no	-	ST163	2	1	1	1	9	1	12	0	-	-	-	-	-	-	-	-	-	-	-	-	-	0	-	-	-	-	-	-	-	-	-	-	-	-	-	-	-	-	-	0	-	-	-	-	-	-	-	0	-	-	-	-	-	-	0	-	-	-	-	-	0	-	-	-	-	-	-	-	-	-	-	-	-	-	-	-	-	-	-	-	SHV-36	SHV:p.Leu35Gln	-	-	-	-	-	0	0	0	wildtype S	90.99% S (N=5168/5680)	0^ QRDR, 0 PMQR, 0 aac(6`)-Ib-cr	0.25 mg/L [0.25-0.25]	wzi84	KL28	Capsule null	Typeable	!	99.48%	-	OL2α.2	O1αβ,2β	Typeable	-	99.47%	-
KP_NORM_BLD_2005_1167	Klebsiella pneumoniae	strong	6	5366933	5366933	5740802	no	-	ST35	2	1	2	1	10	1	19	433	ybt 8; ICEKp3	5	11	204	5	30	105	107	36	33	55	11	-	0	-	-	-	-	-	-	-	-	-	-	-	-	-	-	-	-	-	0	-	-	-	-	-	-	-	0	-	-	-	-	-	-	0	-	-	-	-	-	1	-	-	-	-	-	-	-	-	-	-	-	-	-	-	-	-	SHV-12	-	-	SHV-33*	SHV:p.Leu35Gln;SHV:p.Gly238Ser;SHV:p.Glu240Lys;SHV:p.Leu35Gln	-	-	-	-	-	1	1	1	wildtype S	90.99% S (N=5168/5680)	0^ QRDR, 0 PMQR, 0 aac(6`)-Ib-cr	0.25 mg/L [0.25-0.25]	wzi37	KL22	K37	Typeable	!	99.81%	-	OL2α.1	O2α	Typeable	!	98.85%	-
KP_NORM_BLD_2006_36504	Klebsiella pneumoniae	strong	4	5299847	5299847	5585900	no	-	ST22	2	3	1	1	1	4	4	434	ybt 9; ICEKp3	5	11	6	5	1	471	588	121	5	5	11	-	0	-	-	-	-	-	-	-	-	-	-	-	-	-	-	-	-	-	0	-	-	-	-	-	-	-	0	-	-	-	-	-	-	0	-	-	-	-	-	1	-	-	aac(3)-IIa.v1^;strB.v1;strA.v1^;aac(6')-Ib-cr.v2	-	-	qnrB1.v2^;aac(6')-Ib-cr.v2	-	-	-	-	sul2	tet(A).v1	-	dfrA14.v2*	OXA-1	-	CTX-M-15	-	-	SHV-1^	-	-	-	-	-	catB3.v1?-70%	1	8	12	nonwildtype R	94.63% R (N=776/820)	0 QRDR, 1 PMQR, 1 aac(6`)-Ib-cr	2 mg/L [1-2]	wzi9	KL9	K9	Typeable	-	99.99%	-	OL2α.2	O2β	Typeable	-	99.09%	-
KP_NORM_BLD_2006_37102	Klebsiella pneumoniae	strong	4	5302131	5302131	5465138	no	-	ST874	4	1	1	1	7	1	22	0	-	-	-	-	-	-	-	-	-	-	-	-	-	0	-	-	-	-	-	-	-	-	-	-	-	-	-	-	-	-	-	0	-	-	-	-	-	-	-	0	-	-	-	-	-	-	0	-	-	-	-	-	0	-	-	strB.v1;strB.v1*;aph3-Ia.v1^;strA.v1;strA.v1*;aadA2^	-	-	-	-	Mrx;mphA	catII.2*	-	sul1;sul2	-	-	dfrA12	-	-	CTX-M-24;CTX-M-24	-	-	SHV-121	SHV:p.Leu35Gln	-	-	GyrA:p.Ser83Tyr;GyrA:p.Asp87Ala;ParC:p.Ser80Ile	-	-	1	8	15	nonwildtype R	99.21% R (N=2147/2167)	>1 QRDR, 0 PMQR, * aac(6`)-Ib-cr	2 mg/L [2-4]	wzi222	KL45	K45	Typeable	-	99.71%	-	OL2α.2	O1αβ,2β	Typeable	-	99.48%	-
KP_NORM_BLD_2007_46696	Klebsiella pneumoniae	strong	3	5270700	5270700	5496607	no	-	ST2946	4	1	205	1	27	4	199	0	-	-	-	-	-	-	-	-	-	-	-	-	-	0	-	-	-	-	-	-	-	-	-	-	-	-	-	-	-	-	-	0	-	-	-	-	-	-	-	0	-	-	-	-	-	-	0	-	-	-	-	-	0	-	-	aadA^	-	-	-	-	-	-	-	sul1	tet(D)	-	-	-	-	SHV-2;SHV-2;SHV-2;SHV-2	-	-	SHV-103*	SHV:p.Gly238Ser;SHV:p.Gly238Ser;SHV:p.Gly238Ser;SHV:p.Gly238Ser;SHV:p.Leu35Gln	-	-	-	-	-	1	4	7	wildtype S	90.99% S (N=5168/5680)	0^ QRDR, 0 PMQR, 0 aac(6`)-Ib-cr	0.25 mg/L [0.25-0.25]	wzi19	KL19	Capsule null	Typeable	!	98.01%	-	OL2α.1	O1αβ,2α	Typeable	-	98.96%	-
KP_NORM_BLD_2007_48102	Klebsiella pneumoniae	strong	3	5313537	5313537	5629086	no	-	ST45	2	1	1	6	7	1	12	78	ybt 10; ICEKp4	3	12	4	11	3	21	18	3	10	16	2	-	0	-	-	-	-	-	-	-	-	-	-	-	-	-	-	-	-	-	0	-	-	-	-	-	-	-	0	-	-	-	-	-	-	0	-	-	-	-	-	1	-	-	-	-	-	-	-	-	-	-	-	tet(D)	-	-	-	-	-	-	-	SHV-1;SHV-1^;SHV-1^	-	-	-	-	-	-	0	1	1	wildtype S	90.99% S (N=5168/5680)	0^ QRDR, 0 PMQR, 0 aac(6`)-Ib-cr	0.25 mg/L [0.25-0.25]	wzi101	KL24	K24	Typeable	-	99.52%	-	OL2α.1	O2α	Typeable	-	99.37%	-
KP_NORM_BLD_2007_48114	Klebsiella pneumoniae	strong	1	5315965	5315965	5315965	no	-	ST111	2	1	5	1	17	4	42	0	-	-	-	-	-	-	-	-	-	-	-	-	-	0	-	-	-	-	-	-	-	-	-	-	-	-	-	-	-	-	-	0	-	-	-	-	-	-	-	0	-	-	-	-	-	-	0	-	-	-	-	-	0	-	-	-	-	-	-	-	-	-	-	-	-	-	-	-	-	-	-	-	SHV-11^	SHV:p.Leu35Gln	-	-	-	-	-	0	0	0	wildtype S	90.99% S (N=5168/5680)	0^ QRDR, 0 PMQR, 0 aac(6`)-Ib-cr	0.25 mg/L [0.25-0.25]	wzi63	KL63	K63	Typeable	-	99.80%	-	OL2α.2	O1αβ,2β	Typeable	-	99.51%	-
KP_NORM_BLD_2008_54367	Klebsiella pneumoniae	strong	6	5313767	5313767	5565045	no	-	ST231	2	6	1	3	26	1	77	183	ybt 9; ICEKp3	5	11	6	5	1	25	37	9	5	5	11	-	0	-	-	-	-	-	-	-	-	-	-	-	-	-	-	-	-	-	0	-	-	-	-	-	-	-	0	-	-	-	-	-	-	0	-	-	-	-	-	1	-	-	aac(3)-IId^;aadA^;aac(6')-Ip*	-	-	qnrA1	-	-	-	-	sul1;sul1	tet(D)	-	dfrA14.v2*	-	-	SHV-12;SHV-12	-	-	SHV-1^	SHV:p.Leu35Gln;SHV:p.Gly238Ser;SHV:p.Glu240Lys;SHV:p.Leu35Gln;SHV:p.Gly238Ser;SHV:p.Glu240Lys	-	-	GyrA:p.Ser83Ile;ParC:p.Ser80Ile	-	-	1	7	12	nonwildtype R	99.22% R (N=2424/2443)	>0 QRDR, >0 PMQR, * aac(6`)-Ib-cr	4 mg/L [4-4]	wzi104	KL51	K51	Typeable	!	99.68%	-	OL2α.2	O1αβ,2β	Typeable	-	99.17%	-
KP_NORM_BLD_2008_54823	Klebsiella pneumoniae	strong	5	5384962	5384962	5761975	no	-	ST258	3	3	1	1	1	1	79	0	-	-	-	-	-	-	-	-	-	-	-	-	-	0	-	-	-	-	-	-	-	-	-	-	-	-	-	-	-	-	-	0	-	-	-	-	-	-	-	0	-	-	-	-	-	-	0	-	-	-	-	-	0	-	-	aph3-Ia.v1^;aadA2^;aac(6')-Ib'.v1	-	-	-	-	Mrx;mphA	catA1^	-	sul1	-	-	dfrA12	-	-	SHV-12	-	KPC-2	SHV-11	SHV:p.Leu35Gln;SHV:p.Leu35Gln;SHV:p.Gly238Ser;SHV:p.Glu240Lys	OmpK35:p.Glu42fs	-	GyrA:p.Ser83Ile;ParC:p.Ser80Ile	OXA-9.v1*-42%	-	2	9	11	nonwildtype R	99.21% R (N=2147/2167)	>1 QRDR, 0 PMQR, * aac(6`)-Ib-cr	2 mg/L [2-4]	wzi29	KL106	unknown (KL106)	Typeable	+!	100.00%	-	OL2α.2	O2β	Typeable	-	99.17%	-
KP_NORM_BLD_2008_54824	Klebsiella pneumoniae	strong	2	5304252	5304252	5508017	no	-	ST397	2	1	1	1	21	44	9	0	-	-	-	-	-	-	-	-	-	-	-	-	-	0	-	-	-	-	-	-	-	-	-	-	-	-	-	-	-	-	-	0	-	-	-	-	-	-	-	0	-	-	-	-	-	-	0	-	-	-	-	-	0	-	-	strB.v1;strA.v1	-	-	-	-	-	catA1*	-	sul1;sul2	tet(A).v1	-	dfrA5	-	-	-	-	-	SHV-11^;SHV-1^	SHV:p.Leu35Gln	-	-	-	-	-	0	5	7	wildtype S	90.99% S (N=5168/5680)	0^ QRDR, 0 PMQR, 0 aac(6`)-Ib-cr	0.25 mg/L [0.25-0.25]	wzi475	KL158	unknown (KL158)	Typeable	-	99.94%	-	OL2α.1	O1αβ,2α	Typeable	-	99.19%	-
KP_NORM_BLD_2008_55014	Klebsiella pneumoniae	strong	4	5231607	5231607	5579904	no	-	ST753	14	1	2	1	135	4	12	0	-	-	-	-	-	-	-	-	-	-	-	-	-	0	-	-	-	-	-	-	-	-	-	-	-	-	-	-	-	-	-	0	-	-	-	-	-	-	-	0	-	-	-	-	-	-	0	-	-	-	-	-	0	-	-	-	-	-	-	-	-	-	-	-	-	-	dfrA14.v2*	-	-	CTX-M-3	-	-	SHV-27^	SHV:p.Gly156Asp	-	-	GyrA:p.Ser83Tyr	-	-	1	3	2	nonwildtype R	77.67% R (N=80/103)	1 QRDR, 0 PMQR, 0 aac(6`)-Ib-cr	1 mg/L [1-2]	-	KL3	K3	Typeable	!	99.71%	-	OL2α.2	O2β	Typeable	-	99.09%	-
KP_NORM_BLD_2008_55153	Klebsiella pneumoniae	strong	4	5195711	5195711	5644178	no	-	ST27	2	1	11	1	9	10	23	0	-	-	-	-	-	-	-	-	-	-	-	-	-	0	-	-	-	-	-	-	-	-	-	-	-	-	-	-	-	-	-	0	-	-	-	-	-	-	-	0	-	-	-	-	-	-	0	-	-	-	-	-	0	-	-	aac(3)-IIa.v1?	-	-	-	-	-	-	-	sul1	-	-	dfrB3	-	-	TEM-3	-	-	SHV-40	SHV:p.Leu35Gln	-	-	GyrA:p.Ser83Phe	-	-	1	5	4	nonwildtype R	77.67% R (N=80/103)	1 QRDR, 0 PMQR, 0 aac(6`)-Ib-cr	1 mg/L [1-2]	wzi90	KL22	K37	Typeable	!	99.75%	-	OL2α.1	O1αβ,2α	Typeable	-	99.19%	-
KP_NORM_BLD_2009_61298	Klebsiella pneumoniae	strong	2	5221833	5221833	5381131	no	-	ST14	1	6	1	1	1	1	1	0	-	-	-	-	-	-	-	-	-	-	-	-	-	0	-	-	-	-	-	-	-	-	-	-	-	-	-	-	-	-	-	0	-	-	-	-	-	-	-	0	-	-	-	-	-	-	0	-	-	-	-	-	0	-	-	strB.v1;strA.v1^;aac(6')-Ib-cr.v2	-	-	qnrB1.v2^;aac(6')-Ib-cr.v2	-	-	-	-	sul2	tet(A).v1	-	dfrA14.v2*	OXA-1	-	CTX-M-15	-	-	SHV-28^	-	-	-	-	-	catB3.v1?-70%	1	8	11	nonwildtype R	94.63% R (N=776/820)	0 QRDR, 1 PMQR, 1 aac(6`)-Ib-cr	2 mg/L [1-2]	wzi2	KL2	K2	Typeable	-	99.83%	-	OL2α.1	O1αβ,2α	Typeable	-	99.98%	-
KP_NORM_BLD_2009_61895	Klebsiella pneumoniae	strong	7	5325221	5325221	5653305	no	-	ST15	1	1	1	1	1	1	1	436	ybt 16; ICEKp12	6	15	197	4	11	481	23	2	11	4	2	-	0	-	-	-	-	-	-	-	-	-	-	-	-	-	-	-	-	-	0	-	-	-	-	-	-	-	0	-	-	-	-	-	-	0	-	-	-	-	-	1	-	-	aac(3)-IId^;strB.v1*;strA.v1*;aadA*;aac(6')-Ib'.v1	-	-	qnrB1.v1	-	-	-	-	sul2	-	-	dfrA14.v2*	OXA-9.v1	-	CTX-M-15	-	-	SHV-28^;SHV-11^	SHV:p.Leu35Gln	-	-	GyrA:p.Ser83Phe;GyrA:p.Asp87Ala;ParC:p.Ser80Ile	-	TEM-150?-0%	1	6	10	nonwildtype R	99.22% R (N=2424/2443)	>0 QRDR, >0 PMQR, * aac(6`)-Ib-cr	4 mg/L [4-4]	wzi93	KL112	unknown (KL112)	Typeable	-	99.53%	-	OL2α.1	O1αβ,2α	Typeable	-	99.19%	-
KP_NORM_BLD_2009_62172	Klebsiella pneumoniae	strong	4	5309067	5309067	5743121	no	-	ST2947	2	6	1	3	293	1	77	437	ybt 14; ICEKp5	4	4	31	4	1	67	449	2	4	4	36	-	0	-	-	-	-	-	-	-	-	-	-	-	-	-	-	-	-	-	0	-	-	-	-	-	-	-	0	-	-	-	-	-	-	0	-	-	-	-	-	1	-	-	aac(3)-IId^;strB.v1;aadA16*;aph3-Ia.v1^;strA.v1^;aac(6')-Ib-cr.v2;aac(6')-Ib-cr.v2	-	-	qnrB6^;aac(6')-Ib-cr.v2;aac(6')-Ib-cr.v2	-	-	-	arr-3	sul1;sul1;sul2*	tet(A).v1*	-	dfrA14.v2*	OXA-1	-	CTX-M-15	-	-	SHV-1^	-	-	-	GyrA:p.Ser83Ile;ParC:p.Ser80Ile	-	catB3.v1?-70%;dfrA27?-77%	1	9	19	nonwildtype R	99.22% R (N=2424/2443)	>0 QRDR, >0 PMQR, * aac(6`)-Ib-cr	4 mg/L [4-4]	wzi104	KL51	K51	Typeable	!	99.72%	-	OL2α.2	O1αβ,2β	Typeable	-	99.17%	-
KP_NORM_BLD_2009_62777	Klebsiella pneumoniae	strong	2	5221832	5221832	5381950	no	-	ST14	1	6	1	1	1	1	1	0	-	-	-	-	-	-	-	-	-	-	-	-	-	0	-	-	-	-	-	-	-	-	-	-	-	-	-	-	-	-	-	0	-	-	-	-	-	-	-	0	-	-	-	-	-	-	0	-	-	-	-	-	0	-	-	strB.v1;strA.v1^;aac(6')-Ib-cr.v2	-	-	qnrB1.v2^;aac(6')-Ib-cr.v2	-	-	-	-	sul2	tet(A).v1	-	dfrA14.v2*	OXA-1	-	CTX-M-15	-	-	SHV-28^	-	-	-	-	-	catB3.v1?-70%	1	8	11	nonwildtype R	94.63% R (N=776/820)	0 QRDR, 1 PMQR, 1 aac(6`)-Ib-cr	2 mg/L [1-2]	wzi2	KL2	K2	Typeable	-	99.84%	-	OL2α.1	O1αβ,2α	Typeable	-	99.98%	-
KP_NORM_BLD_2009_63475	Klebsiella pneumoniae	strong	6	5286108	5286108	5947326	no	-	ST35	2	1	2	1	10	1	19	438	ybt 9; ICEKp3 (truncated)	5	11	6	5	1	512-51%	601	9	5	5	11	-	0	-	-	-	-	-	-	-	-	-	-	-	-	-	-	-	-	-	0	-	-	-	-	-	-	-	0	-	-	-	-	-	-	0	-	-	-	-	-	1	-	-	aadA^;aadA^	-	-	-	-	-	-	-	sul1;sul1	-	-	-	-	-	SHV-2^;SHV-2^	-	-	SHV-33^	SHV:p.Gly238Ser;SHV:p.Gly238Ser	-	-	-	-	-	1	3	6	wildtype S	90.99% S (N=5168/5680)	0^ QRDR, 0 PMQR, 0 aac(6`)-Ib-cr	0.25 mg/L [0.25-0.25]	wzi37	KL22	Capsule null	Typeable	!	99.77%	-	OL2α.1	O1αβ,2α	Typeable	-	98.81%	-
KP_NORM_BLD_2009_63807	Klebsiella pneumoniae	strong	4	5192135	5192135	5448855	no	-	ST336	2	1	1	1	72	4	4	0	-	-	-	-	-	-	-	-	-	-	-	-	-	0	-	-	-	-	-	-	-	-	-	-	-	-	-	-	-	-	-	0	-	-	-	-	-	-	-	0	-	-	-	-	-	-	0	-	-	-	-	-	0	-	-	-	-	-	-	-	Mrx;mphA	-	-	-	-	-	dfrA14.v2*	-	-	CTX-M-15	-	-	SHV-11^	SHV:p.Leu35Gln	-	-	GyrA:p.Ser83Tyr	-	-	1	4	4	nonwildtype R	77.67% R (N=80/103)	1 QRDR, 0 PMQR, 0 aac(6`)-Ib-cr	1 mg/L [1-2]	wzi141	KL25	Capsule null	Typeable	!	99.52%	-	OL5	O5	Typeable	-	98.23%	-
KP_NORM_BLD_2010_70236	Klebsiella pneumoniae	strong	3	5315892	5315892	5516449	no	-	ST70	2	6	17	1	20	10	25	195	ybt 8; ICEKp9	5	11	6	5	1	99	138	9	29	5	79	-	0	-	-	-	-	-	-	-	-	-	-	-	-	-	-	-	-	-	0	-	-	-	-	-	-	-	0	-	-	-	-	-	-	0	-	-	-	-	-	1	-	-	aac(3)-IIa.v1^;strB.v1;strA.v1^;aac(6')-Ib-cr.v2	-	-	qnrB1.v2^;aac(6')-Ib-cr.v2	-	-	-	-	sul2	tet(A).v1	-	dfrA14.v2*	OXA-1	-	CTX-M-15	-	-	SHV-32	SHV:p.Gly156Asp	-	-	-	-	catB3.v1?-70%	1	8	12	nonwildtype R	94.63% R (N=776/820)	0 QRDR, 1 PMQR, 1 aac(6`)-Ib-cr	2 mg/L [1-2]	wzi123	KL136	unknown (KL136)	Typeable	-	99.88%	-	OL2α.2	O1αβ,2β	Typeable	-	99.18%	-
KP_NORM_BLD_2010_70364	Klebsiella pneumoniae	strong	4	5231088	5231088	5500922	no	-	ST2949	2	1	11	1	7	1	378	0	-	-	-	-	-	-	-	-	-	-	-	-	-	0	-	-	-	-	-	-	-	-	-	-	-	-	-	-	-	-	-	0	-	-	-	-	-	-	-	0	-	-	-	-	-	-	0	-	-	-	-	-	0	-	-	aac(3)-IIa.v1^;strB.v1;strA.v1^;aac(6')-Ib-cr.v2	-	-	qnrB1.v2^;aac(6')-Ib-cr.v2	-	-	-	-	sul2	-	-	dfrA14.v2*	OXA-1	-	CTX-M-15	-	-	SHV-11^	SHV:p.Leu35Gln	-	-	-	-	catB3.v1?-70%	1	7	11	nonwildtype R	94.63% R (N=776/820)	0 QRDR, 1 PMQR, 1 aac(6`)-Ib-cr	2 mg/L [1-2]	wzi173	KL102	unknown (KL102)	Typeable	!	99.92%	-	OL2α.2	O2β	Typeable	-	99.11%	-
KP_NORM_BLD_2010_71621	Klebsiella pneumoniae	strong	6	5316617	5316617	5574001	no	-	ST2948	3	3	1	1	1	1	51	0	-	-	-	-	-	-	-	-	-	-	-	-	-	0	-	-	-	-	-	-	-	-	-	-	-	-	-	-	-	-	-	25	iuc 3	9	7	12	8	17	-	0	-	-	-	-	-	-	0	-	-	-	-	-	3	-	-	aac(3)-IId^;strB.v1;strA.v1	-	-	qnrS1	-	-	-	-	-	tet(A).v1	-	dfrA14.v2*	-	-	SHV-12	-	-	SHV-11^	SHV:p.Leu35Gln;SHV:p.Gly238Ser;SHV:p.Glu240Lys;SHV:p.Leu35Gln	-	-	GyrA:p.Ser83Ile;ParC:p.Ser80Ile	-	-	1	5	7	nonwildtype R	99.22% R (N=2424/2443)	>0 QRDR, >0 PMQR, * aac(6`)-Ib-cr	4 mg/L [4-4]	wzi436	KL28	K28	Untypeable	*!	93.57%	-	OL5	O5	Typeable	-	98.19%	-
KP_NORM_BLD_2011_74838	Klebsiella pneumoniae	strong	4	5233598	5233598	5512040	no	-	ST110	2	6	1	3	8	1	44	0	-	-	-	-	-	-	-	-	-	-	-	-	-	0	-	-	-	-	-	-	-	-	-	-	-	-	-	-	-	-	-	0	-	-	-	-	-	-	-	0	-	-	-	-	-	-	0	-	-	-	-	-	0	-	-	aac(3)-IId^	-	-	qnrS1	-	-	-	-	-	-	-	-	-	-	SHV-12	-	-	SHV-1	SHV:p.Leu35Gln;SHV:p.Gly238Ser;SHV:p.Glu240Lys	-	-	-	-	-	1	3	3	nonwildtype R	77.47% R (N=423/546)	0 QRDR, 1^ PMQR, 0 aac(6`)-Ib-cr	1 mg/L [1-2]	wzi194	KL108	unknown (KL108)	Typeable	-	99.21%	-	OL2α.2	O1αβ,2β	Typeable	!	99.19%	-
KP_NORM_BLD_2011_75117	Klebsiella pneumoniae	strong	4	5472811	5472811	5897707	no	-	ST45	2	1	1	6	7	1	12	440	ybt 9; ICEKp3	5	11	6	5	1	25	589	9	5	5	11	-	0	-	-	-	-	-	-	-	-	-	-	-	-	-	-	-	-	-	0	-	-	-	-	-	-	-	0	-	-	-	-	-	-	0	-	-	-	-	-	1	-	-	aac(3)-IIa.v1;aph(3')-Ia*;aadA*	-	-	qnrA1^	-	-	floR.v2*;catA1*	arr-2	sul1;sul1;sul1;sul1;sul2	tet(D);tet(D)	-	dfrA14.v2*;dfrA5;dfrA7	SCO-1;OXA-10	-	CTX-M-15	-	-	SHV-1;SHV-1^	-	-	-	-	-	-	1	10	22	nonwildtype R	77.47% R (N=423/546)	0 QRDR, 1^ PMQR, 0 aac(6`)-Ib-cr	1 mg/L [1-2]	wzi101	KL24	K24	Typeable	-	99.56%	-	OL2α.1	O2α	Typeable	-	99.37%	-
KP_NORM_BLD_2011_75461	Klebsiella pneumoniae	strong	5	5172910	5172910	5679040	no	-	ST37	2	9	2	1	13	1	16	0	-	-	-	-	-	-	-	-	-	-	-	-	-	0	-	-	-	-	-	-	-	-	-	-	-	-	-	-	-	-	-	0	-	-	-	-	-	-	-	0	-	-	-	-	-	-	0	-	-	-	-	-	0	-	-	strB.v1;aph3-Ia.v1^;aac(3)-IIg;strA.v1;aadA^;aadA2;aac(6')-Ib-cr.v2^;aac(6')-Ib-cr.v2^;aac(6')-Ib-cr.v2^;aac(6')-IIc	mcr-9.1	-	qnrB4;aac(6')-Ib-cr.v2^;aac(6')-Ib-cr.v2^;aac(6')-Ib-cr.v2^	-	Mrx;mphA	cmlA1*;catB3.v2;catB3.v2;catB3.v2	arr-3;arr-3;arr-3	sul1;sul1;sul1;sul1;sul1;sul1	tet(A).v1*	-	dfrA19*	DHA-7;OXA-1;OXA-1;OXA-1	-	SHV-12;SHV-12;SHV-12	-	-	SHV-11^	SHV:p.Leu35Gln;SHV:p.Gly238Ser;SHV:p.Glu240Lys;SHV:p.Leu35Gln;SHV:p.Gly238Ser;SHV:p.Glu240Lys;SHV:p.Leu35Gln;SHV:p.Gly238Ser;SHV:p.Glu240Lys;SHV:p.Leu35Gln	-	-	-	ereA2?-0%;aac(6')-Ib7*-27%	-	1	12	40	nonwildtype R	94.63% R (N=776/820)	0 QRDR, 1 PMQR, 1 aac(6`)-Ib-cr	2 mg/L [1-2]	wzi50	KL15	K15	Typeable	-	99.82%	-	OL4	O4	Typeable	-	99.58%	-
KP_NORM_BLD_2012_85054	Klebsiella pneumoniae	strong	3	5280684	5280684	5531852	no	-	ST307	4	1	2	52	1	1	7	0	-	-	-	-	-	-	-	-	-	-	-	-	-	0	-	-	-	-	-	-	-	-	-	-	-	-	-	-	-	-	-	0	-	-	-	-	-	-	-	0	-	-	-	-	-	-	0	-	-	-	-	-	0	-	-	aac(3)-IIa.v1^;strB.v1;strA.v1^;aac(6')-Ib-cr.v2	-	-	qnrB1.v2^;aac(6')-Ib-cr.v2	-	-	-	-	sul2	tet(A).v1	-	dfrA14.v2*	TEM-206;OXA-1	-	CTX-M-15	-	-	SHV-28^	-	-	-	GyrA:p.Ser83Ile;ParC:p.Ser80Ile	-	catB3.v1?-70%	1	7	12	nonwildtype R	99.22% R (N=2424/2443)	>0 QRDR, >0 PMQR, * aac(6`)-Ib-cr	4 mg/L [4-4]	wzi173	KL102	unknown (KL102)	Typeable	-	99.65%	-	OL2α.2	O2β	Typeable	-	99.10%	-
KP_NORM_BLD_2012_85408	Klebsiella pneumoniae	strong	6	5216010	5216010	5518062	no	-	ST340	3	3	1	1	1	1	18	0	-	-	-	-	-	-	-	-	-	-	-	-	-	0	-	-	-	-	-	-	-	-	-	-	-	-	-	-	-	-	-	0	-	-	-	-	-	-	-	0	-	-	-	-	-	-	0	-	-	-	-	-	0	-	-	aph3-Ia.v1^;aadA^;aadA2;aadA2^;aph(3')-VIa*	-	-	qnrB19^	-	-	cmlA1*	-	sul1;sul3	-	-	dfrA12	-	-	-	-	KPC-2	SHV-11	SHV:p.Leu35Gln	-	-	GyrA:p.Ser83Ile;ParC:p.Ser80Ile	-	-	2	6	11	nonwildtype R	99.22% R (N=2424/2443)	>0 QRDR, >0 PMQR, * aac(6`)-Ib-cr	4 mg/L [4-4]	wzi50	KL15	K15	Typeable	-	99.98%	-	OL4	O4	Typeable	-	99.49%	-
KP_NORM_BLD_2012_86925	Klebsiella pneumoniae	strong	2	5183370	5183370	5367824	no	-	ST904	4	1	2	1	1	1	68	0	-	-	-	-	-	-	-	-	-	-	-	-	-	0	-	-	-	-	-	-	-	-	-	-	-	-	-	-	-	-	-	0	-	-	-	-	-	-	-	0	-	-	-	-	-	-	0	-	-	-	-	-	0	-	-	aadA	-	-	-	-	-	-	-	sul1	tet(A).v1	-	dfrA1.v2	-	-	SHV-2A^	-	-	SHV-65	SHV:p.Leu35Gln;SHV:p.Gly238Ser	-	-	-	-	-	1	5	5	wildtype S	90.99% S (N=5168/5680)	0^ QRDR, 0 PMQR, 0 aac(6`)-Ib-cr	0.25 mg/L [0.25-0.25]	wzi547	KL43	K43	Typeable	+!	98.12%	-	OL2α.1	O1αβ,2α	Typeable	-	98.76%	-
KP_NORM_BLD_2012_86962	Klebsiella pneumoniae	strong	2	5316981	5316981	5500608	no	-	ST70	2	6	17	1	20	10	25	195	ybt 8; ICEKp9	5	11	6	5	1	99	138	9	29	5	79	-	0	-	-	-	-	-	-	-	-	-	-	-	-	-	-	-	-	-	0	-	-	-	-	-	-	-	0	-	-	-	-	-	-	0	-	-	-	-	-	1	-	-	aac(3)-IIa.v1^;aac(6')-Ib-cr.v2	-	-	qnrB1.v2^;aac(6')-Ib-cr.v2	-	-	-	-	-	tet(A).v1	-	dfrA14.v2*	OXA-1	-	CTX-M-15	-	-	SHV-32	SHV:p.Gly156Asp	-	-	-	-	catB3.v1?-70%	1	6	8	nonwildtype R	94.63% R (N=776/820)	0 QRDR, 1 PMQR, 1 aac(6`)-Ib-cr	2 mg/L [1-2]	wzi123	KL136	unknown (KL136)	Typeable	!	99.58%	-	OL2α.2	O1αβ,2β	Typeable	-	99.18%	-
KP_NORM_BLD_2013_88977	Klebsiella pneumoniae	strong	4	5425881	5425881	5590029	no	-	ST258	3	3	1	1	1	1	79	0	-	-	-	-	-	-	-	-	-	-	-	-	-	0	-	-	-	-	-	-	-	-	-	-	-	-	-	-	-	-	-	0	-	-	-	-	-	-	-	0	-	-	-	-	-	-	0	-	-	-	-	-	0	-	-	aadA2;aac(6')-Ib'.v1	-	-	-	-	-	-	-	sul1	-	-	-	-	-	-	-	KPC-3	SHV-11;SHV-11	SHV:p.Leu35Gln;SHV:p.Leu35Gln	OmpK35:p.Glu42fs	mgrb:c.A133del;pmrb:p.Leu213fs	GyrA:p.Ser83Ile;ParC:p.Ser80Ile	-	-	3	5	4	nonwildtype R	99.21% R (N=2147/2167)	>1 QRDR, 0 PMQR, * aac(6`)-Ib-cr	2 mg/L [2-4]	wzi154	KL107	unknown (KL107)	Typeable	-	99.98%	-	OL2α.2	O2β	Typeable	-	99.17%	-
KP_NORM_BLD_2013_90851	Klebsiella pneumoniae	strong	4	5213805	5213805	5404399	no	-	ST2943	2	52	2	1	12	1	34	0	-	-	-	-	-	-	-	-	-	-	-	-	-	0	-	-	-	-	-	-	-	-	-	-	-	-	-	-	-	-	-	0	-	-	-	-	-	-	-	0	-	-	-	-	-	-	0	-	-	-	-	-	0	-	-	-	-	-	-	-	-	-	-	-	-	-	-	-	-	-	-	-	SHV-27^;SHV-27^;SHV-27^;SHV-27^;SHV-27^;SHV-27^;SHV-27^;SHV-27^;SHV-27^;SHV-27^;SHV-27^;SHV-27^;SHV-27^;SHV-27^;SHV-27^	SHV:p.Gly156Asp;SHV:p.Gly156Asp;SHV:p.Gly156Asp;SHV:p.Gly156Asp;SHV:p.Gly156Asp;SHV:p.Gly156Asp;SHV:p.Gly156Asp;SHV:p.Gly156Asp;SHV:p.Gly156Asp;SHV:p.Gly156Asp;SHV:p.Gly156Asp;SHV:p.Gly156Asp;SHV:p.Gly156Asp;SHV:p.Gly156Asp;SHV:p.Gly156Asp	-	-	-	-	fosA7.5*?-0%	0	0	0	wildtype S	90.99% S (N=5168/5680)	0^ QRDR, 0 PMQR, 0 aac(6`)-Ib-cr	0.25 mg/L [0.25-0.25]	wzi39	KL13	K13	Typeable	-	99.49%	-	OL3γ	O3γ	Typeable	-	99.57%	-
KP_NORM_BLD_2013_91198	Klebsiella pneumoniae	strong	3	5310972	5310972	5536851	no	-	ST2947	2	6	1	3	293	1	77	437	ybt 14; ICEKp5	4	4	31	4	1	67	449	2	4	4	36	-	0	-	-	-	-	-	-	-	-	-	-	-	-	-	-	-	-	-	0	-	-	-	-	-	-	-	0	-	-	-	-	-	-	0	-	-	-	-	-	1	-	-	strB.v1;aph3-Ia.v1^;strA.v1^	-	-	-	-	-	-	-	sul2*	-	-	dfrA14.v2*	-	-	-	-	-	SHV-1^	-	-	-	GyrA:p.Ser83Ile;ParC:p.Ser80Ile	-	-	0	5	6	nonwildtype R	99.21% R (N=2147/2167)	>1 QRDR, 0 PMQR, * aac(6`)-Ib-cr	2 mg/L [2-4]	wzi104	KL51	K51	Typeable	!	99.69%	-	OL2α.2	O1αβ,2β	Typeable	-	99.17%	-
KP_NORM_BLD_2013_91444	Klebsiella pneumoniae	strong	5	5280692	5280692	5626895	no	-	ST340	3	3	1	1	1	1	18	0	-	-	-	-	-	-	-	-	-	-	-	-	-	0	-	-	-	-	-	-	-	-	-	-	-	-	-	-	-	-	-	0	-	-	-	-	-	-	-	0	-	-	-	-	-	-	0	-	-	-	-	-	0	-	-	aac(3)-IIa.v1^;strB.v1;aph3-Ia.v1^;strA.v1^;aadA2;aadA2^;aac(6')-Ib-cr.v2	-	-	qnrB1.v2^;aac(6')-Ib-cr.v2	-	Mrx;mphA	-	-	sul1;sul1;sul2	tet(A).v1	-	dfrA12;dfrA14.v2*	OXA-1	-	CTX-M-15	-	-	SHV-11	SHV:p.Leu35Gln	-	-	GyrA:p.Ser83Ile;ParC:p.Ser80Ile	-	catB3.v1?-70%	1	9	20	nonwildtype R	99.22% R (N=2424/2443)	>0 QRDR, >0 PMQR, * aac(6`)-Ib-cr	4 mg/L [4-4]	wzi50	KL15	K15	Typeable	-	99.98%	-	OL4	O4	Typeable	-	99.49%	-
KP_NORM_BLD_2013_92328	Klebsiella pneumoniae	strong	5	5397762	5397762	5585389	no	-	ST950	2	1	1	20	56	4	31	0	-	-	-	-	-	-	-	-	-	-	-	-	-	0	-	-	-	-	-	-	-	-	-	-	-	-	-	-	-	-	-	0	-	-	-	-	-	-	-	0	-	-	-	-	-	-	0	-	-	-	-	-	0	-	-	-	-	-	-	-	-	-	-	-	-	-	-	-	-	CTX-M-15	-	-	SHV-1	-	-	-	-	-	-	1	2	2	wildtype S	90.99% S (N=5168/5680)	0^ QRDR, 0 PMQR, 0 aac(6`)-Ib-cr	0.25 mg/L [0.25-0.25]	wzi7	KL7	K7	Typeable	-	99.51%	-	OL2α.1	O1αβ,2α	Typeable	-	99.43%	-
KP_NORM_BLD_2014_100833	Klebsiella pneumoniae	strong	5	5375683	5375683	5667209	no	-	ST340	3	3	1	1	1	1	18	303-1LV	ybt 13; ICEKp2	6	4	20	61	1	253	299	2	76	4	2	-	0	-	-	-	-	-	-	-	-	-	-	-	-	-	-	-	-	-	0	-	-	-	-	-	-	-	0	-	-	-	-	-	-	0	-	-	-	-	-	1	-	-	aadA2^;aac(6')-Ib-cr.v2	-	-	aac(6')-Ib-cr.v2	-	Mrx;mphA	-	-	sul1	tet(A).v1	-	dfrA12	OXA-1	-	CTX-M-15	-	-	SHV-11	SHV:p.Leu35Gln	OmpK36:p.Gln286fs	-	GyrA:p.Ser83Ile;ParC:p.Ser80Ile	-	catB3.v1?-70%;catA1*?-0%	1	8	10	nonwildtype R	99.21% R (N=2147/2167)	>1 QRDR, 0 PMQR, * aac(6`)-Ib-cr	2 mg/L [2-4]	wzi50	KL15	K15	Typeable	-	99.98%	-	OL4	O4	Typeable	-	99.49%	-
KP_NORM_BLD_2014_100848	Klebsiella pneumoniae	strong	2	5261421	5261421	5508146	no	-	ST307	4	1	2	52	1	1	7	0	-	-	-	-	-	-	-	-	-	-	-	-	-	0	-	-	-	-	-	-	-	-	-	-	-	-	-	-	-	-	-	0	-	-	-	-	-	-	-	0	-	-	-	-	-	-	0	-	-	-	-	-	0	-	-	aac(3)-IIa.v1^;strB.v1;strA.v1^;aac(6')-Ib-cr.v2	-	-	qnrB1.v2^;aac(6')-Ib-cr.v2	-	-	-	-	sul2	tet(A).v1	-	dfrA14.v2*	OXA-1	-	CTX-M-15	-	-	SHV-28^	-	-	-	GyrA:p.Ser83Ile;ParC:p.Ser80Ile	-	catB3.v1?-70%	1	8	12	nonwildtype R	99.22% R (N=2424/2443)	>0 QRDR, >0 PMQR, * aac(6`)-Ib-cr	4 mg/L [4-4]	wzi173	KL102	unknown (KL102)	Typeable	-	99.66%	-	OL2α.2	O2β	Typeable	-	99.13%	-
KP_NORM_BLD_2014_101320	Klebsiella pneumoniae	strong	2	5292296	5292296	5513385	no	-	ST307	4	1	2	52	1	1	7	0	-	-	-	-	-	-	-	-	-	-	-	-	-	0	-	-	-	-	-	-	-	-	-	-	-	-	-	-	-	-	-	0	-	-	-	-	-	-	-	0	-	-	-	-	-	-	0	-	-	-	-	-	0	-	-	aac(3)-IIa.v1^;strB.v1;aph3-Ia.v1^;strA.v1^;aac(6')-Ib-cr.v2	-	-	qnrB1.v2^;aac(6')-Ib-cr.v2	-	-	-	-	sul2	tet(A).v1	-	dfrA14.v2*	OXA-1	-	CTX-M-15	-	-	SHV-28^	-	-	-	GyrA:p.Ser83Ile;ParC:p.Ser80Ile	-	catB3.v1?-70%	1	8	13	nonwildtype R	99.22% R (N=2424/2443)	>0 QRDR, >0 PMQR, * aac(6`)-Ib-cr	4 mg/L [4-4]	wzi173	KL102	unknown (KL102)	Typeable	-	99.66%	-	OL2α.2	O2β	Typeable	-	99.13%	-
KP_NORM_BLD_2014_101821	Klebsiella pneumoniae	strong	6	5498474	5498474	5593154	no	-	ST147	3	4	6	1	7	4	38	444	ybt 9; ICEKp3	5	11	205	5	1	482	15	9	5	5	11	-	0	-	-	-	-	-	-	-	-	-	-	-	-	-	-	-	-	-	0	-	-	-	-	-	-	-	0	-	-	-	-	-	-	0	-	-	-	-	-	1	-	-	aac(3)-IIa.v1^;aadA*;aadA*;aac(6')-Ib'.v1;aac(6')-Ib-cr.v2	-	-	aac(6')-Ib-cr.v2	-	ereA2*	cmlA5	arr-2	sul1*	-	-	-	OXA-1	-	CTX-M-15	-	-	SHV-11^	SHV:p.Leu35Gln	-	-	GyrA:p.Ser83Tyr;GyrA:p.Asp87Ala;ParC:p.Ser80Ile	OXA-9.v1*-42%	catB3.v1?-70%	1	9	13	nonwildtype R	99.21% R (N=2147/2167)	>1 QRDR, 0 PMQR, * aac(6`)-Ib-cr	2 mg/L [2-4]	wzi420	KL10	K10	Typeable	-	99.03%	-	OL3α/β	O3αβ	Typeable	-	99.29%	-
KP_NORM_BLD_2014_102946	Klebsiella pneumoniae	strong	5	5336499	5336499	5646362	no	-	ST15	1	1	1	1	1	1	1	17	ybt 10; ICEKp4	15	3	4	3	3	7	28	3	3	3	3	-	0	-	-	-	-	-	-	-	-	-	-	-	-	-	-	-	-	-	0	-	-	-	-	-	-	-	0	-	-	-	-	-	-	0	-	-	-	-	-	1	-	-	aac(3)-IIa.v1^;strB.v1;strA.v1^;aac(6')-Ib-cr.v2	-	-	qnrB1.v2^;aac(6')-Ib-cr.v2	-	-	-	-	sul2	tet(A).v1	-	dfrA14.v2*	OXA-1*	-	CTX-M-15	-	-	SHV-28^	-	-	-	GyrA:p.Ser83Phe;GyrA:p.Asp87Ala;ParC:p.Ser80Ile	-	catB3.v1?-70%	1	8	12	nonwildtype R	99.22% R (N=2424/2443)	>0 QRDR, >0 PMQR, * aac(6`)-Ib-cr	4 mg/L [4-4]	wzi93	KL112	unknown (KL112)	Typeable	-	99.53%	-	OL2α.1	O1αβ,2α	Typeable	-	99.15%	-
KP_NORM_BLD_2014_103381	Klebsiella pneumoniae	strong	3	5287605	5287605	5485652	no	-	ST307	4	1	2	52	1	1	7	0	-	-	-	-	-	-	-	-	-	-	-	-	-	0	-	-	-	-	-	-	-	-	-	-	-	-	-	-	-	-	-	0	-	-	-	-	-	-	-	0	-	-	-	-	-	-	0	-	-	-	-	-	0	-	-	aac(3)-IIa.v1^;strB.v1;strA.v1^;aac(6')-Ib-cr.v2	-	-	qnrB1.v2^;aac(6')-Ib-cr.v2	-	-	-	-	sul2	tet(A).v1	-	dfrA14.v2*	OXA-1	-	CTX-M-15	-	-	SHV-28^	-	-	-	GyrA:p.Ser83Ile;ParC:p.Ser80Ile	-	catB3.v1?-70%	1	8	12	nonwildtype R	99.22% R (N=2424/2443)	>0 QRDR, >0 PMQR, * aac(6`)-Ib-cr	4 mg/L [4-4]	wzi173	KL102	unknown (KL102)	Typeable	-	99.66%	-	OL2α.2	O2β	Typeable	-	99.13%	-
KP_NORM_BLD_2014_104014	Klebsiella pneumoniae	strong	8	5319653	5319653	5920038	no	-	ST15	1	1	1	1	1	1	1	449-1LV	ybt 0; ICEKp4 (truncated)	6	4	20	14	1	126*-27%	373	3	10	9	2	-	0	-	-	-	-	-	-	-	-	-	-	-	-	-	-	-	-	-	1	iuc 1	1	1	1	1	1	-	0	-	-	-	-	-	-	0	-	40*-59%	-	-	-	4	-	rmpA2_8*-60%	aadA^;aac(3)-IIa.v1;aph(3')-Ia;aac(6')-Ib-cr.v2;sat-2	-	-	aac(6')-Ib-cr.v2	-	-	catA1^	-	sul1	-	-	dfrA1.v1	OXA-1	-	CTX-M-15;CTX-M-15;SHV-5	-	-	SHV-28^	SHV:p.Gly238Ser;SHV:p.Glu240Lys	OmpK36:p.134_135insGlyAsp;OmpK35:c.T76del	-	GyrA:p.Ser83Phe;GyrA:p.Asp87Ala;ParC:p.Ser80Ile	-	-	1	8	15	nonwildtype R	99.21% R (N=2147/2167)	>1 QRDR, 0 PMQR, * aac(6`)-Ib-cr	2 mg/L [2-4]	wzi24	KL24	K24	Typeable	!	99.15%	-	OL2α.1	O1αβ,2α	Typeable	-	99.19%	-
KP_NORM_BLD_2014_104302	Klebsiella pneumoniae	strong	2	5235327	5235327	5516106	no	-	ST14	1	6	1	1	1	1	1	0	-	-	-	-	-	-	-	-	-	-	-	-	-	0	-	-	-	-	-	-	-	-	-	-	-	-	-	-	-	-	-	0	-	-	-	-	-	-	-	0	-	-	-	-	-	-	0	-	-	-	-	-	0	-	-	strB.v1;strA.v1^	-	-	qnrB1.v2^	-	-	-	-	sul2	tet(A).v1	-	dfrA14.v2*	-	-	CTX-M-15	-	-	SHV-28^	-	-	-	-	-	-	1	7	8	nonwildtype I	81.25% I/R (n=130/160)	0 QRDR, qnrB1, 0 aac(6`)-Ib-cr	0.5 mg/L [0.5-1]	wzi2	KL2	K2	Typeable	-	99.84%	-	OL2α.1	O1αβ,2α	Typeable	-	99.95%	-
KP_NORM_BLD_2014_96855	Klebsiella pneumoniae	strong	5	5222179	5222179	5671312	no	-	ST420	2	1	65	2	5	1	36	69	ybt 9; ICEKp3	28	11	6	5	1	25	37	9	5	5	11	-	0	-	-	-	-	-	-	-	-	-	-	-	-	-	-	-	-	-	5	iuc 1	1	1	1	1	10	-	1	iro 1	1	1	1	1	-	45-1LV	rmp 1; KpVP-1	2	27*	2	-	4	-	rmpA2_3-47%	aac(3)-IIa.v1^;aadA*;aac(6')-Ib-cr.v2	-	-	aac(6')-Ib-cr.v2	-	ereA2*	cmlA5	arr-2	sul1*	-	-	-	OXA-1	-	CTX-M-15	-	-	SHV-75	-	-	-	-	-	catB3.v1?-70%	1	8	10	wildtype S	65.63% S (N=105/160)	0 QRDR, 0 PMQR, 1 aac(6`)-Ib-cr	0.25 mg/L [0.25-0.5]	wzi95	KL20	K20	Typeable	-	99.99%	-	OL2α.1	O1αβ,2α	Typeable	-	99.18%	-
KP_NORM_BLD_2015_108843	Klebsiella pneumoniae	strong	7	5414952	5414952	5907519	no	-	ST14	1	6	1	1	1	1	1	0	-	-	-	-	-	-	-	-	-	-	-	-	-	0	-	-	-	-	-	-	-	-	-	-	-	-	-	-	-	-	-	1	iuc 1	1	1	1	1	1	-	0	-	-	-	-	1*-0%	iroN_19*-0%;iroN_20*-0%;iroN_23*-0%;iroN_24*-0%;iroN_25*-0%;iroN_29*-0%	26	rmp 1; KpVP-1	2	2	2	-	3	iroN_19*0%;iroN_20*0%;iroN_23*0%;iroN_24*0%;iroN_25*0%;iroN_29*0%	rmpA2_8-60%	strB.v1;strB.v1;strA.v1;strA.v1;armA;aac(6')-Ib7*	-	-	-	-	msrE*;mphE.v2	-	-	sul1;sul2	-	-	-	CMY-4.v1	-	-	-	OXA-48	SHV-28^	-	-	-	GyrA:p.Ser83Phe	-	-	2	6	12	nonwildtype R	77.67% R (N=80/103)	1 QRDR, 0 PMQR, 0 aac(6`)-Ib-cr	1 mg/L [1-2]	wzi2	KL2	K2	Typeable	-	99.77%	-	OL2α.1	O1αβ,2α	Typeable	-	99.94%	-
KP_NORM_BLD_2015_111587	Klebsiella pneumoniae	strong	7	5284210	5284210	5576772	no	-	ST11	3	3	1	1	1	1	4	183	ybt 9; ICEKp3	5	11	6	5	1	25	37	9	5	5	11	-	0	-	-	-	-	-	-	-	-	-	-	-	-	-	-	-	-	-	0	-	-	-	-	-	-	-	0	-	-	-	-	-	-	0	-	-	-	-	-	1	-	-	aac(3)-IIa.v1^;strB.v1;aph3-Ia.v1^;strA.v1^;aadA2^;aac(6')-Ib-cr.v2	-	-	qnrS1;aac(6')-Ib-cr.v2	-	Mrx;mphA	floR.v1*	-	sul1;sul2	tet(A).v1	-	dfrA12	LAP-2;OXA-1	-	CTX-M-15	-	-	SHV-11	SHV:p.Leu35Gln	-	-	GyrA:p.Ser83Ile;ParC:p.Ser80Ile	-	catB3.v1?-70%	1	9	18	nonwildtype R	99.22% R (N=2424/2443)	>0 QRDR, >0 PMQR, * aac(6`)-Ib-cr	4 mg/L [4-4]	wzi50	KL15	K15	Typeable	-	99.92%	-	OL4	O4	Typeable	-	99.46%	-
KP_NORM_BLD_2015_112126	Klebsiella pneumoniae	strong	5	5284191	5284191	5841099	no	-	ST15	1	1	1	1	1	1	1	449	ybt 0; ICEKp4	6	4	20	14	1	126	373	3	10	9	2	-	0	-	-	-	-	-	-	-	-	-	-	-	-	-	-	-	-	-	1	iuc 1	1	1	1	1	1	-	0	-	-	-	-	-	-	0	-	40*-59%	-	-	-	4	-	rmpA2_8*-60%	aac(3)-IIa.v1;aac(6')-Ib-cr.v2	-	-	aac(6')-Ib-cr.v2	-	-	catA1^	-	-	tet(A).v1	-	-	OXA-1	-	CTX-M-15	-	-	SHV-28^	-	OmpK36:p.134_135insGlyAsp	-	GyrA:p.Ser83Phe;GyrA:p.Asp87Ala;ParC:p.Ser80Ile	-	catB3.v1?-70%	1	7	9	nonwildtype R	99.21% R (N=2147/2167)	>1 QRDR, 0 PMQR, * aac(6`)-Ib-cr	2 mg/L [2-4]	wzi24	KL24	K24	Typeable	!	99.18%	-	OL2α.1	O1αβ,2α	Typeable	!	99.10%	-
KP_NORM_BLD_2015_115359	Klebsiella pneumoniae	strong	3	5278596	5278596	5544555	no	-	ST2954	138	1	1	6	7	1	12	78	ybt 10; ICEKp4	3	12	4	11	3	21	18	3	10	16	2	-	0	-	-	-	-	-	-	-	-	-	-	-	-	-	-	-	-	-	25	iuc 3	9	7	12	8	17	-	0	-	-	-	-	-	-	0	-	-	-	-	-	4	-	-	-	-	-	-	-	-	-	-	-	-	-	-	-	-	CTX-M-1	-	-	SHV-1	-	-	-	-	-	-	1	1	1	wildtype S	90.99% S (N=5168/5680)	0^ QRDR, 0 PMQR, 0 aac(6`)-Ib-cr	0.25 mg/L [0.25-0.25]	wzi101	KL24	K24	Typeable	-	99.56%	-	OL2α.1	O2α	Typeable	-	99.37%	-
KP_NORM_BLD_2247	Klebsiella pneumoniae	strong	1	5185857	5185857	5185857	no	-	ST1412	2	5	1	1	4	1	18	451	ybt 0; ICEKp?	121	32	190	173	1	500	608	128	109	165	278	-	0	-	-	-	-	-	-	-	-	-	-	-	-	-	-	-	-	-	0	-	-	-	-	-	-	-	0	-	-	-	-	-	-	0	-	-	-	-	-	1	-	-	-	-	-	-	-	-	-	-	-	-	-	-	-	-	-	-	-	SHV-1	-	-	-	-	-	-	0	0	0	wildtype S	90.99% S (N=5168/5680)	0^ QRDR, 0 PMQR, 0 aac(6`)-Ib-cr	0.25 mg/L [0.25-0.25]	wzi7	KL7	K7	Typeable	-	99.52%	-	OL2α.2	O2β	Typeable	-	99.13%	-
KP_NORM_BLD_2254	Klebsiella pneumoniae	strong	2	5204006	5204006	5314968	no	-	ST105	2	3	2	1	1	4	18	452	ybt 0; ICEKp?	138	63	123	68	72	299	333	9	8	104	14	-	0	-	-	-	-	-	-	-	-	-	-	-	-	-	-	-	-	-	0	-	-	-	-	-	-	-	0	-	-	-	-	-	-	0	-	-	-	-	-	1	-	-	-	-	-	-	-	-	-	-	-	-	-	-	-	-	-	-	-	SHV-1^	-	-	-	-	-	-	0	0	0	wildtype S	90.99% S (N=5168/5680)	0^ QRDR, 0 PMQR, 0 aac(6`)-Ib-cr	0.25 mg/L [0.25-0.25]	wzi383	KL102	unknown (KL102)	Typeable	-	99.66%	-	OL2α.2	O2β	Typeable	-	99.06%	-
KP_NORM_BLD_225	Klebsiella pneumoniae	strong	5	5308943	5308943	5527301	no	-	ST248	4	1	1	1	9	4	4	0	-	-	-	-	-	-	-	-	-	-	-	-	-	0	-	-	-	-	-	-	-	-	-	-	-	-	-	-	-	-	-	0	-	-	-	-	-	-	-	0	-	-	-	-	-	-	0	-	-	-	-	-	0	-	-	aadA2	-	-	qnrS1	-	-	-	-	sul1	-	-	-	LAP-2	-	-	-	-	SHV-11^	SHV:p.Leu35Gln	-	-	-	-	-	0	4	4	nonwildtype R	77.47% R (N=423/546)	0 QRDR, 1^ PMQR, 0 aac(6`)-Ib-cr	1 mg/L [1-2]	wzi555	KL162	unknown (KL162)	Typeable	!	99.51%	-	OL14	unknown (OL14)	Untypeable	-	94.14%	OL14_07_wzm;OL14_06_rhamnan;OL14_05_wbbL;OL14_04_rfbC;OL14_08_wzt
KP_NORM_BLD_228	Klebsiella pneumoniae	strong	1	5152033	5152033	5152033	no	-	ST76	4	1	1	1	21	1	35	0	-	-	-	-	-	-	-	-	-	-	-	-	-	0	-	-	-	-	-	-	-	-	-	-	-	-	-	-	-	-	-	0	-	-	-	-	-	-	-	0	-	-	-	-	-	-	0	-	-	-	-	-	0	-	-	-	-	-	-	-	-	-	-	-	-	-	-	-	-	-	-	-	SHV-1^;SHV-1^	-	OmpK36:p.Asn175fs	-	GyrA:p.Asp87Gly	-	-	0	1	0	wildtype S	90.99% S (N=5168/5680)	0^ QRDR, 0 PMQR, 0 aac(6`)-Ib-cr	0.25 mg/L [0.25-0.25]	wzi100	KL10	K10	Typeable	-	99.02%	-	OL3α/β	O3αβ	Typeable	-	99.26%	-
KP_NORM_BLD_231	Klebsiella pneumoniae	strong	5	5218152	5218152	5483444	no	-	ST416	2	38	1	1	7	4	89	0	-	-	-	-	-	-	-	-	-	-	-	-	-	0	-	-	-	-	-	-	-	-	-	-	-	-	-	-	-	-	-	0	-	-	-	-	-	-	-	0	-	-	-	-	-	-	0	-	-	-	-	-	0	-	-	-	-	-	-	-	-	-	-	-	-	-	-	-	-	-	-	-	SHV-14^	-	-	-	-	-	-	0	0	0	wildtype S	90.99% S (N=5168/5680)	0^ QRDR, 0 PMQR, 0 aac(6`)-Ib-cr	0.25 mg/L [0.25-0.25]	wzi273	KL30	K30	Typeable	!	95.04%	-	OL2α.2	O1αβ,2β	Typeable	-	99.49%	-
KP_NORM_BLD_2395	Klebsiella pneumoniae	strong	2	5327342	5327342	5467147	no	-	ST107	2	1	2	17	27	1	39	0	-	-	-	-	-	-	-	-	-	-	-	-	-	0	-	-	-	-	-	-	-	-	-	-	-	-	-	-	-	-	-	0	-	-	-	-	-	-	-	0	-	-	-	-	-	-	0	-	-	-	-	-	0	-	-	-	-	-	qnrS1	-	-	-	-	sul2	tet(A).v1	-	dfrA14.v2*	LAP-2	-	-	-	-	SHV-1^	-	-	-	-	-	-	0	5	5	nonwildtype R	77.47% R (N=423/546)	0 QRDR, 1^ PMQR, 0 aac(6`)-Ib-cr	1 mg/L [1-2]	wzi74	KL103	unknown (KL103)	Typeable	-	98.92%	-	OL2α.1	O1αβ,2α	Typeable	-	98.55%	-
KP_NORM_BLD_2497	Klebsiella pneumoniae	strong	3	5198494	5198494	5407952	no	-	ST870	2	6	1	1	147	1	31	0	-	-	-	-	-	-	-	-	-	-	-	-	-	0	-	-	-	-	-	-	-	-	-	-	-	-	-	-	-	-	-	0	-	-	-	-	-	-	-	0	-	-	-	-	-	-	0	-	-	-	-	-	0	-	-	strB.v1;strA.v1	-	-	-	-	-	-	-	-	tet(B).v2*;tetR	-	-	-	-	-	-	-	SHV-1^	-	-	-	-	-	-	0	2	4	wildtype S	90.99% S (N=5168/5680)	0^ QRDR, 0 PMQR, 0 aac(6`)-Ib-cr	0.25 mg/L [0.25-0.25]	wzi137	KL17	K17	Typeable	-	99.96%	-	OL2α.1	O1αβ,2α	Typeable	-	98.92%	-
KP_NORM_BLD_2508	Klebsiella pneumoniae	strong	3	5179889	5179889	5304561	no	-	ST2108	2	1	1	3	12	1	5	0	-	-	-	-	-	-	-	-	-	-	-	-	-	0	-	-	-	-	-	-	-	-	-	-	-	-	-	-	-	-	-	0	-	-	-	-	-	-	-	0	-	-	-	-	-	-	0	-	-	-	-	-	0	-	-	-	-	-	-	-	-	-	-	-	-	-	-	-	-	-	-	-	SHV-1^	-	-	-	-	-	-	0	0	0	wildtype S	90.99% S (N=5168/5680)	0^ QRDR, 0 PMQR, 0 aac(6`)-Ib-cr	0.25 mg/L [0.25-0.25]	wzi31	KL31	K31	Typeable	!	97.30%	-	OL5	O5	Typeable	-	98.30%	-
KP_NORM_BLD_2799	Klebsiella pneumoniae	strong	2	5447815	5447815	5544028	no	-	ST35	2	1	2	1	10	1	19	454	ybt 14; ICEKp2	4	4	56	4	1	135	540	2	4	4	60	-	0	-	-	-	-	-	-	-	-	-	-	-	-	-	-	-	-	-	0	-	-	-	-	-	-	-	0	-	-	-	-	-	-	0	-	-	-	-	-	1	-	-	-	-	-	-	-	-	-	-	-	-	-	-	-	-	-	-	-	SHV-33	-	-	-	-	-	-	0	0	0	wildtype S	90.99% S (N=5168/5680)	0^ QRDR, 0 PMQR, 0 aac(6`)-Ib-cr	0.25 mg/L [0.25-0.25]	wzi37	KL22	K22	Typeable	-	99.79%	-	OL2α.1	O1αβ,2α	Typeable	-	98.85%	-
KP_NORM_BLD_3074	Klebsiella pneumoniae	strong	4	5374805	5374805	5621864	no	-	ST134	3	1	2	1	1	1	4	0	-	-	-	-	-	-	-	-	-	-	-	-	-	0	-	-	-	-	-	-	-	-	-	-	-	-	-	-	-	-	-	0	-	-	-	-	-	-	-	0	-	-	-	-	-	-	0	-	-	-	-	-	0	-	-	-	-	-	-	-	-	-	-	-	-	-	-	-	-	-	-	-	SHV-60	SHV:p.Leu35Gln	-	-	-	-	-	0	0	0	wildtype S	90.99% S (N=5168/5680)	0^ QRDR, 0 PMQR, 0 aac(6`)-Ib-cr	0.25 mg/L [0.25-0.25]	wzi168	KL25	K25	Typeable	!	99.51%	-	OL5	O5	Typeable	-	98.24%	-
KP_NORM_BLD_60429	Klebsiella pneumoniae	strong	7	5291908	5291908	5854259	no	-	ST163	2	1	1	1	9	1	12	0	-	-	-	-	-	-	-	-	-	-	-	-	-	0	-	-	-	-	-	-	-	-	-	-	-	-	-	-	-	-	-	0	-	-	-	-	-	-	-	0	-	-	-	-	-	-	0	-	-	-	-	-	0	-	-	-	-	-	-	-	-	-	-	-	-	-	-	-	-	-	-	-	SHV-36	SHV:p.Leu35Gln	-	-	-	-	-	0	0	0	wildtype S	90.99% S (N=5168/5680)	0^ QRDR, 0 PMQR, 0 aac(6`)-Ib-cr	0.25 mg/L [0.25-0.25]	-	KL121	unknown (KL121)	Typeable	!	98.65%	-	OL2α.1	O2α	Typeable	!	99.25%	-
KP_NORM_BLD_60562	Klebsiella variicola subsp. variicola	strong	3	5426211	5426211	5705414	no	-	ST906	16	62	21	27	55	22	75	0	-	-	-	-	-	-	-	-	-	-	-	-	-	0	-	-	-	-	-	-	-	-	-	-	-	-	-	-	-	-	-	0	-	-	-	-	-	-	-	0	-	-	-	-	-	-	0	-	-	-	-	-	0	-	-	-	-	-	-	-	-	-	-	sul1	-	-	dfrA21	-	-	-	-	-	LEN-16^	-	OmpK36:p.Ala183fs	-	-	-	-	0	2	2	wildtype S	90.99% S (N=5168/5680)	0^ QRDR, 0 PMQR, 0 aac(6`)-Ib-cr	0.25 mg/L [0.25-0.25]	wzi548	KL3	K3	Typeable	!	99.00%	-	OL3α/β	O3αβ	Typeable	-	99.79%	-
KP_NORM_BLD_60723	Klebsiella pneumoniae	strong	3	5303313	5303313	5444529	no	-	ST4334	4	1	2	1	12	1	4	0	-	-	-	-	-	-	-	-	-	-	-	-	-	0	-	-	-	-	-	-	-	-	-	-	-	-	-	-	-	-	-	0	-	-	-	-	-	-	-	0	-	-	-	-	-	-	0	-	-	-	-	-	0	-	-	-	-	-	-	-	-	-	-	-	-	-	-	-	-	-	-	-	SHV-11^	SHV:p.Leu35Gln	-	-	-	-	-	0	0	0	wildtype S	90.99% S (N=5168/5680)	0^ QRDR, 0 PMQR, 0 aac(6`)-Ib-cr	0.25 mg/L [0.25-0.25]	wzi150	KL183	unknown (KL183)	Typeable	-	98.27%	-	OL10	O10	Typeable	-	97.73%	-
KP_NORM_BLD_60778	Klebsiella variicola subsp. variicola	strong	2	5429164	5429164	5553809	no	-	ST1478	16	24	21	27	54	22	105	0	-	-	-	-	-	-	-	-	-	-	-	-	-	0	-	-	-	-	-	-	-	-	-	-	-	-	-	-	-	-	-	0	-	-	-	-	-	-	-	0	-	-	-	-	-	-	0	-	-	-	-	-	0	-	-	-	-	-	-	-	-	-	-	-	-	-	-	-	-	-	-	-	LEN-2^	-	OmpK36:p.Ala183fs	-	-	-	-	0	0	0	wildtype S	90.99% S (N=5168/5680)	0^ QRDR, 0 PMQR, 0 aac(6`)-Ib-cr	0.25 mg/L [0.25-0.25]	wzi370	KL137	unknown (KL137)	Typeable	-	99.95%	-	OL3α/β	O3αβ	Typeable	-	99.89%	-
KP_NORM_BLD_60803	Klebsiella quasipneumoniae subsp. quasipneumoniae	strong	1	5339445	5339445	5339445	no	-	ST4350	50	19	282	39	133	63	162	0	-	-	-	-	-	-	-	-	-	-	-	-	-	0	-	-	-	-	-	-	-	-	-	-	-	-	-	-	-	-	-	0	-	-	-	-	-	-	-	0	-	-	-	-	-	-	0	-	-	-	-	-	0	-	-	-	-	-	-	-	-	-	-	-	-	-	-	-	-	-	-	-	OKP-A-8^	-	OmpK36:p.Ala183fs	-	-	-	-	0	0	0	wildtype S	90.99% S (N=5168/5680)	0^ QRDR, 0 PMQR, 0 aac(6`)-Ib-cr	0.25 mg/L [0.25-0.25]	-	KL35	K35	Typeable	!	97.84%	-	OL3α/β	O3αβ	Typeable	-	98.90%	-
KP_NORM_BLD_60874	Klebsiella pneumoniae	strong	2	5252942	5252942	5371007	no	-	ST3048	2	1	2	1	60	160	2	0	-	-	-	-	-	-	-	-	-	-	-	-	-	0	-	-	-	-	-	-	-	-	-	-	-	-	-	-	-	-	-	0	-	-	-	-	-	-	-	0	-	-	-	-	-	-	0	-	-	-	-	-	0	-	-	-	-	-	-	-	-	-	-	-	-	-	-	-	-	-	-	-	SHV-115*	SHV:p.Gly156Ser	-	-	-	-	fosA7*?-0%	0	0	0	wildtype S	90.99% S (N=5168/5680)	0^ QRDR, 0 PMQR, 0 aac(6`)-Ib-cr	0.25 mg/L [0.25-0.25]	wzi2	KL30	K30	Typeable	-+!	99.77%	KL30_02_cpsACP	OL3α/β	O3αβ	Untypeable	-!	99.67%	OL3α/β_08_wbdC;OL3α/β_05_wbdD;OL3α/β_06_wbdA;OL3α/β_04_wzt;OL3α/β_03_wzm;OL3α/β_07_wbdB
KP_NORM_BLD_61273	Klebsiella quasipneumoniae subsp. quasipneumoniae	strong	3	5199578	5199578	5680212	no	-	ST526	38	19	53	58	73	21	130	0	-	-	-	-	-	-	-	-	-	-	-	-	-	0	-	-	-	-	-	-	-	-	-	-	-	-	-	-	-	-	-	0	-	-	-	-	-	-	-	0	-	-	-	-	-	-	0	-	-	-	-	-	0	-	-	-	-	-	-	-	-	-	-	-	-	-	-	-	-	-	-	-	OKP-A-11^	-	-	-	-	-	-	0	0	0	wildtype S	90.99% S (N=5168/5680)	0^ QRDR, 0 PMQR, 0 aac(6`)-Ib-cr	0.25 mg/L [0.25-0.25]	-	KL137	unknown (KL137)	Typeable	-	98.50%	-	OL12	O12	Typeable	+!	99.17%	-
KP_NORM_BLD_61295	Klebsiella pneumoniae	strong	2	5279307	5279307	5497731	no	-	ST323	2	1	1	1	9	1	93	0	-	-	-	-	-	-	-	-	-	-	-	-	-	0	-	-	-	-	-	-	-	-	-	-	-	-	-	-	-	-	-	0	-	-	-	-	-	-	-	0	-	-	-	-	-	-	0	-	-	-	-	-	0	-	-	-	-	-	-	-	-	-	-	-	-	-	-	-	-	-	-	-	SHV-1^	-	-	-	GyrA:p.Ser83Tyr	fosA7*-15%	-	0	1	0	nonwildtype R	77.67% R (N=80/103)	1 QRDR, 0 PMQR, 0 aac(6`)-Ib-cr	1 mg/L [1-2]	wzi262	KL21	K21	Typeable	-	100.00%	-	OL3γ	O3γ	Typeable	-	99.68%	-
KP_NORM_BLD_61439	Klebsiella pneumoniae	strong	3	5442266	5442266	5797828	no	-	ST461	3	1	13	34	63	1	64	0	-	-	-	-	-	-	-	-	-	-	-	-	-	0	-	-	-	-	-	-	-	-	-	-	-	-	-	-	-	-	-	0	-	-	-	-	-	-	-	0	-	-	-	-	-	-	0	-	-	-	-	-	0	-	-	-	-	-	-	-	-	-	-	-	-	-	-	-	-	-	-	-	SHV-1^	-	-	-	-	-	-	0	0	0	wildtype S	90.99% S (N=5168/5680)	0^ QRDR, 0 PMQR, 0 aac(6`)-Ib-cr	0.25 mg/L [0.25-0.25]	wzi123	KL136	unknown (KL136)	Typeable	-!	99.92%	KL136_12_wcaJ;KL136_16_wcuI;KL136_15_wzx;KL136_13_wcuC;KL136_14	OL2α.2	O1αβ,2β	Typeable	-	99.18%	-
KP_NORM_BLD_61444	Klebsiella variicola subsp. variicola	strong	1	5560656	5560656	5560656	no	-	ST1778	16	98	21	132	38	22	67	460	ybt 26; ICEKp18	44	61	58	65	40	242	544	45	38	63	291	-	0	-	-	-	-	-	-	-	-	-	-	-	-	-	-	-	-	-	0	-	-	-	-	-	-	-	0	-	-	-	-	-	-	0	-	-	-	-	-	1	-	-	-	-	-	-	-	-	-	-	-	-	-	-	-	-	-	-	-	LEN-13*	-	OmpK36:p.Ala183fs	-	-	-	-	0	0	0	wildtype S	90.99% S (N=5168/5680)	0^ QRDR, 0 PMQR, 0 aac(6`)-Ib-cr	0.25 mg/L [0.25-0.25]	wzi54	KL54	K54	Typeable	-	96.98%	-	OL3α/β	O3αβ	Typeable	-	99.88%	-
KP_NORM_BLD_61459	Klebsiella pneumoniae	strong	2	5285305	5285305	5424312	no	-	ST776	2	1	2	1	2	1	2	0	-	-	-	-	-	-	-	-	-	-	-	-	-	0	-	-	-	-	-	-	-	-	-	-	-	-	-	-	-	-	-	0	-	-	-	-	-	-	-	0	-	-	-	-	-	-	0	-	-	-	-	-	0	-	-	-	-	-	-	-	-	-	-	-	-	-	-	-	-	-	-	-	SHV-11^	SHV:p.Leu35Gln	-	-	-	-	-	0	0	0	wildtype S	90.99% S (N=5168/5680)	0^ QRDR, 0 PMQR, 0 aac(6`)-Ib-cr	0.25 mg/L [0.25-0.25]	wzi274	KL158	unknown (KL158)	Typeable	-	99.82%	-	OL3α/β	O3αβ	Typeable	-	98.76%	-
KP_NORM_BLD_61886	Klebsiella variicola subsp. variicola	strong	1	5454094	5454094	5454094	no	-	ST4169	16	24	21	194	42	29	71	0	-	-	-	-	-	-	-	-	-	-	-	-	-	0	-	-	-	-	-	-	-	-	-	-	-	-	-	-	-	-	-	0	-	-	-	-	-	-	-	0	-	-	-	-	-	-	0	-	-	-	-	-	0	-	-	-	-	-	-	-	-	-	-	-	-	-	-	-	-	-	-	-	LEN-17^	-	OmpK36:p.Ala183fs	-	-	-	-	0	0	0	wildtype S	90.99% S (N=5168/5680)	0^ QRDR, 0 PMQR, 0 aac(6`)-Ib-cr	0.25 mg/L [0.25-0.25]	wzi379	KL143	unknown (KL143)	Typeable	-	97.55%	-	OL3α/β	O3αβ	Typeable	-	99.52%	-
KP_NORM_BLD_61894	Klebsiella pneumoniae	strong	3	5322844	5322844	5626545	no	-	ST876	6	3	1	1	12	1	110	0	-	-	-	-	-	-	-	-	-	-	-	-	-	0	-	-	-	-	-	-	-	-	-	-	-	-	-	-	-	-	-	0	-	-	-	-	-	-	-	0	-	-	-	-	-	-	0	-	-	-	-	-	0	-	-	strB.v1;strA.v1^	-	-	-	-	-	-	-	-	tet(A).v1*	-	-	-	-	-	-	-	SHV-11^	SHV:p.Leu35Gln	-	-	-	-	-	0	2	3	wildtype S	90.99% S (N=5168/5680)	0^ QRDR, 0 PMQR, 0 aac(6`)-Ib-cr	0.25 mg/L [0.25-0.25]	wzi100	KL10	K10	Typeable	!	98.97%	-	OL3γ	O3γ	Typeable	-	99.66%	-
KP_NORM_BLD_62164	Klebsiella pneumoniae	strong	3	5226802	5226802	5236879	no	-	ST43	2	6	1	5	11	1	15	0	-	-	-	-	-	-	-	-	-	-	-	-	-	0	-	-	-	-	-	-	-	-	-	-	-	-	-	-	-	-	-	0	-	-	-	-	-	-	-	0	-	-	-	-	-	-	0	-	-	-	-	-	0	-	-	strB.v1	-	-	-	-	-	-	-	sul2	tet(A).v1;tet(A).v1	-	dfrA14.v2	-	-	-	-	-	SHV-11^	SHV:p.Leu35Gln	-	-	-	-	strA.v1*?-66%	0	4	5	wildtype S	90.99% S (N=5168/5680)	0^ QRDR, 0 PMQR, 0 aac(6`)-Ib-cr	0.25 mg/L [0.25-0.25]	-	KL18	K18	Typeable	!	99.68%	-	OL2α.1	O1αβ,2α	Typeable	-	98.93%	-
KP_NORM_BLD_62202	Klebsiella pneumoniae	strong	4	5086381	5086381	5317867	no	-	ST1035	4	1	1	26	1	1	4	0	-	-	-	-	-	-	-	-	-	-	-	-	-	0	-	-	-	-	-	-	-	-	-	-	-	-	-	-	-	-	-	0	-	-	-	-	-	-	-	0	-	-	-	-	-	-	0	-	-	-	-	-	0	-	-	-	-	-	-	-	-	-	-	-	-	-	-	-	-	-	-	-	-	-	-	-	-	-	-	0	0	0	wildtype S	90.99% S (N=5168/5680)	0^ QRDR, 0 PMQR, 0 aac(6`)-Ib-cr	0.25 mg/L [0.25-0.25]	wzi116	KL57	K57	Typeable	!	98.33%	-	OL2α.2	O1αβ,2β	Typeable	-	98.97%	-
KP_NORM_BLD_62486	Klebsiella variicola subsp. variicola	strong	2	5562745	5562745	5604537	no	-	ST639	16	18	21	27	54	22	85	0	-	-	-	-	-	-	-	-	-	-	-	-	-	0	-	-	-	-	-	-	-	-	-	-	-	-	-	-	-	-	-	0	-	-	-	-	-	-	-	0	-	-	-	-	-	-	0	-	-	-	-	-	0	-	-	-	-	-	-	-	-	-	-	-	-	-	-	-	-	-	-	-	LEN-18*	-	OmpK36:p.Ala183fs	-	-	-	-	0	0	0	wildtype S	90.99% S (N=5168/5680)	0^ QRDR, 0 PMQR, 0 aac(6`)-Ib-cr	0.25 mg/L [0.25-0.25]	wzi338	KL105	unknown (KL105)	Typeable	-	98.90%	-	OL3α/β	O3αβ	Typeable	-	99.82%	-
KP_NORM_BLD_62504	Klebsiella pneumoniae	strong	5	5104501	5104501	5466277	no	-	ST359	10	1	2	1	9	27	6	0	-	-	-	-	-	-	-	-	-	-	-	-	-	0	-	-	-	-	-	-	-	-	-	-	-	-	-	-	-	-	-	0	-	-	-	-	-	-	-	0	-	-	-	-	-	-	0	-	-	-	-	-	0	-	-	-	-	-	-	-	-	-	-	-	-	-	-	-	-	-	-	-	SHV-1^	-	-	-	-	-	-	0	0	0	wildtype S	90.99% S (N=5168/5680)	0^ QRDR, 0 PMQR, 0 aac(6`)-Ib-cr	0.25 mg/L [0.25-0.25]	wzi90	KL22	K37	Typeable	!	99.74%	-	OL2α.1	O1αβ,2α	Typeable	-	99.21%	-
KP_NORM_BLD_62512	Klebsiella variicola subsp. variicola	strong	2	5473564	5473564	5752985	no	-	ST4176	16	24	21	286	39	22	85	0	-	-	-	-	-	-	-	-	-	-	-	-	-	0	-	-	-	-	-	-	-	-	-	-	-	-	-	-	-	-	-	0	-	-	-	-	-	-	-	0	-	-	-	-	-	-	0	-	-	-	-	-	0	-	-	-	-	-	-	-	-	-	-	-	-	-	-	-	-	-	-	-	LEN-2*	-	OmpK36:p.Ala183fs	-	-	-	-	0	0	0	wildtype S	90.99% S (N=5168/5680)	0^ QRDR, 0 PMQR, 0 aac(6`)-Ib-cr	0.25 mg/L [0.25-0.25]	wzi541	KL23	Capsule null	Typeable	-!	93.78%	KL23_09_wckU	OL3α/β	O3αβ	Typeable	-	99.88%	-
KP_NORM_BLD_62638	Klebsiella pneumoniae	strong	2	5297684	5297684	5379490	no	-	ST432	4	1	1	2	7	4	4	0	-	-	-	-	-	-	-	-	-	-	-	-	-	0	-	-	-	-	-	-	-	-	-	-	-	-	-	-	-	-	-	0	-	-	-	-	-	-	-	0	-	-	-	-	-	-	0	-	-	-	-	-	0	-	-	-	-	-	-	-	-	-	-	-	-	-	-	-	-	-	-	-	SHV-60	SHV:p.Leu35Gln	-	-	-	-	-	0	0	0	wildtype S	90.99% S (N=5168/5680)	0^ QRDR, 0 PMQR, 0 aac(6`)-Ib-cr	0.25 mg/L [0.25-0.25]	-	KL132	unknown (KL132)	Typeable	!	99.47%	-	OL2α.1	O2α	Typeable	-	99.25%	-
KP_NORM_BLD_62649	Klebsiella pneumoniae	strong	2	5235031	5235031	5374242	no	-	ST105	2	3	2	1	1	4	18	465	ybt 14; ICEKp5	4	4	5	159	1	69	62	2	4	4	20	-	0	-	-	-	-	-	-	-	-	-	-	-	-	-	-	-	-	-	0	-	-	-	-	-	-	-	0	-	-	-	-	-	-	0	-	-	-	-	-	1	-	-	-	-	-	-	-	-	-	-	-	-	-	-	-	-	-	-	-	SHV-1^	-	OmpK36:p.Gly182fs	-	-	-	-	0	0	0	wildtype S	90.99% S (N=5168/5680)	0^ QRDR, 0 PMQR, 0 aac(6`)-Ib-cr	0.25 mg/L [0.25-0.25]	wzi383	KL102	Capsule null	Typeable	!	99.58%	-	OL2α.2	O2β	Typeable	-	99.06%	-
KP_NORM_BLD_62912	Klebsiella pneumoniae	strong	3	5375009	5375009	5561551	no	-	ST881	2	68	1	1	10	4	13	466-1LV	ybt 16; ICEKp12	6	15	5	144	11	367	429	2	11	4	213	-	0	-	-	-	-	-	-	-	-	-	-	-	-	-	-	-	-	-	79	iuc 3	9	34	38	8	9	-	0	-	-	-	-	-	-	0	-	-	-	-	-	4	-	-	-	-	-	-	-	-	-	-	-	tet(A).v1	-	-	-	-	-	-	-	SHV-27	SHV:p.Gly156Asp	-	-	-	-	-	0	1	1	wildtype S	90.99% S (N=5168/5680)	0^ QRDR, 0 PMQR, 0 aac(6`)-Ib-cr	0.25 mg/L [0.25-0.25]	wzi72	KL2	K2	Typeable	-	99.56%	-	OL2α.2	O1αβ,2β	Typeable	-	99.29%	-
KP_NORM_BLD_62914	Klebsiella pneumoniae	strong	3	5263689	5263689	5437350	no	-	ST967	2	1	19	4	9	4	34	0	-	-	-	-	-	-	-	-	-	-	-	-	-	0	-	-	-	-	-	-	-	-	-	-	-	-	-	-	-	-	-	0	-	-	-	-	-	-	-	0	-	-	-	-	-	-	0	-	-	-	-	-	0	-	-	strB.v1*;strA.v1*	-	-	-	-	Mrx;mphA	-	-	sul2	tet(A).v1	-	dfrA14.v2*	-	-	-	-	-	SHV-27	SHV:p.Gly156Asp	-	-	-	-	-	0	6	8	wildtype S	90.99% S (N=5168/5680)	0^ QRDR, 0 PMQR, 0 aac(6`)-Ib-cr	0.25 mg/L [0.25-0.25]	wzi81	KL18	K18	Typeable	-	99.82%	-	OL2α.2	O1αβ,2β	Typeable	-	99.45%	-
KP_NORM_BLD_62920	Klebsiella pneumoniae	strong	2	5305663	5305663	5518078	no	-	ST4229	2	1	1	1	1	4	17	0	-	-	-	-	-	-	-	-	-	-	-	-	-	0	-	-	-	-	-	-	-	-	-	-	-	-	-	-	-	-	-	0	-	-	-	-	-	-	-	0	-	-	-	-	-	-	0	-	-	-	-	-	0	-	-	-	-	-	-	-	-	-	-	-	-	-	-	-	-	-	-	-	SHV-108	SHV:p.Leu35Gln	-	-	-	-	-	0	0	0	wildtype S	90.99% S (N=5168/5680)	0^ QRDR, 0 PMQR, 0 aac(6`)-Ib-cr	0.25 mg/L [0.25-0.25]	wzi8	KL8	K8	Typeable	-	100.00%	-	OL2α.2	O2β	Typeable	-	99.07%	-
KP_NORM_BLD_62922	Klebsiella pneumoniae	strong	5	5260057	5260057	5515853	no	-	ST4340	4	2	1	4	9	1	605	0	-	-	-	-	-	-	-	-	-	-	-	-	-	0	-	-	-	-	-	-	-	-	-	-	-	-	-	-	-	-	-	0	-	-	-	-	-	-	-	0	-	-	-	-	-	-	0	-	-	-	-	-	0	-	-	-	-	-	-	-	-	-	-	-	-	-	-	-	-	-	-	-	SHV-11^	SHV:p.Leu35Gln	-	-	-	-	-	0	0	0	wildtype S	90.99% S (N=5168/5680)	0^ QRDR, 0 PMQR, 0 aac(6`)-Ib-cr	0.25 mg/L [0.25-0.25]	wzi50	KL15	K15	Typeable	-	99.92%	-	OL4	O4	Typeable	-	99.56%	-
KP_NORM_BLD_62926	Klebsiella pneumoniae	strong	1	5194611	5194611	5194611	no	-	ST294	2	1	2	1	4	4	87	0	-	-	-	-	-	-	-	-	-	-	-	-	-	0	-	-	-	-	-	-	-	-	-	-	-	-	-	-	-	-	-	0	-	-	-	-	-	-	-	0	-	-	-	-	-	-	0	-	-	-	-	-	0	-	-	-	-	-	-	-	-	-	-	-	-	-	-	-	-	-	-	-	SHV-1^	-	-	-	-	-	-	0	0	0	wildtype S	90.99% S (N=5168/5680)	0^ QRDR, 0 PMQR, 0 aac(6`)-Ib-cr	0.25 mg/L [0.25-0.25]	-	KL30	K30	Typeable	!	99.73%	-	OL2α.1	O1αβ,2α	Typeable	-	99.85%	-
KP_NORM_BLD_62934	Klebsiella pneumoniae	strong	1	5301360	5301360	5301360	no	-	ST189	2	3	41	1	17	4	46	0	-	-	-	-	-	-	-	-	-	-	-	-	-	0	-	-	-	-	-	-	-	-	-	-	-	-	-	-	-	-	-	0	-	-	-	-	-	-	-	0	-	-	-	-	-	-	0	-	-	-	-	-	0	-	-	-	-	-	-	-	-	-	-	-	-	-	-	-	-	-	-	-	SHV-80	SHV:p.Leu35Gln;SHV:p.Ala146Thr	-	-	-	-	-	0	0	0	wildtype S	90.99% S (N=5168/5680)	0^ QRDR, 0 PMQR, 0 aac(6`)-Ib-cr	0.25 mg/L [0.25-0.25]	wzi99	KL128	unknown (KL128)	Typeable	-	99.98%	-	OL3γ	O3γ	Typeable	-	99.74%	-
KP_NORM_BLD_63395	Klebsiella pneumoniae	strong	4	5239359	5239359	5485227	no	-	ST26	2	1	1	1	9	1	18	0	-	-	-	-	-	-	-	-	-	-	-	-	-	0	-	-	-	-	-	-	-	-	-	-	-	-	-	-	-	-	-	0	-	-	-	-	-	-	-	0	-	-	-	-	-	-	0	-	-	-	-	-	0	-	-	-	-	-	-	-	-	-	-	-	-	-	-	-	-	-	-	-	SHV-36	SHV:p.Leu35Gln	-	-	-	-	-	0	0	0	wildtype S	90.99% S (N=5168/5680)	0^ QRDR, 0 PMQR, 0 aac(6`)-Ib-cr	0.25 mg/L [0.25-0.25]	-	KL28	K28	Typeable	-	99.74%	-	OL2α.2	O1αβ,2β	Typeable	-	99.47%	-
KP_NORM_BLD_63801	Klebsiella pneumoniae	strong	5	5251650	5251650	5630912	no	-	ST422	2	3	1	1	4	4	111	0	-	-	-	-	-	-	-	-	-	-	-	-	-	0	-	-	-	-	-	-	-	-	-	-	-	-	-	-	-	-	-	0	-	-	-	-	-	-	-	0	-	-	-	-	-	-	0	-	-	-	-	-	0	-	-	-	-	-	-	-	-	-	-	-	-	-	-	-	-	-	-	-	SHV-1	-	-	-	-	-	-	0	0	0	wildtype S	90.99% S (N=5168/5680)	0^ QRDR, 0 PMQR, 0 aac(6`)-Ib-cr	0.25 mg/L [0.25-0.25]	wzi113	KL111	unknown (KL111)	Typeable	!	99.98%	-	OL3γ	O3γ	Typeable	!	99.51%	-
KP_NORM_BLD_63815	Klebsiella pneumoniae	strong	2	5356615	5356615	5753464	no	-	ST417	10	3	2	8	7	1	54	468	ybt 12; ICEKp10	7	1	184	1	1	465	594	1	1	1	274	-	70	clb 1	1	66	1	1	9	3	1	6	23	1	1	25	16	1	1	-	67	iuc 1	51	1	39	1	37	-	43	iro 1	1	56	9	1	-	26	rmp 1; KpVP-1	2	2	2	-	5	-	rmpA2_8*-54%	-	-	-	-	-	-	-	-	-	-	-	-	-	-	-	-	-	SHV-62*	SHV:p.Leu35Gln	-	-	-	-	-	0	0	0	wildtype S	90.99% S (N=5168/5680)	0^ QRDR, 0 PMQR, 0 aac(6`)-Ib-cr	0.25 mg/L [0.25-0.25]	wzi128	KL1	K1	Typeable	-	99.72%	-	OL2α.1	O1αβ,2α	Typeable	-	98.93%	-
KP_NORM_BLD_63839	Klebsiella pneumoniae	strong	6	5126950	5126950	5470361	no	-	ST322	2	1	5	1	26	4	12	0	-	-	-	-	-	-	-	-	-	-	-	-	-	0	-	-	-	-	-	-	-	-	-	-	-	-	-	-	-	-	-	0	-	-	-	-	-	-	-	0	-	-	-	-	-	-	0	-	-	-	-	-	0	-	-	-	-	-	-	-	-	-	-	-	-	-	-	-	-	-	-	-	SHV-11^	SHV:p.Leu35Gln	-	-	-	-	-	0	0	0	wildtype S	90.99% S (N=5168/5680)	0^ QRDR, 0 PMQR, 0 aac(6`)-Ib-cr	0.25 mg/L [0.25-0.25]	wzi50	KL17	K17	Typeable	-	99.52%	-	OL4	O4	Typeable	-	99.66%	-
KP_NORM_BLD_63842	Klebsiella pneumoniae	strong	3	5217078	5217078	5521825	no	-	ST152	2	3	2	1	1	4	56	469	ybt 13; ICEKp2	6	4	131	61	1	126	131	2	114	4	285	-	0	-	-	-	-	-	-	-	-	-	-	-	-	-	-	-	-	-	0	-	-	-	-	-	-	-	0	-	-	-	-	-	-	0	-	-	-	-	-	1	-	-	-	-	-	-	-	-	-	-	-	-	-	-	-	-	-	-	-	SHV-1^	-	-	-	-	-	-	0	0	0	wildtype S	90.99% S (N=5168/5680)	0^ QRDR, 0 PMQR, 0 aac(6`)-Ib-cr	0.25 mg/L [0.25-0.25]	wzi110	KL149	unknown (KL149)	Typeable	-	99.99%	-	OL4	O4	Typeable	-	99.60%	-
KP_NORM_BLD_70	Klebsiella pneumoniae	strong	5	5267487	5267487	5498713	no	-	ST4231	2	1	1	1	3	4	135	0	-	-	-	-	-	-	-	-	-	-	-	-	-	0	-	-	-	-	-	-	-	-	-	-	-	-	-	-	-	-	-	0	-	-	-	-	-	-	-	0	-	-	-	-	-	-	0	-	-	-	-	-	0	-	-	aadA2	-	-	-	-	-	-	-	sul1	-	-	-	-	-	-	-	-	SHV-11^	SHV:p.Leu35Gln	-	-	-	fosA7*-15%	-	0	2	2	wildtype S	90.99% S (N=5168/5680)	0^ QRDR, 0 PMQR, 0 aac(6`)-Ib-cr	0.25 mg/L [0.25-0.25]	wzi107	KL22	K37	Typeable	!	99.37%	-	OL2α.1	O2α	Typeable	-	99.25%	-
KP_NORM_URN_106487	Klebsiella variicola subsp. variicola	strong	2	5745911	5745911	5845771	no	-	ST1456	16	18	42	27	55	22	241	0	-	-	-	-	-	-	-	-	-	-	-	-	-	0	-	-	-	-	-	-	-	-	-	-	-	-	-	-	-	-	-	0	-	-	-	-	-	-	-	0	-	-	-	-	-	-	0	-	-	-	-	-	0	-	-	-	-	fosA7*	-	-	-	-	-	-	-	-	-	-	-	-	-	-	LEN-55*;LEN-55*	-	OmpK36:p.Ala183fs	-	-	-	-	0	1	1	wildtype S	90.99% S (N=5168/5680)	0^ QRDR, 0 PMQR, 0 aac(6`)-Ib-cr	0.25 mg/L [0.25-0.25]	wzi227	KL60	K60	Typeable	-	99.74%	-	OL5	O5	Typeable	-	99.82%	-
KP_NORM_URN_106847	Klebsiella pneumoniae	strong	2	5337720	5337720	5556400	no	-	ST336	2	1	1	1	72	4	4	230	ybt 15; ICEKp11	6	15	22	4	1	37	34	14	1	4	17	-	0	-	-	-	-	-	-	-	-	-	-	-	-	-	-	-	-	-	0	-	-	-	-	-	-	-	0	-	-	-	-	-	-	0	-	-	-	-	-	1	-	-	strB.v1;strA.v1^	-	-	-	-	Mrx;mphA	-	-	sul2*	-	-	dfrA14.v2*	-	-	-	-	-	SHV-11^	SHV:p.Leu35Gln	-	-	-	-	-	0	5	7	wildtype S	90.99% S (N=5168/5680)	0^ QRDR, 0 PMQR, 0 aac(6`)-Ib-cr	0.25 mg/L [0.25-0.25]	wzi141	KL25	K25	Typeable	!	99.65%	-	OL5	O5	Typeable	-	98.23%	-
KP_NORM_URN_107976	Klebsiella pneumoniae	strong	6	5274835	5274835	5751414	no	-	ST26	2	1	1	1	9	1	18	0	-	-	-	-	-	-	-	-	-	-	-	-	-	0	-	-	-	-	-	-	-	-	-	-	-	-	-	-	-	-	-	0	-	-	-	-	-	-	-	0	-	-	-	-	-	-	0	-	-	-	-	-	0	-	-	-	-	-	-	-	-	-	-	-	-	-	-	-	-	-	-	-	SHV-36	SHV:p.Leu35Gln	-	-	-	-	-	0	0	0	wildtype S	90.99% S (N=5168/5680)	0^ QRDR, 0 PMQR, 0 aac(6`)-Ib-cr	0.25 mg/L [0.25-0.25]	wzi236	KL10	K10	Typeable	-	99.86%	-	OL2α.2	O2β	Typeable	-	99.47%	-
KP_NORM_URN_109342	Klebsiella variicola subsp. variicola	strong	2	5531309	5531309	5646924	no	-	ST5860	16	24	442	27	41	22	67	0	-	-	-	-	-	-	-	-	-	-	-	-	-	0	-	-	-	-	-	-	-	-	-	-	-	-	-	-	-	-	-	0	-	-	-	-	-	-	-	0	-	-	-	-	-	-	0	-	-	-	-	-	0	-	-	-	-	-	-	-	-	-	-	-	-	-	-	-	-	-	-	-	LEN-2^	-	OmpK36:p.Ala183fs	-	-	-	-	0	0	0	wildtype S	90.99% S (N=5168/5680)	0^ QRDR, 0 PMQR, 0 aac(6`)-Ib-cr	0.25 mg/L [0.25-0.25]	-	KL43	K43	Typeable	-	99.31%	-	OL3α/β	O3αβ	Typeable	!	99.79%	-
KP_NORM_URN_113027	Klebsiella pneumoniae	strong	2	5230001	5230001	5389269	no	-	ST528	32	5	1	1	9	4	18	0	-	-	-	-	-	-	-	-	-	-	-	-	-	0	-	-	-	-	-	-	-	-	-	-	-	-	-	-	-	-	-	0	-	-	-	-	-	-	-	0	-	-	-	-	-	-	0	-	-	-	-	-	0	-	-	-	-	-	-	-	-	-	-	-	-	-	-	-	-	-	-	-	SHV-11^	SHV:p.Leu35Gln	-	-	-	-	-	0	0	0	wildtype S	90.99% S (N=5168/5680)	0^ QRDR, 0 PMQR, 0 aac(6`)-Ib-cr	0.25 mg/L [0.25-0.25]	wzi26	KL46	K46	Typeable	-	99.38%	-	OL3γ	O3γ	Typeable	-	99.71%	-
KP_NORM_URN_114421	Klebsiella pneumoniae	strong	5	5368810	5368810	5633984	no	-	ST13	2	3	1	1	10	1	19	289	ybt 17; ICEKp10	6	15	5	4	11	28	26	2	11	4	2	-	79	clb 3	2	53	2	2	2	2	2	8	2	2	2	2	2	2	2	-	0	-	-	-	-	-	-	-	0	-	-	-	-	-	-	0	-	-	-	-	-	2	-	-	-	-	-	-	-	-	-	-	-	-	-	-	-	-	-	-	-	SHV-1^	-	-	-	-	-	-	0	0	0	wildtype S	90.99% S (N=5168/5680)	0^ QRDR, 0 PMQR, 0 aac(6`)-Ib-cr	0.25 mg/L [0.25-0.25]	wzi40	KL3	K3	Typeable	!	99.98%	-	OL2α.2	O2α	Typeable	!	99.25%	-
KP_NORM_URN_2012_81416	Klebsiella pneumoniae	strong	3	5301067	5301067	5574833	no	-	ST261	2	1	1	1	4	27	12	471	ybt 14; ICEKp5	4	4	31	4	1	67	558	2	4	4	286	-	0	-	-	-	-	-	-	-	-	-	-	-	-	-	-	-	-	-	0	-	-	-	-	-	-	-	0	-	-	-	-	-	-	0	-	-	-	-	-	1	-	-	aac(3)-IId^;strB.v1;strA.v1^	-	-	qnrS1	-	-	-	-	sul1;sul2	tet(A).v1;tet(D)	-	dfrA1.v1	LAP-2	-	CTX-M-14	-	-	SHV-142	SHV:p.Leu35Gln	-	-	-	-	-	1	8	12	nonwildtype R	77.47% R (N=423/546)	0 QRDR, 1^ PMQR, 0 aac(6`)-Ib-cr	1 mg/L [1-2]	wzi173	KL38	K38	Typeable	!	98.81%	-	OL2α.2	O2β	Typeable	-	99.03%	-
KP_NORM_URN_2012_81428	Klebsiella pneumoniae	strong	5	5416588	5416588	5858045	no	-	ST307	4	1	2	52	1	1	7	472	ybt 15; ICEKp11	6	15	22	4	1	484	34	14	1	4	17	-	0	-	-	-	-	-	-	-	-	-	-	-	-	-	-	-	-	-	0	-	-	-	-	-	-	-	0	-	-	-	-	-	-	0	-	-	-	-	-	1	-	-	aac(3)-IIa.v1^;strB.v1;strA.v1^	-	-	-	-	-	-	-	sul2	-	-	dfrA14.v2*	-	-	CTX-M-15	-	-	SHV-28^	-	-	-	GyrA:p.Ser83Ile;ParC:p.Ser80Ile	-	-	1	6	7	nonwildtype R	99.21% R (N=2147/2167)	>1 QRDR, 0 PMQR, * aac(6`)-Ib-cr	2 mg/L [2-4]	wzi173	KL102	unknown (KL102)	Typeable	!	99.64%	-	OL2α.2	O2β	Typeable	!	99.13%	-
KP_NORM_URN_2013_95439	Klebsiella pneumoniae	strong	6	5414642	5414642	5958888	no	-	ST147	3	4	6	1	7	4	38	0	-	-	-	-	-	-	-	-	-	-	-	-	-	0	-	-	-	-	-	-	-	-	-	-	-	-	-	-	-	-	-	0	-	-	-	-	-	-	-	0	-	-	-	-	-	-	0	-	-	-	-	-	0	-	-	aac(3)-IIa.v1^;aac(6')-Ib-cr.v2	-	-	qnrB1.v1;aac(6')-Ib-cr.v2	-	Mrx;mphA	-	-	-	-	-	-	OXA-1	-	CTX-M-15	-	-	SHV-11^	SHV:p.Leu35Gln	OmpK35:p.Ala234fs	-	GyrA:p.Ser83Ile;ParC:p.Ser80Ile	-	catB3.v1?-70%	1	6	9	nonwildtype R	99.22% R (N=2424/2443)	>0 QRDR, >0 PMQR, * aac(6`)-Ib-cr	4 mg/L [4-4]	wzi64	KL64	K64	Typeable	-	100.00%	-	OL2α.1	O2α	Typeable	-	99.03%	-
KP_NORM_URN_2013_95788	Klebsiella pneumoniae	strong	6	5376150	5376150	5658958	no	-	ST340	3	3	1	1	1	1	18	303-1LV	ybt 13; ICEKp2 (truncated)	6	4	20	61	1	253	299*-63%	2	76	4	2	-	0	-	-	-	-	-	-	-	-	-	-	-	-	-	-	-	-	-	0	-	-	-	-	-	-	-	0	-	-	-	-	-	-	0	-	-	-	-	-	1	-	-	aac(3)-IId^;aadA2^;aac(6')-Ib-cr.v2	-	-	aac(6')-Ib-cr.v2	-	Mrx;mphA	-	-	sul1	tet(A).v1	-	dfrA12	OXA-1	-	CTX-M-15	-	-	SHV-11	SHV:p.Leu35Gln	-	-	GyrA:p.Ser83Ile;ParC:p.Ser80Ile	-	catB3.v1?-70%;catA1*?-0%	1	8	11	nonwildtype R	99.21% R (N=2147/2167)	>1 QRDR, 0 PMQR, * aac(6`)-Ib-cr	2 mg/L [2-4]	wzi50	KL15	K15	Typeable	-	99.98%	-	OL4	O4	Typeable	-	99.49%	-
KP_NORM_URN_2013_95819	Klebsiella pneumoniae	strong	5	5324568	5324568	5574210	no	-	ST39	2	1	2	4	9	1	14	0	-	-	-	-	-	-	-	-	-	-	-	-	-	0	-	-	-	-	-	-	-	-	-	-	-	-	-	-	-	-	-	0	-	-	-	-	-	-	-	0	-	-	-	-	-	-	0	-	-	-	-	-	0	-	-	strB.v1*;strA.v1*	-	-	-	-	Mrx;mphA	-	-	sul2	tet(A).v1*	-	dfrA14.v2*	-	-	CTX-M-15;TEM-169^	-	-	SHV-11^	SHV:p.Leu35Gln	-	-	-	-	-	1	7	10	wildtype S	90.99% S (N=5168/5680)	0^ QRDR, 0 PMQR, 0 aac(6`)-Ib-cr	0.25 mg/L [0.25-0.25]	wzi83	KL23	K23	Typeable	-	99.94%	-	OL2α.2	O1αβ,2β	Typeable	-	98.93%	-
KP_NORM_URN_2013_95951	Klebsiella pneumoniae	strong	4	5133803	5133803	5353287	no	-	ST48	2	5	2	2	7	1	10	386	ybt 10; ICEKp4	16	12	4	3	3	35	50	3	10	9	2	-	0	-	-	-	-	-	-	-	-	-	-	-	-	-	-	-	-	-	0	-	-	-	-	-	-	-	0	-	-	-	-	-	-	0	-	-	-	-	-	1	-	-	strB.v1;strA.v1^	-	-	qnrB1.v2^	-	Mrx;mphA	-	-	sul1;sul2	tet(A).v1	-	dfrA14.v2*;dfrA7	-	-	CTX-M-15	-	-	SHV-11^	SHV:p.Leu35Gln	-	-	-	-	-	1	8	12	nonwildtype I	81.25% I/R (n=130/160)	0 QRDR, qnrB1, 0 aac(6`)-Ib-cr	0.5 mg/L [0.5-1]	wzi62	KL62	K62	Typeable	!	99.81%	-	OL2α.1	O1αβ,2α	Typeable	-	98.54%	-
KP_NORM_URN_2013_96200	Klebsiella pneumoniae	strong	5	5267004	5267004	5473501	no	-	ST307	4	1	2	52	1	1	7	0	-	-	-	-	-	-	-	-	-	-	-	-	-	0	-	-	-	-	-	-	-	-	-	-	-	-	-	-	-	-	-	0	-	-	-	-	-	-	-	0	-	-	-	-	-	-	0	-	-	-	-	-	0	-	-	aac(3)-IIa.v1^;strB.v1;strA.v1^;aac(6')-Ib-cr.v2	-	-	qnrB1.v2^;aac(6')-Ib-cr.v2	-	-	-	-	sul2	tet(A).v1	-	dfrA14.v2*	OXA-1	-	CTX-M-15	-	-	SHV-28^	-	-	-	GyrA:p.Ser83Ile;ParC:p.Ser80Ile	-	catB3.v1?-70%	1	8	12	nonwildtype R	99.22% R (N=2424/2443)	>0 QRDR, >0 PMQR, * aac(6`)-Ib-cr	4 mg/L [4-4]	wzi173	KL102	unknown (KL102)	Typeable	-	99.66%	-	OL2α.2	O2β	Typeable	-	99.13%	-
KP_NORM_URN_2014_101205	Klebsiella pneumoniae	strong	4	5256207	5256207	5496158	no	-	ST45	2	1	1	6	7	1	12	474	ybt 10; ICEKp4	3	12	4	11	3	463	18	3	10	16	2	-	0	-	-	-	-	-	-	-	-	-	-	-	-	-	-	-	-	-	0	-	-	-	-	-	-	-	0	-	-	-	-	-	-	0	-	-	-	-	-	1	-	-	strB.v1;strA.v1^;aac(6')-Ib-cr.v2	-	-	qnrB1.v2^;aac(6')-Ib-cr.v2	-	-	-	-	sul2*	-	-	dfrA14.v2*	OXA-1	-	CTX-M-15	-	-	SHV-27	SHV:p.Gly156Asp	-	-	-	-	catB3.v1?-70%	1	7	10	nonwildtype R	94.63% R (N=776/820)	0 QRDR, 1 PMQR, 1 aac(6`)-Ib-cr	2 mg/L [1-2]	wzi101	KL24	K24	Typeable	!	99.54%	-	OL2α.1	O2α	Typeable	-	99.37%	-
KP_NORM_URN_2014_96612	Klebsiella pneumoniae	strong	5	5374377	5374377	5671655	no	-	ST340	3	3	1	1	1	1	18	303-1LV	ybt 13; ICEKp2	6	4	20	61	1	253	299	2	76	4	2	-	0	-	-	-	-	-	-	-	-	-	-	-	-	-	-	-	-	-	0	-	-	-	-	-	-	-	0	-	-	-	-	-	-	0	-	-	-	-	-	1	-	-	aac(3)-IId^;aadA*;aadA2^;aac(6')-Ib-cr.v2	-	-	aac(6')-Ib-cr.v2	-	Mrx;mphA	-	arr-2	sul1	tet(A).v1	-	dfrA12	OXA-1;OXA-10	-	CTX-M-15	-	-	SHV-11	SHV:p.Leu35Gln	OmpK36:p.Gln286fs	-	GyrA:p.Ser83Ile;ParC:p.Ser80Ile	-	catB3.v1?-70%;catA1*?-0%	1	9	14	nonwildtype R	99.21% R (N=2147/2167)	>1 QRDR, 0 PMQR, * aac(6`)-Ib-cr	2 mg/L [2-4]	wzi50	KL15	K15	Typeable	-	99.98%	-	OL4	O4	Typeable	-	99.49%	-
KP_NORM_URN_2014_97392	Klebsiella pneumoniae	strong	3	5133847	5133847	5278244	no	-	ST48	2	5	2	2	7	1	10	386-2LV	ybt 10; ICEKp4 (truncated)	16	12	4	3	3	35*-53%	50	3	10	9	73	-	0	-	-	-	-	-	-	-	-	-	-	-	-	-	-	-	-	-	0	-	-	-	-	-	-	-	0	-	-	-	-	-	-	0	-	-	-	-	-	1	-	-	strB.v1;strA.v1^	-	-	qnrB1.v2^	-	Mrx;mphA	-	-	sul1;sul2	-	-	dfrA14.v2*;dfrA7	-	-	CTX-M-15	-	-	SHV-11^	SHV:p.Leu35Gln	-	-	-	-	-	1	7	11	nonwildtype I	81.25% I/R (n=130/160)	0 QRDR, qnrB1, 0 aac(6`)-Ib-cr	0.5 mg/L [0.5-1]	wzi62	KL62	Capsule null	Typeable	!	99.80%	-	OL2α.1	O1αβ,2α	Typeable	-	98.54%	-
KP_NORM_URN_2014_97411	Klebsiella pneumoniae	strong	2	5305302	5305302	5447379	no	-	ST416	2	38	1	1	7	4	89	387	ybt 10; ICEKp4	3	10	4	3	29	5	122	3	10	9	10	-	0	-	-	-	-	-	-	-	-	-	-	-	-	-	-	-	-	-	0	-	-	-	-	-	-	-	0	-	-	-	-	-	-	0	-	-	-	-	-	1	-	-	-	-	-	-	-	-	-	-	-	-	-	-	-	-	CTX-M-15	-	-	SHV-14^	-	-	mgrb:p.Val7fs	-	-	-	1	2	1	wildtype S	90.99% S (N=5168/5680)	0^ QRDR, 0 PMQR, 0 aac(6`)-Ib-cr	0.25 mg/L [0.25-0.25]	wzi186	KL2	K2	Typeable	-	99.64%	-	OL2α.2	O1αβ,2β	Typeable	-	99.51%	-
KP_NORM_URN_2014_97671	Klebsiella pneumoniae	strong	4	5325600	5325600	5626740	no	-	ST45	2	1	1	6	7	1	12	0	-	-	-	-	-	-	-	-	-	-	-	-	-	0	-	-	-	-	-	-	-	-	-	-	-	-	-	-	-	-	-	0	-	-	-	-	-	-	-	0	-	-	-	-	-	-	0	-	-	-	-	-	0	-	-	-	-	-	-	-	Mrx;mphA	-	-	-	-	-	-	-	-	SHV-12	-	-	SHV-1	SHV:p.Leu35Gln;SHV:p.Gly238Ser;SHV:p.Glu240Lys	-	-	-	-	-	1	2	3	wildtype S	90.99% S (N=5168/5680)	0^ QRDR, 0 PMQR, 0 aac(6`)-Ib-cr	0.25 mg/L [0.25-0.25]	wzi133	KL25	K25	Typeable	!	99.70%	-	OL2α.1	O2α	Typeable	-	98.98%	-
KP_NORM_URN_2014_97677	Klebsiella pneumoniae	strong	2	5194742	5194742	5344598	no	-	ST4246	2	1	11	1	9	4	40	476	ybt 8; ICEKp3	5	11	6	5	1	507	614	9	29	161	269	-	0	-	-	-	-	-	-	-	-	-	-	-	-	-	-	-	-	-	0	-	-	-	-	-	-	-	0	-	-	-	-	-	-	0	-	-	-	-	-	1	-	-	strB.v1*;strA.v1^;aadA5	-	-	-	-	Mrx^;mphA	-	-	sul1;sul2	tet(A).v1	-	dfrA17	-	-	CTX-M-27	-	-	SHV-41	-	-	-	-	-	-	1	6	10	wildtype S	90.99% S (N=5168/5680)	0^ QRDR, 0 PMQR, 0 aac(6`)-Ib-cr	0.25 mg/L [0.25-0.25]	wzi23	KL31	K31	Typeable	-	99.83%	-	OL3γ	O3γ	Typeable	-	99.80%	-
KP_NORM_URN_2014_99206	Klebsiella pneumoniae	strong	3	5255437	5255437	5473530	no	-	ST16	2	1	2	1	4	4	4	0	-	-	-	-	-	-	-	-	-	-	-	-	-	0	-	-	-	-	-	-	-	-	-	-	-	-	-	-	-	-	-	0	-	-	-	-	-	-	-	0	-	-	-	-	-	-	0	-	-	-	-	-	0	-	-	aadA2^;aac(6')-Ib-cr.v2	-	-	aac(6')-Ib-cr.v2	-	Mrx;mphA	-	-	sul1	-	-	dfrA12	OXA-1	-	CTX-M-15	-	-	SHV-1	-	-	-	GyrA:p.Ser83Phe;GyrA:p.Asp87Asn;ParC:p.Glu84Lys	-	catB3.v1?-70%	1	8	10	nonwildtype R	99.21% R (N=2147/2167)	>1 QRDR, 0 PMQR, * aac(6`)-Ib-cr	2 mg/L [2-4]	wzi50	KL51	K51	Typeable	!	100.00%	-	OL3γ	O3γ	Typeable	!	99.58%	-
KP_NORM_URN_2015_107836	Klebsiella pneumoniae	strong	2	5199862	5199862	5394851	no	-	ST198	25	33	1	26	7	1	56	183	ybt 9; ICEKp3	5	11	6	5	1	25	37	9	5	5	11	-	0	-	-	-	-	-	-	-	-	-	-	-	-	-	-	-	-	-	0	-	-	-	-	-	-	-	0	-	-	-	-	-	-	0	-	-	-	-	-	1	-	-	strB.v1;strA.v1^	-	-	-	-	-	-	-	sul2	tet(D)	-	dfrA14.v2*	-	-	CTX-M-3	-	-	SHV-77^	SHV:p.Leu35Gln	-	-	-	-	-	1	6	7	wildtype S	90.99% S (N=5168/5680)	0^ QRDR, 0 PMQR, 0 aac(6`)-Ib-cr	0.25 mg/L [0.25-0.25]	wzi62	KL62	K62	Typeable	-	99.92%	-	OL2α.1	O1αβ,2α	Typeable	-	98.58%	-
KP_NORM_URN_2015_107962	Klebsiella pneumoniae	strong	3	5319740	5319740	5635355	no	-	ST659	66	1	65	1	9	11	18	0	-	-	-	-	-	-	-	-	-	-	-	-	-	0	-	-	-	-	-	-	-	-	-	-	-	-	-	-	-	-	-	0	-	-	-	-	-	-	-	0	-	-	-	-	-	-	0	-	-	-	-	-	0	-	-	aadA2^	-	-	-	-	-	-	-	sul1	-	-	dfrA12	-	-	CTX-M-15	-	-	SHV-11^	SHV:p.Leu35Gln	-	-	GyrA:p.Ser83Ile	-	-	1	6	5	nonwildtype R	77.67% R (N=80/103)	1 QRDR, 0 PMQR, 0 aac(6`)-Ib-cr	1 mg/L [1-2]	wzi154	KL107	unknown (KL107)	Typeable	-	99.96%	-	OL2α.2	O2β	Typeable	-	99.10%	-
KP_NORM_URN_2015_109056	Klebsiella pneumoniae	strong	3	5138889	5138889	5294573	no	-	ST37	2	9	2	1	13	1	16	0	-	-	-	-	-	-	-	-	-	-	-	-	-	0	-	-	-	-	-	-	-	-	-	-	-	-	-	-	-	-	-	0	-	-	-	-	-	-	-	0	-	-	-	-	-	-	0	-	-	-	-	-	0	-	-	strA.v1^	-	-	qnrB1.v2^	-	-	-	-	sul2	-	-	dfrA14.v2*	-	-	CTX-M-15	-	-	SHV-11^	SHV:p.Leu35Gln	-	-	-	aph(6)-Id.v2?-87%	-	1	6	6	nonwildtype I	81.25% I/R (n=130/160)	0 QRDR, qnrB1, 0 aac(6`)-Ib-cr	0.5 mg/L [0.5-1]	wzi96	KL38	K38	Typeable	-	99.86%	-	OL3γ	O3γ	Typeable	!	99.67%	-
KP_NORM_URN_2015_109238	Klebsiella pneumoniae	strong	2	5405676	5405676	5503818	no	-	ST2952	2	1	2	1	1	139	91	0	-	-	-	-	-	-	-	-	-	-	-	-	-	0	-	-	-	-	-	-	-	-	-	-	-	-	-	-	-	-	-	0	-	-	-	-	-	-	-	0	-	-	-	-	-	-	0	-	-	-	-	-	0	-	-	-	-	-	-	-	-	-	-	-	-	-	-	-	-	CTX-M-15	-	-	SHV-27	SHV:p.Gly156Asp	-	-	-	-	-	1	1	1	wildtype S	90.99% S (N=5168/5680)	0^ QRDR, 0 PMQR, 0 aac(6`)-Ib-cr	0.25 mg/L [0.25-0.25]	wzi108	KL137	Capsule null	Typeable	!	98.40%	-	OL13	O13	Typeable	-	97.27%	-
KP_NORM_URN_2015_109358	Klebsiella pneumoniae	strong	2	5278363	5278363	5527779	no	-	ST719	10	1	5	1	129	11	24	0	-	-	-	-	-	-	-	-	-	-	-	-	-	0	-	-	-	-	-	-	-	-	-	-	-	-	-	-	-	-	-	0	-	-	-	-	-	-	-	0	-	-	-	-	-	-	0	-	-	-	-	-	0	-	-	aph3-Ia.v1^;aadA2^	-	-	qnrB4	-	Mrx;mphA	-	-	sul1;sul1	tet(D)	-	dfrA12	DHA-1	-	CTX-M-14	-	-	SHV-27	SHV:p.Gly156Asp	-	-	-	fosA7*-15%	-	1	8	11	nonwildtype R	77.47% R (N=423/546)	0 QRDR, 1^ PMQR, 0 aac(6`)-Ib-cr	1 mg/L [1-2]	wzi192	KL9	K9	Typeable	-	99.64%	-	OL3γ	O3γ	Typeable	-	99.64%	-
KP_NORM_URN_2015_109604	Klebsiella pneumoniae	strong	2	5261424	5261424	5437779	no	-	ST307	4	1	2	52	1	1	7	0	-	-	-	-	-	-	-	-	-	-	-	-	-	0	-	-	-	-	-	-	-	-	-	-	-	-	-	-	-	-	-	0	-	-	-	-	-	-	-	0	-	-	-	-	-	-	0	-	-	-	-	-	0	-	-	aac(3)-IIa.v1^;strB.v1;strA.v1^	-	-	-	-	-	-	-	sul2	-	-	dfrA14.v2*	-	-	CTX-M-15	-	-	SHV-28^	-	-	-	GyrA:p.Ser83Ile;ParC:p.Ser80Ile	-	-	1	6	7	nonwildtype R	99.21% R (N=2147/2167)	>1 QRDR, 0 PMQR, * aac(6`)-Ib-cr	2 mg/L [2-4]	wzi173	KL102	unknown (KL102)	Typeable	-	99.65%	-	OL2α.2	O2β	Typeable	!	99.12%	-
KP_NORM_URN_56534	Klebsiella pneumoniae	strong	3	5325537	5325537	5435504	no	-	ST2791	3	4	1	1	1	5	91	0	-	-	-	-	-	-	-	-	-	-	-	-	-	0	-	-	-	-	-	-	-	-	-	-	-	-	-	-	-	-	-	0	-	-	-	-	-	-	-	0	-	-	-	-	-	-	0	-	-	-	-	-	0	-	-	-	-	-	-	-	-	-	-	-	-	-	-	-	-	-	-	-	SHV-11^	SHV:p.Leu35Gln	-	-	-	-	-	0	0	0	wildtype S	90.99% S (N=5168/5680)	0^ QRDR, 0 PMQR, 0 aac(6`)-Ib-cr	0.25 mg/L [0.25-0.25]	wzi22	KL48	K48	Typeable	-	97.63%	-	OL2α.1	O2α	Typeable	!	98.65%	-
KP_NORM_URN_56668	Klebsiella pneumoniae	strong	2	5258711	5258711	5461841	no	-	ST5870	2	3	1	388	4	4	4	135	ybt 14; ICEKp5	4	4	18	4	1	27	25	2	4	4	2	-	0	-	-	-	-	-	-	-	-	-	-	-	-	-	-	-	-	-	0	-	-	-	-	-	-	-	0	-	-	-	-	-	-	0	-	-	-	-	-	1	-	-	-	-	-	-	-	-	-	-	-	-	-	-	-	-	-	-	-	SHV-187	-	-	-	-	-	-	0	0	0	wildtype S	90.99% S (N=5168/5680)	0^ QRDR, 0 PMQR, 0 aac(6`)-Ib-cr	0.25 mg/L [0.25-0.25]	wzi84	KL28	K28	Typeable	-	99.80%	-	OL2α.2	O1αβ,2β	Typeable	-	99.11%	-
KP_NORM_URN_56847	Klebsiella variicola subsp. variicola	strong	3	5532952	5532952	5763872	no	-	ST3950	16	24	293	27	55	22	67	0	-	-	-	-	-	-	-	-	-	-	-	-	-	0	-	-	-	-	-	-	-	-	-	-	-	-	-	-	-	-	-	0	-	-	-	-	-	-	-	0	-	-	-	-	-	-	0	-	-	-	-	-	0	-	-	strB.v1*;strA.v1*	-	-	qnrS1	-	-	-	-	sul2	-	-	dfrA14.v2*	-	-	-	-	-	LEN-16^	-	OmpK36:p.Ala183fs	-	-	-	-	0	4	5	nonwildtype R	77.47% R (N=423/546)	0 QRDR, 1^ PMQR, 0 aac(6`)-Ib-cr	1 mg/L [1-2]	wzi251	KL16	K16	Typeable	-	99.02%	-	OL5	O5	Typeable	-	99.80%	-
KP_NORM_URN_57002	Klebsiella pneumoniae	strong	2	5190412	5190412	5354792	no	-	ST788	2	4	2	1	7	1	12	0	-	-	-	-	-	-	-	-	-	-	-	-	-	0	-	-	-	-	-	-	-	-	-	-	-	-	-	-	-	-	-	0	-	-	-	-	-	-	-	0	-	-	-	-	-	-	0	-	-	-	-	-	0	-	-	-	-	-	-	-	-	-	-	-	-	-	-	-	SHV-52	-	-	-	-	SHV:p.Leu35Gln;SHV:p.Met69Ile	-	-	-	-	fosA7.5*?-0%	0	1	1	wildtype S	90.99% S (N=5168/5680)	0^ QRDR, 0 PMQR, 0 aac(6`)-Ib-cr	0.25 mg/L [0.25-0.25]	wzi26	KL46	K46	Typeable	-	99.38%	-	OL3γ	O3γ	Typeable	-	99.64%	-
KP_NORM_URN_57023	Klebsiella variicola subsp. variicola	strong	9	5620587	5620587	5989308	no	-	ST641	16	18	21	27	39	22	67	0	-	-	-	-	-	-	-	-	-	-	-	-	-	0	-	-	-	-	-	-	-	-	-	-	-	-	-	-	-	-	-	0	-	-	-	-	-	-	-	0	-	-	-	-	-	-	0	-	-	-	-	-	0	-	-	-	-	-	-	-	-	-	-	-	-	-	-	-	-	-	-	-	LEN-16*	-	OmpK36:p.Ala183fs	-	-	-	-	0	0	0	wildtype S	90.99% S (N=5168/5680)	0^ QRDR, 0 PMQR, 0 aac(6`)-Ib-cr	0.25 mg/L [0.25-0.25]	wzi201	KL60	K60	Typeable	-	99.68%	-	OL5	O5	Typeable	!	99.79%	-
KP_NORM_URN_57042	Klebsiella pneumoniae	strong	2	5368061	5368061	5564376	no	-	ST25	2	1	1	1	10	4	13	210	ybt 9; ICEKp12	5	19	6	5	1	51	193	9	5	5	93	-	0	-	-	-	-	-	-	-	-	-	-	-	-	-	-	-	-	-	0	-	-	-	-	-	-	-	0	-	-	-	-	-	-	0	-	-	-	-	-	1	-	-	aadA^	-	-	-	-	-	-	-	sul1	-	-	-	-	-	-	-	-	SHV-1^;SHV-11^	SHV:p.Leu35Gln	-	-	-	-	-	0	2	2	wildtype S	90.99% S (N=5168/5680)	0^ QRDR, 0 PMQR, 0 aac(6`)-Ib-cr	0.25 mg/L [0.25-0.25]	wzi72	KL2	K2	Typeable	-	99.56%	-	OL2α.2	O1αβ,2β	Typeable	-	99.55%	-
KP_NORM_URN_57225	Klebsiella pneumoniae	strong	6	5346848	5346848	5548909	no	-	ST26	2	1	1	1	9	1	18	0	-	-	-	-	-	-	-	-	-	-	-	-	-	0	-	-	-	-	-	-	-	-	-	-	-	-	-	-	-	-	-	0	-	-	-	-	-	-	-	0	-	-	-	-	-	-	0	-	-	-	-	-	0	-	-	-	-	-	-	-	-	-	-	-	-	-	-	-	-	-	-	-	SHV-36	SHV:p.Leu35Gln	-	-	-	-	-	0	0	0	wildtype S	90.99% S (N=5168/5680)	0^ QRDR, 0 PMQR, 0 aac(6`)-Ib-cr	0.25 mg/L [0.25-0.25]	wzi236	KL10	K10	Typeable	-	99.86%	-	OL2α.2	O1αβ,2β	Typeable	-	99.47%	-
KP_NORM_URN_57409	Klebsiella pneumoniae	strong	2	5293596	5293596	5432615	no	-	ST6488	3	3	1	1	12	4	135	0	-	-	-	-	-	-	-	-	-	-	-	-	-	0	-	-	-	-	-	-	-	-	-	-	-	-	-	-	-	-	-	0	-	-	-	-	-	-	-	0	-	-	-	-	-	-	0	-	-	-	-	-	0	-	-	-	-	-	-	-	-	-	-	-	-	-	-	-	-	-	-	-	SHV-1^	-	-	-	-	-	-	0	0	0	wildtype S	90.99% S (N=5168/5680)	0^ QRDR, 0 PMQR, 0 aac(6`)-Ib-cr	0.25 mg/L [0.25-0.25]	wzi22	KL22	K22	Typeable	-	99.98%	-	OL2α.1	O2α	Typeable	-	99.25%	-
KP_NORM_URN_57447	Klebsiella variicola subsp. variicola	strong	3	5601882	5601882	5811930	no	-	ST6489	16	18	21	33	47	84	67	0	-	-	-	-	-	-	-	-	-	-	-	-	-	0	-	-	-	-	-	-	-	-	-	-	-	-	-	-	-	-	-	0	-	-	-	-	-	-	-	0	-	-	-	-	-	-	0	-	-	-	-	-	0	-	-	-	-	-	-	-	-	-	-	-	-	-	-	-	-	-	-	-	LEN-13	-	OmpK36:p.Ala183fs	-	-	-	-	0	0	0	wildtype S	90.99% S (N=5168/5680)	0^ QRDR, 0 PMQR, 0 aac(6`)-Ib-cr	0.25 mg/L [0.25-0.25]	wzi320	KL61	K61	Typeable	-	99.98%	-	OL3α/β	O3αβ	Typeable	-	99.91%	-
KP_NORM_URN_57455	Klebsiella variicola subsp. variicola	strong	1	5428796	5428796	5428796	no	-	ST6490	16	18	43	49	47	30	75	0	-	-	-	-	-	-	-	-	-	-	-	-	-	0	-	-	-	-	-	-	-	-	-	-	-	-	-	-	-	-	-	0	-	-	-	-	-	-	-	0	-	-	-	-	-	-	0	-	-	-	-	-	0	-	-	-	-	-	-	-	-	-	-	-	-	-	-	-	-	-	-	-	LEN-2^	-	OmpK36:p.Ala183fs	-	-	-	-	0	0	0	wildtype S	90.99% S (N=5168/5680)	0^ QRDR, 0 PMQR, 0 aac(6`)-Ib-cr	0.25 mg/L [0.25-0.25]	wzi458	KL39	K39	Typeable	-	94.22%	-	OL5	O5	Typeable	-	99.79%	-
KP_NORM_URN_57695	Klebsiella pneumoniae	strong	2	5256881	5256881	5262132	no	-	ST496	2	1	1	6	7	4	12	0	-	-	-	-	-	-	-	-	-	-	-	-	-	0	-	-	-	-	-	-	-	-	-	-	-	-	-	-	-	-	-	0	-	-	-	-	-	-	-	0	-	-	-	-	-	-	0	-	-	-	-	-	0	-	-	-	-	-	-	-	-	-	-	-	-	-	-	-	-	-	-	-	SHV-11^	SHV:p.Leu35Gln	-	-	-	-	-	0	0	0	wildtype S	90.99% S (N=5168/5680)	0^ QRDR, 0 PMQR, 0 aac(6`)-Ib-cr	0.25 mg/L [0.25-0.25]	wzi441	KL46	K46	Typeable	-	99.40%	-	OL3γ	O3γ	Typeable	-	99.77%	-
KP_NORM_URN_57979	Klebsiella pneumoniae	strong	1	5521747	5521747	5521747	no	-	ST215	2	1	38	37	10	4	18	0	-	-	-	-	-	-	-	-	-	-	-	-	-	0	-	-	-	-	-	-	-	-	-	-	-	-	-	-	-	-	-	0	-	-	-	-	-	-	-	0	-	-	-	-	-	-	0	-	-	-	-	-	0	-	-	-	-	-	-	-	-	-	-	-	-	-	-	-	-	-	-	-	SHV-1	-	-	-	-	-	-	0	0	0	wildtype S	90.99% S (N=5168/5680)	0^ QRDR, 0 PMQR, 0 aac(6`)-Ib-cr	0.25 mg/L [0.25-0.25]	wzi247	KL16	Capsule null	Typeable	!	99.97%	-	OL2α.1	O2α	Typeable	!	99.36%	-
KP_NORM_URN_58012	Klebsiella variicola subsp. variicola	strong	3	5498281	5498281	5609798	no	-	ST2594	28	24	21	53	47	153	67	0	-	-	-	-	-	-	-	-	-	-	-	-	-	0	-	-	-	-	-	-	-	-	-	-	-	-	-	-	-	-	-	0	-	-	-	-	-	-	-	0	-	-	-	-	-	-	0	-	-	-	-	-	0	-	-	strB.v1;strA.v1^;aadA1.v1^	-	-	-	-	-	-	-	sul1;sul2*	-	-	dfrA1.v2	-	-	-	-	-	LEN-13	-	OmpK36:p.Ala183fs	-	-	-	-	0	4	7	wildtype S	90.99% S (N=5168/5680)	0^ QRDR, 0 PMQR, 0 aac(6`)-Ib-cr	0.25 mg/L [0.25-0.25]	wzi170	KL134	unknown (KL134)	Typeable	!	99.37%	-	OL3α/β	O3αβ	Typeable	-	99.83%	-
KP_NORM_URN_58233	Klebsiella pneumoniae	strong	2	5334665	5334665	5455753	no	-	ST534	2	1	1	2	61	4	132	524-2LV	ybt 10; ICEKp4	3	3	4	3*	3	341	7*	3	3	3	32	-	0	-	-	-	-	-	-	-	-	-	-	-	-	-	-	-	-	-	0	-	-	-	-	-	-	-	0	-	-	-	-	-	-	0	-	-	-	-	-	1	-	-	-	-	-	-	-	-	-	-	-	-	-	-	-	-	-	-	-	SHV-11^	SHV:p.Leu35Gln	-	-	-	-	-	0	0	0	wildtype S	90.99% S (N=5168/5680)	0^ QRDR, 0 PMQR, 0 aac(6`)-Ib-cr	0.25 mg/L [0.25-0.25]	-	KL164	unknown (KL164)	Typeable	-	99.98%	-	OL13	O13	Untypeable	-	97.48%	OL13_07_wzt;OL13_05_wbbL;OL13_09_glycosylhydrolase;OL13_08_wbbB;OL13_06_wzm
KP_NORM_URN_58251	Klebsiella pneumoniae	strong	3	5218585	5218585	5474797	no	-	ST322	2	1	5	1	26	4	12	0	-	-	-	-	-	-	-	-	-	-	-	-	-	0	-	-	-	-	-	-	-	-	-	-	-	-	-	-	-	-	-	0	-	-	-	-	-	-	-	0	-	-	-	-	-	-	0	-	-	-	-	-	0	-	-	-	-	-	-	-	-	-	-	-	-	-	-	-	-	-	-	-	SHV-11^	SHV:p.Leu35Gln	-	-	-	-	-	0	0	0	wildtype S	90.99% S (N=5168/5680)	0^ QRDR, 0 PMQR, 0 aac(6`)-Ib-cr	0.25 mg/L [0.25-0.25]	wzi50	KL17	K17	Typeable	-	99.53%	-	OL4	O4	Typeable	-	99.66%	-
KP_NORM_URN_58261	Klebsiella pneumoniae	strong	2	5289148	5289148	5471552	no	-	ST15	1	1	1	1	1	1	1	524-1LV	ybt 10; ICEKp4	3	3	4	3	3	341	7	3	3	70	32	-	0	-	-	-	-	-	-	-	-	-	-	-	-	-	-	-	-	-	0	-	-	-	-	-	-	-	0	-	-	-	-	-	-	0	-	-	-	-	-	1	-	-	-	-	-	-	-	-	-	-	-	-	-	-	-	-	-	-	-	SHV-28^	-	-	-	-	-	-	0	0	0	wildtype S	90.99% S (N=5168/5680)	0^ QRDR, 0 PMQR, 0 aac(6`)-Ib-cr	0.25 mg/L [0.25-0.25]	wzi24	KL24	K24	Typeable	!	99.16%	-	OL2α.1	O1αβ,2α	Typeable	-	99.19%	-
KP_NORM_URN_58342	Klebsiella pneumoniae	strong	5	5338477	5338477	5594096	no	-	ST10	4	1	7	1	9	1	12	0	-	-	-	-	-	-	-	-	-	-	-	-	-	0	-	-	-	-	-	-	-	-	-	-	-	-	-	-	-	-	-	0	-	-	-	-	-	-	-	0	-	-	-	-	-	-	0	-	-	-	-	-	0	-	-	-	-	-	-	-	-	-	-	-	-	-	-	-	-	-	-	-	SHV-1^	-	-	-	-	-	-	0	0	0	wildtype S	90.99% S (N=5168/5680)	0^ QRDR, 0 PMQR, 0 aac(6`)-Ib-cr	0.25 mg/L [0.25-0.25]	wzi173	KL102	unknown (KL102)	Typeable	-	99.67%	-	OL2α.1	O1αβ,2α	Typeable	-	99.01%	-
KP_NORM_URN_58394	Klebsiella pneumoniae	strong	5	5144400	5144400	5387033	no	-	ST4	3	1	1	1	3	3	1	0	-	-	-	-	-	-	-	-	-	-	-	-	-	0	-	-	-	-	-	-	-	-	-	-	-	-	-	-	-	-	-	0	-	-	-	-	-	-	-	0	-	-	-	-	-	-	0	-	-	-	-	-	0	-	-	strB.v1;strA.v1^	-	-	-	-	Mrx;mphA	-	-	sul2*	tet(A).v1	-	dfrA14.v2*	-	-	-	-	-	SHV-11^	SHV:p.Leu35Gln	-	-	-	-	-	0	6	8	wildtype S	90.99% S (N=5168/5680)	0^ QRDR, 0 PMQR, 0 aac(6`)-Ib-cr	0.25 mg/L [0.25-0.25]	wzi13	KL13	K13	Typeable	-	99.95%	-	OL2α.1	O1αβ,2α	Typeable	-	99.25%	-
NK_H10_003	Klebsiella pneumoniae	strong	3	5231402	5231402	5427717	no	-	ST2158	4	1	5	1	7	1	24	0	-	-	-	-	-	-	-	-	-	-	-	-	-	0	-	-	-	-	-	-	-	-	-	-	-	-	-	-	-	-	-	0	-	-	-	-	-	-	-	0	-	-	-	-	-	-	0	-	-	-	-	-	0	-	-	-	-	-	-	-	-	-	-	-	-	-	-	-	-	-	-	-	SHV-11^	SHV:p.Leu35Gln	-	-	-	-	-	0	0	0	wildtype S	90.99% S (N=5168/5680)	0^ QRDR, 0 PMQR, 0 aac(6`)-Ib-cr	0.25 mg/L [0.25-0.25]	wzi354	KL114	unknown (KL114)	Typeable	-	99.61%	-	OL3γ	O3γ	Typeable	-	99.70%	-
NK_H11_006	Klebsiella pneumoniae	strong	3	5327472	5327472	5584614	no	-	ST23	2	1	1	1	9	4	12	47	ybt 1; ICEKp10	2	2	2	2	2	6	6	2	2	2	2	-	29	clb 2	2	2	2	2	2	2	2	3	2	2	2	2	2	2	2	-	1	iuc 1	1	1	1	1	1	-	0	-	-	-	-	-	-	0	-	40*-54%	-	-	-	5	-	rmpA2_5-54%	-	-	-	-	-	-	-	-	-	tet(B).v2*;tetR	-	-	-	-	-	-	-	SHV-11^	SHV:p.Leu35Gln	-	-	-	-	-	0	1	2	wildtype S	90.99% S (N=5168/5680)	0^ QRDR, 0 PMQR, 0 aac(6`)-Ib-cr	0.25 mg/L [0.25-0.25]	wzi1	KL1	K1	Typeable	-	99.98%	-	OL2α.2	O1αβ,2β	Typeable	-	99.29%	-
NK_H11_013	Klebsiella pneumoniae	strong	2	5296505	5296505	5472476	no	-	ST4066	1	6	310	1	1	1	1	0	-	-	-	-	-	-	-	-	-	-	-	-	-	0	-	-	-	-	-	-	-	-	-	-	-	-	-	-	-	-	-	0	-	-	-	-	-	-	-	0	-	-	-	-	-	-	0	-	-	-	-	-	0	-	-	-	-	-	-	-	-	-	-	-	-	-	-	-	-	-	-	-	SHV-28^	-	-	-	-	-	-	0	0	0	wildtype S	90.99% S (N=5168/5680)	0^ QRDR, 0 PMQR, 0 aac(6`)-Ib-cr	0.25 mg/L [0.25-0.25]	wzi2	KL2	K2	Typeable	-	99.82%	-	OL2α.1	O1αβ,2α	Typeable	-	100.00%	-
NK_H12_018	Klebsiella pneumoniae	strong	3	5204839	5204839	5366276	no	-	ST107	2	1	2	17	27	1	39	0	-	-	-	-	-	-	-	-	-	-	130*	272	-	0	-	-	-	-	-	-	-	-	-	-	-	-	-	-	-	-	-	0	-	-	-	-	-	-	-	0	-	-	-	-	-	-	0	-	-	-	-	-	0	-	-	-	-	-	-	-	-	-	-	-	-	-	-	-	-	-	-	-	SHV-1^	-	-	-	-	-	-	0	0	0	wildtype S	90.99% S (N=5168/5680)	0^ QRDR, 0 PMQR, 0 aac(6`)-Ib-cr	0.25 mg/L [0.25-0.25]	wzi74	KL103	unknown (KL103)	Typeable	-	98.94%	-	OL2α.1	O1αβ,2α	Typeable	-	98.55%	-
NK_H12_023	Klebsiella pneumoniae	strong	3	5386574	5386574	5648318	no	-	ST2042	4	1	2	4	10	102	242	489	ybt 12; ICEKp10	19	1	1	150	1	23	592	1	1	1	227	-	74	clb 1	1	67	1	1	1	3	10	25	3	1	1	26	14	1	1	-	84	iuc 2	53	2	13	2	26	-	36	iro 2	9	22	2	26	-	7	rmp 2; KpVP-2	3	6	5	-	5	-	-	-	-	-	-	-	-	-	-	-	-	-	-	-	-	-	-	-	SHV-1^	-	-	-	-	-	-	0	0	0	wildtype S	90.99% S (N=5168/5680)	0^ QRDR, 0 PMQR, 0 aac(6`)-Ib-cr	0.25 mg/L [0.25-0.25]	-	KL23	K23	Typeable	!	98.81%	-	OL2α.2	O1αβ,2β	Typeable	-	99.06%	-
NK_H12_028	Klebsiella pneumoniae	strong	3	5206014	5206014	5436166	no	-	ST107	2	1	2	17	27	1	39	0	-	-	-	-	-	-	-	-	-	-	130*	272	-	0	-	-	-	-	-	-	-	-	-	-	-	-	-	-	-	-	-	0	-	-	-	-	-	-	-	0	-	-	-	-	-	-	0	-	-	-	-	-	0	-	-	-	-	-	-	-	-	-	-	-	-	-	-	-	-	-	-	-	SHV-1^	-	-	-	-	-	-	0	0	0	wildtype S	90.99% S (N=5168/5680)	0^ QRDR, 0 PMQR, 0 aac(6`)-Ib-cr	0.25 mg/L [0.25-0.25]	wzi74	KL103	unknown (KL103)	Typeable	-	98.94%	-	OL2α.1	O1αβ,2α	Typeable	-	98.55%	-
NK_H12_034	Klebsiella pneumoniae	strong	4	5452205	5452205	5861735	no	-	ST25	2	1	1	1	10	4	13	183	ybt 9; ICEKp3	5	11	6	5	1	25	37	9	5	5	11	-	0	-	-	-	-	-	-	-	-	-	-	-	-	-	-	-	-	-	0	-	-	-	-	-	-	-	0	-	-	-	-	-	-	0	-	-	-	-	-	1	-	-	strB.v1;strA.v1	-	-	-	-	-	-	-	-	tet(D)	-	-	-	-	-	-	-	SHV-1^;SHV-11^	SHV:p.Leu35Gln	-	-	-	-	-	0	2	3	wildtype S	90.99% S (N=5168/5680)	0^ QRDR, 0 PMQR, 0 aac(6`)-Ib-cr	0.25 mg/L [0.25-0.25]	wzi72	KL2	K2	Typeable	-	99.56%	-	OL2α.2	O1αβ,2β	Typeable	-	99.55%	-
NK_H12_035	Klebsiella pneumoniae	strong	3	5469470	5469470	5751288	no	-	ST4380	2	1	1	1	451	4	12	490	ybt 1; ICEKp10	2	2	188	2	2	36	6	2	2	2	2	-	29	clb 2	2	2	2	2	2	2	2	3	2	2	2	2	2	2	2	-	1	iuc 1	1	1	1	1	1	-	2	iro 1	1	4	1	1	-	40	rmp 1; KpVP-1	2	3	2	-	5	-	rmpA2_3-47%	strB.v1	-	-	-	-	-	-	-	sul2	tet(A).v1	-	dfrA14.v2	-	-	-	-	-	SHV-11^	SHV:p.Leu35Gln	-	-	-	-	strA.v1*?-66%	0	5	5	wildtype S	90.99% S (N=5168/5680)	0^ QRDR, 0 PMQR, 0 aac(6`)-Ib-cr	0.25 mg/L [0.25-0.25]	wzi1	KL1	K1	Typeable	-	99.97%	-	OL2α.2	O1αβ,2β	Typeable	-	99.29%	-
NK_H12_038	Klebsiella pneumoniae	strong	3	5386569	5386569	5648313	no	-	ST2042	4	1	2	4	10	102	242	489	ybt 12; ICEKp10	19	1	1	150	1	23	592	1	1	1	227	-	74	clb 1	1	67	1	1	1	3	10	25	3	1	1	26	14	1	1	-	84	iuc 2	53	2	13	2	26	-	36	iro 2	9	22	2	26	-	7	rmp 2; KpVP-2	3	6	5	-	5	-	-	-	-	-	-	-	-	-	-	-	-	-	-	-	-	-	-	-	SHV-1^	-	-	-	-	-	-	0	0	0	wildtype S	90.99% S (N=5168/5680)	0^ QRDR, 0 PMQR, 0 aac(6`)-Ib-cr	0.25 mg/L [0.25-0.25]	-	KL23	K23	Typeable	!	98.81%	-	OL2α.2	O1αβ,2β	Typeable	-	99.06%	-
NK_H12_041	Klebsiella pneumoniae	strong	5	5114900	5114900	5489365	no	-	ST485	2	1	1	1	7	1	12	0	-	-	-	-	-	-	-	-	-	-	-	-	-	0	-	-	-	-	-	-	-	-	-	-	-	-	-	-	-	-	-	0	-	-	-	-	-	-	-	0	-	-	-	-	-	-	0	-	-	-	-	-	0	-	-	-	-	-	-	-	-	-	-	-	tet(D)	-	-	-	SHV-52	-	-	-	SHV-1^;SHV-1^;SHV-1^;SHV-1^	SHV:p.Leu35Gln;SHV:p.Met69Ile	-	-	-	-	fosA7.5*?-0%	0	2	2	wildtype S	90.99% S (N=5168/5680)	0^ QRDR, 0 PMQR, 0 aac(6`)-Ib-cr	0.25 mg/L [0.25-0.25]	wzi219	KL25	K25	Typeable	!	99.71%	-	OL5	O5	Typeable	-	98.30%	-
NK_H12_048	Klebsiella pneumoniae	strong	3	5329909	5329909	5441906	no	-	ST3647	4	1	1	1	7	1	23	0	-	-	-	-	-	-	-	-	-	-	-	-	-	0	-	-	-	-	-	-	-	-	-	-	-	-	-	-	-	-	-	0	-	-	-	-	-	-	-	0	-	-	-	-	-	-	0	-	-	-	-	-	0	-	-	-	-	-	-	-	-	-	-	-	-	-	-	-	-	-	-	-	SHV-144^	SHV:p.Leu35Gln;SHV:p.Ala146Val	-	-	-	-	-	0	0	0	wildtype S	90.99% S (N=5168/5680)	0^ QRDR, 0 PMQR, 0 aac(6`)-Ib-cr	0.25 mg/L [0.25-0.25]	wzi56	KL30	K30	Typeable	!	97.27%	-	OL2α.1	O1αβ,2α	Typeable	-	98.99%	-
NK_H12_053	Klebsiella pneumoniae	strong	6	5350799	5350799	5623425	no	-	ST1269	2	1	2	1	7	1	226	0	-	-	-	-	-	-	-	-	-	-	-	-	-	0	-	-	-	-	-	-	-	-	-	-	-	-	-	-	-	-	-	0	-	-	-	-	-	-	-	0	-	-	-	-	-	-	0	-	-	-	-	-	0	-	-	-	-	-	-	-	-	-	-	-	-	-	-	-	-	-	-	-	SHV-225*	SHV:p.Leu35Gln	-	-	-	-	-	0	0	0	wildtype S	90.99% S (N=5168/5680)	0^ QRDR, 0 PMQR, 0 aac(6`)-Ib-cr	0.25 mg/L [0.25-0.25]	wzi372	KL139	unknown (KL139)	Typeable	-	99.98%	-	OL2α.1	O1αβ,2α	Typeable	-	99.06%	-
NK_H12_057	Klebsiella quasipneumoniae subsp. similipneumoniae	strong	1	5192151	5192151	5192151	no	-	ST4347	42	22	63	22	86	52	114	0	-	-	-	-	-	-	-	-	-	-	-	-	-	0	-	-	-	-	-	-	-	-	-	-	-	-	-	-	-	-	-	0	-	-	-	-	-	-	-	0	-	-	-	-	-	-	0	-	-	-	-	-	0	-	-	-	-	-	-	-	-	-	-	-	-	-	-	-	-	-	-	-	OKP-B-41*	-	OmpK36:c.A543del	-	-	-	-	0	0	0	wildtype S	90.99% S (N=5168/5680)	0^ QRDR, 0 PMQR, 0 aac(6`)-Ib-cr	0.25 mg/L [0.25-0.25]	wzi233	KL1	K1	Typeable	!	96.61%	-	OL3α/β	O3αβ	Typeable	-	98.78%	-
NK_H12_063	Klebsiella pneumoniae	strong	1	5457198	5457198	5457198	no	-	ST4391	2	6	1	292	4	1	6	0	-	-	-	-	-	-	-	-	-	-	-	-	-	0	-	-	-	-	-	-	-	-	-	-	-	-	-	-	-	-	-	0	-	-	-	-	-	-	-	0	-	-	-	-	-	-	0	-	-	-	-	-	0	-	-	-	-	-	qnrS1	-	-	-	-	-	-	-	-	-	-	CTX-M-15	-	-	SHV-1^	-	-	-	-	-	-	1	2	2	nonwildtype R	77.47% R (N=423/546)	0 QRDR, 1^ PMQR, 0 aac(6`)-Ib-cr	1 mg/L [1-2]	wzi137	KL17	K17	Typeable	-	99.96%	-	OL2α.1	O1αβ,2α	Typeable	-	98.88%	-
NK_H12_068	Klebsiella variicola subsp. variicola	strong	4	5451076	5451076	5488873	no	-	ST4394	242	24	21	40	55	22	67	0	-	-	-	-	-	-	-	-	-	-	-	-	-	0	-	-	-	-	-	-	-	-	-	-	-	-	-	-	-	-	-	0	-	-	-	-	-	-	-	0	-	-	-	-	-	-	0	-	-	-	-	-	0	-	-	-	-	-	-	-	-	-	-	-	-	-	-	-	-	-	-	-	LEN-2^	-	OmpK36:p.Ala183fs	-	-	-	-	0	0	0	wildtype S	90.99% S (N=5168/5680)	0^ QRDR, 0 PMQR, 0 aac(6`)-Ib-cr	0.25 mg/L [0.25-0.25]	-	KL34	K34	Typeable	-	97.83%	-	OL3α/β	O3αβ	Typeable	-	99.79%	-
NK_H12_086	Klebsiella pneumoniae	strong	3	5250356	5250356	5410160	no	-	ST15	1	1	1	1	1	1	1	0	-	-	-	-	-	-	-	-	-	-	-	-	-	0	-	-	-	-	-	-	-	-	-	-	-	-	-	-	-	-	-	0	-	-	-	-	-	-	-	0	-	-	-	-	-	-	0	-	-	-	-	-	0	-	-	strB.v1;strA.v1^;aac(6')-Ib-cr.v2	-	-	qnrB1.v2^;aac(6')-Ib-cr.v2	-	-	-	-	sul2	tet(A).v1	-	dfrA14.v2*	OXA-1	-	CTX-M-15	-	-	SHV-28^	-	-	-	-	-	catB3.v1?-70%	1	8	11	nonwildtype R	94.63% R (N=776/820)	0 QRDR, 1 PMQR, 1 aac(6`)-Ib-cr	2 mg/L [1-2]	wzi24	KL24	K24	Typeable	-	99.97%	-	OL2α.1	O1αβ,2α	Typeable	+!	99.16%	-
NK_H12_100	Klebsiella variicola subsp. variicola	strong	2	5606187	5606187	5825949	no	-	ST725	16	24	21	38	132	66	75	495	ybt 26; ICEKp18	129	61	58	65	40	443	546	45	38	63	291	-	0	-	-	-	-	-	-	-	-	-	-	-	-	-	-	-	-	-	0	-	-	-	-	-	-	-	0	-	-	-	-	-	-	0	-	-	-	-	-	1	-	-	-	-	-	-	-	-	-	-	-	-	-	-	-	-	-	-	-	LEN-13	-	OmpK36:p.Ala183fs	-	-	-	-	0	0	0	wildtype S	90.99% S (N=5168/5680)	0^ QRDR, 0 PMQR, 0 aac(6`)-Ib-cr	0.25 mg/L [0.25-0.25]	wzi369	KL107	unknown (KL107)	Typeable	-	98.90%	-	OL3α/β	O3αβ	Typeable	-	99.80%	-
NK_H13_003	Klebsiella quasipneumoniae subsp. quasipneumoniae	strong	4	5493366	5493366	5756314	no	-	ST2663	17	19	28	39	51	21	385	0	-	-	-	-	-	-	-	-	-	-	-	-	-	0	-	-	-	-	-	-	-	-	-	-	-	-	-	-	-	-	-	0	-	-	-	-	-	-	-	0	-	-	-	-	-	-	0	-	-	-	-	-	0	-	-	aadA1.v1^	-	-	-	-	-	-	-	sul1	-	-	dfrA1.v2	-	-	-	-	-	OKP-A-6	-	OmpK36:p.Ala183fs	-	-	-	-	0	3	3	wildtype S	90.99% S (N=5168/5680)	0^ QRDR, 0 PMQR, 0 aac(6`)-Ib-cr	0.25 mg/L [0.25-0.25]	-	KL101	unknown (KL101)	Typeable	-	98.38%	-	OL3α/β	O3αβ	Typeable	-	98.86%	-
NK_H14_001	Klebsiella pneumoniae	strong	2	5220412	5220412	5449355	no	-	ST17	2	1	1	1	4	4	4	0	-	-	-	-	-	-	-	-	-	-	-	-	-	0	-	-	-	-	-	-	-	-	-	-	-	-	-	-	-	-	-	0	-	-	-	-	-	-	-	0	-	-	-	-	-	-	0	-	-	-	-	-	0	-	-	aadA2	-	-	-	-	-	cmlA4*	-	sul1;sul2	tet(D)	-	dfrA15.v2*	-	-	-	-	-	SHV-11^	SHV:p.Leu35Gln	-	-	-	-	-	0	5	6	wildtype S	90.99% S (N=5168/5680)	0^ QRDR, 0 PMQR, 0 aac(6`)-Ib-cr	0.25 mg/L [0.25-0.25]	wzi130	KL58	K58	Typeable	-	99.99%	-	OL3γ	O3γ	Typeable	-	99.64%	-
NK_H14_010	Klebsiella pneumoniae	strong	3	5206093	5206093	5436245	no	-	ST107	2	1	2	17	27	1	39	0	-	-	-	-	-	-	-	-	-	-	130*	272	-	0	-	-	-	-	-	-	-	-	-	-	-	-	-	-	-	-	-	0	-	-	-	-	-	-	-	0	-	-	-	-	-	-	0	-	-	-	-	-	0	-	-	-	-	-	-	-	-	-	-	-	-	-	-	-	-	-	-	-	SHV-1^	-	-	-	-	-	-	0	0	0	wildtype S	90.99% S (N=5168/5680)	0^ QRDR, 0 PMQR, 0 aac(6`)-Ib-cr	0.25 mg/L [0.25-0.25]	wzi74	KL103	unknown (KL103)	Typeable	-	98.94%	-	OL2α.1	O1αβ,2α	Typeable	-	98.55%	-
NK_H14_015	Klebsiella quasipneumoniae subsp. similipneumoniae	strong	4	5271611	5271611	5538738	no	-	ST5845	18	22	26	63	167	13	807	0	-	-	-	-	-	-	-	-	-	-	-	-	-	0	-	-	-	-	-	-	-	-	-	-	-	-	-	-	-	-	-	0	-	-	-	-	-	-	-	0	-	-	-	-	-	-	0	-	-	-	-	-	0	-	-	-	-	-	-	-	-	-	-	-	-	-	-	-	-	-	-	-	OKP-B-41^	-	-	-	-	-	-	0	0	0	wildtype S	90.99% S (N=5168/5680)	0^ QRDR, 0 PMQR, 0 aac(6`)-Ib-cr	0.25 mg/L [0.25-0.25]	-	KL47	K47	Typeable	-	98.27%	-	OL3α/β	O3αβ	Typeable	-	98.79%	-
NK_H14_033	Klebsiella variicola subsp. variicola	strong	4	5513146	5513146	5700062	no	-	ST250	16	18	45	44	55	22	67	0	-	-	-	-	-	-	-	-	-	-	-	-	-	0	-	-	-	-	-	-	-	-	-	-	-	-	-	-	-	-	-	0	-	-	-	-	-	-	-	0	-	-	-	-	-	-	0	-	-	-	-	-	0	-	-	-	-	-	-	-	-	-	-	-	-	-	-	-	-	-	-	-	LEN-16^	-	OmpK36:p.Ala183fs	-	-	-	-	0	0	0	wildtype S	90.99% S (N=5168/5680)	0^ QRDR, 0 PMQR, 0 aac(6`)-Ib-cr	0.25 mg/L [0.25-0.25]	wzi100	KL10	K10	Typeable	!	99.06%	-	OL3α/β	O3αβ	Typeable	!	99.25%	-
NK_H14_036	Klebsiella pneumoniae	strong	3	5290646	5290646	5411051	no	-	ST45	2	1	1	6	7	1	12	78	ybt 10; ICEKp4	3	12	4	11	3	21	18	3	10	16	2	-	0	-	-	-	-	-	-	-	-	-	-	-	-	-	-	-	-	-	0	-	-	-	-	-	-	-	0	-	-	-	-	-	-	0	-	-	-	-	-	1	-	-	-	-	-	-	-	-	-	-	-	-	-	-	-	-	-	-	-	SHV-1	-	-	-	-	-	-	0	0	0	wildtype S	90.99% S (N=5168/5680)	0^ QRDR, 0 PMQR, 0 aac(6`)-Ib-cr	0.25 mg/L [0.25-0.25]	wzi5	KL5	K5	Typeable	-	99.34%	-	OL3γ	O3γ	Typeable	-	99.83%	-
NK_H14_037	Klebsiella pneumoniae	strong	5	5268726	5268726	5538672	no	-	ST458	2	1	2	2	10	4	9	0	-	-	-	-	-	-	-	-	-	-	-	-	-	0	-	-	-	-	-	-	-	-	-	-	-	-	-	-	-	-	-	0	-	-	-	-	-	-	-	0	-	-	-	-	-	-	0	-	-	-	-	-	0	-	-	-	-	-	-	-	-	-	-	-	-	-	-	-	-	-	-	-	SHV-75*	-	-	-	-	-	-	0	0	0	wildtype S	90.99% S (N=5168/5680)	0^ QRDR, 0 PMQR, 0 aac(6`)-Ib-cr	0.25 mg/L [0.25-0.25]	wzi24	KL24	K24	Typeable	!	99.16%	-	OL2α.1	O1αβ,2α	Typeable	-	99.15%	-
NK_H14_042	Klebsiella variicola subsp. variicola	strong	4	5537021	5537021	5660096	no	-	ST1381	16	18	45	38	106	93	75	0	-	-	-	-	-	-	-	-	-	-	-	-	-	0	-	-	-	-	-	-	-	-	-	-	-	-	-	-	-	-	-	0	-	-	-	-	-	-	-	0	-	-	-	-	-	-	0	-	-	-	-	-	0	-	-	-	-	-	-	-	-	-	-	-	-	-	-	-	-	-	-	-	LEN-2^	-	OmpK36:p.Ala183fs	-	-	-	-	0	0	0	wildtype S	90.99% S (N=5168/5680)	0^ QRDR, 0 PMQR, 0 aac(6`)-Ib-cr	0.25 mg/L [0.25-0.25]	wzi369	KL107	unknown (KL107)	Typeable	-	98.89%	-	OL3α/β	O3αβ	Typeable	-	99.83%	-
NK_H14_050	Klebsiella pneumoniae	strong	4	5400413	5400413	5673060	no	-	ST4652	3	1	13	34	63	1	6	0	-	-	-	-	-	-	-	-	-	-	-	-	-	0	-	-	-	-	-	-	-	-	-	-	-	-	-	-	-	-	-	0	-	-	-	-	-	-	-	0	-	-	-	-	-	-	0	-	-	-	-	-	0	-	-	strB.v1;strA.v1	-	-	-	-	-	-	-	-	tet(B).v2*;tetR*	-	-	-	-	-	-	-	SHV-1^	-	-	-	-	-	-	0	2	4	wildtype S	90.99% S (N=5168/5680)	0^ QRDR, 0 PMQR, 0 aac(6`)-Ib-cr	0.25 mg/L [0.25-0.25]	wzi25	KL25	K25	Typeable	!	99.82%	-	OL2α.2	O1αβ,2β	Typeable	-	99.36%	-
NK_H14_057	Klebsiella pneumoniae	strong	1	5288424	5288424	5288424	no	-	ST49	8	1	1	2	12	1	23	0	-	-	-	-	-	-	-	-	-	-	-	-	-	0	-	-	-	-	-	-	-	-	-	-	-	-	-	-	-	-	-	0	-	-	-	-	-	-	-	0	-	-	-	-	-	-	0	-	-	-	-	-	0	-	-	-	-	-	-	-	-	-	-	-	-	-	-	-	-	-	-	-	SHV-110^	SHV:p.Leu35Gln;SHV:p.Gly156Asp	-	-	-	-	-	0	0	0	wildtype S	90.99% S (N=5168/5680)	0^ QRDR, 0 PMQR, 0 aac(6`)-Ib-cr	0.25 mg/L [0.25-0.25]	wzi419	KL7	K7	Typeable	-	99.56%	-	OL3γ	O3γ	Typeable	-	99.49%	-
NK_H14_058	Klebsiella quasipneumoniae subsp. similipneumoniae	strong	2	5191720	5191720	5247519	no	-	ST4071	112	22	26	282	115	13	289	0	-	-	-	-	-	-	-	-	-	-	-	-	-	0	-	-	-	-	-	-	-	-	-	-	-	-	-	-	-	-	-	0	-	-	-	-	-	-	-	0	-	-	-	-	-	-	0	-	-	-	-	-	0	-	-	-	-	-	-	-	-	-	-	-	-	-	-	-	-	-	-	-	OKP-B-5^	-	OmpK36:p.Ala183fs	-	-	-	-	0	0	0	wildtype S	90.99% S (N=5168/5680)	0^ QRDR, 0 PMQR, 0 aac(6`)-Ib-cr	0.25 mg/L [0.25-0.25]	wzi233	KL1	K1	Typeable	!	96.60%	-	OL3α/β	O3αβ	Typeable	-	98.75%	-
NK_H14_063	Klebsiella pneumoniae	strong	4	5283674	5283674	5581741	no	-	ST999	2	1	2	1	10	1	12	0	-	-	-	-	-	-	-	-	-	-	-	-	-	0	-	-	-	-	-	-	-	-	-	-	-	-	-	-	-	-	-	0	-	-	-	-	-	-	-	0	-	-	-	-	-	-	0	-	-	-	-	-	0	-	-	-	-	-	-	-	-	-	-	-	-	-	-	-	-	-	-	-	SHV-1	-	-	-	-	-	-	0	0	0	wildtype S	90.99% S (N=5168/5680)	0^ QRDR, 0 PMQR, 0 aac(6`)-Ib-cr	0.25 mg/L [0.25-0.25]	wzi385	KL22	K22	Typeable	-	99.77%	-	OL2α.2	O2β	Typeable	-	99.11%	-
NK_H15_001	Klebsiella variicola subsp. variicola	strong	2	5467149	5467149	5891415	no	-	ST639	16	18	21	27	54	22	85	0	-	-	-	-	-	-	-	-	-	-	-	-	-	0	-	-	-	-	-	-	-	-	-	-	-	-	-	-	-	-	-	0	-	-	-	-	-	-	-	0	-	-	-	-	-	-	0	-	-	-	-	-	0	-	-	-	-	-	-	-	-	-	-	-	-	-	-	-	-	-	-	-	LEN-18	-	OmpK36:p.Ala183fs	-	-	-	-	0	0	0	wildtype S	90.99% S (N=5168/5680)	0^ QRDR, 0 PMQR, 0 aac(6`)-Ib-cr	0.25 mg/L [0.25-0.25]	wzi338	KL105	unknown (KL105)	Typeable	-	98.91%	-	OL3α/β	O3αβ	Typeable	-	99.82%	-
NK_H15_002	Klebsiella pneumoniae	strong	3	5312012	5312012	5486541	no	-	ST25	2	1	1	1	10	4	13	63	ybt 6; ICEKp5	22	22	6	24	16	53	51	9	17	5	30	-	0	-	-	-	-	-	-	-	-	-	-	-	-	-	-	-	-	-	0	-	-	-	-	-	-	-	0	-	-	-	-	-	-	0	-	-	-	-	-	1	-	-	aph3-Ia.v1*	-	-	-	-	-	-	-	sul1*	-	-	dfrA14.v2*	-	-	-	-	-	SHV-11^	SHV:p.Leu35Gln	-	-	-	-	-	0	3	3	wildtype S	90.99% S (N=5168/5680)	0^ QRDR, 0 PMQR, 0 aac(6`)-Ib-cr	0.25 mg/L [0.25-0.25]	wzi72	KL2	K2	Typeable	-	99.56%	-	OL2α.2	O1αβ,2β	Typeable	-	99.55%	-
NK_H15_014	Klebsiella variicola subsp. variicola	strong	1	5525875	5525875	5525875	no	-	ST1562	16	24	36	27	29	22	105	508	ybt 0; ICEKp?	141	153	183	68	72	469	566	140	118	163	277	-	0	-	-	-	-	-	-	-	-	-	-	-	-	-	-	-	-	-	0	-	-	-	-	-	-	-	0	-	-	-	-	-	-	0	-	-	-	-	-	1	-	-	-	-	-	-	-	-	-	-	-	-	-	-	-	-	-	-	-	LEN-2^	-	OmpK36:p.Ala183fs	-	-	-	-	0	0	0	wildtype S	90.99% S (N=5168/5680)	0^ QRDR, 0 PMQR, 0 aac(6`)-Ib-cr	0.25 mg/L [0.25-0.25]	wzi66	KL19	K19	Typeable	-	99.91%	-	OL3α/β	O3αβ	Typeable	-	99.90%	-
NK_H15_021	Klebsiella pneumoniae	strong	2	5388444	5388444	5599874	no	-	ST101	2	6	1	5	4	1	6	183	ybt 9; ICEKp3	5	11	6	5	1	25	37	9	5	5	11	-	0	-	-	-	-	-	-	-	-	-	-	-	-	-	-	-	-	-	0	-	-	-	-	-	-	-	0	-	-	-	-	-	-	0	-	-	-	-	-	1	-	-	-	-	-	-	-	-	-	-	-	-	-	-	-	-	-	-	-	SHV-1^	-	-	-	-	-	-	0	0	0	wildtype S	90.99% S (N=5168/5680)	0^ QRDR, 0 PMQR, 0 aac(6`)-Ib-cr	0.25 mg/L [0.25-0.25]	wzi137	KL17	K17	Typeable	-	99.99%	-	OL2α.1	O1αβ,2α	Typeable	-	98.92%	-
NK_H15_022	Klebsiella pneumoniae	strong	3	5319161	5319161	5537416	no	-	ST86	9	4	2	1	1	1	27	511	ybt 9; ICEKp3	5	19	26	5	1	499	53	9	5	5	21	-	0	-	-	-	-	-	-	-	-	-	-	-	-	-	-	-	-	-	1	iuc 1	1	1	1	1	1	-	41	iro 1	1	58	1	1	-	26	rmp 1; KpVP-1	2	2	2	-	4	-	rmpA2_2-54%	-	-	-	-	-	-	-	-	-	-	-	-	-	-	-	-	-	SHV-1^	-	-	-	-	-	-	0	0	0	wildtype S	90.99% S (N=5168/5680)	0^ QRDR, 0 PMQR, 0 aac(6`)-Ib-cr	0.25 mg/L [0.25-0.25]	wzi2	KL2	K2	Typeable	-	99.91%	-	OL2α.1	O1αβ,2α	Typeable	!	99.25%	-
NK_H15_025	Klebsiella variicola subsp. variicola	strong	6	5473021	5473021	5796890	no	-	ST641	16	18	21	27	39	22	67	0	-	-	-	-	-	-	-	-	-	-	-	-	-	0	-	-	-	-	-	-	-	-	-	-	-	-	-	-	-	-	-	59	iuc 5	45	22	33	35	48	-	34	iro 5	23	48	17	19	-	0	-	-	-	-	-	3	-	-	strB.v1;strA.v1^;aadA5	-	-	-	-	-	catA1^	-	sul2*	tet(B).v2*;tetR	-	dfrA17	-	-	-	-	-	LEN-16	-	OmpK36:p.Ala183fs	-	-	-	-	0	6	9	wildtype S	90.99% S (N=5168/5680)	0^ QRDR, 0 PMQR, 0 aac(6`)-Ib-cr	0.25 mg/L [0.25-0.25]	wzi201	KL60	Capsule null	Typeable	!	99.58%	-	OL5	O5	Typeable	-	99.79%	-
NK_H15_032	Klebsiella pneumoniae	strong	4	5289382	5289382	5540769	no	-	ST133	12	1	1	2	5	1	36	267-1LV	ybt 17; ICEKp10	6	15	5	13	11	28*	26	2	11	4	2	-	19	clb 3	2	10	2	2	2	4	2	8	2	2	2	2	2	2	2	-	0	-	-	-	-	-	-	-	0	-	-	-	-	-	-	0	-	-	-	-	-	2	-	-	-	-	-	-	-	-	-	-	-	-	-	-	-	-	-	-	-	SHV-75	-	-	-	-	-	-	0	0	0	wildtype S	90.99% S (N=5168/5680)	0^ QRDR, 0 PMQR, 0 aac(6`)-Ib-cr	0.25 mg/L [0.25-0.25]	wzi180	KL116	unknown (KL116)	Typeable	!	99.94%	-	OL2α.1	O1αβ,2α	Typeable	-	99.16%	-
NK_H15_042	Klebsiella pneumoniae	strong	3	5318047	5318047	5628689	no	-	ST3370	2	1	2	14	9	187	5	514	ybt 24; ICEKp16	68	74	79	85	53	460	215	58	82	100	105	-	0	-	-	-	-	-	-	-	-	-	-	-	-	-	-	-	-	-	0	-	-	-	-	-	-	-	0	-	-	-	-	-	-	0	-	-	-	-	-	1	-	-	-	-	-	-	-	-	-	-	-	-	-	-	-	-	-	-	-	SHV-108^	SHV:p.Leu35Gln	-	-	-	-	-	0	0	0	wildtype S	90.99% S (N=5168/5680)	0^ QRDR, 0 PMQR, 0 aac(6`)-Ib-cr	0.25 mg/L [0.25-0.25]	wzi11	KL11	K11	Typeable	-	96.18%	-	OL3α/β	O3αβ	Typeable	-	98.40%	-
NK_H15_047	Klebsiella pneumoniae	strong	2	5228927	5228927	5450197	no	-	ST441	4	1	2	1	1	7	23	515	ybt 4; plasmid	18	20	27	161	13	81	38	9	8	26	35	-	0	-	-	-	-	-	-	-	-	-	-	-	-	-	-	-	-	-	0	-	-	-	-	-	-	-	0	-	-	-	-	-	-	0	-	-	-	-	-	1	-	-	-	-	-	-	-	-	-	-	-	-	-	-	-	-	-	-	-	SHV-168^	SHV:p.Ala146Val	-	-	-	-	-	0	0	0	wildtype S	90.99% S (N=5168/5680)	0^ QRDR, 0 PMQR, 0 aac(6`)-Ib-cr	0.25 mg/L [0.25-0.25]	wzi396	KL174	unknown (KL174)	Typeable	-	99.97%	-	OL2α.2	O2β	Typeable	-	98.63%	-
NK_H15_048	Klebsiella pneumoniae	strong	3	5206010	5206010	5437421	no	-	ST107	2	1	2	17	27	1	39	0	-	-	-	-	-	-	-	-	-	-	130*	272	-	0	-	-	-	-	-	-	-	-	-	-	-	-	-	-	-	-	-	0	-	-	-	-	-	-	-	0	-	-	-	-	-	-	0	-	-	-	-	-	0	-	-	-	-	-	-	-	-	-	-	-	-	-	-	-	-	-	-	-	SHV-1^	-	-	-	-	-	-	0	0	0	wildtype S	90.99% S (N=5168/5680)	0^ QRDR, 0 PMQR, 0 aac(6`)-Ib-cr	0.25 mg/L [0.25-0.25]	wzi74	KL103	unknown (KL103)	Typeable	!	98.95%	-	OL2α.1	O1αβ,2α	Typeable	-	98.55%	-
NK_H15_056	Klebsiella pneumoniae	strong	4	5449654	5449654	5709309	no	-	ST66	2	3	2	1	10	1	13	316	ybt 12; ICEKp10	7	1	1	1	1	3	16	1	1	1	1	-	9	clb 1	1	4	1	1	1	1	1	5	1	1	1	1	1	1	1	-	6	iuc 2	2	6	5	15	8	-	22	iro 2	4	9	5	4	-	2	rmp 2; KpVP-2	9	32	5	-	5	-	-	-	-	-	-	-	-	-	-	-	-	-	-	-	-	-	-	-	-	-	-	-	-	-	-	0	0	0	wildtype S	90.99% S (N=5168/5680)	0^ QRDR, 0 PMQR, 0 aac(6`)-Ib-cr	0.25 mg/L [0.25-0.25]	wzi257	KL2	K2	Typeable	-	99.45%	-	OL2α.2	O1αβ,2α	Typeable	!	99.25%	-
NK_H15_060	Klebsiella pneumoniae	strong	2	5302709	5302709	5307361	no	-	ST5849	2	1	1	1	275	1	62	0	-	-	-	-	-	-	-	-	-	-	-	-	-	0	-	-	-	-	-	-	-	-	-	-	-	-	-	-	-	-	-	0	-	-	-	-	-	-	-	0	-	-	-	-	-	-	0	-	-	-	-	-	0	-	-	-	-	-	-	-	-	-	-	-	-	-	-	-	-	-	-	-	SHV-229*	SHV:p.Leu35Gln	-	-	-	-	-	0	0	0	wildtype S	90.99% S (N=5168/5680)	0^ QRDR, 0 PMQR, 0 aac(6`)-Ib-cr	0.25 mg/L [0.25-0.25]	wzi50	KL52	K52	Typeable	-	99.94%	-	OL13	O13	Typeable	!	96.52%	-
NK_H16_005	Klebsiella pneumoniae	strong	3	5206014	5206014	5436166	no	-	ST107	2	1	2	17	27	1	39	0	-	-	-	-	-	-	-	-	-	-	130*	272	-	0	-	-	-	-	-	-	-	-	-	-	-	-	-	-	-	-	-	0	-	-	-	-	-	-	-	0	-	-	-	-	-	-	0	-	-	-	-	-	0	-	-	-	-	-	-	-	-	-	-	-	-	-	-	-	-	-	-	-	SHV-1^	-	-	-	-	-	-	0	0	0	wildtype S	90.99% S (N=5168/5680)	0^ QRDR, 0 PMQR, 0 aac(6`)-Ib-cr	0.25 mg/L [0.25-0.25]	wzi74	KL103	unknown (KL103)	Typeable	-	98.94%	-	OL2α.1	O1αβ,2α	Typeable	-	98.55%	-
NK_H16_012	Klebsiella pneumoniae	strong	3	5208058	5208058	5456864	no	-	ST152	2	3	2	1	1	4	56	0	-	-	-	-	-	-	-	-	-	-	-	-	-	0	-	-	-	-	-	-	-	-	-	-	-	-	-	-	-	-	-	0	-	-	-	-	-	-	-	0	-	-	-	-	-	-	0	-	-	-	-	-	0	-	-	-	-	-	-	-	-	-	-	-	-	-	-	-	-	-	-	-	SHV-1^	-	-	-	-	-	-	0	0	0	wildtype S	90.99% S (N=5168/5680)	0^ QRDR, 0 PMQR, 0 aac(6`)-Ib-cr	0.25 mg/L [0.25-0.25]	-	KL82	K82	Typeable	+!	99.40%	-	OL12	O12	Untypeable	-+*!	85.43%	OL12_07_wzt;OL12_04_rfbC;OL12_03_rfbD
NK_H16_016	Klebsiella pneumoniae	strong	3	5396720	5396720	5541962	no	-	ST1426	3	5	1	1	12	4	46	0	-	-	-	-	-	-	-	-	-	-	-	-	-	0	-	-	-	-	-	-	-	-	-	-	-	-	-	-	-	-	-	0	-	-	-	-	-	-	-	0	-	-	-	-	-	-	0	-	-	-	-	-	0	-	-	-	-	-	-	-	-	-	-	-	-	-	-	-	-	-	-	-	SHV-11^	SHV:p.Leu35Gln	-	-	-	-	-	0	0	0	wildtype S	90.99% S (N=5168/5680)	0^ QRDR, 0 PMQR, 0 aac(6`)-Ib-cr	0.25 mg/L [0.25-0.25]	wzi368	KL134	unknown (KL134)	Typeable	-	99.98%	-	OL3α/β	O3αβ	Typeable	-	99.80%	-
NK_H16_021	Klebsiella pneumoniae	strong	3	5260883	5260883	5509378	no	-	ST4264	2	1	322	1	1	4	19	517	ybt 9; ICEKp3	5	11	6	98	63	453	210	9	5	5	270	-	0	-	-	-	-	-	-	-	-	-	-	-	-	-	-	-	-	-	14	iuc 2	2	2	2	2	2	-	46	iro 2	2	3	2	34	-	7	rmp 2; KpVP-2	3	6	5	-	4	-	-	-	-	-	-	-	-	-	-	-	-	-	-	-	-	-	-	-	SHV-207	-	-	-	-	-	-	0	0	0	wildtype S	90.99% S (N=5168/5680)	0^ QRDR, 0 PMQR, 0 aac(6`)-Ib-cr	0.25 mg/L [0.25-0.25]	wzi2	KL2	K2	Typeable	-	99.50%	-	OL2α.1	O1αβ,2α	Typeable	-	100.00%	-
NK_H16_023	Klebsiella variicola subsp. variicola	strong	5	5531973	5531973	5786722	no	-	ST641	16	18	21	27	39	22	67	0	-	-	-	-	-	-	-	-	-	-	-	-	-	0	-	-	-	-	-	-	-	-	-	-	-	-	-	-	-	-	-	0	-	-	-	-	-	-	-	0	-	-	-	-	-	-	0	-	-	-	-	-	0	-	-	-	-	-	-	-	-	-	-	-	-	-	-	-	-	-	-	-	LEN-16	-	OmpK36:p.Ala183fs	-	-	-	-	0	0	0	wildtype S	90.99% S (N=5168/5680)	0^ QRDR, 0 PMQR, 0 aac(6`)-Ib-cr	0.25 mg/L [0.25-0.25]	wzi201	KL60	K60	Typeable	-	99.66%	-	OL5	O5	Typeable	-	99.79%	-
NK_H17_002	Klebsiella variicola subsp. variicola	strong	8	5253206	5253206	5705509	no	-	ST919	16	24	21	27	47	22	188	0	-	-	-	-	-	-	-	-	-	-	-	-	-	0	-	-	-	-	-	-	-	-	-	-	-	-	-	-	-	-	-	0	-	-	-	-	-	-	-	0	-	-	-	-	-	-	0	-	-	-	-	-	0	-	-	-	-	-	-	-	-	-	-	sul1	-	-	dfrA15.v2	-	-	-	-	-	LEN-32^	-	OmpK36:p.Ala183fs	-	-	-	-	0	2	2	wildtype S	90.99% S (N=5168/5680)	0^ QRDR, 0 PMQR, 0 aac(6`)-Ib-cr	0.25 mg/L [0.25-0.25]	wzi38	KL38	K38	Typeable	!	99.57%	-	OL2α.1	O1αβ,2α	Typeable	-	99.05%	-
NK_H17_017	Klebsiella pneumoniae	strong	5	5208097	5208097	5268854	no	-	ST497	2	1	5	1	9	8	59	0	-	-	-	-	-	-	-	-	-	-	-	-	-	0	-	-	-	-	-	-	-	-	-	-	-	-	-	-	-	-	-	0	-	-	-	-	-	-	-	0	-	-	-	-	-	-	0	-	-	-	-	-	0	-	-	-	-	-	qnrS1	-	-	-	-	-	-	-	-	-	-	-	-	-	SHV-1	-	-	-	-	-	-	0	2	2	nonwildtype R	77.47% R (N=423/546)	0 QRDR, 1^ PMQR, 0 aac(6`)-Ib-cr	1 mg/L [1-2]	wzi16	KL16	K16	Typeable	-	99.76%	-	OL3γ	O3γ	Typeable	-	99.77%	-
NK_H17_018	Klebsiella pneumoniae	strong	2	5190210	5190210	5297393	no	-	ST485	2	1	1	1	7	1	12	0	-	-	-	-	-	-	-	-	-	-	-	-	-	0	-	-	-	-	-	-	-	-	-	-	-	-	-	-	-	-	-	0	-	-	-	-	-	-	-	0	-	-	-	-	-	-	0	-	-	-	-	-	0	-	-	-	-	-	-	-	-	-	-	-	tet(A).v1	-	-	-	SHV-52	-	-	-	-	SHV:p.Leu35Gln;SHV:p.Met69Ile	-	-	-	-	fosA7.5*?-0%	0	3	3	wildtype S	90.99% S (N=5168/5680)	0^ QRDR, 0 PMQR, 0 aac(6`)-Ib-cr	0.25 mg/L [0.25-0.25]	wzi219	KL25	K25	Typeable	-	99.89%	-	OL5	O5	Typeable	-	98.27%	-
NK_H17_023	Klebsiella pneumoniae	strong	3	5328756	5328756	5698833	no	-	ST1307	2	1	2	1	12	1	38	519	ybt 4; plasmid	18	20	187	18	13	81	38	9	8	26	35	-	0	-	-	-	-	-	-	-	-	-	-	-	-	-	-	-	-	-	0	-	-	-	-	-	-	-	0	-	-	-	-	-	-	0	-	-	-	-	-	1	-	-	-	-	-	-	-	-	-	-	-	-	-	-	-	-	-	-	-	SHV-11^	SHV:p.Leu35Gln	-	-	-	-	-	0	0	0	wildtype S	90.99% S (N=5168/5680)	0^ QRDR, 0 PMQR, 0 aac(6`)-Ib-cr	0.25 mg/L [0.25-0.25]	wzi202	KL127	unknown (KL127)	Typeable	-	99.99%	-	OL13	O13	Typeable	!	96.54%	-
NK_H17_034	Klebsiella pneumoniae	strong	7	5222696	5222696	5721589	no	-	ST359	10	1	2	1	9	27	6	0	-	-	-	-	-	-	-	-	-	-	-	-	-	0	-	-	-	-	-	-	-	-	-	-	-	-	-	-	-	-	-	0	-	-	-	-	-	-	-	0	-	-	-	-	-	-	0	-	-	-	-	-	0	-	-	-	-	-	-	-	-	-	-	-	-	-	-	-	-	-	-	-	SHV-1^	-	-	-	-	-	-	0	0	0	wildtype S	90.99% S (N=5168/5680)	0^ QRDR, 0 PMQR, 0 aac(6`)-Ib-cr	0.25 mg/L [0.25-0.25]	wzi24	KL24	K24	Typeable	!	99.08%	-	OL2α.1	O2α	Typeable	!	99.03%	-
NK_H17_042	Klebsiella pneumoniae	strong	4	5439825	5439825	5591522	no	-	ST247	10	7	2	2	3	25	4	0	-	-	-	-	-	-	-	-	-	-	-	-	-	0	-	-	-	-	-	-	-	-	-	-	-	-	-	-	-	-	-	0	-	-	-	-	-	-	-	0	-	-	-	-	-	-	0	-	-	-	-	-	0	-	-	-	-	-	-	-	-	-	-	-	-	-	-	-	-	-	-	-	SHV-1^;SHV-1^;SHV-1^	-	-	-	-	-	-	0	0	0	wildtype S	90.99% S (N=5168/5680)	0^ QRDR, 0 PMQR, 0 aac(6`)-Ib-cr	0.25 mg/L [0.25-0.25]	wzi27	KL10	K10	Typeable	!	99.12%	-	OL3γ	O3γ	Typeable	-	99.37%	-
NK_H18_003	Klebsiella pneumoniae	strong	2	5395861	5395861	5588839	no	-	ST1086	3	1	2	1	3	4	31	523	ybt 14; ICEKp5	6	4	139	4	1	257	549	2	65	4	293	-	0	-	-	-	-	-	-	-	-	-	-	-	-	-	-	-	-	-	0	-	-	-	-	-	-	-	0	-	-	-	-	-	-	0	-	-	-	-	-	1	-	-	aadA2^	-	-	-	-	-	-	-	sul1	-	-	dfrA12	-	-	-	-	-	SHV-116*	-	-	-	-	-	-	0	3	3	wildtype S	90.99% S (N=5168/5680)	0^ QRDR, 0 PMQR, 0 aac(6`)-Ib-cr	0.25 mg/L [0.25-0.25]	wzi471	KL126	unknown (KL126)	Typeable	-	99.67%	-	OL13	O13	Typeable	!	96.13%	-
NK_H18_005	Klebsiella pneumoniae	strong	1	5476930	5476930	5476930	no	-	ST4397	31	141	1	37	3	27	64	0	-	-	-	-	-	-	-	-	-	-	-	-	-	0	-	-	-	-	-	-	-	-	-	-	-	-	-	-	-	-	-	0	-	-	-	-	-	-	-	0	-	-	-	-	-	-	0	-	-	-	-	-	0	-	-	-	-	-	-	-	-	-	-	-	-	-	-	-	-	-	-	-	SHV-133	-	-	-	-	-	-	0	0	0	wildtype S	90.99% S (N=5168/5680)	0^ QRDR, 0 PMQR, 0 aac(6`)-Ib-cr	0.25 mg/L [0.25-0.25]	-	KL10	K10	Typeable	-	98.64%	-	OL2α.1	O1αβ,2α	Typeable	-	98.58%	-
NK_H18_019	Klebsiella pneumoniae	strong	3	5252654	5252654	5489857	no	-	ST2931	2	1	1	1	12	4	4	0	-	-	-	-	-	-	-	-	-	-	-	-	-	0	-	-	-	-	-	-	-	-	-	-	-	-	-	-	-	-	-	0	-	-	-	-	-	-	-	0	-	-	-	-	-	-	0	-	-	-	-	-	0	-	-	-	-	-	-	-	-	-	-	-	-	-	-	-	-	-	-	-	SHV-80	SHV:p.Leu35Gln;SHV:p.Ala146Thr	-	-	-	-	-	0	0	0	wildtype S	90.99% S (N=5168/5680)	0^ QRDR, 0 PMQR, 0 aac(6`)-Ib-cr	0.25 mg/L [0.25-0.25]	wzi385	KL22	K22	Typeable	-	99.74%	-	OL3α/β	O3αβ	Typeable	-	98.48%	-
NK_H18_026	Klebsiella pneumoniae	strong	7	5327146	5327146	5572154	no	-	ST391	10	5	1	4	6	4	4	526	ybt 14; ICEKp5	6	4	186	167	1	257	250	2	65	4	2	-	0	-	-	-	-	-	-	-	-	-	-	-	-	-	-	-	-	-	0	-	-	-	-	-	-	-	0	-	-	-	-	-	-	0	-	-	-	-	-	1	-	-	strB.v1;strA.v1^	-	-	-	-	Mrx;mphA	-	-	sul2*	-	-	dfrA14.v2*	-	-	-	-	-	SHV-11^	SHV:p.Leu35Gln	-	-	-	-	-	0	5	7	wildtype S	90.99% S (N=5168/5680)	0^ QRDR, 0 PMQR, 0 aac(6`)-Ib-cr	0.25 mg/L [0.25-0.25]	wzi554	KL30	K30	Typeable	-	97.43%	-	OL2α.2	O1αβ,2β	Typeable	-	99.53%	-
NK_H18_038	Klebsiella pneumoniae	strong	3	5298170	5298170	5525441	no	-	ST280	2	1	2	1	10	4	46	0	-	-	-	-	-	-	-	-	-	-	-	-	-	0	-	-	-	-	-	-	-	-	-	-	-	-	-	-	-	-	-	0	-	-	-	-	-	-	-	0	-	-	-	-	-	-	0	-	-	-	-	-	0	-	-	-	-	-	-	-	-	-	-	-	-	-	-	-	-	-	-	-	SHV-27	SHV:p.Gly156Asp	-	-	-	-	fosA7.5*?-0%	0	0	0	wildtype S	90.99% S (N=5168/5680)	0^ QRDR, 0 PMQR, 0 aac(6`)-Ib-cr	0.25 mg/L [0.25-0.25]	wzi82	KL23	K23	Typeable	-	99.97%	-	OL13	O13	Untypeable	-!	97.12%	OL13_08_wbbB;OL13_05_wbbL;OL13_06_wzm;OL13_09_glycosylhydrolase;OL13_07_wzt
NK_H18_050	Klebsiella pneumoniae	strong	1	5269300	5269300	5269300	no	-	ST966	2	1	2	1	1	1	68	527	ybt 0; ICEKp?	121	32	190	176	1	502	609	128	109	165	278	-	0	-	-	-	-	-	-	-	-	-	-	-	-	-	-	-	-	-	0	-	-	-	-	-	-	-	0	-	-	-	-	-	-	0	-	-	-	-	-	1	-	-	-	-	-	-	-	-	-	-	-	-	-	-	-	-	-	-	-	SHV-41	-	-	-	-	-	-	0	0	0	wildtype S	90.99% S (N=5168/5680)	0^ QRDR, 0 PMQR, 0 aac(6`)-Ib-cr	0.25 mg/L [0.25-0.25]	wzi23	KL14	K14	Typeable	!	99.76%	-	OL3γ	O3γ	Typeable	-	99.62%	-
NK_H18_054	Klebsiella pneumoniae	strong	1	5396450	5396450	5396450	no	-	ST4260	2	1	2	4	247	1	38	0	-	-	-	-	-	-	-	-	-	-	-	-	-	0	-	-	-	-	-	-	-	-	-	-	-	-	-	-	-	-	-	0	-	-	-	-	-	-	-	0	-	-	-	-	-	-	0	-	-	-	-	-	0	-	-	-	-	-	-	-	-	-	-	-	-	-	-	-	-	-	-	-	SHV-27	SHV:p.Gly156Asp	-	-	-	-	-	0	0	0	wildtype S	90.99% S (N=5168/5680)	0^ QRDR, 0 PMQR, 0 aac(6`)-Ib-cr	0.25 mg/L [0.25-0.25]	wzi202	KL127	unknown (KL127)	Typeable	-	99.99%	-	OL13	O13	Typeable	!	96.55%	-
NK_H18_072	Klebsiella pneumoniae	strong	1	5456338	5456338	5456338	no	-	ST2510	4	1	5	1	1	11	112	0	-	-	-	-	-	-	-	-	-	-	-	-	-	0	-	-	-	-	-	-	-	-	-	-	-	-	-	-	-	-	-	0	-	-	-	-	-	-	-	0	-	-	-	-	-	-	0	-	-	-	-	-	0	-	-	-	-	-	-	-	-	-	-	-	tet(A).v1	-	-	-	-	-	-	-	SHV-27	SHV:p.Gly156Asp	-	-	-	-	-	0	1	1	wildtype S	90.99% S (N=5168/5680)	0^ QRDR, 0 PMQR, 0 aac(6`)-Ib-cr	0.25 mg/L [0.25-0.25]	wzi254	KL18	K18	Typeable	-	99.63%	-	OL3γ	O3γ	Typeable	?2!	99.76%	-
NK_H18_073	Klebsiella pneumoniae	strong	3	5348414	5348414	5539808	no	-	ST25	2	1	1	1	10	4	13	63	ybt 6; ICEKp5	22	22	6	24	16	53	51	9	17	5	30	-	0	-	-	-	-	-	-	-	-	-	-	-	-	-	-	-	-	-	0	-	-	-	-	-	-	-	0	-	-	-	-	-	-	0	-	-	-	-	-	1	-	-	strB.v1;strA.v1^	-	-	-	-	-	-	-	sul2	tet(D)	-	dfrA14.v2*	-	-	-	-	-	SHV-11^	SHV:p.Leu35Gln	-	-	-	-	-	0	5	6	wildtype S	90.99% S (N=5168/5680)	0^ QRDR, 0 PMQR, 0 aac(6`)-Ib-cr	0.25 mg/L [0.25-0.25]	wzi72	KL2	K2	Typeable	-	99.56%	-	OL2α.2	O1αβ,2α	Typeable	!	99.55%	-
NK_H18_074	Klebsiella pneumoniae	strong	2	5210118	5210118	5457309	no	-	ST1203	2	6	1	1	1	1	31	524	ybt 10; ICEKp4	3	3	4	3	3	341	7	3	3	3	32	-	0	-	-	-	-	-	-	-	-	-	-	-	-	-	-	-	-	-	0	-	-	-	-	-	-	-	0	-	-	-	-	-	-	0	-	-	-	-	-	1	-	-	aac(3)-IIa.v1^;strB.v1;strA.v1^;aac(6')-Ib-cr.v2	-	-	qnrB1.v2^;aac(6')-Ib-cr.v2	-	-	-	-	sul2	tet(A).v1	-	dfrA14.v2*	OXA-1	-	CTX-M-15	-	-	SHV-65	-	-	-	-	-	catB3.v1?-70%	1	7	11	nonwildtype R	94.63% R (N=776/820)	0 QRDR, 1 PMQR, 1 aac(6`)-Ib-cr	2 mg/L [1-2]	wzi2	KL30	K30	Typeable	-	99.72%	-	OL2α.1	O1αβ,2α	Typeable	-	99.45%	-
NK_H19_011	Klebsiella pneumoniae	strong	3	5412704	5412704	5672071	no	-	ST66	2	3	2	1	10	1	13	316	ybt 12; ICEKp10	7	1	1	1	1	3	16	1	1	1	1	-	9	clb 1	1	4	1	1	1	1	1	5	1	1	1	1	1	1	1	-	6	iuc 2	2	6	5	15	8	-	22	iro 2	4	9	5	4	-	2	rmp 2; KpVP-2	9	32	5	-	5	-	-	-	-	-	-	-	-	-	-	-	-	-	-	-	-	-	-	-	-	-	-	-	-	-	-	0	0	0	wildtype S	90.99% S (N=5168/5680)	0^ QRDR, 0 PMQR, 0 aac(6`)-Ib-cr	0.25 mg/L [0.25-0.25]	wzi257	KL2	K2	Typeable	-	99.46%	-	OL2α.2	O1αβ,2α	Typeable	!	99.29%	-
NK_H19_015	Klebsiella pneumoniae	strong	5	5181710	5181710	5469140	no	-	ST997	4	6	1	1	1	28	34	0	-	-	-	-	-	-	-	-	-	-	-	-	-	0	-	-	-	-	-	-	-	-	-	-	-	-	-	-	-	-	-	0	-	-	-	-	-	-	-	0	-	-	-	-	-	-	0	-	-	-	-	-	0	-	-	-	-	-	-	-	-	-	-	-	-	-	-	-	-	-	-	-	SHV-1^	-	-	-	-	-	-	0	0	0	wildtype S	90.99% S (N=5168/5680)	0^ QRDR, 0 PMQR, 0 aac(6`)-Ib-cr	0.25 mg/L [0.25-0.25]	wzi173	KL102	unknown (KL102)	Typeable	-	99.69%	-	OL2α.1	O2α	Typeable	!	99.25%	-
NK_H1_001	Klebsiella pneumoniae	strong	3	5228768	5228768	5457457	no	-	ST3419	3	1	1	26	4	4	39	0	-	-	-	-	-	-	-	-	-	-	-	-	-	0	-	-	-	-	-	-	-	-	-	-	-	-	-	-	-	-	-	0	-	-	-	-	-	-	-	0	-	-	-	-	-	-	0	-	-	-	-	-	0	-	-	strB.v1;strA.v1^	-	-	-	-	-	-	-	sul2*	-	-	-	-	-	-	-	-	SHV-37	SHV:p.Leu35Gln	-	-	-	-	fosA7*?-0%	0	2	3	wildtype S	90.99% S (N=5168/5680)	0^ QRDR, 0 PMQR, 0 aac(6`)-Ib-cr	0.25 mg/L [0.25-0.25]	wzi178	KL166	unknown (KL166)	Typeable	-	99.48%	-	OL2α.2	O2β	Typeable	-	99.29%	-
NK_H1_002	Klebsiella pneumoniae	strong	3	5338150	5338150	5543825	no	-	ST449	2	1	2	1	10	1	120	479	ybt 10; ICEKp4	3	12	4	66	3	442	400	3	10	60	2	-	0	-	-	-	-	-	-	-	-	-	-	-	-	-	-	-	-	-	0	-	-	-	-	-	-	-	0	-	-	-	-	-	-	0	-	-	-	-	-	1	-	-	-	-	-	-	-	-	-	-	-	-	-	-	-	-	-	-	-	SHV-33	-	-	-	-	-	-	0	0	0	wildtype S	90.99% S (N=5168/5680)	0^ QRDR, 0 PMQR, 0 aac(6`)-Ib-cr	0.25 mg/L [0.25-0.25]	wzi37	KL22	K22	Typeable	-	99.79%	-	OL2α.1	O1αβ,2α	Typeable	!	98.81%	-
NK_H1_011	Klebsiella pneumoniae	strong	2	5379284	5379284	5540017	no	-	ST2039	2	3	2	4	9	4	13	41	ybt 12; ICEKp10	19	1	1	20	1	46	42	1	1	21	13	-	75	clb 1	1	13	1	1	1	3	5	6	6	1	1	27	4	1	1	-	3	iuc 2	2	6	13	6	26	-	4-1LV	iro 2	4	25*	5	9	-	3	rmp 2; KpVP-2	21	6	5	-	5	-	-	-	-	-	-	-	-	-	-	-	-	-	-	-	-	-	-	-	SHV-11^	SHV:p.Leu35Gln	-	-	-	-	-	0	0	0	wildtype S	90.99% S (N=5168/5680)	0^ QRDR, 0 PMQR, 0 aac(6`)-Ib-cr	0.25 mg/L [0.25-0.25]	wzi257	KL2	K2	Typeable	-	99.54%	-	OL2α.1	O1αβ,2α	Typeable	-	99.21%	-
NK_H1_012	Klebsiella pneumoniae	strong	1	5201277	5201277	5201277	no	-	ST1966	2	1	2	1	10	4	42	0	-	-	-	-	-	-	-	-	-	-	-	-	-	0	-	-	-	-	-	-	-	-	-	-	-	-	-	-	-	-	-	0	-	-	-	-	-	-	-	0	-	-	-	-	-	-	0	-	-	-	-	-	0	-	-	-	-	-	-	-	-	-	-	-	-	-	-	-	-	-	-	-	SHV-27^	SHV:p.Gly156Asp	-	-	-	-	-	0	0	0	wildtype S	90.99% S (N=5168/5680)	0^ QRDR, 0 PMQR, 0 aac(6`)-Ib-cr	0.25 mg/L [0.25-0.25]	wzi130	KL58	K58	Typeable	-	99.99%	-	OL3γ	O3γ	Typeable	-	99.64%	-
NK_H1_037	Klebsiella pneumoniae	strong	3	5179409	5179409	5345410	no	-	ST234	2	1	2	1	7	1	24	0	-	-	-	-	-	-	-	-	-	-	-	-	-	0	-	-	-	-	-	-	-	-	-	-	-	-	-	-	-	-	-	0	-	-	-	-	-	-	-	0	-	-	-	-	-	-	0	-	-	-	-	-	0	-	-	strB.v1;strA.v1^;aadA2^	-	-	-	-	Mrx;mphA	-	-	sul1;sul2	tet(A).v1	-	dfrA12	-	-	-	-	-	SHV-27	SHV:p.Gly156Asp	OmpK36:c.G107del	-	-	-	-	0	5	9	wildtype S	90.99% S (N=5168/5680)	0^ QRDR, 0 PMQR, 0 aac(6`)-Ib-cr	0.25 mg/L [0.25-0.25]	wzi272	KL30	K30	Typeable	!	97.30%	-	OL2α.2	O1αβ,2β	Typeable	-	99.56%	-
NK_H1_040	Klebsiella pneumoniae	strong	3	5327227	5327227	5628259	no	-	ST551	3	1	1	1	9	4	135	0	-	-	-	-	-	-	-	-	-	-	-	-	-	0	-	-	-	-	-	-	-	-	-	-	-	-	-	-	-	-	-	0	-	-	-	-	-	-	-	0	-	-	-	-	-	-	0	-	-	-	-	-	0	-	-	-	-	-	-	-	-	-	-	-	-	-	-	-	-	-	-	-	SHV-11^	SHV:p.Leu35Gln	-	-	-	-	fosA7*?-0%	0	0	0	wildtype S	90.99% S (N=5168/5680)	0^ QRDR, 0 PMQR, 0 aac(6`)-Ib-cr	0.25 mg/L [0.25-0.25]	wzi18	KL10	K10	Typeable	-	98.61%	-	OL2α.1	O1αβ,2α	Typeable	-	98.75%	-
NK_H1_041	Klebsiella pneumoniae	strong	3	5206175	5206175	5436326	no	-	ST107	2	1	2	17	27	1	39	0	-	-	-	-	-	-	-	-	-	-	130*	272	-	0	-	-	-	-	-	-	-	-	-	-	-	-	-	-	-	-	-	0	-	-	-	-	-	-	-	0	-	-	-	-	-	-	0	-	-	-	-	-	0	-	-	-	-	-	-	-	-	-	-	-	-	-	-	-	-	-	-	-	SHV-1^	-	-	-	-	-	-	0	0	0	wildtype S	90.99% S (N=5168/5680)	0^ QRDR, 0 PMQR, 0 aac(6`)-Ib-cr	0.25 mg/L [0.25-0.25]	wzi74	KL103	unknown (KL103)	Typeable	-	98.94%	-	OL2α.1	O1αβ,2α	Typeable	-	98.55%	-
NK_H1_044	Klebsiella variicola subsp. variicola	strong	1	5531653	5531653	5531653	no	-	ST4202	16	45	42	38	132	66	75	0	-	-	-	-	-	-	-	-	-	-	-	-	-	0	-	-	-	-	-	-	-	-	-	-	-	-	-	-	-	-	-	0	-	-	-	-	-	-	-	0	-	-	-	-	-	-	0	-	-	-	-	-	0	-	-	-	-	-	-	-	-	-	-	-	-	-	-	-	-	-	-	-	LEN-13	-	-	-	-	-	-	0	0	0	wildtype S	90.99% S (N=5168/5680)	0^ QRDR, 0 PMQR, 0 aac(6`)-Ib-cr	0.25 mg/L [0.25-0.25]	wzi369	KL107	unknown (KL107)	Typeable	-	98.88%	-	OL3α/β	O3αβ	Typeable	-	99.80%	-
NK_H1_050	Klebsiella pneumoniae	strong	1	5290296	5290296	5290296	no	-	ST4321	3	3	215	1	16	1	321	0	-	-	-	-	-	-	-	-	-	-	-	-	-	0	-	-	-	-	-	-	-	-	-	-	-	-	-	-	-	-	-	0	-	-	-	-	-	-	-	0	-	-	-	-	-	-	0	-	-	-	-	-	0	-	-	-	-	-	-	-	-	-	-	-	-	-	-	-	-	-	-	-	SHV-11^	SHV:p.Leu35Gln	-	-	-	-	-	0	0	0	wildtype S	90.99% S (N=5168/5680)	0^ QRDR, 0 PMQR, 0 aac(6`)-Ib-cr	0.25 mg/L [0.25-0.25]	-	KL39	K39	Typeable	-	99.71%	-	OL3γ	O3γ	Typeable	-	99.49%	-
NK_H1_059	Klebsiella variicola subsp. variicola	strong	3	5477026	5477026	5520552	no	-	ST527	16	24	21	27	41	22	75	0	-	-	-	-	-	-	-	-	-	-	-	-	-	0	-	-	-	-	-	-	-	-	-	-	-	-	-	-	-	-	-	0	-	-	-	-	-	-	-	0	-	-	-	-	-	-	0	-	-	-	-	-	0	-	-	-	-	-	-	-	-	-	-	-	-	-	-	-	-	-	-	-	LEN-16*	-	OmpK36:p.Ala183fs	-	-	-	-	0	0	0	wildtype S	90.99% S (N=5168/5680)	0^ QRDR, 0 PMQR, 0 aac(6`)-Ib-cr	0.25 mg/L [0.25-0.25]	wzi35	KL35	K35	Typeable	-	98.14%	-	OL3α/β	O3αβ	Typeable	-	99.79%	-
NK_H1_074	Klebsiella pneumoniae	strong	4	5316744	5316744	5595120	no	-	ST3660	3	1	258	34	63	1	64	0	-	-	-	-	-	-	-	-	-	-	-	-	-	0	-	-	-	-	-	-	-	-	-	-	-	-	-	-	-	-	-	0	-	-	-	-	-	-	-	0	-	-	-	-	-	-	0	-	-	-	-	-	0	-	-	-	-	-	-	-	-	-	-	-	-	-	-	-	-	-	-	-	SHV-1^	-	-	-	-	-	-	0	0	0	wildtype S	90.99% S (N=5168/5680)	0^ QRDR, 0 PMQR, 0 aac(6`)-Ib-cr	0.25 mg/L [0.25-0.25]	wzi133	KL25	K25	Typeable	!	99.67%	-	OL2α.1	O1αβ,2α	Typeable	-	98.98%	-
NK_H1_084	Klebsiella pneumoniae	strong	2	5326628	5326628	5669128	no	-	ST35	2	1	2	1	10	1	19	0	-	-	-	-	-	-	-	-	-	-	-	-	-	0	-	-	-	-	-	-	-	-	-	-	-	-	-	-	-	-	-	68	iuc 1	51	1	40	1	38	-	44	iro 1	1	57	26	1	-	40	rmp 1; KpVP-1	2	3	2	-	3	-	rmpA2_8*-54%	-	-	-	-	-	-	-	-	-	-	-	-	-	-	-	-	-	SHV-33	-	-	-	-	-	-	0	0	0	wildtype S	90.99% S (N=5168/5680)	0^ QRDR, 0 PMQR, 0 aac(6`)-Ib-cr	0.25 mg/L [0.25-0.25]	wzi16	KL16	K16	Typeable	-	99.72%	-	OL2α.1	O1αβ,2α	Typeable	-	99.11%	-
NK_H1_091	Klebsiella pneumoniae	strong	3	5243820	5243820	5520769	no	-	ST882	2	1	1	37	1	27	19	501	ybt 4; plasmid	18	20	143	18	13	81	38	9	8	26	35	-	0	-	-	-	-	-	-	-	-	-	-	-	-	-	-	-	-	-	0	-	-	-	-	-	-	-	0	-	-	-	-	-	-	0	-	-	-	-	-	1	-	-	-	-	-	-	-	-	-	-	-	-	-	-	-	-	-	-	-	SHV-101*	-	-	-	-	-	-	0	0	0	wildtype S	90.99% S (N=5168/5680)	0^ QRDR, 0 PMQR, 0 aac(6`)-Ib-cr	0.25 mg/L [0.25-0.25]	wzi248	KL16	K16	Typeable	-	99.69%	-	OL2α.1	O1αβ,2α	Typeable	-	98.90%	-
NK_H1_098	Klebsiella pneumoniae	strong	4	5322214	5322214	5538567	no	-	ST4295	2	6	1	3	10	1	15	0	-	-	-	-	-	-	-	-	-	-	-	-	-	0	-	-	-	-	-	-	-	-	-	-	-	-	-	-	-	-	-	0	-	-	-	-	-	-	-	0	-	-	-	-	-	-	0	-	-	-	-	-	0	-	-	-	-	-	-	-	-	-	-	-	-	-	-	-	-	-	-	-	SHV-1	-	-	-	-	-	-	0	0	0	wildtype S	90.99% S (N=5168/5680)	0^ QRDR, 0 PMQR, 0 aac(6`)-Ib-cr	0.25 mg/L [0.25-0.25]	wzi356	KL117	unknown (KL117)	Typeable	-	99.92%	-	OL2α.1	O1αβ,2α	Typeable	!	99.03%	-
NK_H1_109	Klebsiella pneumoniae	strong	6	5217588	5217588	5372321	no	-	ST278	4	1	1	1	12	1	4	0	-	-	-	-	-	-	-	-	-	-	-	-	-	0	-	-	-	-	-	-	-	-	-	-	-	-	-	-	-	-	-	0	-	-	-	-	-	-	-	0	-	-	-	-	-	-	0	-	-	-	-	-	0	-	-	-	-	-	-	-	-	-	-	-	-	-	-	-	-	-	-	-	SHV-27	SHV:p.Gly156Asp	-	-	-	-	-	0	0	0	wildtype S	90.99% S (N=5168/5680)	0^ QRDR, 0 PMQR, 0 aac(6`)-Ib-cr	0.25 mg/L [0.25-0.25]	wzi123	KL136	unknown (KL136)	Typeable	-	99.60%	-	OL2α.2	O2β	Typeable	-	98.96%	-
NK_H1_111	Klebsiella pneumoniae	strong	3	5245382	5245382	5527852	no	-	ST3660	3	1	258	34	63	1	64	0	-	-	-	-	-	-	-	-	-	-	-	-	-	0	-	-	-	-	-	-	-	-	-	-	-	-	-	-	-	-	-	0	-	-	-	-	-	-	-	0	-	-	-	-	-	-	0	-	-	-	-	-	0	-	-	-	-	-	-	-	-	-	-	-	-	-	-	-	-	-	-	-	SHV-1^	-	-	-	-	-	-	0	0	0	wildtype S	90.99% S (N=5168/5680)	0^ QRDR, 0 PMQR, 0 aac(6`)-Ib-cr	0.25 mg/L [0.25-0.25]	wzi133	KL25	K25	Typeable	!	99.66%	-	OL2α.1	O1αβ,2α	Typeable	-	98.98%	-
NK_H20_007	Klebsiella pneumoniae	strong	2	5221407	5221407	5225760	no	-	ST1629	2	3	11	8	9	5	10	0	-	-	-	-	-	-	-	-	-	-	-	-	-	0	-	-	-	-	-	-	-	-	-	-	-	-	-	-	-	-	-	0	-	-	-	-	-	-	-	0	-	-	-	-	-	-	0	-	-	-	-	-	0	-	-	-	-	-	-	-	-	-	-	-	-	-	-	-	-	-	-	-	SHV-11^	SHV:p.Leu35Gln	-	-	-	-	-	0	0	0	wildtype S	90.99% S (N=5168/5680)	0^ QRDR, 0 PMQR, 0 aac(6`)-Ib-cr	0.25 mg/L [0.25-0.25]	wzi22	KL30	K30	Typeable	-	97.43%	-	OL2α.1	O1αβ,2α	Typeable	-	99.05%	-
NK_H20_010	Klebsiella pneumoniae	strong	2	5312882	5312882	5466532	no	-	ST4107	2	1	2	1	2	1	14	0	-	-	-	-	-	-	-	-	-	-	-	-	-	0	-	-	-	-	-	-	-	-	-	-	-	-	-	-	-	-	-	25	iuc 3	9	7	12	8	17	-	0	-	-	-	-	-	-	0	-	-	-	-	-	3	-	-	-	-	-	-	-	-	-	-	-	-	-	-	-	-	-	-	-	SHV-11^	SHV:p.Leu35Gln	-	-	-	-	-	0	0	0	wildtype S	90.99% S (N=5168/5680)	0^ QRDR, 0 PMQR, 0 aac(6`)-Ib-cr	0.25 mg/L [0.25-0.25]	-	KL11	K11	Typeable	!	96.21%	-	OL3α/β	O3αβ	Typeable	!	98.51%	-
NK_H20_015	Klebsiella pneumoniae	strong	2	5520400	5520400	5746504	no	-	ST252	2	5	1	1	9	1	6	0	-	-	-	-	-	-	-	-	-	-	-	-	-	0	-	-	-	-	-	-	-	-	-	-	-	-	-	-	-	-	-	0	-	-	-	-	-	-	-	0	-	-	-	-	-	-	0	-	-	-	-	-	0	-	-	-	-	-	-	-	-	-	-	-	-	-	-	-	-	-	-	-	SHV-1^	-	-	-	-	-	fosA7*?-0%	0	0	0	wildtype S	90.99% S (N=5168/5680)	0^ QRDR, 0 PMQR, 0 aac(6`)-Ib-cr	0.25 mg/L [0.25-0.25]	wzi81	KL81	K81	Typeable	-	99.98%	-	OL2α.2	O2β	Typeable	!	99.15%	-
NK_H21_005	Klebsiella pneumoniae	strong	4	5272962	5272962	5487222	no	-	ST4244	2	1	11	1	9	10	4	0	-	-	-	-	-	-	-	-	-	-	-	-	-	0	-	-	-	-	-	-	-	-	-	-	-	-	-	-	-	-	-	0	-	-	-	-	-	-	-	0	-	-	-	-	-	-	0	-	-	-	-	-	0	-	-	-	-	-	-	-	-	-	-	-	-	-	-	-	-	-	-	-	SHV-40	SHV:p.Leu35Gln	-	-	-	-	-	0	0	0	wildtype S	90.99% S (N=5168/5680)	0^ QRDR, 0 PMQR, 0 aac(6`)-Ib-cr	0.25 mg/L [0.25-0.25]	-	KL14	K14	Typeable	!	98.22%	-	OL3γ	O3γ	Typeable	-	99.78%	-
NK_H21_010	Klebsiella pneumoniae	strong	2	5233376	5233376	5410850	no	-	ST35	2	1	2	1	10	1	19	0	-	-	-	-	-	-	-	-	-	-	-	-	-	0	-	-	-	-	-	-	-	-	-	-	-	-	-	-	-	-	-	81	iuc 3	9	35	12	8	17	-	0	-	-	-	-	-	-	0	-	-	-	-	-	3	-	-	-	-	-	-	-	-	-	-	-	-	-	-	-	-	-	-	-	SHV-33	-	-	-	-	-	-	0	0	0	wildtype S	90.99% S (N=5168/5680)	0^ QRDR, 0 PMQR, 0 aac(6`)-Ib-cr	0.25 mg/L [0.25-0.25]	wzi37	KL22	K22	Typeable	-	99.79%	-	OL2α.1	O1αβ,2α	Typeable	-	98.85%	-
NK_H21_011	Klebsiella pneumoniae	strong	4	5227401	5227401	5427710	no	-	ST299	2	10	1	1	56	24	31	0	-	-	-	-	-	-	-	-	-	-	-	-	-	0	-	-	-	-	-	-	-	-	-	-	-	-	-	-	-	-	-	0	-	-	-	-	-	-	-	0	-	-	-	-	-	-	0	-	-	-	-	-	0	-	-	strB.v1;strA.v1	-	-	-	-	-	-	-	-	-	-	-	-	-	-	-	-	SHV-1	-	-	-	-	-	-	0	1	2	wildtype S	90.99% S (N=5168/5680)	0^ QRDR, 0 PMQR, 0 aac(6`)-Ib-cr	0.25 mg/L [0.25-0.25]	wzi7	KL7	K7	Typeable	-	99.52%	-	OL2α.1	O1αβ,2α	Typeable	-	99.43%	-
NK_H21_014	Klebsiella pneumoniae	strong	5	5015531	5015531	5316452	no	-	ST359	10	1	2	1	9	27	6	0	-	-	-	-	-	-	-	-	-	-	-	-	-	0	-	-	-	-	-	-	-	-	-	-	-	-	-	-	-	-	-	0	-	-	-	-	-	-	-	0	-	-	-	-	-	-	0	-	-	-	-	-	0	-	-	-	-	-	-	-	-	-	-	-	-	-	-	-	-	-	-	-	SHV-1^	-	-	-	-	-	-	0	0	0	wildtype S	90.99% S (N=5168/5680)	0^ QRDR, 0 PMQR, 0 aac(6`)-Ib-cr	0.25 mg/L [0.25-0.25]	wzi236	KL10	K10	Typeable	-	99.86%	-	OL2α.2	O2β	Typeable	!	99.51%	-
NK_H21_015	Klebsiella pneumoniae	strong	3	5213040	5213040	5425790	no	-	ST107	2	1	2	17	27	1	39	0	-	-	-	-	-	-	-	-	-	-	130*	272	-	0	-	-	-	-	-	-	-	-	-	-	-	-	-	-	-	-	-	0	-	-	-	-	-	-	-	0	-	-	-	-	-	-	0	-	-	-	-	-	0	-	-	-	-	-	-	-	-	-	-	-	-	-	-	-	-	-	-	-	SHV-1^	-	-	-	-	-	-	0	0	0	wildtype S	90.99% S (N=5168/5680)	0^ QRDR, 0 PMQR, 0 aac(6`)-Ib-cr	0.25 mg/L [0.25-0.25]	wzi74	KL103	unknown (KL103)	Typeable	-	98.92%	-	OL2α.1	O1αβ,2α	Typeable	-	98.55%	-
NK_H21_023	Klebsiella pneumoniae	strong	4	5399662	5399662	5629709	no	-	ST25	2	1	1	1	10	4	13	539	ybt 6; ICEKp5	22	22	6	24	16	493	51	9	17	5	30	-	0	-	-	-	-	-	-	-	-	-	-	-	-	-	-	-	-	-	0	-	-	-	-	-	-	-	0	-	-	-	-	-	-	0	-	-	-	-	-	1	-	-	strB.v1;strA.v1^;aac(6')-Ib-cr.v2	-	-	qnrB1.v2^;aac(6')-Ib-cr.v2	-	-	-	-	sul2	tet(A).v1;tet(D)	-	dfrA14.v2*;dfrA14.v2*	OXA-1	-	CTX-M-15	-	-	SHV-11^	SHV:p.Leu35Gln	-	-	-	-	catB3.v1?-70%	1	8	13	nonwildtype R	94.63% R (N=776/820)	0 QRDR, 1 PMQR, 1 aac(6`)-Ib-cr	2 mg/L [1-2]	wzi72	KL2	K2	Typeable	-	99.55%	-	OL2α.2	O1αβ,2β	Typeable	-	99.55%	-
NK_H21_029	Klebsiella pneumoniae	strong	3	5422700	5422700	5751237	no	-	ST873	14	1	2	1	7	4	182	65	ybt 4; plasmid	23	27	30	18	13	65	61	9	18	26	35	-	0	-	-	-	-	-	-	-	-	-	-	-	-	-	-	-	-	-	0	-	-	-	-	-	-	-	0	-	-	-	-	-	-	0	-	-	-	-	-	1	-	-	-	-	-	-	-	-	-	-	-	-	-	-	-	-	-	-	-	SHV-27^	SHV:p.Gly156Asp	-	-	-	-	-	0	0	0	wildtype S	90.99% S (N=5168/5680)	0^ QRDR, 0 PMQR, 0 aac(6`)-Ib-cr	0.25 mg/L [0.25-0.25]	wzi50	KL52	K52	Typeable	!	99.42%	-	OL13	O13	Typeable	!	96.54%	-
NK_H21_036	Klebsiella pneumoniae	strong	4	5206015	5206015	5523269	no	-	ST107	2	1	2	17	27	1	39	0	-	-	-	-	-	-	-	-	-	-	130*	272	-	0	-	-	-	-	-	-	-	-	-	-	-	-	-	-	-	-	-	0	-	-	-	-	-	-	-	0	-	-	-	-	-	-	0	-	-	-	-	-	0	-	-	-	-	-	-	-	-	-	-	-	-	-	-	-	-	-	-	-	SHV-1^	-	-	-	-	-	-	0	0	0	wildtype S	90.99% S (N=5168/5680)	0^ QRDR, 0 PMQR, 0 aac(6`)-Ib-cr	0.25 mg/L [0.25-0.25]	wzi74	KL103	unknown (KL103)	Typeable	-	98.94%	-	OL2α.1	O1αβ,2α	Typeable	-	98.55%	-
NK_H21_037	Klebsiella pneumoniae	strong	2	5261427	5261427	5502684	no	-	ST4335	4	1	2	52	1	252	7	0	-	-	-	-	-	-	-	-	-	-	-	-	-	0	-	-	-	-	-	-	-	-	-	-	-	-	-	-	-	-	-	0	-	-	-	-	-	-	-	0	-	-	-	-	-	-	0	-	-	-	-	-	0	-	-	aac(3)-IIa.v1^;strB.v1;strA.v1^;aac(6')-Ib-cr.v2	-	-	qnrB1.v2;aac(6')-Ib-cr.v2	-	-	-	-	sul2	-	-	dfrA14.v2*	OXA-1	-	CTX-M-15	-	-	SHV-28^	-	-	-	GyrA:p.Ser83Ile;ParC:p.Ser80Ile	-	catB3.v1?-70%	1	7	11	nonwildtype R	99.22% R (N=2424/2443)	>0 QRDR, >0 PMQR, * aac(6`)-Ib-cr	4 mg/L [4-4]	wzi173	KL102	unknown (KL102)	Typeable	-	99.65%	-	OL2α.2	O2β	Typeable	-	99.13%	-
NK_H21_049	Klebsiella quasipneumoniae subsp. similipneumoniae	strong	3	5155240	5155240	5218771	no	-	ST4212	18	15	26	16	11	13	613	0	-	-	-	-	-	-	-	-	-	-	-	-	-	0	-	-	-	-	-	-	-	-	-	-	-	-	-	-	-	-	-	0	-	-	-	-	-	-	-	0	-	-	-	-	-	-	0	-	-	-	-	-	0	-	-	-	-	-	-	-	-	-	-	-	-	-	-	-	-	-	-	-	OKP-B-40*	-	OmpK36:p.Ala183fs	-	-	-	-	0	0	0	wildtype S	90.99% S (N=5168/5680)	0^ QRDR, 0 PMQR, 0 aac(6`)-Ib-cr	0.25 mg/L [0.25-0.25]	wzi233	KL1	K1	Typeable	!	96.62%	-	OL3α/β	O3αβ	Typeable	-	98.80%	-
NK_H21_050	Klebsiella variicola subsp. variicola	strong	7	5729161	5729161	6032274	no	-	ST318	16	24	21	31	68	22	67	0	-	-	-	-	-	-	-	-	-	-	-	-	-	0	-	-	-	-	-	-	-	-	-	-	-	-	-	-	-	-	-	0	-	-	-	-	-	-	-	0	-	-	-	-	-	-	0	-	-	-	-	-	0	-	-	-	-	-	-	-	-	-	-	-	-	-	-	-	-	-	-	-	LEN-9	-	OmpK36:p.Ala183fs	-	-	-	-	0	0	0	wildtype S	90.99% S (N=5168/5680)	0^ QRDR, 0 PMQR, 0 aac(6`)-Ib-cr	0.25 mg/L [0.25-0.25]	wzi38	KL38	K38	Typeable	-	99.21%	-	OL5	O5	Typeable	!	99.86%	-
NK_H21_056A	Klebsiella variicola subsp. variicola	strong	3	5459286	5459286	5685507	no	-	ST4179	16	24	21	31	92	17	74	540	ybt 4; plasmid	124	27	30	18	13	65	599	9	18	26	35	-	0	-	-	-	-	-	-	-	-	-	-	-	-	-	-	-	-	-	0	-	-	-	-	-	-	-	0	-	-	-	-	-	-	0	-	-	-	-	-	1	-	-	-	-	-	-	-	-	-	-	-	-	-	-	-	-	-	-	-	LEN-17^	-	OmpK36:p.Asp106fs	-	-	-	-	0	0	0	wildtype S	90.99% S (N=5168/5680)	0^ QRDR, 0 PMQR, 0 aac(6`)-Ib-cr	0.25 mg/L [0.25-0.25]	wzi39	KL164	unknown (KL164)	Untypeable	-+*!	88.08%	KL164_02_cpsACP;KL164_16_wcuC	OL14	unknown (OL14)	Typeable	!	99.46%	-
NK_H21_067	Klebsiella variicola subsp. variicola	strong	3	5528004	5528004	5767603	no	-	ST4183	16	24	21	44	323	22	183	0	-	-	-	-	-	-	-	-	-	-	-	-	-	0	-	-	-	-	-	-	-	-	-	-	-	-	-	-	-	-	-	0	-	-	-	-	-	-	-	0	-	-	-	-	-	-	0	-	-	-	-	-	0	-	-	-	-	-	-	-	-	-	-	-	-	-	-	-	-	-	-	-	LEN-16^	-	OmpK36:p.Ala183fs	-	-	-	-	0	0	0	wildtype S	90.99% S (N=5168/5680)	0^ QRDR, 0 PMQR, 0 aac(6`)-Ib-cr	0.25 mg/L [0.25-0.25]	-	KL1	K1	Typeable	-	94.62%	-	OL3α/β	O3αβ	Typeable	-	99.75%	-
NK_H21_076	Klebsiella pneumoniae	strong	2	5358689	5358689	5466169	no	-	ST2113	2	1	2	2	1	10	43	0	-	-	-	-	-	-	-	-	-	-	-	-	-	0	-	-	-	-	-	-	-	-	-	-	-	-	-	-	-	-	-	0	-	-	-	-	-	-	-	0	-	-	-	-	-	-	0	-	-	-	-	-	0	-	-	-	-	-	-	-	-	-	-	-	-	-	-	-	-	-	-	-	SHV-11^	SHV:p.Leu35Gln	-	-	-	-	-	0	0	0	wildtype S	90.99% S (N=5168/5680)	0^ QRDR, 0 PMQR, 0 aac(6`)-Ib-cr	0.25 mg/L [0.25-0.25]	wzi216	KL119	unknown (KL119)	Typeable	-	99.97%	-	OL4	O4	Typeable	-	100.00%	-
NK_H21_078	Klebsiella pneumoniae	strong	5	5222537	5222537	5537948	no	-	ST20	2	3	1	1	4	4	4	0	-	-	-	-	-	-	-	-	-	-	-	-	-	0	-	-	-	-	-	-	-	-	-	-	-	-	-	-	-	-	-	0	-	-	-	-	-	-	-	0	-	-	-	-	-	-	0	-	-	-	-	-	0	-	-	-	-	-	-	-	-	-	-	-	-	-	-	-	-	-	-	-	SHV-187	-	-	-	-	-	-	0	0	0	wildtype S	90.99% S (N=5168/5680)	0^ QRDR, 0 PMQR, 0 aac(6`)-Ib-cr	0.25 mg/L [0.25-0.25]	wzi84	KL28	K28	Typeable	-	99.78%	-	OL2α.2	O1αβ,2β	Typeable	-	99.09%	-
NK_H21_080	Klebsiella variicola subsp. variicola	strong	1	5465121	5465121	5465121	no	-	ST4146	16	18	21	27	434	22	251	0	-	-	-	-	-	-	-	-	-	-	-	-	-	0	-	-	-	-	-	-	-	-	-	-	-	-	-	-	-	-	-	0	-	-	-	-	-	-	-	0	-	-	-	-	-	-	0	-	-	-	-	-	0	-	-	-	-	-	-	-	-	-	-	-	-	-	-	-	-	-	-	-	LEN-13*	-	OmpK36:p.Ala183fs	-	-	-	-	0	0	0	wildtype S	90.99% S (N=5168/5680)	0^ QRDR, 0 PMQR, 0 aac(6`)-Ib-cr	0.25 mg/L [0.25-0.25]	-	KL107	unknown (KL107)	Typeable	-	98.86%	-	OL3α/β	O3αβ	Typeable	-	99.85%	-
NK_H22_009	Klebsiella variicola subsp. variicola	strong	1	5485357	5485357	5485357	no	-	ST4315	29	24	315	49	44	22	85	544	ybt 0; ICEKp21	136	151	110	178	99	459	547	131	111	156	295	-	0	-	-	-	-	-	-	-	-	-	-	-	-	-	-	-	-	-	0	-	-	-	-	-	-	-	0	-	-	-	-	-	-	0	-	-	-	-	-	1	-	-	-	-	-	-	-	-	-	-	-	-	-	-	-	-	-	-	-	LEN-11	-	OmpK36:p.Ala183fs	-	-	-	-	0	0	0	wildtype S	90.99% S (N=5168/5680)	0^ QRDR, 0 PMQR, 0 aac(6`)-Ib-cr	0.25 mg/L [0.25-0.25]	-	KL43	K43	Typeable	-	99.30%	-	OL3α/β	O3αβ	Typeable	-	99.83%	-
NK_H22_013	Klebsiella pneumoniae	strong	4	5284269	5284269	5512446	no	-	ST20	2	3	1	1	4	4	4	0	-	-	-	-	-	-	-	-	-	-	-	-	-	0	-	-	-	-	-	-	-	-	-	-	-	-	-	-	-	-	-	66	iuc 5	45	21	33	39	24	-	38	iro 5	23	52	21	19	-	0	-	-	-	-	-	3	-	-	-	-	-	-	-	-	-	-	-	-	-	-	-	-	-	-	-	SHV-187	-	-	-	-	-	-	0	0	0	wildtype S	90.99% S (N=5168/5680)	0^ QRDR, 0 PMQR, 0 aac(6`)-Ib-cr	0.25 mg/L [0.25-0.25]	wzi84	KL28	K28	Typeable	-	99.77%	-	OL2α.2	O1αβ,2β	Typeable	-	99.11%	-
NK_H22_015	Klebsiella pneumoniae	strong	2	5184886	5184886	5350235	no	-	ST128	2	1	5	18	21	4	48	380	ybt 4; plasmid	18	20	27	31	13	41	71	9	8	30	35	-	0	-	-	-	-	-	-	-	-	-	-	-	-	-	-	-	-	-	0	-	-	-	-	-	-	-	0	-	-	-	-	-	-	0	-	-	-	-	-	1	-	-	-	-	-	-	-	-	-	-	-	-	-	-	-	-	-	-	-	SHV-1	-	-	-	-	-	-	0	0	0	wildtype S	90.99% S (N=5168/5680)	0^ QRDR, 0 PMQR, 0 aac(6`)-Ib-cr	0.25 mg/L [0.25-0.25]	wzi315	KL6	K6	Typeable	-	99.99%	-	OL2α.1	O1αβ,2α	Typeable	-	99.01%	-
NK_H22_018	Klebsiella variicola subsp. variicola	strong	3	5601393	5601393	5754045	no	-	ST197	16	28	21	27	47	22	67	0	-	-	-	-	-	-	-	-	-	-	-	-	-	0	-	-	-	-	-	-	-	-	-	-	-	-	-	-	-	-	-	0	-	-	-	-	-	-	-	0	-	-	-	-	-	-	0	-	-	-	-	-	0	-	-	-	-	-	-	-	-	-	-	-	-	-	-	-	-	-	-	-	LEN-27	-	OmpK36:p.Ala183fs	-	-	-	-	0	0	0	wildtype S	90.99% S (N=5168/5680)	0^ QRDR, 0 PMQR, 0 aac(6`)-Ib-cr	0.25 mg/L [0.25-0.25]	-	KL128	unknown (KL128)	Typeable	+	98.74%	-	OL10	O10	Typeable	-	99.22%	-
NK_H22_027	Klebsiella pneumoniae	strong	4	5279862	5279862	5561128	no	-	ST3247	2	138	1	1	4	4	4	0	-	-	-	-	-	-	-	-	-	-	-	-	-	0	-	-	-	-	-	-	-	-	-	-	-	-	-	-	-	-	-	0	-	-	-	-	-	-	-	0	-	-	-	-	-	-	0	-	-	-	-	-	0	-	-	aac(3)-IId^;aadA16*;strB.v1*;strA.v1*;aac(6')-Ib-cr.v2	-	-	aac(6')-Ib-cr.v2	-	-	-	arr-3	sul1;sul2	tet(D)	-	dfrA27	-	-	SHV-2	-	-	SHV-1	SHV:p.Gly238Ser	-	-	-	-	-	1	8	13	wildtype S	65.63% S (N=105/160)	0 QRDR, 0 PMQR, 1 aac(6`)-Ib-cr	0.25 mg/L [0.25-0.5]	wzi173	KL102	unknown (KL102)	Typeable	-	99.69%	-	OL2α.2	O2β	Typeable	-	99.02%	-
NK_H22_045	Klebsiella pneumoniae	strong	3	5221575	5221575	5480661	no	-	ST380	2	1	1	1	1	4	19	547	ybt 9; ICEKp3	5	11	6	98	63	16	210	9	5	5	97	-	0	-	-	-	-	-	-	-	-	-	-	-	-	-	-	-	-	-	14	iuc 2	2	2	2	2	2	-	3	iro 2	2	3	2	2	-	5-1LV	rmp 2; KpVP-2 (truncated)	16*-0%	6	5	-	4	-	-	-	-	-	-	-	-	-	-	-	-	-	-	-	-	-	-	-	SHV-207	-	-	-	-	-	-	0	0	0	wildtype S	90.99% S (N=5168/5680)	0^ QRDR, 0 PMQR, 0 aac(6`)-Ib-cr	0.25 mg/L [0.25-0.25]	wzi2	KL2	K2	Typeable	-	99.81%	-	OL2α.1	O1αβ,2α	Typeable	-	99.96%	-
NK_H22_053	Klebsiella pneumoniae	strong	2	5299875	5299875	5487091	no	-	ST251	2	35	2	35	56	4	19	0	-	-	-	-	-	-	-	-	-	-	-	-	-	0	-	-	-	-	-	-	-	-	-	-	-	-	-	-	-	-	-	0	-	-	-	-	-	-	-	0	-	-	-	-	-	-	0	-	-	-	-	-	0	-	-	-	-	-	-	-	-	-	-	-	-	-	-	-	-	-	-	-	SHV-1^	-	-	-	-	-	-	0	0	0	wildtype S	90.99% S (N=5168/5680)	0^ QRDR, 0 PMQR, 0 aac(6`)-Ib-cr	0.25 mg/L [0.25-0.25]	wzi241	KL13	K13	Typeable	!	99.61%	-	OL3γ	O3γ	Typeable	-	99.60%	-
NK_H22_060	Klebsiella pneumoniae	strong	7	5373517	5373517	5959978	no	-	ST4289	2	5	1	1	1	1	373	0	-	-	-	-	-	-	-	-	-	-	-	-	-	0	-	-	-	-	-	-	-	-	-	-	-	-	-	-	-	-	-	0	-	-	-	-	-	-	-	0	-	-	-	-	-	-	0	-	-	-	-	-	0	-	-	-	-	-	-	-	-	-	-	-	-	-	-	-	-	-	-	-	SHV-11^	SHV:p.Leu35Gln	-	-	-	-	-	0	0	0	wildtype S	90.99% S (N=5168/5680)	0^ QRDR, 0 PMQR, 0 aac(6`)-Ib-cr	0.25 mg/L [0.25-0.25]	wzi224	KL49	Capsule null	Typeable	-+!	99.66%	KL49_14_wcpF;KL49_15	OL13	O13	Typeable	-	97.64%	OL13_09_glycosylhydrolase
NK_H22_070	Klebsiella pneumoniae	strong	1	5303641	5303641	5303641	no	-	ST993	10	1	11	1	9	8	112	0	-	-	-	-	-	-	-	-	-	-	-	-	-	0	-	-	-	-	-	-	-	-	-	-	-	-	-	-	-	-	-	0	-	-	-	-	-	-	-	0	-	-	-	-	-	-	0	-	-	-	-	-	0	-	-	-	-	-	-	-	-	-	-	-	-	-	-	-	-	-	-	-	SHV-11^	SHV:p.Leu35Gln	-	-	-	-	-	0	0	0	wildtype S	90.99% S (N=5168/5680)	0^ QRDR, 0 PMQR, 0 aac(6`)-Ib-cr	0.25 mg/L [0.25-0.25]	wzi227	KL60	K60	Typeable	-	99.84%	-	OL3γ	O3γ	Typeable	-	99.64%	-
NK_H22_075	Klebsiella pneumoniae	strong	3	5271748	5271748	5501666	no	-	ST462	2	1	1	6	1	4	12	0	-	-	-	-	-	-	-	-	-	-	-	-	-	0	-	-	-	-	-	-	-	-	-	-	-	-	-	-	-	-	-	0	-	-	-	-	-	-	-	0	-	-	-	-	-	-	0	-	-	-	-	-	0	-	-	-	-	-	-	-	-	-	-	-	-	-	-	-	-	-	-	-	SHV-11^	SHV:p.Leu35Gln	-	-	-	-	-	0	0	0	wildtype S	90.99% S (N=5168/5680)	0^ QRDR, 0 PMQR, 0 aac(6`)-Ib-cr	0.25 mg/L [0.25-0.25]	wzi335	KL9	K9	Typeable	-	99.74%	-	OL2α.2	O2β	Typeable	-	99.06%	-
NK_H22_076	Klebsiella pneumoniae	strong	4	5290325	5290325	5806859	no	-	ST37	2	9	2	1	13	1	16	0	-	-	-	-	-	-	-	-	-	-	-	-	-	0	-	-	-	-	-	-	-	-	-	-	-	-	-	-	-	-	-	0	-	-	-	-	-	-	-	0	-	-	-	-	-	-	0	-	-	-	-	-	0	-	-	-	-	-	-	-	-	-	-	-	-	-	-	-	-	-	-	-	SHV-11^	SHV:p.Leu35Gln	-	-	-	-	-	0	0	0	wildtype S	90.99% S (N=5168/5680)	0^ QRDR, 0 PMQR, 0 aac(6`)-Ib-cr	0.25 mg/L [0.25-0.25]	wzi50	KL15	K15	Typeable	-	99.80%	-	OL4	O4	Typeable	-	99.55%	-
NK_H23_002	Klebsiella pneumoniae	strong	3	5206014	5206014	5436158	no	-	ST107	2	1	2	17	27	1	39	0	-	-	-	-	-	-	-	-	-	-	130*	272	-	0	-	-	-	-	-	-	-	-	-	-	-	-	-	-	-	-	-	0	-	-	-	-	-	-	-	0	-	-	-	-	-	-	0	-	-	-	-	-	0	-	-	-	-	-	-	-	-	-	-	-	-	-	-	-	-	-	-	-	SHV-1^	-	-	-	-	-	-	0	0	0	wildtype S	90.99% S (N=5168/5680)	0^ QRDR, 0 PMQR, 0 aac(6`)-Ib-cr	0.25 mg/L [0.25-0.25]	wzi74	KL103	unknown (KL103)	Typeable	-	98.94%	-	OL2α.1	O1αβ,2α	Typeable	-	98.55%	-
NK_H23_005	Klebsiella pneumoniae	strong	2	5282708	5282708	5357620	no	-	ST1540	2	1	1	6	10	1	62	0	-	-	-	-	-	-	-	-	-	-	-	-	-	0	-	-	-	-	-	-	-	-	-	-	-	-	-	-	-	-	-	0	-	-	-	-	-	-	-	0	-	-	-	-	-	-	0	-	-	-	-	-	0	-	-	-	-	-	-	-	-	-	-	-	-	-	-	-	-	-	-	-	SHV-11^	SHV:p.Leu35Gln	-	-	-	-	-	0	0	0	wildtype S	90.99% S (N=5168/5680)	0^ QRDR, 0 PMQR, 0 aac(6`)-Ib-cr	0.25 mg/L [0.25-0.25]	wzi462	KL132	unknown (KL132)	Typeable	!	99.51%	-	OL2α.1	O2α	Typeable	-	99.39%	-
NK_H23_006	Klebsiella pneumoniae	strong	2	5243010	5243010	5489511	no	-	ST45	2	1	1	6	7	1	12	78	ybt 10; ICEKp4	3	12	4	11	3	21	18	3	10	16	2	-	0	-	-	-	-	-	-	-	-	-	-	-	-	-	-	-	-	-	0	-	-	-	-	-	-	-	0	-	-	-	-	-	-	0	-	-	-	-	-	1	-	-	strB.v1;strA.v1^	-	-	-	-	-	catII.2*	-	sul2	-	-	dfrA14.v2*	-	-	-	-	-	SHV-1	-	OmpK36:p.Leu256fs	-	-	-	-	0	5	6	wildtype S	90.99% S (N=5168/5680)	0^ QRDR, 0 PMQR, 0 aac(6`)-Ib-cr	0.25 mg/L [0.25-0.25]	wzi149	KL62	K62	Typeable	-	99.97%	-	OL2α.1	O2α	Typeable	!	99.47%	-
NK_H23_007	Klebsiella pneumoniae	strong	3	5183026	5183026	5409109	no	-	ST14	1	6	1	1	1	1	1	0	-	-	-	-	-	-	-	-	-	-	-	-	-	0	-	-	-	-	-	-	-	-	-	-	-	-	-	-	-	-	-	0	-	-	-	-	-	-	-	0	-	-	-	-	-	-	0	-	-	-	-	-	0	-	-	strB.v1;strA.v1	-	-	-	-	-	-	-	-	-	-	-	-	-	-	-	-	SHV-28^	-	-	-	-	-	-	0	1	2	wildtype S	90.99% S (N=5168/5680)	0^ QRDR, 0 PMQR, 0 aac(6`)-Ib-cr	0.25 mg/L [0.25-0.25]	wzi2	KL2	K2	Typeable	!	99.83%	-	OL2α.1	O1αβ,2α	Typeable	-	99.96%	-
NK_H23_014	Klebsiella pneumoniae	strong	2	5252731	5252731	5457999	no	-	ST882	2	1	1	37	1	27	19	87	ybt 10; ICEKp4	3	12	4	3	3	100	101	3	30	9	2	-	0	-	-	-	-	-	-	-	-	-	-	-	-	-	-	-	-	-	0	-	-	-	-	-	-	-	0	-	-	-	-	-	-	0	-	-	-	-	-	1	-	-	-	-	-	-	-	-	-	-	sul1;sul2	tet(D)	-	dfrA5^	-	-	-	-	-	SHV-101*	-	-	-	-	-	-	0	4	5	wildtype S	90.99% S (N=5168/5680)	0^ QRDR, 0 PMQR, 0 aac(6`)-Ib-cr	0.25 mg/L [0.25-0.25]	wzi249	KL16	K16	Typeable	-	99.69%	-	OL2α.1	O1αβ,2α	Typeable	-	98.90%	-
NK_H23_015	Klebsiella pneumoniae	strong	2	5382677	5382677	5601677	no	-	ST23	2	1	1	1	9	4	12	47-2LV	ybt 1; ICEKp10 (truncated)	2	2	189	2	2	6*-85%	6	2	2	2	2	-	77	clb 2	2	69	2	2	2	2	2	3	2	2	2	2	2	2	2	-	1	iuc 1	1	1	1	1	1	-	2	iro 1	1	4	1	1	-	27	rmp 1; KpVP-1 (truncated)	4-47%	2	2	-	5	-	rmpA2_5-54%	-	-	-	-	-	-	-	-	-	-	-	-	-	-	-	-	-	SHV-11^	SHV:p.Leu35Gln	-	-	-	-	-	0	0	0	wildtype S	90.99% S (N=5168/5680)	0^ QRDR, 0 PMQR, 0 aac(6`)-Ib-cr	0.25 mg/L [0.25-0.25]	wzi1	KL1	K1	Typeable	-	99.95%	-	OL2α.2	O1αβ,2β	Typeable	-	99.26%	-
NK_H23_019	Klebsiella pneumoniae	strong	3	5254265	5254265	5327329	no	-	ST133	12	1	1	2	5	1	36	0	-	-	-	-	-	-	-	-	-	-	-	-	-	0	-	-	-	-	-	-	-	-	-	-	-	-	-	-	-	-	-	0	-	-	-	-	-	-	-	0	-	-	-	-	-	-	0	-	-	-	-	-	0	-	-	-	-	-	-	-	-	-	-	-	-	-	-	-	-	-	-	-	SHV-75	-	-	-	-	-	-	0	0	0	wildtype S	90.99% S (N=5168/5680)	0^ QRDR, 0 PMQR, 0 aac(6`)-Ib-cr	0.25 mg/L [0.25-0.25]	wzi180	KL116	unknown (KL116)	Typeable	!	99.99%	-	OL2α.1	O1αβ,2α	Typeable	-	99.14%	-
NK_H23_027	Klebsiella pneumoniae	strong	3	5206014	5206014	5436166	no	-	ST107	2	1	2	17	27	1	39	0	-	-	-	-	-	-	-	-	-	-	130*	272	-	0	-	-	-	-	-	-	-	-	-	-	-	-	-	-	-	-	-	0	-	-	-	-	-	-	-	0	-	-	-	-	-	-	0	-	-	-	-	-	0	-	-	-	-	-	-	-	-	-	-	-	-	-	-	-	-	-	-	-	SHV-1^	-	-	-	-	-	-	0	0	0	wildtype S	90.99% S (N=5168/5680)	0^ QRDR, 0 PMQR, 0 aac(6`)-Ib-cr	0.25 mg/L [0.25-0.25]	wzi74	KL103	unknown (KL103)	Typeable	-	98.94%	-	OL2α.1	O1αβ,2α	Typeable	-	98.55%	-
NK_H23_041	Klebsiella pneumoniae	strong	4	5246305	5246305	5448211	no	-	ST3586	2	1	2	1	7	195	7	0	-	-	-	-	-	-	-	-	-	-	-	-	-	0	-	-	-	-	-	-	-	-	-	-	-	-	-	-	-	-	-	0	-	-	-	-	-	-	-	0	-	-	-	-	-	-	0	-	-	-	-	-	0	-	-	-	-	-	-	-	-	-	-	-	-	-	-	-	-	-	-	-	SHV-11^	SHV:p.Leu35Gln	-	-	-	-	-	0	0	0	wildtype S	90.99% S (N=5168/5680)	0^ QRDR, 0 PMQR, 0 aac(6`)-Ib-cr	0.25 mg/L [0.25-0.25]	wzi173	KL102	Capsule null	Typeable	!	99.90%	-	OL2α.2	O2β	Typeable	-	99.11%	-
NK_H23_045	Klebsiella pneumoniae	strong	4	5207895	5207895	5504880	no	-	ST234	2	1	2	1	7	1	24	0	-	-	-	-	-	-	-	-	-	-	-	-	-	0	-	-	-	-	-	-	-	-	-	-	-	-	-	-	-	-	-	0	-	-	-	-	-	-	-	0	-	-	-	-	-	-	0	-	-	-	-	-	0	-	-	-	-	-	-	-	-	-	-	-	-	-	-	-	-	-	-	-	SHV-27	SHV:p.Gly156Asp	-	-	-	-	-	0	0	0	wildtype S	90.99% S (N=5168/5680)	0^ QRDR, 0 PMQR, 0 aac(6`)-Ib-cr	0.25 mg/L [0.25-0.25]	wzi114	KL30	K30	Typeable	+!	97.52%	-	OL2α.2	O1αβ,2β	Typeable	-	99.56%	-
NK_H23_049	Klebsiella pneumoniae	strong	3	5200953	5200953	5490672	no	-	ST193	2	3	2	2	48	4	4	0	-	-	-	-	-	-	-	-	-	-	-	-	-	0	-	-	-	-	-	-	-	-	-	-	-	-	-	-	-	-	-	0	-	-	-	-	-	-	-	0	-	-	-	-	-	-	0	-	-	-	-	-	0	-	-	-	-	-	-	-	-	-	-	-	-	-	-	-	-	-	-	-	SHV-61	SHV:p.Leu35Gln	-	-	-	-	-	0	0	0	wildtype S	90.99% S (N=5168/5680)	0^ QRDR, 0 PMQR, 0 aac(6`)-Ib-cr	0.25 mg/L [0.25-0.25]	wzi327	KL63	K63	Typeable	-	99.63%	-	OL2α.2	O1αβ,2β	Typeable	-	99.57%	-
NK_H24_006	Klebsiella pneumoniae	strong	3	5238157	5238157	5245351	no	-	ST4276	2	2	1	1	26	1	610	0	-	-	-	-	-	-	-	-	-	-	-	-	-	0	-	-	-	-	-	-	-	-	-	-	-	-	-	-	-	-	-	0	-	-	-	-	-	-	-	0	-	-	-	-	-	-	0	-	-	-	-	-	0	-	-	-	-	-	-	-	-	-	-	-	-	-	-	-	-	-	-	-	SHV-11^	SHV:p.Leu35Gln	-	-	-	-	-	0	0	0	wildtype S	90.99% S (N=5168/5680)	0^ QRDR, 0 PMQR, 0 aac(6`)-Ib-cr	0.25 mg/L [0.25-0.25]	wzi25	KL25	K25	Typeable	-	100.00%	-	OL3α/β	O3αβ	Typeable	-	99.56%	-
NK_H24_010	Klebsiella pneumoniae	strong	3	5205856	5205856	5416529	no	-	ST107	2	1	2	17	27	1	39	0	-	-	-	-	-	-	-	-	-	-	130*	272	-	0	-	-	-	-	-	-	-	-	-	-	-	-	-	-	-	-	-	0	-	-	-	-	-	-	-	0	-	-	-	-	-	-	0	-	-	-	-	-	0	-	-	-	-	-	-	-	-	-	-	-	-	-	-	-	-	-	-	-	SHV-1^	-	-	-	-	-	-	0	0	0	wildtype S	90.99% S (N=5168/5680)	0^ QRDR, 0 PMQR, 0 aac(6`)-Ib-cr	0.25 mg/L [0.25-0.25]	wzi74	KL103	unknown (KL103)	Typeable	-	98.94%	-	OL2α.1	O1αβ,2α	Typeable	-	98.55%	-
NK_H24_016	Klebsiella pneumoniae	strong	2	5248128	5248128	5359646	no	-	ST2701	4	1	1	1	1	1	363	0	-	-	-	-	-	-	-	-	-	-	-	-	-	0	-	-	-	-	-	-	-	-	-	-	-	-	-	-	-	-	-	0	-	-	-	-	-	-	-	0	-	-	-	-	-	-	0	-	-	-	-	-	0	-	-	-	-	-	-	-	-	-	-	-	-	-	-	-	-	-	-	-	SHV-11^	SHV:p.Leu35Gln	-	-	-	-	-	0	0	0	wildtype S	90.99% S (N=5168/5680)	0^ QRDR, 0 PMQR, 0 aac(6`)-Ib-cr	0.25 mg/L [0.25-0.25]	wzi5	KL5	K5	Typeable	-	99.48%	-	OL3γ	O3γ	Typeable	-	99.80%	-
NK_H24_028	Klebsiella pneumoniae	strong	2	5276102	5276102	5529474	no	-	ST307	4	1	2	52	1	1	7	0	-	-	-	-	-	-	-	-	-	-	-	-	-	0	-	-	-	-	-	-	-	-	-	-	-	-	-	-	-	-	-	0	-	-	-	-	-	-	-	0	-	-	-	-	-	-	0	-	-	-	-	-	0	-	-	aac(3)-IIa.v1^;strB.v1;strB.v1;strA.v1^;strA.v1^;aac(6')-Ib-cr.v2	-	-	qnrB1.v2^;aac(6')-Ib-cr.v2	-	-	-	-	sul2;sul2	tet(A).v1	-	dfrA14.v2*	TEM-206;TEM-206;OXA-1	-	CTX-M-15;CTX-M-15	-	-	SHV-28^	-	-	-	GyrA:p.Ser83Ile;ParC:p.Ser80Ile	-	catB3.v1?-70%	1	7	17	nonwildtype R	99.22% R (N=2424/2443)	>0 QRDR, >0 PMQR, * aac(6`)-Ib-cr	4 mg/L [4-4]	wzi173	KL102	unknown (KL102)	Typeable	-	99.66%	-	OL2α.2	O2β	Typeable	-	99.13%	-
NK_H24_044	Klebsiella pneumoniae	strong	1	5103552	5103552	5103552	no	-	ST200	2	1	2	1	12	1	68	0	-	-	-	-	-	-	-	-	-	-	-	-	-	0	-	-	-	-	-	-	-	-	-	-	-	-	-	-	-	-	-	0	-	-	-	-	-	-	-	0	-	-	-	-	-	-	0	-	-	-	-	-	0	-	-	-	-	-	-	-	-	-	-	-	-	-	-	-	-	-	-	-	SHV-1^	-	-	-	-	-	-	0	0	0	wildtype S	90.99% S (N=5168/5680)	0^ QRDR, 0 PMQR, 0 aac(6`)-Ib-cr	0.25 mg/L [0.25-0.25]	wzi474	KL46	K46	Typeable	-	99.38%	-	OL3γ	O3γ	Typeable	-	99.71%	-
NK_H24_054	Klebsiella pneumoniae	strong	2	5309249	5309249	5518807	no	-	ST405	2	1	62	3	10	4	110	558	ybt 26; ICEKp18	44	61	58	65	40	242	548	45	38	63	66	-	0	-	-	-	-	-	-	-	-	-	-	-	-	-	-	-	-	-	0	-	-	-	-	-	-	-	0	-	-	-	-	-	-	0	-	-	-	-	-	1	-	-	-	-	-	-	-	-	-	-	-	-	-	-	-	-	-	-	-	SHV-76	SHV:p.Leu35Gln	-	-	-	-	-	0	0	0	wildtype S	90.99% S (N=5168/5680)	0^ QRDR, 0 PMQR, 0 aac(6`)-Ib-cr	0.25 mg/L [0.25-0.25]	wzi143	KL151	unknown (KL151)	Typeable	-	99.71%	-	OL4	O4	Typeable	-	99.58%	-
NK_H25_002	Klebsiella pneumoniae	strong	2	5319573	5319573	5458183	no	-	ST268	2	1	2	1	7	1	81	580	ybt 0; ICEKp10	6	15	25	4	11	371	319	72	14	4	2	-	13-1LV	clb 3	2	10	2	2	2	2*	2	3	2	2	2	2	2	2	2	-	0	-	-	-	-	-	-	-	1-1LV	iro 1 (incomplete)	1	1	1	-	-	0	-	-	-	-	-	2	-	-	-	-	-	-	-	-	-	-	-	-	-	-	-	-	-	-	-	SHV-11^	SHV:p.Leu35Gln	-	-	-	-	-	0	0	0	wildtype S	90.99% S (N=5168/5680)	0^ QRDR, 0 PMQR, 0 aac(6`)-Ib-cr	0.25 mg/L [0.25-0.25]	wzi95	KL20	K20	Typeable	-	99.97%	-	OL2α.1	O2α	Typeable	-	99.47%	-
NK_H25_013	Klebsiella pneumoniae	strong	6	5471165	5471165	5665110	no	-	ST943	12	1	1	2	5	1	23	0	-	-	-	-	-	-	-	-	-	-	-	-	-	0	-	-	-	-	-	-	-	-	-	-	-	-	-	-	-	-	-	0	-	-	-	-	-	-	-	0	-	-	-	-	-	-	0	-	-	-	-	-	0	-	-	-	-	-	-	-	-	-	-	-	-	-	-	-	-	-	-	-	SHV-40	SHV:p.Leu35Gln	-	-	-	-	-	0	0	0	wildtype S	90.99% S (N=5168/5680)	0^ QRDR, 0 PMQR, 0 aac(6`)-Ib-cr	0.25 mg/L [0.25-0.25]	wzi25	KL25	K25	Typeable	!	99.83%	-	OL2α.2	O1αβ,2β	Typeable	-	99.36%	-
NK_H26_006	Klebsiella pneumoniae	strong	2	5187757	5187757	5192016	no	-	ST4318	3	1	1	3	4	248	39	0	-	-	-	-	-	-	-	-	-	-	-	-	-	0	-	-	-	-	-	-	-	-	-	-	-	-	-	-	-	-	-	0	-	-	-	-	-	-	-	0	-	-	-	-	-	-	0	-	-	-	-	-	0	-	-	-	-	-	-	-	-	-	-	-	-	-	-	-	-	-	-	-	SHV-37	SHV:p.Leu35Gln	-	-	-	-	fosA7*?-0%	0	0	0	wildtype S	90.99% S (N=5168/5680)	0^ QRDR, 0 PMQR, 0 aac(6`)-Ib-cr	0.25 mg/L [0.25-0.25]	wzi31	KL31	K31	Typeable	-	99.78%	-	OL3γ	O3γ	Typeable	-	99.54%	-
NK_H28_005	Klebsiella pneumoniae	strong	4	5174516	5174516	5344633	no	-	ST219	2	1	2	3	27	1	39	0	-	-	-	-	-	-	-	-	-	-	-	-	-	0	-	-	-	-	-	-	-	-	-	-	-	-	-	-	-	-	-	0	-	-	-	-	-	-	-	0	-	-	-	-	-	-	0	-	-	-	-	-	0	-	-	-	-	-	-	-	-	-	-	-	-	-	-	-	-	-	-	-	SHV-1^	-	-	-	-	-	-	0	0	0	wildtype S	90.99% S (N=5168/5680)	0^ QRDR, 0 PMQR, 0 aac(6`)-Ib-cr	0.25 mg/L [0.25-0.25]	wzi122	KL121	unknown (KL121)	Typeable	-	99.98%	-	OL2α.1	O1αβ,2α	Typeable	-	99.32%	-
NK_H29_003	Klebsiella variicola subsp. variicola	strong	3	5557728	5557728	5850805	no	-	ST4373	16	45	21	27	229	17	67	0	-	-	-	-	-	-	-	-	-	-	-	-	-	0	-	-	-	-	-	-	-	-	-	-	-	-	-	-	-	-	-	0	-	-	-	-	-	-	-	0	-	-	-	-	-	-	0	-	-	-	-	-	0	-	-	-	-	-	-	-	-	-	-	-	-	-	-	-	-	-	-	-	LEN-58*	-	OmpK36:p.Ala183fs	-	-	-	-	0	0	0	wildtype S	90.99% S (N=5168/5680)	0^ QRDR, 0 PMQR, 0 aac(6`)-Ib-cr	0.25 mg/L [0.25-0.25]	-	KL54	K54	Typeable	-	97.09%	-	OL3α/β	O3αβ	Typeable	-	99.54%	-
NK_H2_007	Klebsiella pneumoniae	strong	3	5248055	5248055	5570884	no	-	ST4267	2	1	5	1	7	4	23	0	-	-	-	-	-	-	-	-	-	-	-	-	-	0	-	-	-	-	-	-	-	-	-	-	-	-	-	-	-	-	-	0	-	-	-	-	-	-	-	0	-	-	-	-	-	-	0	-	-	-	-	-	0	-	-	-	-	-	-	-	-	-	-	-	-	-	-	-	-	-	-	-	SHV-1	-	-	-	-	-	-	0	0	0	wildtype S	90.99% S (N=5168/5680)	0^ QRDR, 0 PMQR, 0 aac(6`)-Ib-cr	0.25 mg/L [0.25-0.25]	wzi82	KL23	K23	Typeable	-	99.97%	-	OL2α.2	O2β	Typeable	-	99.08%	-
NK_H2_019	Klebsiella variicola subsp. variicola	strong	2	5495823	5495823	5654873	no	-	ST454	16	24	21	27	29	22	105	533	ybt 0; ICEKp?	133	61	171	68	1	457	545	131	107	155	288	-	0	-	-	-	-	-	-	-	-	-	-	-	-	-	-	-	-	-	0	-	-	-	-	-	-	-	0	-	-	-	-	-	-	0	-	-	-	-	-	1	-	-	-	-	-	-	-	-	-	-	-	-	-	-	-	-	-	-	-	LEN-2^	-	-	-	-	-	-	0	0	0	wildtype S	90.99% S (N=5168/5680)	0^ QRDR, 0 PMQR, 0 aac(6`)-Ib-cr	0.25 mg/L [0.25-0.25]	wzi198	KL67	K67	Typeable	-	99.19%	-	OL10	O10	Typeable	!	98.98%	-
NK_H2_020	Klebsiella pneumoniae	strong	2	5310192	5310192	5567978	no	-	ST45	2	1	1	6	7	1	12	78	ybt 10; ICEKp4	3	12	4	11	3	21	18	3	10	16	2	-	0	-	-	-	-	-	-	-	-	-	-	-	-	-	-	-	-	-	0	-	-	-	-	-	-	-	0	-	-	-	-	-	-	0	-	-	-	-	-	1	-	-	strB.v1;strA.v1^;aac(6')-Ib-cr.v2	-	-	qnrB1.v2^;aac(6')-Ib-cr.v2	-	-	-	-	sul2	-	-	dfrA14.v2*	OXA-1	-	CTX-M-15	-	-	SHV-1	-	-	-	-	-	catB3.v1?-70%	1	7	10	nonwildtype R	94.63% R (N=776/820)	0 QRDR, 1 PMQR, 1 aac(6`)-Ib-cr	2 mg/L [1-2]	wzi149	KL62	K62	Typeable	-	99.96%	-	OL2α.1	O2α	Typeable	-	99.43%	-
NK_H2_021	Klebsiella pneumoniae	strong	3	5324501	5324501	5567185	no	-	ST382	2	1	3	1	1	4	107	534	ybt 12; ICEKp10	145	13	1	1	1	23	20	1	1	1	13	-	76	clb 1	1	7	1	1	1	3	1	6	3	1	1	1	3	12	1	-	10	iuc 2A	11	4	9	3	12	-	48	iro 2 (truncated)	32-23%	16-2%	9	8	-	6-1LV	rmp 2A; KpVP-2/iuc2A hybrid	18*	18	5	-	5	-	-	-	-	-	-	-	-	-	-	-	-	-	-	-	-	-	-	-	SHV-11^	SHV:p.Leu35Gln	-	-	-	-	-	0	0	0	wildtype S	90.99% S (N=5168/5680)	0^ QRDR, 0 PMQR, 0 aac(6`)-Ib-cr	0.25 mg/L [0.25-0.25]	wzi34	KL57	K57	Typeable	!	99.37%	-	OL2α.2	O11αβ,2β	Typeable	-	99.09%	-
NK_H3_001	Klebsiella pneumoniae	strong	2	5343725	5343725	5570795	no	-	ST20	2	3	1	1	4	4	4	0	-	-	-	-	-	-	-	-	-	-	-	-	-	0	-	-	-	-	-	-	-	-	-	-	-	-	-	-	-	-	-	0	-	-	-	-	-	-	-	0	-	-	-	-	-	-	0	-	-	-	-	-	0	-	-	-	-	-	-	-	-	-	-	-	-	-	-	-	-	-	-	-	SHV-187	-	OmpK35:p.Ser91fs	-	-	-	-	0	0	0	wildtype S	90.99% S (N=5168/5680)	0^ QRDR, 0 PMQR, 0 aac(6`)-Ib-cr	0.25 mg/L [0.25-0.25]	-	KL28	K28	Typeable	-	99.78%	-	OL2α.2	O1αβ,2β	Typeable	-	99.11%	-
NK_H3_002	Klebsiella pneumoniae	strong	4	5255436	5255436	5680538	no	-	ST294	2	1	2	1	4	4	87	0	-	-	-	-	-	-	-	-	-	-	-	-	-	0	-	-	-	-	-	-	-	-	-	-	-	-	-	-	-	-	-	0	-	-	-	-	-	-	-	0	-	-	-	-	-	-	0	-	-	-	-	-	0	-	-	-	-	-	-	-	-	-	-	-	-	-	-	-	-	-	-	-	SHV-1^	-	-	-	-	-	-	0	0	0	wildtype S	90.99% S (N=5168/5680)	0^ QRDR, 0 PMQR, 0 aac(6`)-Ib-cr	0.25 mg/L [0.25-0.25]	wzi274	KL30	K30	Typeable	+!	98.70%	-	OL2α.1	O1αβ,2α	Typeable	-	99.85%	-
NK_H3_007	Klebsiella pneumoniae	strong	3	5563674	5563674	5597702	no	-	ST17	2	1	1	1	4	4	4	231	ybt 15; ICEKp11	6	15	22	4	1	37	34	14	1	33	17	-	0	-	-	-	-	-	-	-	-	-	-	-	-	-	-	-	-	-	0	-	-	-	-	-	-	-	0	-	-	-	-	-	-	0	-	-	-	-	-	1	-	-	-	-	-	-	-	-	-	-	-	-	-	-	-	-	-	-	-	SHV-11^	SHV:p.Leu35Gln	-	-	-	-	-	0	0	0	wildtype S	90.99% S (N=5168/5680)	0^ QRDR, 0 PMQR, 0 aac(6`)-Ib-cr	0.25 mg/L [0.25-0.25]	wzi141	KL25	K25	Typeable	-	99.82%	-	OL5	O5	Typeable	-	98.23%	-
NK_H3_009	Klebsiella pneumoniae	strong	2	5318312	5318312	5600932	no	-	ST3659	10	40	2	1	7	4	224	354	ybt 14; ICEKp5	6	4	139	4	1	257	397	2	65	4	2	-	0	-	-	-	-	-	-	-	-	-	-	-	-	-	-	-	-	-	0	-	-	-	-	-	-	-	0	-	-	-	-	-	-	0	-	-	-	-	-	1	-	-	-	-	-	-	-	-	-	-	-	-	-	-	-	-	-	-	-	SHV-108^	SHV:p.Leu35Gln	-	-	-	-	-	0	0	0	wildtype S	90.99% S (N=5168/5680)	0^ QRDR, 0 PMQR, 0 aac(6`)-Ib-cr	0.25 mg/L [0.25-0.25]	wzi23	KL14	K14	Typeable	-	99.87%	-	OL3γ	O3γ	Typeable	-	99.52%	-
NK_H3_015	Klebsiella pneumoniae	strong	2	5304903	5304903	5532770	no	-	ST628	2	60	11	1	4	8	24	0	-	-	-	-	-	-	-	-	-	-	-	-	-	0	-	-	-	-	-	-	-	-	-	-	-	-	-	-	-	-	-	0	-	-	-	-	-	-	-	0	-	-	-	-	-	-	0	-	-	-	-	-	0	-	-	-	-	-	-	-	-	-	-	-	-	-	-	-	-	-	-	-	SHV-1	-	-	-	-	-	-	0	0	0	wildtype S	90.99% S (N=5168/5680)	0^ QRDR, 0 PMQR, 0 aac(6`)-Ib-cr	0.25 mg/L [0.25-0.25]	wzi426	KL123	unknown (KL123)	Typeable	-	97.66%	-	OL3γ	O3γ	Typeable	-	99.74%	-
NK_H3_019	Klebsiella pneumoniae	strong	5	5186284	5186284	5428815	no	-	ST4235	2	1	1	1	9	1	35	0	-	-	-	-	-	-	-	-	-	-	-	-	-	0	-	-	-	-	-	-	-	-	-	-	-	-	-	-	-	-	-	0	-	-	-	-	-	-	-	0	-	-	-	-	-	-	0	-	-	-	-	-	0	-	-	-	-	-	-	-	-	-	-	-	-	-	-	-	-	-	-	-	-	SHV:p.Leu35Gln	-	-	-	SHV-36?-0%	-	0	0	0	wildtype S	90.99% S (N=5168/5680)	0^ QRDR, 0 PMQR, 0 aac(6`)-Ib-cr	0.25 mg/L [0.25-0.25]	wzi386	KL169	unknown (KL169)	Typeable	+!	99.98%	-	OL15	unknown (OL15)	Typeable	!	99.93%	-
NK_H3_025	Klebsiella pneumoniae	strong	3	5205834	5205834	5297652	no	-	ST107	2	1	2	17	27	1	39	0	-	-	-	-	-	-	-	-	-	-	-	-	-	0	-	-	-	-	-	-	-	-	-	-	-	-	-	-	-	-	-	0	-	-	-	-	-	-	-	0	-	-	-	-	-	-	0	-	-	-	-	-	0	-	-	-	-	-	-	-	-	-	-	-	-	-	-	-	-	-	-	-	SHV-1^	-	-	-	-	-	-	0	0	0	wildtype S	90.99% S (N=5168/5680)	0^ QRDR, 0 PMQR, 0 aac(6`)-Ib-cr	0.25 mg/L [0.25-0.25]	wzi74	KL103	unknown (KL103)	Typeable	-	98.94%	-	OL2α.1	O1αβ,2α	Typeable	!	98.47%	-
NK_H4_002	Klebsiella pneumoniae	strong	2	5303197	5303197	5476006	no	-	ST54	2	1	1	13	16	15	4	0	-	-	-	-	-	-	-	-	-	-	-	-	-	0	-	-	-	-	-	-	-	-	-	-	-	-	-	-	-	-	-	0	-	-	-	-	-	-	-	0	-	-	-	-	-	-	0	-	-	-	-	-	0	-	-	-	-	-	-	-	-	-	-	-	-	-	-	-	-	-	-	-	SHV-11^	SHV:p.Leu35Gln	-	-	-	-	-	0	0	0	wildtype S	90.99% S (N=5168/5680)	0^ QRDR, 0 PMQR, 0 aac(6`)-Ib-cr	0.25 mg/L [0.25-0.25]	wzi14	KL14	K14	Typeable	-	100.00%	-	OL3γ	O3γ	Typeable	-	99.73%	-
NK_H4_006	Klebsiella variicola subsp. variicola	strong	3	5623467	5623467	5845387	no	-	ST616	16	18	30	27	68	59	67	0	-	-	-	-	-	-	-	-	-	-	-	-	-	0	-	-	-	-	-	-	-	-	-	-	-	-	-	-	-	-	-	0	-	-	-	-	-	-	-	0	-	-	-	-	-	-	0	-	-	-	-	-	0	-	-	-	-	fosA7*	-	-	-	-	-	-	-	-	-	-	-	-	-	-	LEN-9	-	OmpK36:p.Ala183fs	-	-	-	-	0	1	1	wildtype S	90.99% S (N=5168/5680)	0^ QRDR, 0 PMQR, 0 aac(6`)-Ib-cr	0.25 mg/L [0.25-0.25]	wzi304	KL54	K54	Typeable	-	97.05%	-	OL5	O5	Typeable	-	99.86%	-
NK_H4_026	Klebsiella pneumoniae	strong	5	5251343	5251343	5548062	no	-	ST37	2	9	2	1	13	1	16	0	-	-	-	-	-	-	-	-	-	-	-	-	-	0	-	-	-	-	-	-	-	-	-	-	-	-	-	-	-	-	-	0	-	-	-	-	-	-	-	0	-	-	-	-	-	-	0	-	-	-	-	-	0	-	-	-	-	-	-	-	-	-	-	-	-	-	-	-	-	CTX-M-24^	-	-	SHV-11^	SHV:p.Leu35Gln	-	-	-	-	-	1	1	1	wildtype S	90.99% S (N=5168/5680)	0^ QRDR, 0 PMQR, 0 aac(6`)-Ib-cr	0.25 mg/L [0.25-0.25]	wzi14	KL14	K14	Typeable	-	100.00%	-	OL3γ	O3γ	Typeable	-	99.70%	-
NK_H5_010	Klebsiella pneumoniae	strong	3	5205856	5205856	5436008	no	-	ST107	2	1	2	17	27	1	39	0	-	-	-	-	-	-	-	-	-	-	130*	272	-	0	-	-	-	-	-	-	-	-	-	-	-	-	-	-	-	-	-	0	-	-	-	-	-	-	-	0	-	-	-	-	-	-	0	-	-	-	-	-	0	-	-	-	-	-	-	-	-	-	-	-	-	-	-	-	-	-	-	-	SHV-1^	-	-	-	-	-	-	0	0	0	wildtype S	90.99% S (N=5168/5680)	0^ QRDR, 0 PMQR, 0 aac(6`)-Ib-cr	0.25 mg/L [0.25-0.25]	wzi74	KL103	unknown (KL103)	Typeable	-	98.94%	-	OL2α.1	O1αβ,2α	Typeable	-	98.55%	-
NK_H5_014	Klebsiella pneumoniae	strong	2	5282817	5282817	5471197	no	-	ST2800	2	1	2	1	9	1	18	0	-	-	-	-	-	-	-	-	-	-	-	-	-	0	-	-	-	-	-	-	-	-	-	-	-	-	-	-	-	-	-	0	-	-	-	-	-	-	-	0	-	-	-	-	-	-	0	-	-	-	-	-	0	-	-	-	-	-	-	-	-	-	-	-	-	-	-	-	-	-	-	-	SHV-82*	SHV:p.Leu35Gln	-	-	-	-	-	0	0	0	wildtype S	90.99% S (N=5168/5680)	0^ QRDR, 0 PMQR, 0 aac(6`)-Ib-cr	0.25 mg/L [0.25-0.25]	wzi73	KL158	unknown (KL158)	Typeable	!	99.84%	-	OL2α.1	O1αβ,2α	Typeable	-	98.95%	-
NK_H5_016	Klebsiella pneumoniae	strong	2	5180478	5180478	5291401	no	-	ST4257	2	1	2	281	45	4	9	0	-	-	-	-	-	-	-	-	-	-	-	-	-	0	-	-	-	-	-	-	-	-	-	-	-	-	-	-	-	-	-	0	-	-	-	-	-	-	-	0	-	-	-	-	-	-	0	-	-	-	-	-	0	-	-	-	-	-	-	-	-	-	-	-	-	-	-	-	-	-	-	-	SHV-1^	-	-	-	-	-	-	0	0	0	wildtype S	90.99% S (N=5168/5680)	0^ QRDR, 0 PMQR, 0 aac(6`)-Ib-cr	0.25 mg/L [0.25-0.25]	wzi274	KL30	K30	Typeable	!	99.74%	-	OL2α.1	O1αβ,2α	Typeable	-	98.76%	-
NK_H5_031	Klebsiella pneumoniae	strong	6	5264305	5264305	5552947	no	-	ST11	3	3	1	1	1	1	4	567	ybt 14; ICEKp5	4	4	5	4	1	69	191	2	4	95	20	-	0	-	-	-	-	-	-	-	-	-	-	-	-	-	-	-	-	-	0	-	-	-	-	-	-	-	0	-	-	-	-	-	-	0	-	-	-	-	-	1	-	-	strB.v1^;strA.v1^	-	-	qnrB1.v2^	-	-	-	-	sul2	-	-	dfrA14.v2*	-	-	CTX-M-15	-	-	SHV-11	SHV:p.Leu35Gln	-	-	-	-	-	1	6	7	nonwildtype I	81.25% I/R (n=130/160)	0 QRDR, qnrB1, 0 aac(6`)-Ib-cr	0.5 mg/L [0.5-1]	wzi150	KL183	unknown (KL183)	Typeable	-	98.41%	-	OL13	O13	Typeable	!	96.49%	-
NK_H7_005	Klebsiella pneumoniae	strong	5	5363799	5363799	5627220	no	-	ST26	2	1	1	1	9	1	18	0	-	-	-	-	-	-	-	-	-	-	-	-	-	0	-	-	-	-	-	-	-	-	-	-	-	-	-	-	-	-	-	0	-	-	-	-	-	-	-	0	-	-	-	-	-	-	0	-	-	-	-	-	0	-	-	-	-	-	-	-	-	-	-	-	-	-	-	-	-	-	-	-	SHV-36	SHV:p.Leu35Gln	-	-	-	-	-	0	0	0	wildtype S	90.99% S (N=5168/5680)	0^ QRDR, 0 PMQR, 0 aac(6`)-Ib-cr	0.25 mg/L [0.25-0.25]	wzi236	KL10	K10	Typeable	-	99.85%	-	OL2α.2	O1αβ,2β	Typeable	-	99.47%	-
NK_H7_010	Klebsiella pneumoniae	strong	5	5392332	5392332	5662210	no	-	ST392	3	4	6	1	7	4	40	0	-	-	-	-	-	-	-	-	-	-	-	-	-	0	-	-	-	-	-	-	-	-	-	-	-	-	-	-	-	-	-	0	-	-	-	-	-	-	-	0	-	-	-	-	-	-	0	-	-	-	-	-	0	-	-	aac(3)-IIa.v1^;strB.v1;strA.v1^;aac(6')-Ib-cr.v2	-	-	qnrB1.v2^;aac(6')-Ib-cr.v2	-	-	-	-	sul2	tet(A).v1	-	dfrA14.v2*	OXA-1	-	CTX-M-15	-	OXA-48	SHV-11^	SHV:p.Leu35Gln	-	-	GyrA:p.Ser83Ile;ParC:p.Ser80Ile	-	catB3.v1?-70%	2	9	13	nonwildtype R	99.22% R (N=2424/2443)	>0 QRDR, >0 PMQR, * aac(6`)-Ib-cr	4 mg/L [4-4]	wzi187	KL27	K27	Typeable	-	99.79%	-	OL4	O4	Typeable	-	99.58%	-
NK_H8_002	Klebsiella pneumoniae	strong	3	5206013	5206013	5436165	no	-	ST107	2	1	2	17	27	1	39	0	-	-	-	-	-	-	-	-	-	-	130*	272	-	0	-	-	-	-	-	-	-	-	-	-	-	-	-	-	-	-	-	0	-	-	-	-	-	-	-	0	-	-	-	-	-	-	0	-	-	-	-	-	0	-	-	-	-	-	-	-	-	-	-	-	-	-	-	-	-	-	-	-	SHV-1^	-	-	-	-	-	-	0	0	0	wildtype S	90.99% S (N=5168/5680)	0^ QRDR, 0 PMQR, 0 aac(6`)-Ib-cr	0.25 mg/L [0.25-0.25]	wzi74	KL103	unknown (KL103)	Typeable	-	98.94%	-	OL2α.1	O1αβ,2α	Typeable	-	98.55%	-
NK_H8_008	Klebsiella pneumoniae	strong	2	5385121	5385121	5572680	no	-	ST461	3	1	13	34	63	1	64	0	-	-	-	-	-	-	-	-	-	-	-	-	-	0	-	-	-	-	-	-	-	-	-	-	-	-	-	-	-	-	-	0	-	-	-	-	-	-	-	0	-	-	-	-	-	-	0	-	-	-	-	-	0	-	-	-	-	-	-	-	-	-	-	-	-	-	-	-	-	-	-	-	SHV-1^	-	-	-	-	-	-	0	0	0	wildtype S	90.99% S (N=5168/5680)	0^ QRDR, 0 PMQR, 0 aac(6`)-Ib-cr	0.25 mg/L [0.25-0.25]	wzi133	KL25	K25	Typeable	-	99.87%	-	OL2α.1	O1αβ,2α	Typeable	-	98.98%	-
NK_H8_011	Klebsiella pneumoniae	strong	4	5651566	5651566	6035798	no	-	ST321	4	16	2	1	28	3	40	0	-	-	-	-	-	-	-	-	-	-	-	-	-	0	-	-	-	-	-	-	-	-	-	-	-	-	-	-	-	-	-	0	-	-	-	-	-	-	-	0	-	-	-	-	-	-	0	-	-	-	-	-	0	-	-	-	-	-	-	-	-	-	-	-	-	-	-	-	-	-	-	-	SHV-1^	-	-	-	-	-	fosA7.5*?-0%	0	0	0	wildtype S	90.99% S (N=5168/5680)	0^ QRDR, 0 PMQR, 0 aac(6`)-Ib-cr	0.25 mg/L [0.25-0.25]	wzi131	KL3	K3	Typeable	!	99.64%	-	OL2α.2	O2β	Typeable	-	98.98%	-
NK_H8_022	Klebsiella pneumoniae	strong	3	5205843	5205843	5435995	no	-	ST107	2	1	2	17	27	1	39	0	-	-	-	-	-	-	-	-	-	-	130*	272	-	0	-	-	-	-	-	-	-	-	-	-	-	-	-	-	-	-	-	0	-	-	-	-	-	-	-	0	-	-	-	-	-	-	0	-	-	-	-	-	0	-	-	-	-	-	-	-	-	-	-	-	-	-	-	-	-	-	-	-	SHV-1^	-	-	-	-	-	-	0	0	0	wildtype S	90.99% S (N=5168/5680)	0^ QRDR, 0 PMQR, 0 aac(6`)-Ib-cr	0.25 mg/L [0.25-0.25]	wzi74	KL103	unknown (KL103)	Typeable	-	98.94%	-	OL2α.1	O1αβ,2α	Typeable	-	98.55%	-
NK_H8_044	Klebsiella pneumoniae	strong	1	5314985	5314985	5314985	no	-	ST35	2	1	2	1	10	1	19	0	-	-	-	-	-	-	-	-	-	-	-	-	-	0	-	-	-	-	-	-	-	-	-	-	-	-	-	-	-	-	-	0	-	-	-	-	-	-	-	0	-	-	-	-	-	-	0	-	-	-	-	-	0	-	-	-	-	-	-	-	-	-	-	-	-	-	-	-	-	-	-	-	SHV-33	-	-	-	-	-	-	0	0	0	wildtype S	90.99% S (N=5168/5680)	0^ QRDR, 0 PMQR, 0 aac(6`)-Ib-cr	0.25 mg/L [0.25-0.25]	wzi37	KL22	K22	Typeable	-	99.77%	-	OL2α.1	O1αβ,2α	Typeable	-	98.85%	-
NK_H8_045	Klebsiella variicola subsp. variicola	strong	5	5377873	5377873	5689443	no	-	ST4173	16	24	21	27	47	251	80	0	-	-	-	-	-	-	-	-	-	-	-	-	-	0	-	-	-	-	-	-	-	-	-	-	-	-	-	-	-	-	-	0	-	-	-	-	-	-	-	0	-	-	-	-	-	-	0	-	-	-	-	-	0	-	-	-	-	-	-	-	-	-	-	sul1	tet(D)	-	dfrA5	-	-	-	-	-	LEN-32*	-	OmpK36:p.Ala183fs	-	-	-	-	0	4	4	wildtype S	90.99% S (N=5168/5680)	0^ QRDR, 0 PMQR, 0 aac(6`)-Ib-cr	0.25 mg/L [0.25-0.25]	wzi525	KL15	K15	Typeable	-	97.37%	KL15_12_wzy;KL15_14_wzx;KL15_09_wceM;KL15_11_wcaN;KL15_13_wckI;KL15_08_wceN;KL15_10_wcsR	OL4	O4	Untypeable	-*	87.10%	OL4_03_hypothetical;OL4_05_wzm;OL4_06_glycosyltransferase
NK_H8_052	Klebsiella pneumoniae	strong	1	5208194	5208194	5208194	no	-	ST4343	4	5	1	1	16	1	4	0	-	-	-	-	-	-	-	-	-	-	-	-	-	0	-	-	-	-	-	-	-	-	-	-	-	-	-	-	-	-	-	0	-	-	-	-	-	-	-	0	-	-	-	-	-	-	0	-	-	-	-	-	0	-	-	-	-	-	-	-	-	-	-	-	-	-	-	-	-	-	-	-	SHV-236	SHV:p.Leu35Gln;SHV:p.Arg178His;omega-loop=RWETELNEALPGDAHD	-	-	-	-	-	0	0	0	wildtype S	90.99% S (N=5168/5680)	0^ QRDR, 0 PMQR, 0 aac(6`)-Ib-cr	0.25 mg/L [0.25-0.25]	wzi39	KL13	K13	Typeable	-	99.67%	-	OL3α/β	O3αβ	Typeable	-	99.29%	-
NK_H8_057	Klebsiella pneumoniae	strong	3	5236282	5236282	5466051	no	-	ST107	2	1	2	17	27	1	39	0	-	-	-	-	-	-	-	-	-	-	130*	272	-	0	-	-	-	-	-	-	-	-	-	-	-	-	-	-	-	-	-	0	-	-	-	-	-	-	-	0	-	-	-	-	-	-	0	-	-	-	-	-	0	-	-	-	-	-	-	-	-	-	-	-	-	-	-	-	-	-	-	-	SHV-1^	-	-	-	-	-	-	0	0	0	wildtype S	90.99% S (N=5168/5680)	0^ QRDR, 0 PMQR, 0 aac(6`)-Ib-cr	0.25 mg/L [0.25-0.25]	wzi74	KL103	unknown (KL103)	Typeable	-	98.94%	-	OL2α.1	O1αβ,2α	Typeable	!	98.57%	-
NK_H8_060	Klebsiella pneumoniae	strong	3	5358531	5358531	5548506	no	-	ST111	2	1	5	1	17	4	42	573	ybt 14; ICEKp5	4	4	5	4	1	69	62	2	4	158	20	-	0	-	-	-	-	-	-	-	-	-	-	-	-	-	-	-	-	-	0	-	-	-	-	-	-	-	0	-	-	-	-	-	-	0	-	-	-	-	-	1	-	-	-	-	-	-	-	-	-	-	-	-	-	-	-	-	-	-	-	SHV-11^	SHV:p.Leu35Gln	-	-	-	-	-	0	0	0	wildtype S	90.99% S (N=5168/5680)	0^ QRDR, 0 PMQR, 0 aac(6`)-Ib-cr	0.25 mg/L [0.25-0.25]	wzi63	KL63	K63	Typeable	-	99.80%	-	OL2α.2	O1αβ,2β	Typeable	-	99.43%	-
NK_H8_070	Klebsiella pneumoniae	strong	3	5321250	5321250	5596523	no	-	ST279	2	2	1	47	1	4	43	575	ybt 18; ICEKp15	21	21	195	170	67	86	606	17	1	5	29	-	0	-	-	-	-	-	-	-	-	-	-	-	-	-	-	-	-	-	0	-	-	-	-	-	-	-	0	-	-	-	-	-	-	0	-	-	-	-	-	1	-	-	-	-	-	-	-	-	-	-	-	-	-	-	-	-	-	-	-	SHV-11^	SHV:p.Leu35Gln	-	-	-	-	-	0	0	0	wildtype S	90.99% S (N=5168/5680)	0^ QRDR, 0 PMQR, 0 aac(6`)-Ib-cr	0.25 mg/L [0.25-0.25]	wzi417	KL151	unknown (KL151)	Typeable	-	99.98%	-	OL5	O5	Typeable	-	98.29%	-
NK_H8_077	Klebsiella pneumoniae	strong	6	5245059	5245059	5715216	no	-	ST10	4	1	7	1	9	1	12	0	-	-	-	-	-	-	-	-	-	-	-	-	-	0	-	-	-	-	-	-	-	-	-	-	-	-	-	-	-	-	-	0	-	-	-	-	-	-	-	0	-	-	-	-	-	-	0	-	-	-	-	-	0	-	-	strB.v1;strA.v1^	-	-	-	-	-	-	-	sul2	-	-	dfrA14.v2*	-	-	-	-	-	SHV-1^	-	-	-	-	-	-	0	4	5	wildtype S	90.99% S (N=5168/5680)	0^ QRDR, 0 PMQR, 0 aac(6`)-Ib-cr	0.25 mg/L [0.25-0.25]	wzi173	KL102	Capsule null	Typeable	!	99.71%	-	OL2α.1	O1αβ,2α	Typeable	-	99.01%	-
NK_H8_083	Klebsiella pneumoniae	strong	3	5285017	5285017	5517198	no	-	ST45	2	1	1	6	7	1	12	78	ybt 10; ICEKp4	3	12	4	11	3	21	18	3	10	16	2	-	0	-	-	-	-	-	-	-	-	-	-	-	-	-	-	-	-	-	0	-	-	-	-	-	-	-	0	-	-	-	-	-	-	0	-	-	-	-	-	1	-	-	strB.v1;strA.v1^	-	-	qnrB1.v2^	-	-	-	-	sul2*	-	-	dfrA14.v2*	-	-	CTX-M-15	-	-	SHV-27	SHV:p.Gly156Asp	-	-	-	-	-	1	6	7	nonwildtype I	81.25% I/R (n=130/160)	0 QRDR, qnrB1, 0 aac(6`)-Ib-cr	0.5 mg/L [0.5-1]	wzi101	KL24	K24	Typeable	!	98.76%	-	OL2α.1	O2α	Typeable	-	99.37%	-
NK_H8_100	Klebsiella pneumoniae	strong	6	5254514	5254514	5565508	no	-	ST26	2	1	1	1	9	1	18	0	-	-	-	-	-	-	-	-	-	-	-	-	-	0	-	-	-	-	-	-	-	-	-	-	-	-	-	-	-	-	-	0	-	-	-	-	-	-	-	0	-	-	-	-	-	-	0	-	-	-	-	-	0	-	-	-	-	-	-	-	-	-	-	-	-	-	-	-	-	-	-	-	SHV-36	SHV:p.Leu35Gln	-	-	-	-	-	0	0	0	wildtype S	90.99% S (N=5168/5680)	0^ QRDR, 0 PMQR, 0 aac(6`)-Ib-cr	0.25 mg/L [0.25-0.25]	wzi236	KL10	K10	Typeable	!	99.84%	-	OL2α.2	O1αβ,2α	Typeable	-!	99.41%	OL2α.2_06_wbbO;OL2α.2_07_kfoC
NK_H8_111	Klebsiella pneumoniae	strong	3	5205857	5205857	5437075	no	-	ST107	2	1	2	17	27	1	39	0	-	-	-	-	-	-	-	-	-	-	130*	272	-	0	-	-	-	-	-	-	-	-	-	-	-	-	-	-	-	-	-	0	-	-	-	-	-	-	-	0	-	-	-	-	-	-	0	-	-	-	-	-	0	-	-	-	-	-	-	-	-	-	-	-	-	-	-	-	-	-	-	-	SHV-1^	-	-	-	GyrA:p.Ser83Phe	-	-	0	1	0	nonwildtype R	77.67% R (N=80/103)	1 QRDR, 0 PMQR, 0 aac(6`)-Ib-cr	1 mg/L [1-2]	wzi74	KL103	unknown (KL103)	Typeable	-	98.93%	-	OL2α.1	O1αβ,2α	Typeable	-	98.55%	-
NK_H8_114	Klebsiella pneumoniae	strong	2	5193081	5193081	5379169	no	-	ST37	2	9	2	1	13	1	16	381	ybt 10; ICEKp4	3	10	4	3	29	5	94	3	10	9	10	-	0	-	-	-	-	-	-	-	-	-	-	-	-	-	-	-	-	-	0	-	-	-	-	-	-	-	0	-	-	-	-	-	-	0	-	-	-	-	-	1	-	-	strB.v1;strA.v1^;aph3-Ia.v1*	-	-	-	-	-	-	-	sul1*;sul2	tet(D)	-	dfrA14.v2*	-	-	-	-	-	SHV-11^	SHV:p.Leu35Gln	-	-	-	-	-	0	5	8	wildtype S	90.99% S (N=5168/5680)	0^ QRDR, 0 PMQR, 0 aac(6`)-Ib-cr	0.25 mg/L [0.25-0.25]	wzi50	KL15	K15	Typeable	-	99.84%	-	OL4	O4	Typeable	-	99.58%	-
NK_H8_118	Klebsiella pneumoniae	strong	4	5103307	5103307	5333469	no	-	ST17	2	1	1	1	4	4	4	0	-	-	-	-	-	-	-	-	-	-	-	-	-	0	-	-	-	-	-	-	-	-	-	-	-	-	-	-	-	-	-	0	-	-	-	-	-	-	-	0	-	-	-	-	-	-	0	-	-	-	-	-	0	-	-	-	-	-	-	-	-	-	-	-	-	-	-	-	-	-	-	-	SHV-11^	SHV:p.Leu35Gln	-	-	-	-	-	0	0	0	wildtype S	90.99% S (N=5168/5680)	0^ QRDR, 0 PMQR, 0 aac(6`)-Ib-cr	0.25 mg/L [0.25-0.25]	wzi360	KL122	unknown (KL122)	Typeable	-	99.93%	-	OL2α.2	O2β	Typeable	-	99.15%	-
NK_H8_121	Klebsiella pneumoniae	strong	6	5117799	5117799	5383784	no	-	ST20	2	3	1	1	4	4	4	0	-	-	-	-	-	-	-	-	-	-	-	-	-	0	-	-	-	-	-	-	-	-	-	-	-	-	-	-	-	-	-	0	-	-	-	-	-	-	-	0	-	-	-	-	-	-	0	-	-	-	-	-	0	-	-	-	-	-	-	-	-	-	-	-	-	-	-	-	-	-	-	-	SHV-187	-	-	-	-	-	-	0	0	0	wildtype S	90.99% S (N=5168/5680)	0^ QRDR, 0 PMQR, 0 aac(6`)-Ib-cr	0.25 mg/L [0.25-0.25]	wzi84	KL28	K28	Typeable	-	99.76%	-	OL2α.2	O1αβ,2β	Typeable	-	99.09%	-
NK_H9_001	Klebsiella pneumoniae	strong	3	5255444	5255444	5518526	no	-	ST882	2	1	1	37	1	27	19	87	ybt 10; ICEKp4	3	12	4	3	3	100	101	3	30	9	2	-	0	-	-	-	-	-	-	-	-	-	-	-	-	-	-	-	-	-	0	-	-	-	-	-	-	-	0	-	-	-	-	-	-	0	-	-	-	-	-	1	-	-	-	-	-	-	-	-	-	-	sul1;sul2	tet(D)	-	dfrA5^	-	-	-	-	-	SHV-101*	-	-	-	-	-	-	0	4	5	wildtype S	90.99% S (N=5168/5680)	0^ QRDR, 0 PMQR, 0 aac(6`)-Ib-cr	0.25 mg/L [0.25-0.25]	wzi249	KL16	K16	Typeable	-	99.69%	-	OL2α.1	O1αβ,2α	Typeable	-	98.90%	-
NK_H9_003	Klebsiella pneumoniae	strong	2	5168120	5168120	5326534	no	-	ST4262	2	1	2	80	4	4	271	0	-	-	-	-	-	-	-	-	-	-	-	-	-	0	-	-	-	-	-	-	-	-	-	-	-	-	-	-	-	-	-	0	-	-	-	-	-	-	-	0	-	-	-	-	-	-	0	-	-	-	-	-	0	-	-	strB.v1;strA.v1*;aadA2^	-	-	-	-	-	-	-	sul1	-	-	dfrA12	-	-	-	-	-	SHV-27*	SHV:p.Gly156Asp	-	-	-	-	-	0	3	5	wildtype S	90.99% S (N=5168/5680)	0^ QRDR, 0 PMQR, 0 aac(6`)-Ib-cr	0.25 mg/L [0.25-0.25]	wzi99	KL128	unknown (KL128)	Typeable	-	99.97%	-	OL3γ	O3γ	Typeable	-	99.62%	-
NK_H9_006	Klebsiella pneumoniae	strong	3	5266415	5266415	5483599	no	-	ST25	2	1	1	1	10	4	13	0	-	-	-	-	-	-	-	-	-	-	-	-	-	0	-	-	-	-	-	-	-	-	-	-	-	-	-	-	-	-	-	1	iuc 1	1	1	1	1	1	-	1	iro 1	1	1	1	1	-	26	rmp 1; KpVP-1	2	2	2	-	3	-	rmpA2_8-60%	-	-	-	-	-	-	-	-	-	-	-	-	-	-	-	-	-	SHV-11^	SHV:p.Leu35Gln	-	-	-	-	-	0	0	0	wildtype S	90.99% S (N=5168/5680)	0^ QRDR, 0 PMQR, 0 aac(6`)-Ib-cr	0.25 mg/L [0.25-0.25]	wzi72	KL2	K2	Typeable	-	99.52%	-	OL2α.2	O1αβ,2β	Typeable	-	99.51%	-
T7-007	Klebsiella pneumoniae	strong	8	5322703	5322703	5686073	no	-	ST26	2	1	1	1	9	1	18	0	-	-	-	-	-	-	-	-	-	-	-	-	-	0	-	-	-	-	-	-	-	-	-	-	-	-	-	-	-	-	-	0	-	-	-	-	-	-	-	0	-	-	-	-	-	-	0	-	-	-	-	-	0	-	-	-	-	-	-	-	-	-	-	-	-	-	-	-	-	-	-	-	SHV-36	SHV:p.Leu35Gln	-	-	-	-	-	0	0	0	wildtype S	90.99% S (N=5168/5680)	0^ QRDR, 0 PMQR, 0 aac(6`)-Ib-cr	0.25 mg/L [0.25-0.25]	wzi236	KL10	K10	Typeable	-	99.86%	-	OL2α.2	O1αβ,2β	Typeable	-	99.47%	-
T7-010	Klebsiella pneumoniae	strong	3	5291837	5291837	5555522	no	-	ST3041	2	1	1	1	9	1	89	0	-	-	-	-	-	-	-	-	-	-	-	-	-	0	-	-	-	-	-	-	-	-	-	-	-	-	-	-	-	-	-	0	-	-	-	-	-	-	-	0	-	-	-	-	-	-	0	-	-	-	-	-	0	-	-	-	-	-	-	-	-	-	-	-	-	-	-	-	-	-	-	-	SHV-14^	-	-	-	-	-	-	0	0	0	wildtype S	90.99% S (N=5168/5680)	0^ QRDR, 0 PMQR, 0 aac(6`)-Ib-cr	0.25 mg/L [0.25-0.25]	wzi273	KL30	K30	Typeable	!	97.32%	-	OL2α.2	O1αβ,2β	Typeable	-	99.49%	-
T7-011	Klebsiella pneumoniae	strong	2	5236094	5236094	5398546	no	-	ST1862	2	1	167	1	1	1	4	0	-	-	-	-	-	-	-	-	-	-	-	-	-	0	-	-	-	-	-	-	-	-	-	-	-	-	-	-	-	-	-	0	-	-	-	-	-	-	-	0	-	-	-	-	-	-	0	-	-	-	-	-	0	-	-	-	-	-	-	-	-	-	-	-	-	-	-	-	-	-	-	-	SHV-1^	-	-	-	-	-	-	0	0	0	wildtype S	90.99% S (N=5168/5680)	0^ QRDR, 0 PMQR, 0 aac(6`)-Ib-cr	0.25 mg/L [0.25-0.25]	wzi56	KL55	K55	Typeable	!	98.83%	-	OL5	O5	Typeable	-	98.27%	-
T7-012	Klebsiella pneumoniae	strong	5	5232209	5232209	5374839	no	-	ST20	2	3	1	1	4	4	4	0	-	-	-	-	-	-	-	-	-	-	-	-	-	0	-	-	-	-	-	-	-	-	-	-	-	-	-	-	-	-	-	0	-	-	-	-	-	-	-	0	-	-	-	-	-	-	0	-	-	-	-	-	0	-	-	-	-	-	-	-	-	-	-	-	-	-	-	-	-	-	-	-	SHV-187	-	-	-	-	-	-	0	0	0	wildtype S	90.99% S (N=5168/5680)	0^ QRDR, 0 PMQR, 0 aac(6`)-Ib-cr	0.25 mg/L [0.25-0.25]	wzi84	KL28	K28	Typeable	-	99.79%	-	OL2α.2	O1αβ,2β	Typeable	-	99.09%	-
T7-013	Klebsiella pneumoniae	strong	3	5334972	5334972	5483677	no	-	ST45	2	1	1	6	7	1	12	78	ybt 10; ICEKp4	3	12	4	11	3	21	18	3	10	16	2	-	0	-	-	-	-	-	-	-	-	-	-	-	-	-	-	-	-	-	0	-	-	-	-	-	-	-	0	-	-	-	-	-	-	0	-	-	-	-	-	1	-	-	-	-	-	-	-	-	-	-	-	tet(D)	-	-	-	-	-	-	-	SHV-1;SHV-1^	-	-	-	-	-	-	0	1	1	wildtype S	90.99% S (N=5168/5680)	0^ QRDR, 0 PMQR, 0 aac(6`)-Ib-cr	0.25 mg/L [0.25-0.25]	wzi101	KL24	K24	Typeable	-	99.52%	-	OL2α.1	O2α	Typeable	-	99.37%	-
T7-019	Klebsiella pneumoniae	strong	6	5304930	5304930	5619792	no	-	ST26	2	1	1	1	9	1	18	0	-	-	-	-	-	-	-	-	-	-	-	-	-	0	-	-	-	-	-	-	-	-	-	-	-	-	-	-	-	-	-	0	-	-	-	-	-	-	-	0	-	-	-	-	-	-	0	-	-	-	-	-	0	-	-	-	-	-	-	-	-	-	-	-	-	-	-	-	-	-	-	-	SHV-36	SHV:p.Leu35Gln	-	-	-	-	-	0	0	0	wildtype S	90.99% S (N=5168/5680)	0^ QRDR, 0 PMQR, 0 aac(6`)-Ib-cr	0.25 mg/L [0.25-0.25]	wzi236	KL10	K10	Typeable	-	99.86%	-	OL2α.2	O1αβ,2β	Typeable	-	99.47%	-
T7-020	Klebsiella pneumoniae	strong	4	5155737	5155737	5497911	no	-	ST17	2	1	1	1	4	4	4	0	-	-	-	-	-	-	-	-	-	-	-	-	-	0	-	-	-	-	-	-	-	-	-	-	-	-	-	-	-	-	-	0	-	-	-	-	-	-	-	0	-	-	-	-	-	-	0	-	-	-	-	-	0	-	-	-	-	-	-	-	-	-	-	-	-	-	-	-	-	-	-	-	SHV-11^	SHV:p.Leu35Gln	-	-	-	-	-	0	0	0	wildtype S	90.99% S (N=5168/5680)	0^ QRDR, 0 PMQR, 0 aac(6`)-Ib-cr	0.25 mg/L [0.25-0.25]	wzi82	KL38	K38	Typeable	-	99.60%	-	OL2α.2	O2β	Typeable	-	99.12%	-
T7-032	Klebsiella variicola subsp. variicola	strong	2	5726353	5726353	5731162	no	-	ST790	28	18	21	40	38	22	67	370	ybt 0; ICEKp?	44	141	179	77	1	429	525	127	38	63	2	-	0	-	-	-	-	-	-	-	-	-	-	-	-	-	-	-	-	-	0	-	-	-	-	-	-	-	0	-	-	-	-	-	-	0	-	-	-	-	-	1	-	-	-	-	-	-	-	-	-	-	-	-	-	-	-	-	-	-	-	LEN-13	-	OmpK36:p.Ala183fs	-	-	-	-	0	0	0	wildtype S	90.99% S (N=5168/5680)	0^ QRDR, 0 PMQR, 0 aac(6`)-Ib-cr	0.25 mg/L [0.25-0.25]	wzi541	KL23	K23	Typeable	-	93.78%	KL23_09_wckU	OL3α/β	O3αβ	Typeable	-	99.87%	-
T7-034	Klebsiella pneumoniae	strong	8	5239792	5239792	5822763	no	-	ST4255	2	1	2	1	9	1	12	0	-	-	-	-	-	-	-	-	-	-	-	-	-	0	-	-	-	-	-	-	-	-	-	-	-	-	-	-	-	-	-	0	-	-	-	-	-	-	-	0	-	-	-	-	-	-	0	-	-	-	-	-	0	-	-	-	-	-	-	-	-	-	-	-	-	-	-	-	-	-	-	-	SHV-11^	SHV:p.Leu35Gln	-	-	-	-	-	0	0	0	wildtype S	90.99% S (N=5168/5680)	0^ QRDR, 0 PMQR, 0 aac(6`)-Ib-cr	0.25 mg/L [0.25-0.25]	wzi162	KL140	unknown (KL140)	Typeable	-	99.84%	-	OL3γ	O3γ	Typeable	-	99.46%	-
T7-036	Klebsiella pneumoniae	strong	1	5217570	5217570	5217570	no	-	ST1958	71	1	1	2	16	4	40	0	-	-	-	-	-	-	-	-	-	-	-	-	-	0	-	-	-	-	-	-	-	-	-	-	-	-	-	-	-	-	-	0	-	-	-	-	-	-	-	0	-	-	-	-	-	-	0	-	-	-	-	-	0	-	-	-	-	-	-	-	-	-	-	-	-	-	-	-	-	-	-	-	SHV-27	SHV:p.Gly156Asp	-	-	-	-	-	0	0	0	wildtype S	90.99% S (N=5168/5680)	0^ QRDR, 0 PMQR, 0 aac(6`)-Ib-cr	0.25 mg/L [0.25-0.25]	wzi89	KL110	unknown (KL110)	Typeable	-	99.69%	-	OL2α.1	O2α	Typeable	-	99.16%	-
T7-050	Klebsiella variicola subsp. variicola	strong	1	5443536	5443536	5443536	no	-	ST3948	16	24	30	270	90	22	45	0	-	-	-	-	-	-	-	-	-	-	-	-	-	0	-	-	-	-	-	-	-	-	-	-	-	-	-	-	-	-	-	0	-	-	-	-	-	-	-	0	-	-	-	-	-	-	0	-	-	-	-	-	0	-	-	-	-	-	-	-	-	-	-	-	-	-	-	-	-	-	-	-	LEN-22	-	-	-	-	-	-	0	0	0	wildtype S	90.99% S (N=5168/5680)	0^ QRDR, 0 PMQR, 0 aac(6`)-Ib-cr	0.25 mg/L [0.25-0.25]	wzi289	KL47	K47	Typeable	-	98.62%	-	OL3α/β	O3αβ	Typeable	-	99.82%	-
T7-051	Klebsiella pneumoniae	strong	2	5356756	5356756	5507868	no	-	ST1799	2	1	1	1	3	1	34	0	-	-	-	-	-	-	-	-	-	-	-	-	-	0	-	-	-	-	-	-	-	-	-	-	-	-	-	-	-	-	-	0	-	-	-	-	-	-	-	0	-	-	-	-	-	-	0	-	-	-	-	-	0	-	-	-	-	-	-	-	-	-	-	-	-	-	-	-	-	-	-	-	SHV-28^	-	-	-	-	-	-	0	0	0	wildtype S	90.99% S (N=5168/5680)	0^ QRDR, 0 PMQR, 0 aac(6`)-Ib-cr	0.25 mg/L [0.25-0.25]	-	KL16	K16	Typeable	-	99.75%	-	OL2α.1	O1αβ,2α	Typeable	-	98.81%	-
T7-072	Klebsiella quasipneumoniae subsp. quasipneumoniae	strong	1	5228191	5228191	5228191	no	-	ST4618	17	19	69	39	100	63	162	0	-	-	-	-	-	-	-	-	-	-	-	-	-	0	-	-	-	-	-	-	-	-	-	-	-	-	-	-	-	-	-	0	-	-	-	-	-	-	-	0	-	-	-	-	-	-	0	-	-	-	-	-	0	-	-	-	-	fosA7*	-	-	-	-	-	-	-	-	-	-	-	-	-	-	OKP-A-1*	-	OmpK36:p.Ala183fs	-	-	-	-	0	1	1	wildtype S	90.99% S (N=5168/5680)	0^ QRDR, 0 PMQR, 0 aac(6`)-Ib-cr	0.25 mg/L [0.25-0.25]	-	KL6	K6	Typeable	-	97.73%	-	OL5	O5	Typeable	-	98.54%	-
T7-078	Klebsiella pneumoniae	strong	3	5388008	5388008	5562982	no	-	ST2039	2	3	2	4	9	4	13	374	ybt 12; ICEKp10	19	1	1	1	1	58	42	1	1	21	13	-	67	clb 1	1	15	6	1	1	3	5	6	3	1	1	24	5	1	1	-	2	iuc 2	2	6	13	6	46	-	37	iro 2	4	25	5	30	-	4	rmp 2; KpVP-2	50	6	5	-	5	-	-	-	-	-	-	-	-	-	-	-	-	-	-	-	-	-	-	-	SHV-11^	SHV:p.Leu35Gln	-	-	-	-	-	0	0	0	wildtype S	90.99% S (N=5168/5680)	0^ QRDR, 0 PMQR, 0 aac(6`)-Ib-cr	0.25 mg/L [0.25-0.25]	-	KL2	K2	Typeable	!	99.28%	-	OL2α.1	O1αβ,2α	Typeable	-	99.21%	-
T7-085	Klebsiella pneumoniae	strong	10	5185382	5185382	5648365	no	-	ST34	2	3	6	1	9	7	4	0	-	-	-	-	-	-	-	-	-	-	-	-	-	0	-	-	-	-	-	-	-	-	-	-	-	-	-	-	-	-	-	0	-	-	-	-	-	-	-	0	-	-	-	-	-	-	0	-	-	-	-	-	0	-	-	-	-	-	-	-	-	-	-	-	-	-	-	-	-	-	-	-	SHV-26	-	-	-	-	-	-	0	0	0	wildtype S	90.99% S (N=5168/5680)	0^ QRDR, 0 PMQR, 0 aac(6`)-Ib-cr	0.25 mg/L [0.25-0.25]	wzi162	KL122	unknown (KL122)	Typeable	-	99.91%	-	OL2α.2	O2β	Typeable	-	99.22%	-
T7-089	Klebsiella quasipneumoniae subsp. quasipneumoniae	strong	1	5383960	5383960	5383960	no	-	ST4611	17	19	175	160	374	21	148	0	-	-	-	-	-	-	-	-	-	-	-	-	-	0	-	-	-	-	-	-	-	-	-	-	-	-	-	-	-	-	-	0	-	-	-	-	-	-	-	0	-	-	-	-	-	-	0	-	-	-	-	-	0	-	-	-	-	-	-	-	-	-	-	-	-	-	-	-	-	-	-	-	OKP-A-3*	-	-	-	-	-	fosA7*?-0%	0	0	0	wildtype S	90.99% S (N=5168/5680)	0^ QRDR, 0 PMQR, 0 aac(6`)-Ib-cr	0.25 mg/L [0.25-0.25]	-	KL6	K6	Typeable	-	97.81%	-	OL3α/β	O3αβ	Typeable	-	98.92%	-
T7-096	Klebsiella pneumoniae	strong	4	5359616	5359616	6032684	no	-	ST2791	3	4	1	1	1	5	91	0	-	-	-	-	-	-	-	-	-	-	-	-	-	0	-	-	-	-	-	-	-	-	-	-	-	-	-	-	-	-	-	0	-	-	-	-	-	-	-	0	-	-	-	-	-	-	0	-	-	-	-	-	0	-	-	-	-	-	-	-	-	-	-	-	-	-	-	-	-	-	-	-	SHV-11^	SHV:p.Leu35Gln	-	-	-	-	-	0	0	0	wildtype S	90.99% S (N=5168/5680)	0^ QRDR, 0 PMQR, 0 aac(6`)-Ib-cr	0.25 mg/L [0.25-0.25]	wzi22	KL48	K48	Typeable	-	97.63%	-	OL2α.1	O1αβ,2α	Typeable	-	98.69%	-
T7-097	Klebsiella pneumoniae	strong	4	5438195	5438195	5791976	no	-	ST461	3	1	13	34	63	1	64	0	-	-	-	-	-	-	-	-	-	-	-	-	-	0	-	-	-	-	-	-	-	-	-	-	-	-	-	-	-	-	-	0	-	-	-	-	-	-	-	0	-	-	-	-	-	-	0	-	-	-	-	-	0	-	-	-	-	-	-	-	-	-	-	-	-	-	-	-	-	-	-	-	SHV-1^	-	-	-	-	-	-	0	0	0	wildtype S	90.99% S (N=5168/5680)	0^ QRDR, 0 PMQR, 0 aac(6`)-Ib-cr	0.25 mg/L [0.25-0.25]	wzi236	KL10	K10	Typeable	-	99.81%	-	OL2α.2	O1αβ,2β	Typeable	-	99.15%	-
T7-103	Klebsiella pneumoniae	strong	3	5176620	5176620	5375843	no	-	ST584	4	1	2	1	1	7	4	0	-	-	-	-	-	-	-	-	-	-	-	-	-	0	-	-	-	-	-	-	-	-	-	-	-	-	-	-	-	-	-	0	-	-	-	-	-	-	-	0	-	-	-	-	-	-	0	-	-	-	-	-	0	-	-	-	-	-	-	-	-	-	-	-	-	-	-	-	-	-	-	-	SHV-168^	SHV:p.Ala146Val	-	-	-	-	-	0	0	0	wildtype S	90.99% S (N=5168/5680)	0^ QRDR, 0 PMQR, 0 aac(6`)-Ib-cr	0.25 mg/L [0.25-0.25]	wzi96	KL38	K38	Typeable	-	99.92%	-	OL3γ	O3γ	Typeable	-	99.62%	-
T7-105	Klebsiella variicola subsp. variicola	strong	3	5690893	5690893	5812522	no	-	ST3195	16	18	21	27	47	22	146	0	-	-	-	-	-	-	-	-	-	-	-	-	-	0	-	-	-	-	-	-	-	-	-	-	-	-	-	-	-	-	-	0	-	-	-	-	-	-	-	0	-	-	-	-	-	-	0	-	-	-	-	-	0	-	-	-	-	-	-	-	-	-	-	-	-	-	-	-	-	-	-	-	LEN-9^	-	OmpK36:p.Ala183fs	-	-	-	-	0	0	0	wildtype S	90.99% S (N=5168/5680)	0^ QRDR, 0 PMQR, 0 aac(6`)-Ib-cr	0.25 mg/L [0.25-0.25]	-	KL34	K34	Typeable	-	97.74%	-	OL3α/β	O3αβ	Typeable	-	99.82%	-
T7-115	Klebsiella pneumoniae	strong	6	5292372	5292372	5583812	no	-	ST20	2	3	1	1	4	4	4	0	-	-	-	-	-	-	-	-	-	-	-	-	-	0	-	-	-	-	-	-	-	-	-	-	-	-	-	-	-	-	-	0	-	-	-	-	-	-	-	0	-	-	-	-	-	-	0	-	-	-	-	-	0	-	-	-	-	-	-	-	-	-	-	-	-	-	-	-	-	-	-	-	SHV-187	-	-	-	-	-	-	0	1	1	wildtype S	90.99% S (N=5168/5680)	0^ QRDR, 0 PMQR, 0 aac(6`)-Ib-cr	0.25 mg/L [0.25-0.25]	wzi84	KL28	K28	Typeable	-	99.77%	-	OL2α.2	O1αβ,2β	Typeable	-	99.11%	-
T7-125	Klebsiella pneumoniae	strong	3	5334359	5334359	5563887	no	-	ST1613	2	3	2	1	9	1	269	0	-	-	-	-	-	-	-	-	-	-	-	-	-	0	-	-	-	-	-	-	-	-	-	-	-	-	-	-	-	-	-	0	-	-	-	-	-	-	-	0	-	-	-	-	-	-	0	-	-	-	-	-	0	-	-	-	-	-	-	-	-	-	-	-	-	-	-	-	-	-	-	-	SHV-38	SHV:p.Ala146Val	-	-	-	-	-	0	0	0	wildtype S	90.99% S (N=5168/5680)	0^ QRDR, 0 PMQR, 0 aac(6`)-Ib-cr	0.25 mg/L [0.25-0.25]	wzi240	KL12	K12	Typeable	-	99.97%	-	OL10	O10	Typeable	-	97.70%	-
T7-129	Klebsiella pneumoniae	strong	2	5279114	5279114	5337553	no	-	ST867	2	1	99	6	1	1	129	0	-	-	-	-	-	-	-	-	-	-	-	-	-	0	-	-	-	-	-	-	-	-	-	-	-	-	-	-	-	-	-	0	-	-	-	-	-	-	-	0	-	-	-	-	-	-	0	-	-	-	-	-	0	-	-	-	-	-	-	-	-	-	-	-	-	-	-	-	-	-	-	-	SHV-144^	SHV:p.Leu35Gln;SHV:p.Ala146Val	-	-	-	-	-	0	0	0	wildtype S	90.99% S (N=5168/5680)	0^ QRDR, 0 PMQR, 0 aac(6`)-Ib-cr	0.25 mg/L [0.25-0.25]	wzi404	KL183	unknown (KL183)	Typeable	-	98.42%	-	OL13	O13	Typeable	!	96.16%	-
T7-133	Klebsiella variicola subsp. variicola	strong	6	5448252	5448252	5726928	no	-	ST681	16	24	60	33	83	40	67	0	-	-	-	-	-	-	-	-	-	-	-	-	-	0	-	-	-	-	-	-	-	-	-	-	-	-	-	-	-	-	-	0	-	-	-	-	-	-	-	0	-	-	-	-	-	-	0	-	-	-	-	-	0	-	-	-	-	-	-	-	-	-	-	-	-	-	-	-	-	-	-	-	LEN-2^	-	OmpK36:p.Ala183fs	-	-	-	-	0	0	0	wildtype S	90.99% S (N=5168/5680)	0^ QRDR, 0 PMQR, 0 aac(6`)-Ib-cr	0.25 mg/L [0.25-0.25]	wzi69	KL143	unknown (KL143)	Typeable	+!	97.23%	-	OL5	O5	Typeable	-	99.86%	-
T7-141	Klebsiella pneumoniae	strong	5	5190667	5190667	5633140	no	-	ST37	2	9	2	1	13	1	16	0	-	-	-	-	-	-	-	-	-	-	-	-	-	0	-	-	-	-	-	-	-	-	-	-	-	-	-	-	-	-	-	0	-	-	-	-	-	-	-	0	-	-	-	-	-	-	0	-	-	-	-	-	0	-	-	-	-	-	-	-	-	-	-	-	-	-	-	-	-	-	-	-	SHV-11^	SHV:p.Leu35Gln	-	-	-	-	-	0	0	0	wildtype S	90.99% S (N=5168/5680)	0^ QRDR, 0 PMQR, 0 aac(6`)-Ib-cr	0.25 mg/L [0.25-0.25]	wzi50	KL15	K15	Typeable	-	99.84%	-	OL4	O4	Typeable	-	99.55%	-
T7-146	Klebsiella pneumoniae	strong	2	5355033	5355033	5409607	no	-	ST1832	4	1	1	1	101	1	18	0	-	-	-	-	-	-	-	-	-	-	-	-	-	0	-	-	-	-	-	-	-	-	-	-	-	-	-	-	-	-	-	0	-	-	-	-	-	-	-	0	-	-	-	-	-	-	0	-	-	-	-	-	0	-	-	-	-	-	-	-	-	-	-	-	-	-	-	-	-	-	-	-	SHV-11^	SHV:p.Leu35Gln	-	-	-	-	-	0	0	0	wildtype S	90.99% S (N=5168/5680)	0^ QRDR, 0 PMQR, 0 aac(6`)-Ib-cr	0.25 mg/L [0.25-0.25]	wzi150	KL46	K46	Typeable	-	99.73%	-	OL3γ	O3γ	Typeable	-	99.73%	-
T7-153	Klebsiella pneumoniae	strong	2	5416429	5416429	5647985	no	-	ST4652	3	1	13	34	63	1	6	0	-	-	-	-	-	-	-	-	-	-	-	-	-	0	-	-	-	-	-	-	-	-	-	-	-	-	-	-	-	-	-	0	-	-	-	-	-	-	-	0	-	-	-	-	-	-	0	-	-	-	-	-	0	-	-	-	-	-	-	-	-	-	-	-	-	-	-	-	-	-	-	-	SHV-1^	-	-	-	-	-	-	0	0	0	wildtype S	90.99% S (N=5168/5680)	0^ QRDR, 0 PMQR, 0 aac(6`)-Ib-cr	0.25 mg/L [0.25-0.25]	wzi25	KL25	K25	Typeable	!	99.82%	-	OL2α.2	O1αβ,2β	Typeable	-	99.36%	-
T7-158	Klebsiella pneumoniae	strong	2	5317060	5317060	5494417	no	-	ST4640	2	1	5	1	48	1	2	0	-	-	-	-	-	-	-	-	-	-	-	-	-	0	-	-	-	-	-	-	-	-	-	-	-	-	-	-	-	-	-	0	-	-	-	-	-	-	-	0	-	-	-	-	-	-	0	-	-	-	-	-	0	-	-	-	-	-	-	-	-	-	-	-	-	-	-	-	-	-	-	-	SHV-80	SHV:p.Leu35Gln;SHV:p.Ala146Thr	-	-	-	-	-	0	0	0	wildtype S	90.99% S (N=5168/5680)	0^ QRDR, 0 PMQR, 0 aac(6`)-Ib-cr	0.25 mg/L [0.25-0.25]	wzi555	KL34	K34	Typeable	-	99.17%	-	OL2α.1	O1αβ,2α	Typeable	-	99.30%	-
T7-160	Klebsiella variicola subsp. variicola	strong	3	5524076	5524076	5970890	no	-	ST2386	16	24	21	49	76	134	67	0	-	-	-	-	-	-	-	-	-	-	-	-	-	0	-	-	-	-	-	-	-	-	-	-	-	-	-	-	-	-	-	0	-	-	-	-	-	-	-	0	-	-	-	-	-	-	0	-	-	-	-	-	0	-	-	-	-	-	-	-	-	-	-	-	-	-	-	-	-	-	-	-	LEN-2^	-	OmpK36:p.Ala183fs	-	-	-	-	0	0	0	wildtype S	90.99% S (N=5168/5680)	0^ QRDR, 0 PMQR, 0 aac(6`)-Ib-cr	0.25 mg/L [0.25-0.25]	wzi379	KL43	K43	Typeable	-	99.30%	-	OL3α/β	O3αβ	Typeable	-	99.85%	-
T7-165	Klebsiella variicola subsp. variicola	strong	8	5550253	5550253	6011506	no	-	ST250	16	18	45	44	55	22	67	0	-	-	-	-	-	-	-	-	-	-	-	-	-	0	-	-	-	-	-	-	-	-	-	-	-	-	-	-	-	-	-	0	-	-	-	-	-	-	-	0	-	-	-	-	-	-	0	-	-	-	-	-	0	-	-	-	-	-	-	-	-	-	-	-	-	-	-	-	-	-	-	-	LEN-16^	-	OmpK36:p.Ala183fs	-	-	-	-	0	0	0	wildtype S	90.99% S (N=5168/5680)	0^ QRDR, 0 PMQR, 0 aac(6`)-Ib-cr	0.25 mg/L [0.25-0.25]	wzi201	KL60	K60	Typeable	-	99.65%	-	OL5	O5	Typeable	-	99.79%	-
T7-179	Klebsiella variicola subsp. variicola	strong	4	5611532	5611532	5729948	no	-	ST3195	16	18	21	27	47	22	146	0	-	-	-	-	-	-	-	-	-	-	-	-	-	0	-	-	-	-	-	-	-	-	-	-	-	-	-	-	-	-	-	0	-	-	-	-	-	-	-	0	-	-	-	-	-	-	0	-	-	-	-	-	0	-	-	-	-	-	-	-	-	-	-	-	-	-	-	-	-	-	-	-	LEN-9^	-	OmpK36:p.Ala183fs	-	-	-	-	0	0	0	wildtype S	90.99% S (N=5168/5680)	0^ QRDR, 0 PMQR, 0 aac(6`)-Ib-cr	0.25 mg/L [0.25-0.25]	wzi532	KL9	K9	Typeable	-	98.95%	-	OL3α/β	O3αβ	Typeable	-	99.90%	-
T7-180	Klebsiella pneumoniae	strong	3	5236348	5236348	5428614	no	-	ST152	2	3	2	1	1	4	56	0	-	-	-	-	-	-	-	-	-	-	-	-	-	0	-	-	-	-	-	-	-	-	-	-	-	-	-	-	-	-	-	0	-	-	-	-	-	-	-	0	-	-	-	-	-	-	0	-	-	-	-	-	0	-	-	-	-	-	-	-	-	-	-	-	-	-	-	-	-	-	-	-	SHV-1^	-	-	-	-	-	-	0	0	0	wildtype S	90.99% S (N=5168/5680)	0^ QRDR, 0 PMQR, 0 aac(6`)-Ib-cr	0.25 mg/L [0.25-0.25]	wzi150	KL46	K46	Typeable	-	99.72%	-	OL3γ	O3γ	Typeable	-	99.75%	-
T7-181	Klebsiella pneumoniae	strong	3	5260822	5260822	5269589	no	-	ST1189	3	5	95	1	16	1	12	0	-	-	-	-	-	-	-	-	-	-	-	-	-	0	-	-	-	-	-	-	-	-	-	-	-	-	-	-	-	-	-	0	-	-	-	-	-	-	-	0	-	-	-	-	-	-	0	-	-	-	-	-	0	-	-	-	-	-	-	-	-	-	-	-	-	-	-	-	-	-	-	-	SHV-11^	SHV:p.Leu35Gln	-	-	-	-	-	0	0	0	wildtype S	90.99% S (N=5168/5680)	0^ QRDR, 0 PMQR, 0 aac(6`)-Ib-cr	0.25 mg/L [0.25-0.25]	wzi84	KL28	K28	Typeable	-	99.81%	-	OL2α.1	O2α	Typeable	-	99.41%	-
T7-185	Klebsiella pneumoniae	strong	4	5230471	5230471	5511500	no	-	ST4649	251	1	5	2	7	4	4	0	-	-	-	-	-	-	-	-	-	-	-	-	-	0	-	-	-	-	-	-	-	-	-	-	-	-	-	-	-	-	-	0	-	-	-	-	-	-	-	0	-	-	-	-	-	-	0	-	-	-	-	-	0	-	-	strB.v1	-	-	-	-	-	-	-	sul2	tet(A).v1	-	dfrA14.v2	-	-	-	-	-	SHV-26	-	-	-	-	-	strA.v1*?-66%	0	5	5	wildtype S	90.99% S (N=5168/5680)	0^ QRDR, 0 PMQR, 0 aac(6`)-Ib-cr	0.25 mg/L [0.25-0.25]	wzi386	KL169	unknown (KL169)	Typeable	+!	99.96%	-	OL15	unknown (OL15)	Typeable	!	99.93%	-
T7-189	Klebsiella pneumoniae	strong	7	5242831	5242831	5646729	no	-	ST4379	2	1	1	1	17	1	12	0	-	-	-	-	-	-	-	-	-	-	-	-	-	0	-	-	-	-	-	-	-	-	-	-	-	-	-	-	-	-	-	0	-	-	-	-	-	-	-	0	-	-	-	-	-	-	0	-	-	-	-	-	0	-	-	-	-	-	-	-	-	-	-	-	-	-	-	-	-	-	-	-	SHV-36	SHV:p.Leu35Gln	-	-	-	-	-	0	0	0	wildtype S	90.99% S (N=5168/5680)	0^ QRDR, 0 PMQR, 0 aac(6`)-Ib-cr	0.25 mg/L [0.25-0.25]	-	KL136	unknown (KL136)	Untypeable	-!	99.91%	KL136_09_manC;KL136_03_wzi;KL136_05_wzb;KL136_04_wza;KL136_08_wcuO;KL136_07_wzy;KL136_10_manB;KL136_06_wzc;KL136_12_wcaJ;KL136_11_wbaZ	OL2α.2	O1αβ,2β	Typeable	-	99.15%	-
T7-200	Klebsiella pneumoniae	strong	4	5163297	5163297	5428008	no	-	ST253	2	1	1	1	9	1	13	0	-	-	-	-	-	-	-	-	-	-	-	-	-	0	-	-	-	-	-	-	-	-	-	-	-	-	-	-	-	-	-	0	-	-	-	-	-	-	-	0	-	-	-	-	-	-	0	-	-	-	-	-	0	-	-	-	-	-	-	-	-	-	-	-	-	-	-	-	-	-	-	-	SHV-36	SHV:p.Leu35Gln	-	-	-	-	-	0	0	0	wildtype S	90.99% S (N=5168/5680)	0^ QRDR, 0 PMQR, 0 aac(6`)-Ib-cr	0.25 mg/L [0.25-0.25]	wzi50	KL15	K15	Typeable	-	99.86%	-	OL4	O4	Typeable	-	99.45%	-
T7-209	Klebsiella pneumoniae	strong	4	5389953	5389953	5709199	no	-	ST4248	2	1	2	1	1	124	4	0	-	-	-	-	-	-	-	-	-	-	-	-	-	0	-	-	-	-	-	-	-	-	-	-	-	-	-	-	-	-	-	25	iuc 3	9	7	12	8	17	-	0	-	-	-	-	-	-	0	-	-	-	-	-	3	-	-	-	-	-	-	-	-	-	-	-	-	-	-	-	-	-	-	-	SHV-133*	-	-	-	-	-	-	0	0	0	wildtype S	90.99% S (N=5168/5680)	0^ QRDR, 0 PMQR, 0 aac(6`)-Ib-cr	0.25 mg/L [0.25-0.25]	wzi280	KL35	K35	Typeable	-	99.75%	-	OL5	O5	Typeable	-	98.24%	-
T7-211	Klebsiella pneumoniae	strong	3	5175156	5175156	5336256	no	-	ST29	2	3	2	2	6	4	4	0	-	-	-	-	-	-	-	-	-	-	-	-	-	0	-	-	-	-	-	-	-	-	-	-	-	-	-	-	-	-	-	0	-	-	-	-	-	-	-	0	-	-	-	-	-	-	0	-	-	-	-	-	0	-	-	-	-	-	-	-	-	-	-	-	-	-	-	-	-	-	-	-	SHV-187	-	-	-	-	-	-	0	0	0	wildtype S	90.99% S (N=5168/5680)	0^ QRDR, 0 PMQR, 0 aac(6`)-Ib-cr	0.25 mg/L [0.25-0.25]	wzi115	KL54	K54	Typeable	-	99.95%	-	OL2α.2	O1αβ,2β	Typeable	-	99.39%	-
T7-213	Klebsiella pneumoniae	strong	2	5159285	5159285	5213975	no	-	ST1432	2	1	1	18	1	4	235	0	-	-	-	-	-	-	-	-	-	-	-	-	-	0	-	-	-	-	-	-	-	-	-	-	-	-	-	-	-	-	-	0	-	-	-	-	-	-	-	0	-	-	-	-	-	-	0	-	-	-	-	-	0	-	-	-	-	-	-	-	-	-	-	-	-	-	-	-	-	-	-	-	SHV-211	-	-	-	-	-	-	0	0	0	wildtype S	90.99% S (N=5168/5680)	0^ QRDR, 0 PMQR, 0 aac(6`)-Ib-cr	0.25 mg/L [0.25-0.25]	wzi181	KL133	unknown (KL133)	Typeable	-	99.80%	-	OL2α.1	O2α	Typeable	-	98.92%	-
T7-220	Klebsiella variicola subsp. variicola	strong	3	5572945	5572945	5871813	no	-	ST357	16	24	21	27	54	22	45	0	-	-	-	-	-	-	-	-	-	-	-	-	-	0	-	-	-	-	-	-	-	-	-	-	-	-	-	-	-	-	-	0	-	-	-	-	-	-	-	0	-	-	-	-	-	-	0	-	-	-	-	-	0	-	-	-	-	-	-	-	-	-	-	-	-	-	-	-	-	-	-	-	LEN-8	-	OmpK36:p.Ala183fs	-	-	-	-	0	0	0	wildtype S	90.99% S (N=5168/5680)	0^ QRDR, 0 PMQR, 0 aac(6`)-Ib-cr	0.25 mg/L [0.25-0.25]	wzi369	KL107	unknown (KL107)	Typeable	-	98.87%	-	OL3α/β	O3αβ	Typeable	-	99.81%	-
T7-225	Klebsiella pneumoniae	strong	3	5360246	5360246	5624369	no	-	ST4253	2	1	2	1	7	1	611	357	ybt 14; ICEKp12	4	4	5	163	1	433	532	2	4	4	2	-	0	-	-	-	-	-	-	-	-	-	-	-	-	-	-	-	-	-	0	-	-	-	-	-	-	-	0	-	-	-	-	-	-	0	-	-	-	-	-	1	-	-	-	-	-	-	-	-	-	-	-	-	-	-	-	-	-	-	-	SHV-40^	SHV:p.Leu35Gln	-	-	-	-	-	0	0	0	wildtype S	90.99% S (N=5168/5680)	0^ QRDR, 0 PMQR, 0 aac(6`)-Ib-cr	0.25 mg/L [0.25-0.25]	wzi27	KL27	K27	Typeable	-	99.96%	-	OL2α.2	O2β	Typeable	-	99.11%	-
T7-234	Klebsiella pneumoniae	strong	4	5268736	5268736	5507147	no	-	ST465	2	3	2	2	9	4	4	0	-	-	-	-	-	-	-	-	-	-	-	-	-	0	-	-	-	-	-	-	-	-	-	-	-	-	-	-	-	-	-	0	-	-	-	-	-	-	-	0	-	-	-	-	-	-	0	-	-	-	-	-	0	-	-	-	-	-	-	-	-	-	-	-	-	-	-	-	-	-	-	-	SHV-187	-	-	-	-	-	-	0	0	0	wildtype S	90.99% S (N=5168/5680)	0^ QRDR, 0 PMQR, 0 aac(6`)-Ib-cr	0.25 mg/L [0.25-0.25]	wzi115	KL54	K54	Typeable	-	99.94%	-	OL2α.2	O1αβ,2β	Typeable	-	99.38%	-
T7-240	Klebsiella pneumoniae	strong	2	5382264	5382264	5386489	no	-	ST485	2	1	1	1	7	1	12	0	-	-	-	-	-	-	-	-	-	-	-	-	-	0	-	-	-	-	-	-	-	-	-	-	-	-	-	-	-	-	-	0	-	-	-	-	-	-	-	0	-	-	-	-	-	-	0	-	-	-	-	-	0	-	-	-	-	-	-	-	-	-	-	-	-	-	-	-	-	-	-	-	SHV-27^	SHV:p.Gly156Asp	-	-	-	-	-	0	0	0	wildtype S	90.99% S (N=5168/5680)	0^ QRDR, 0 PMQR, 0 aac(6`)-Ib-cr	0.25 mg/L [0.25-0.25]	wzi5	KL5	K5	Typeable	-	99.38%	-	OL3γ	O3γ	Typeable	-	99.91%	-
T7-242	Klebsiella pneumoniae	strong	6	5307728	5307728	5668852	no	-	ST26	2	1	1	1	9	1	18	0	-	-	-	-	-	-	-	-	-	-	-	-	-	0	-	-	-	-	-	-	-	-	-	-	-	-	-	-	-	-	-	0	-	-	-	-	-	-	-	0	-	-	-	-	-	-	0	-	-	-	-	-	0	-	-	-	-	-	-	-	-	-	-	-	-	-	-	-	-	-	-	-	SHV-36	SHV:p.Leu35Gln	-	-	-	-	-	0	0	0	wildtype S	90.99% S (N=5168/5680)	0^ QRDR, 0 PMQR, 0 aac(6`)-Ib-cr	0.25 mg/L [0.25-0.25]	wzi236	KL10	K10	Typeable	-	99.85%	-	OL2α.2	O1αβ,2β	Typeable	-	99.47%	-
T7-259	Klebsiella pneumoniae	strong	2	5461256	5461256	5669745	no	-	ST11	3	3	1	1	1	1	4	365	ybt 7; ICEKp7	5	11	173	162	1	438	537	9	20	31	263	-	0	-	-	-	-	-	-	-	-	-	-	-	-	-	-	-	-	-	0	-	-	-	-	-	-	-	0	-	-	-	-	-	-	0	-	-	-	-	-	1	-	-	aadA^	-	-	-	-	-	-	-	sul1*	-	-	-	-	-	-	-	-	SHV-11	SHV:p.Leu35Gln	-	-	-	-	-	0	2	2	wildtype S	90.99% S (N=5168/5680)	0^ QRDR, 0 PMQR, 0 aac(6`)-Ib-cr	0.25 mg/L [0.25-0.25]	-	KL110	unknown (KL110)	Typeable	!	99.76%	-	OL2α.1	O2α	Typeable	-	99.33%	-
T7-262	Klebsiella quasipneumoniae subsp. quasipneumoniae	strong	2	5309444	5309444	5423440	no	-	ST144	17	19	28	20	34	18	52	0	-	-	-	-	-	-	-	-	-	-	-	-	-	0	-	-	-	-	-	-	-	-	-	-	-	-	-	-	-	-	-	0	-	-	-	-	-	-	-	0	-	-	-	-	-	-	0	-	-	-	-	-	0	-	-	-	-	-	-	-	-	-	-	-	-	-	-	-	-	-	-	-	OKP-A-5	-	OmpK36:p.Ala183fs	-	-	-	-	0	0	0	wildtype S	90.99% S (N=5168/5680)	0^ QRDR, 0 PMQR, 0 aac(6`)-Ib-cr	0.25 mg/L [0.25-0.25]	wzi461	KL31	K31	Typeable	-	93.99%	-	OL5	O5	Typeable	-	98.54%	-
T7-264	Klebsiella pneumoniae	strong	1	5288991	5288991	5288991	no	-	ST4639	2	1	348	2	12	1	25	0	-	-	-	-	-	-	-	-	-	-	-	-	-	0	-	-	-	-	-	-	-	-	-	-	-	-	-	-	-	-	-	0	-	-	-	-	-	-	-	0	-	-	-	-	-	-	0	-	-	-	-	-	0	-	-	-	-	-	-	-	-	-	-	-	-	-	-	-	-	-	-	-	SHV-1^	-	-	-	-	-	-	0	0	0	wildtype S	90.99% S (N=5168/5680)	0^ QRDR, 0 PMQR, 0 aac(6`)-Ib-cr	0.25 mg/L [0.25-0.25]	wzi2	KL30	K30	Typeable	-	99.76%	-	OL2α.1	O1αβ,2α	Typeable	-	99.48%	-
T7-266	Klebsiella quasipneumoniae subsp. similipneumoniae	strong	4	5142067	5142067	5234028	no	-	ST4626	18	22	122	16	32	13	99	0	-	-	-	-	-	-	-	-	-	-	-	-	-	0	-	-	-	-	-	-	-	-	-	-	-	-	-	-	-	-	-	0	-	-	-	-	-	-	-	0	-	-	-	-	-	-	0	-	-	-	-	-	0	-	-	-	-	-	-	-	-	-	-	-	-	-	-	-	-	-	-	-	OKP-B-8^	-	-	-	-	-	-	0	0	0	wildtype S	90.99% S (N=5168/5680)	0^ QRDR, 0 PMQR, 0 aac(6`)-Ib-cr	0.25 mg/L [0.25-0.25]	-	KL21	K21	Typeable	-	98.78%	-	OL3α/β	O3αβ	Typeable	-	98.80%	-
T7-267	Klebsiella variicola subsp. variicola	strong	4	5582128	5582128	6197766	no	-	ST1994	16	24	84	38	47	57	67	0	-	-	-	-	-	-	-	-	-	-	-	-	-	0	-	-	-	-	-	-	-	-	-	-	-	-	-	-	-	-	-	0	-	-	-	-	-	-	-	0	-	-	-	-	-	-	0	-	-	-	-	-	0	-	-	-	-	-	-	-	-	-	-	-	-	-	-	-	-	-	-	-	LEN-17^	-	OmpK36:p.Ala183fs	-	-	-	-	0	0	0	wildtype S	90.99% S (N=5168/5680)	0^ QRDR, 0 PMQR, 0 aac(6`)-Ib-cr	0.25 mg/L [0.25-0.25]	wzi210	KL103	unknown (KL103)	Typeable	-	99.73%	-	OL3α/β	O3αβ	Typeable	-	99.50%	-
T7-273	Klebsiella pneumoniae	strong	3	5239912	5239912	5372340	no	-	ST515	2	1	1	1	1	1	4	0	-	-	-	-	-	-	-	-	-	-	-	-	-	0	-	-	-	-	-	-	-	-	-	-	-	-	-	-	-	-	-	0	-	-	-	-	-	-	-	0	-	-	-	-	-	-	0	-	-	-	-	-	0	-	-	-	-	-	-	-	-	-	-	-	-	-	-	-	-	-	-	-	SHV-11^	SHV:p.Leu35Gln	-	-	-	-	-	0	0	0	wildtype S	90.99% S (N=5168/5680)	0^ QRDR, 0 PMQR, 0 aac(6`)-Ib-cr	0.25 mg/L [0.25-0.25]	wzi368	KL134	unknown (KL134)	Typeable	-	99.98%	-	OL3α/β	O3αβ	Typeable	-	99.80%	-
T7-286	Klebsiella variicola subsp. variicola	strong	1	5338718	5338718	5338718	no	-	ST3937	16	18	30	49	47	22	67	0	-	-	-	-	-	-	-	-	-	-	-	-	-	0	-	-	-	-	-	-	-	-	-	-	-	-	-	-	-	-	-	0	-	-	-	-	-	-	-	0	-	-	-	-	-	-	0	-	-	-	-	-	0	-	-	-	-	-	-	-	-	-	-	-	-	-	-	-	-	-	-	-	LEN-13	-	OmpK36:p.Ala183fs	-	-	-	-	0	0	0	wildtype S	90.99% S (N=5168/5680)	0^ QRDR, 0 PMQR, 0 aac(6`)-Ib-cr	0.25 mg/L [0.25-0.25]	wzi53	KL53	K53	Typeable	!	99.99%	-	OL3α/β	O3αβ	Typeable	-	99.75%	-
T7-289	Klebsiella pneumoniae	strong	2	5310629	5310629	5448128	no	-	ST277	3	1	1	1	1	1	43	0	-	-	-	-	-	-	-	-	-	-	-	-	-	0	-	-	-	-	-	-	-	-	-	-	-	-	-	-	-	-	-	0	-	-	-	-	-	-	-	0	-	-	-	-	-	-	0	-	-	-	-	-	0	-	-	-	-	-	-	-	-	-	-	-	-	-	-	-	-	-	-	-	SHV-27^	SHV:p.Gly156Asp	-	-	-	-	-	0	0	0	wildtype S	90.99% S (N=5168/5680)	0^ QRDR, 0 PMQR, 0 aac(6`)-Ib-cr	0.25 mg/L [0.25-0.25]	wzi97	KL46	K46	Typeable	-	99.59%	-	OL3γ	O3γ	Typeable	-	99.71%	-
T7-290	Klebsiella pneumoniae	strong	3	5371344	5371344	5502366	no	-	ST35	2	1	2	1	10	1	19	0	-	-	-	-	-	-	-	-	-	-	-	-	-	0	-	-	-	-	-	-	-	-	-	-	-	-	-	-	-	-	-	0	-	-	-	-	-	-	-	0	-	-	-	-	-	-	0	-	-	-	-	-	0	-	-	-	-	-	-	-	-	-	-	-	-	-	-	-	-	-	-	-	SHV-33	-	-	-	-	-	-	0	0	0	wildtype S	90.99% S (N=5168/5680)	0^ QRDR, 0 PMQR, 0 aac(6`)-Ib-cr	0.25 mg/L [0.25-0.25]	wzi37	KL22	K22	Typeable	-	99.78%	-	OL2α.1	O1αβ,2α	Typeable	-	98.85%	-
T7-292	Klebsiella pneumoniae	strong	3	5467245	5467245	5474830	no	-	ST466	2	1	2	1	10	50	120	95	ybt 10; ICEKp4	3	12	4	66	3	137	139	3	10	60	65	-	0	-	-	-	-	-	-	-	-	-	-	-	-	-	-	-	-	-	0	-	-	-	-	-	-	-	0	-	-	-	-	-	-	0	-	-	-	-	-	1	-	-	-	-	-	-	-	-	-	-	-	-	-	-	-	-	-	-	-	SHV-33	-	-	-	-	-	-	0	0	0	wildtype S	90.99% S (N=5168/5680)	0^ QRDR, 0 PMQR, 0 aac(6`)-Ib-cr	0.25 mg/L [0.25-0.25]	wzi37	KL22	K22	Typeable	-	99.79%	-	OL2α.1	O1αβ,2α	Typeable	-	98.85%	-
T7-296	Klebsiella pneumoniae	strong	6	5298577	5298577	5679507	no	-	ST240	2	1	1	1	17	1	18	0	-	-	-	-	-	-	-	-	-	-	-	-	-	0	-	-	-	-	-	-	-	-	-	-	-	-	-	-	-	-	-	0	-	-	-	-	-	-	-	0	-	-	-	-	-	-	0	-	-	-	-	-	0	-	-	-	-	-	-	-	-	-	-	-	-	-	-	-	-	-	-	-	SHV-36	SHV:p.Leu35Gln	-	-	-	-	-	0	0	0	wildtype S	90.99% S (N=5168/5680)	0^ QRDR, 0 PMQR, 0 aac(6`)-Ib-cr	0.25 mg/L [0.25-0.25]	wzi439	KL144	unknown (KL144)	Untypeable	-+	98.92%	KL144_23_rmlD;KL144_22_rmlA	OL2α.1	O1αβ,2α	Typeable	-	96.72%	-
T7-311	Klebsiella variicola subsp. variicola	strong	10	5649127	5649127	6187697	no	-	ST3081	16	18	226	27	39	22	67	0	-	-	-	-	-	-	-	-	-	-	-	-	-	0	-	-	-	-	-	-	-	-	-	-	-	-	-	-	-	-	-	0	-	-	-	-	-	-	-	0	-	-	-	-	-	-	0	-	-	-	-	-	0	-	-	-	-	-	-	-	-	-	-	-	-	-	-	-	-	-	-	-	LEN-16	-	OmpK36:p.Ala183fs	-	-	-	-	0	0	0	wildtype S	90.99% S (N=5168/5680)	0^ QRDR, 0 PMQR, 0 aac(6`)-Ib-cr	0.25 mg/L [0.25-0.25]	wzi50	KL15	K15	Typeable	-	99.81%	-	OL4	O4	Typeable	-	99.50%	-
T7-326	Klebsiella pneumoniae	strong	3	5172652	5172652	5390683	no	-	ST661	4	3	1	36	9	10	14	0	-	-	-	-	-	-	-	-	-	-	-	-	-	0	-	-	-	-	-	-	-	-	-	-	-	-	-	-	-	-	-	0	-	-	-	-	-	-	-	0	-	-	-	-	-	-	0	-	-	-	-	-	0	-	-	-	-	-	-	-	-	-	-	-	-	-	-	-	-	-	-	-	SHV-27	SHV:p.Gly156Asp	-	-	-	-	-	0	0	0	wildtype S	90.99% S (N=5168/5680)	0^ QRDR, 0 PMQR, 0 aac(6`)-Ib-cr	0.25 mg/L [0.25-0.25]	wzi211	KL109	unknown (KL109)	Typeable	-	99.78%	-	OL2α.2	O2β	Typeable	-	99.09%	-
T7-333	Klebsiella pneumoniae	strong	1	5285918	5285918	5285918	no	-	ST2004	4	1	2	1	1	114	4	0	-	-	-	-	-	-	-	-	-	-	-	-	-	0	-	-	-	-	-	-	-	-	-	-	-	-	-	-	-	-	-	0	-	-	-	-	-	-	-	0	-	-	-	-	-	-	0	-	-	-	-	-	0	-	-	-	-	-	-	-	-	-	-	-	-	-	-	-	-	-	-	-	SHV-168^	SHV:p.Ala146Val	-	-	-	-	-	0	0	0	wildtype S	90.99% S (N=5168/5680)	0^ QRDR, 0 PMQR, 0 aac(6`)-Ib-cr	0.25 mg/L [0.25-0.25]	wzi83	KL23	K23	Typeable	-	99.76%	-	OL2α.2	O2β	Typeable	-	99.09%	-
T7-335	Klebsiella variicola subsp. variicola	strong	2	5564192	5564192	5718961	no	-	ST4035	16	64	21	53	50	33	207	0	-	-	-	-	-	-	-	-	-	-	-	-	-	0	-	-	-	-	-	-	-	-	-	-	-	-	-	-	-	-	-	0	-	-	-	-	-	-	-	0	-	-	-	-	-	-	0	-	-	-	-	-	0	-	-	-	-	-	-	-	-	-	-	-	-	-	-	-	-	-	-	-	LEN-11	-	OmpK36:p.Ala183fs	-	-	-	-	0	0	0	wildtype S	90.99% S (N=5168/5680)	0^ QRDR, 0 PMQR, 0 aac(6`)-Ib-cr	0.25 mg/L [0.25-0.25]	-	KL128	unknown (KL128)	Typeable	-	99.36%	-	OL3α/β	O3αβ	Typeable	-	99.83%	-
T7-349	Klebsiella pneumoniae	strong	6	5319835	5319835	5614730	no	-	ST26	2	1	1	1	9	1	18	0	-	-	-	-	-	-	-	-	-	-	-	-	-	0	-	-	-	-	-	-	-	-	-	-	-	-	-	-	-	-	-	0	-	-	-	-	-	-	-	0	-	-	-	-	-	-	0	-	-	-	-	-	0	-	-	-	-	-	-	-	-	-	-	-	-	-	-	-	-	-	-	-	SHV-36	SHV:p.Leu35Gln	-	-	-	-	-	0	0	0	wildtype S	90.99% S (N=5168/5680)	0^ QRDR, 0 PMQR, 0 aac(6`)-Ib-cr	0.25 mg/L [0.25-0.25]	wzi236	KL10	K10	Typeable	-	99.86%	-	OL2α.2	O1αβ,2β	Typeable	-	99.47%	-
T7-365	Klebsiella pneumoniae	strong	7	5195483	5195483	5592933	no	-	ST20	2	3	1	1	4	4	4	0	-	-	-	-	-	-	-	-	-	-	-	-	-	0	-	-	-	-	-	-	-	-	-	-	-	-	-	-	-	-	-	0	-	-	-	-	-	-	-	0	-	-	-	-	-	-	0	-	-	-	-	-	0	-	-	-	-	-	-	-	-	-	-	-	-	-	-	-	-	-	-	-	SHV-187	-	-	-	-	-	-	0	0	0	wildtype S	90.99% S (N=5168/5680)	0^ QRDR, 0 PMQR, 0 aac(6`)-Ib-cr	0.25 mg/L [0.25-0.25]	wzi84	KL28	K28	Typeable	-	99.78%	-	OL2α.2	O1αβ,2β	Typeable	-	99.11%	-
T7-378	Klebsiella pneumoniae	strong	5	5140847	5140847	5431395	no	-	ST643	2	3	6	75	9	7	137	0	-	-	-	-	-	-	-	-	-	-	-	-	-	0	-	-	-	-	-	-	-	-	-	-	-	-	-	-	-	-	-	0	-	-	-	-	-	-	-	0	-	-	-	-	-	-	0	-	-	-	-	-	0	-	-	-	-	-	-	-	-	-	-	-	-	-	-	-	-	-	-	-	SHV-26	-	-	-	-	-	-	0	0	0	wildtype S	90.99% S (N=5168/5680)	0^ QRDR, 0 PMQR, 0 aac(6`)-Ib-cr	0.25 mg/L [0.25-0.25]	wzi149	KL62	K62	Typeable	!	99.62%	-	OL2α.2	O1αβ,2β	Typeable	-	99.26%	-
T7-393	Klebsiella pneumoniae	strong	3	5234712	5234712	5472573	no	-	ST4007	2	1	1	1	12	6	68	0	-	-	-	-	-	-	-	-	-	-	-	-	-	0	-	-	-	-	-	-	-	-	-	-	-	-	-	-	-	-	-	0	-	-	-	-	-	-	-	0	-	-	-	-	-	-	0	-	-	-	-	-	0	-	-	-	-	-	-	-	-	-	-	-	-	-	-	-	-	-	-	-	SHV-1^	-	-	-	-	-	-	0	0	0	wildtype S	90.99% S (N=5168/5680)	0^ QRDR, 0 PMQR, 0 aac(6`)-Ib-cr	0.25 mg/L [0.25-0.25]	wzi380	KL158	unknown (KL158)	Typeable	!	99.98%	-	OL13	O13	Untypeable	-!	97.75%	OL13_05_wbbL;OL13_06_wzm;OL13_08_wbbB;OL13_09_glycosylhydrolase;OL13_07_wzt
T7-394	Klebsiella pneumoniae	strong	3	5391972	5391972	5655873	no	-	ST2042	4	1	2	4	10	102	242	373	ybt 12; ICEKp10	19	1	1	150	1	23	451	1	1	1	227	-	66	clb 1	1	65	1	1	1	3	1	25	3	1	1	1	14	1	1	-	84	iuc 2	53	2	13	2	26	-	36	iro 2	9	22	2	26	-	7	rmp 2; KpVP-2	3	6	5	-	5	-	-	-	-	-	-	-	-	-	-	-	-	-	-	-	-	-	-	-	SHV-1^	-	-	-	-	-	-	0	0	0	wildtype S	90.99% S (N=5168/5680)	0^ QRDR, 0 PMQR, 0 aac(6`)-Ib-cr	0.25 mg/L [0.25-0.25]	wzi82	KL23	K23	Typeable	-	99.85%	-	OL2α.2	O1αβ,2β	Typeable	-	99.06%	-
T7-398	Klebsiella pneumoniae	strong	4	5172499	5172499	5453066	no	-	ST359	10	1	2	1	9	27	6	0	-	-	-	-	-	-	-	-	-	-	-	-	-	0	-	-	-	-	-	-	-	-	-	-	-	-	-	-	-	-	-	0	-	-	-	-	-	-	-	0	-	-	-	-	-	-	0	-	-	-	-	-	0	-	-	-	-	-	-	-	-	-	-	-	-	-	-	-	-	-	-	-	SHV-1^	-	-	-	-	-	-	0	0	0	wildtype S	90.99% S (N=5168/5680)	0^ QRDR, 0 PMQR, 0 aac(6`)-Ib-cr	0.25 mg/L [0.25-0.25]	wzi236	KL10	K10	Typeable	-	99.83%	-	OL2α.2	O1αβ,2β	Typeable	-	99.47%	-
T7-402	Klebsiella variicola subsp. variicola	strong	5	5561288	5561288	5680925	no	-	ST1819	16	24	21	27	47	29	67	0	-	-	-	-	-	-	-	-	-	-	-	-	-	0	-	-	-	-	-	-	-	-	-	-	-	-	-	-	-	-	-	0	-	-	-	-	-	-	-	0	-	-	-	-	-	-	0	-	-	-	-	-	0	-	-	-	-	-	-	-	-	-	-	-	-	-	-	-	-	-	-	-	LEN-2^	-	OmpK36:p.Ala183fs	-	-	-	-	0	0	0	wildtype S	90.99% S (N=5168/5680)	0^ QRDR, 0 PMQR, 0 aac(6`)-Ib-cr	0.25 mg/L [0.25-0.25]	wzi35	KL35	K35	Typeable	-	98.10%	-	OL3α/β	O3αβ	Typeable	-	99.79%	-
T7-410	Klebsiella pneumoniae	strong	6	5473225	5473225	5778786	no	-	ST461	3	1	13	34	63	1	64	0	-	-	-	-	-	-	-	-	-	-	-	-	-	0	-	-	-	-	-	-	-	-	-	-	-	-	-	-	-	-	-	0	-	-	-	-	-	-	-	0	-	-	-	-	-	-	0	-	-	-	-	-	0	-	-	-	-	-	-	-	-	-	-	-	-	-	-	-	-	-	-	-	SHV-1^	-	-	-	-	-	-	0	0	0	wildtype S	90.99% S (N=5168/5680)	0^ QRDR, 0 PMQR, 0 aac(6`)-Ib-cr	0.25 mg/L [0.25-0.25]	wzi149	KL62	K62	Typeable	!	99.65%	-	OL2α.2	O1αβ,2β	Typeable	-	99.26%	-
T7-414	Klebsiella pneumoniae	strong	7	5219966	5219966	5373326	no	-	ST34	2	3	6	1	9	7	4	0	-	-	-	-	-	-	-	-	-	-	-	-	-	0	-	-	-	-	-	-	-	-	-	-	-	-	-	-	-	-	-	0	-	-	-	-	-	-	-	0	-	-	-	-	-	-	0	-	-	-	-	-	0	-	-	-	-	-	-	-	-	-	-	-	-	-	-	-	-	-	-	-	SHV-26	-	-	-	-	-	-	0	0	0	wildtype S	90.99% S (N=5168/5680)	0^ QRDR, 0 PMQR, 0 aac(6`)-Ib-cr	0.25 mg/L [0.25-0.25]	wzi308	KL57	K57	Typeable	!	98.33%	-	OL2α.2	O2β	Typeable	-	98.97%	-
T7-424	Klebsiella variicola subsp. variicola	strong	2	5418492	5418492	5582771	no	-	ST1562	16	24	36	27	29	22	105	0	-	-	-	-	-	-	-	-	-	-	-	-	-	0	-	-	-	-	-	-	-	-	-	-	-	-	-	-	-	-	-	0	-	-	-	-	-	-	-	0	-	-	-	-	-	-	0	-	-	-	-	-	0	-	-	-	-	-	-	-	-	-	-	-	-	-	-	-	-	-	-	-	LEN-10	-	OmpK36:p.Ala183fs	-	-	-	-	0	0	0	wildtype S	90.99% S (N=5168/5680)	0^ QRDR, 0 PMQR, 0 aac(6`)-Ib-cr	0.25 mg/L [0.25-0.25]	wzi454	KL114	unknown (KL114)	Typeable	-	99.05%	-	OL3α/β	O3αβ	Typeable	-	99.80%	-
T7-425	Klebsiella variicola subsp. variicola	strong	5	5537418	5537418	5885394	no	-	ST641	16	18	21	27	39	22	67	0	-	-	-	-	-	-	-	-	-	-	-	-	-	0	-	-	-	-	-	-	-	-	-	-	-	-	-	-	-	-	-	0	-	-	-	-	-	-	-	0	-	-	-	-	-	-	0	-	-	-	-	-	0	-	-	-	-	-	-	-	-	-	-	-	-	-	-	-	-	-	-	-	LEN-16	-	OmpK35:p.Thr51fs;OmpK36:p.Ala183fs	-	-	-	-	0	0	0	wildtype S	90.99% S (N=5168/5680)	0^ QRDR, 0 PMQR, 0 aac(6`)-Ib-cr	0.25 mg/L [0.25-0.25]	wzi201	KL60	K60	Typeable	-	99.66%	-	OL5	O5	Typeable	-	99.79%	-
T7-439	Klebsiella pneumoniae	strong	5	5391458	5391458	5602099	no	-	ST704	2	1	1	1	9	1	20	355	ybt 14; ICEKp5	4	4	5	4	1	337	441	2	4	4	2	-	0	-	-	-	-	-	-	-	-	-	-	-	-	-	-	-	-	-	0	-	-	-	-	-	-	-	0	-	-	-	-	-	-	0	-	-	-	-	-	1	-	-	-	-	-	-	-	-	-	-	-	-	-	-	-	-	-	-	-	SHV-36	SHV:p.Leu35Gln	-	-	-	-	-	0	0	0	wildtype S	90.99% S (N=5168/5680)	0^ QRDR, 0 PMQR, 0 aac(6`)-Ib-cr	0.25 mg/L [0.25-0.25]	wzi7	KL7	K7	Typeable	-	99.51%	-	OL2α.1	O2α	Typeable	!	99.49%	-
T7-442	Klebsiella pneumoniae	strong	3	5307003	5307003	5606141	no	-	ST23	2	1	1	1	9	4	12	0	-	-	-	-	-	-	-	-	-	-	-	-	-	68	clb 2	2	2	2	2	2	2	2	2	2	2	2	2	2	2	2	-	1	iuc 1	1	1	1	1	1	-	2	iro 1	1	4	1	1	-	26-1LV	rmp 1; KpVP-1	2	2*	2	-	5	-	rmpA2_6-60%	-	-	-	-	-	-	-	-	-	-	-	-	-	-	-	-	-	SHV-11^	SHV:p.Leu35Gln	-	-	-	-	-	0	1	1	wildtype S	90.99% S (N=5168/5680)	0^ QRDR, 0 PMQR, 0 aac(6`)-Ib-cr	0.25 mg/L [0.25-0.25]	wzi1	KL1	K1	Typeable	-	99.99%	-	OL2α.2	O2β	Typeable	-	99.29%	-
T7-445	Klebsiella pneumoniae	strong	3	5274914	5274914	5312788	no	-	ST1145	2	1	4	34	1	1	2	0	-	-	-	-	-	-	-	-	-	-	-	-	-	0	-	-	-	-	-	-	-	-	-	-	-	-	-	-	-	-	-	0	-	-	-	-	-	-	-	0	-	-	-	-	-	-	0	-	-	-	-	-	0	-	-	-	-	-	-	-	-	-	-	-	-	-	-	-	-	-	-	-	SHV-11^	SHV:p.Leu35Gln	-	-	-	-	-	0	0	0	wildtype S	90.99% S (N=5168/5680)	0^ QRDR, 0 PMQR, 0 aac(6`)-Ib-cr	0.25 mg/L [0.25-0.25]	wzi2	KL30	K30	Typeable	-	99.76%	-	OL2α.1	O1αβ,2α	Typeable	-	99.00%	-
T7-457	Klebsiella pneumoniae	strong	3	5239911	5239911	5370701	no	-	ST515	2	1	1	1	1	1	4	0	-	-	-	-	-	-	-	-	-	-	-	-	-	0	-	-	-	-	-	-	-	-	-	-	-	-	-	-	-	-	-	0	-	-	-	-	-	-	-	0	-	-	-	-	-	-	0	-	-	-	-	-	0	-	-	-	-	-	-	-	-	-	-	-	-	-	-	-	-	-	-	-	SHV-11^	SHV:p.Leu35Gln	-	-	-	-	-	0	0	0	wildtype S	90.99% S (N=5168/5680)	0^ QRDR, 0 PMQR, 0 aac(6`)-Ib-cr	0.25 mg/L [0.25-0.25]	wzi368	KL134	unknown (KL134)	Typeable	-	99.98%	-	OL3α/β	O3αβ	Typeable	-	99.80%	-
T7-460	Klebsiella pneumoniae	strong	3	5408010	5408010	5613428	no	-	ST1496	2	1	1	37	3	4	64	352	ybt 10; ICEKp4	3	12	4	3	91	434	108	126	10	9	76	-	0	-	-	-	-	-	-	-	-	-	-	-	-	-	-	-	-	-	0	-	-	-	-	-	-	-	0	-	-	-	-	-	-	0	-	-	-	-	-	1	-	-	-	-	-	-	-	-	-	-	-	-	-	-	-	-	-	-	-	SHV-1^	-	-	-	-	-	-	0	0	0	wildtype S	90.99% S (N=5168/5680)	0^ QRDR, 0 PMQR, 0 aac(6`)-Ib-cr	0.25 mg/L [0.25-0.25]	wzi322	KL62	K62	Typeable	-	99.87%	-	OL2α.1	O1αβ,2α	Typeable	-	98.86%	-
T7-472	Klebsiella variicola subsp. variicola	strong	1	5399422	5399422	5399422	no	-	ST1899	16	45	21	27	39	22	67	0	-	-	-	-	-	-	-	-	-	-	-	-	-	0	-	-	-	-	-	-	-	-	-	-	-	-	-	-	-	-	-	0	-	-	-	-	-	-	-	0	-	-	-	-	-	-	0	-	-	-	-	-	0	-	-	-	-	-	-	-	-	-	-	-	-	-	-	-	-	-	-	-	LEN-16*	-	OmpK36:p.Ala183fs	-	-	-	-	0	0	0	wildtype S	90.99% S (N=5168/5680)	0^ QRDR, 0 PMQR, 0 aac(6`)-Ib-cr	0.25 mg/L [0.25-0.25]	wzi388	KL63	K63	Typeable	!	95.27%	-	OL5	O5	Typeable	-	99.75%	-
T7-475	Klebsiella pneumoniae	strong	2	5347706	5347706	5350697	no	-	ST151	4	1	32	1	7	4	10	0	-	-	-	-	-	-	-	-	-	-	-	-	-	0	-	-	-	-	-	-	-	-	-	-	-	-	-	-	-	-	-	0	-	-	-	-	-	-	-	0	-	-	-	-	-	-	0	-	-	-	-	-	0	-	-	-	-	-	-	-	-	-	-	-	-	-	-	-	-	-	-	-	SHV-1^	-	-	-	-	-	-	0	0	0	wildtype S	90.99% S (N=5168/5680)	0^ QRDR, 0 PMQR, 0 aac(6`)-Ib-cr	0.25 mg/L [0.25-0.25]	wzi2	KL30	K30	Typeable	-	99.75%	-	OL2α.2	O1αβ,2β	Typeable	-	99.52%	-
T7-482	Klebsiella variicola subsp. variicola	strong	4	5339369	5339369	5711733	no	-	ST1423	16	24	21	41	47	22	103	0	-	-	-	-	-	-	-	-	-	-	-	-	-	0	-	-	-	-	-	-	-	-	-	-	-	-	-	-	-	-	-	0	-	-	-	-	-	-	-	0	-	-	-	-	-	-	0	-	-	-	-	-	0	-	-	-	-	-	-	-	-	-	-	-	-	-	-	-	-	-	-	-	LEN-13	-	OmpK36:p.Ala183fs	-	-	-	-	0	0	0	wildtype S	90.99% S (N=5168/5680)	0^ QRDR, 0 PMQR, 0 aac(6`)-Ib-cr	0.25 mg/L [0.25-0.25]	wzi38	KL38	K38	Typeable	!	96.87%	-	OL5	O5	Typeable	-	99.85%	-
T7-488	Klebsiella pneumoniae	strong	3	5387074	5387074	5646543	no	-	ST4660	4	199	2	4	10	102	242	373	ybt 12; ICEKp10	19	1	1	150	1	23	451	1	1	1	227	-	66	clb 1	1	65	1	1	1	3	1	25	3	1	1	1	14	1	1	-	84	iuc 2	53	2	13	2	26	-	36	iro 2	9	22	2	26	-	7	rmp 2; KpVP-2	3	6	5	-	5	-	-	-	-	-	-	-	-	-	-	-	-	-	-	-	-	-	-	-	SHV-1^	-	-	-	-	-	-	0	0	0	wildtype S	90.99% S (N=5168/5680)	0^ QRDR, 0 PMQR, 0 aac(6`)-Ib-cr	0.25 mg/L [0.25-0.25]	wzi82	KL23	K23	Typeable	-	99.83%	-	OL2α.2	O1αβ,2β	Typeable	-	99.06%	-
T7-493	Klebsiella variicola subsp. variicola	strong	3	5702625	5702625	5921066	no	-	ST3084	16	24	21	27	317	22	178	0	-	-	-	-	-	-	-	-	-	-	-	-	-	0	-	-	-	-	-	-	-	-	-	-	-	-	-	-	-	-	-	0	-	-	-	-	-	-	-	0	-	-	-	-	-	-	0	-	-	-	-	-	0	-	-	-	-	-	-	-	-	-	-	-	-	-	-	-	-	-	-	-	LEN-58*	-	OmpK36:p.Ala183fs	-	-	-	-	0	0	0	wildtype S	90.99% S (N=5168/5680)	0^ QRDR, 0 PMQR, 0 aac(6`)-Ib-cr	0.25 mg/L [0.25-0.25]	wzi188	KL125	unknown (KL125)	Typeable	-	99.98%	-	OL5	O5	Typeable	-	99.75%	-
