#rname	startpos	endpos	numreads	covbases	coverage	meandepth	meanbaseq	meanmapq	SampleID
2018-01-1439__chr	1	5280837	1930463	5280837	100	94.7171	34.6	57.7	2018-01-1439
2018-01-1439__pl_1	1	154959	39956	154959	100	66.5954	35.1	56	2018-01-1439
2018-01-1439__pl_2	1	109457	29926	109457	100	70.6249	35.2	58.1	2018-01-1439
2018-01-1439__pl_3	1	9294	9518	9294	100	263.363	34.6	58.3	2018-01-1439
2018-01-1439__pl_4	1	5631	6598	5631	100	295.799	35.1	57.9	2018-01-1439
2018-01-1439__pl_5	1	2255	10640	2255	100	1185.66	35.5	57.7	2018-01-1439
2018-01-3218__chr	1	5282242	1503399	5282242	100	79.9813	34.5	58.6	2018-01-3218
2018-01-880__chr	1	5265240	1819147	5265240	100	90.0965	34.6	57.8	2018-01-880
2018-01-880__pl_1	1	5463	2601	5463	100	119.195	35.1	57.4	2018-01-880
KGMAR-2016-1400__chr	1	5088943	1089560	5088943	100	45.4432	35.2	55.5	KGMAR-2016-1400
KGMAR-2016-1400__pl_1	1	191744	42191	191744	100	46.4566	35.5	54.1	KGMAR-2016-1400
KGMAR-2019-1434__chr	1	5603882	1641080	5603882	100	69.1516	35.8	56	KGMAR-2019-1434
KGMAR-2019-1434__pl_1	1	164560	93529	164560	100	133.812	35.9	44.2	KGMAR-2019-1434
KGMAR-2019-1434__pl_2	1	54645	52605	54645	100	227.735	36	54.7	KGMAR-2019-1434
KGMAR-2019-1434__pl_3	1	14289	23121	14288	99.993	381.133	35.7	31.1	KGMAR-2019-1434
KGMAR-2019-1434__pl_4	1	12281	23657	12273	99.9349	459.355	35.7	30.1	KGMAR-2019-1434
KGMAR-2019-1434__pl_5	1	10145	20175	10136	99.9113	472.33	35.8	29.6	KGMAR-2019-1434
KGMAR-2019-1434__pl_6	1	8113	8166	8110	99.963	234.572	36.1	5.82	KGMAR-2019-1434
KGMAR-2019-1434__pl_7	1	5080	19497	5080	100	912.529	36.4	57.1	KGMAR-2019-1434
KGMAR-2019-1434__pl_8	1	3851	5948	3851	100	353.091	36.1	41.5	KGMAR-2019-1434
KGMAR-2016-1198__chr	1	5245077	2800673	5245077	100	106.725	35.1	55.4	KGMAR-2016-1198
KGMAR-2016-1198__pl_1	1	265616	145578	265615	99.9996	108.837	35.3	50.2	KGMAR-2016-1198
2018-01-3723__chr	1	5411208	1099717	5411208	100	43.4228	34.4	55.9	2018-01-3723
2018-01-3723__pl_1	1	127539	36718	127539	100	60.9931	34.8	55.8	2018-01-3723
KGMAR-2016-1396__chr	1	5192658	1388025	5192658	100	61.8166	34.2	56.4	KGMAR-2016-1396
KGMAR-2016-1396__pl_1	1	244519	72628	244507	99.9951	68.2539	34.4	51.5	KGMAR-2016-1396
KGMAR-2016-1396__pl_2	1	36633	15572	36633	100	98.6284	34.5	49.9	KGMAR-2016-1396
KGMAR-2016-1396__pl_3	1	12117	7344	12117	100	142.552	34.4	42.6	KGMAR-2016-1396
KGMAR-2016-1396__pl_4	1	4809	3818	4809	100	184.882	34.4	57	KGMAR-2016-1396
KGMAR-2016-1396__pl_5	1	1917	7382	1917	100	863.767	34.4	57	KGMAR-2016-1396
2018-01-4107__chr	1	5295991	2049849	5295991	100	90.1278	35.2	56.6	2018-01-4107
2018-01-4107__pl_1	1	45319	14449	45319	100	75.3274	35.7	52.3	2018-01-4107
2018-01-4107__pl_2	1	5631	12520	5631	100	508.766	35.5	56.9	2018-01-4107
2018-01-4107__pl_3	1	4232	36268	4232	100	1991.97	35.5	56.9	2018-01-4107
2018-01-4107__pl_4	1	3897	6881	3897	100	401.696	35.3	57	2018-01-4107
2018-01-4107__pl_5	1	1843	17125	1843	100	2053.63	35.6	56.4	2018-01-4107
2018-01-4107__pl_6	1	1506	8725	1506	100	1267.43	35.4	56.1	2018-01-4107
KGVET-2020-01-4188-1__chr	1	5228811	1686248	5228811	100	88.7326	34.3	58.4	KGVET-2020-01-4188-1
2018-01-710__chr	1	5210957	1583651	5210845	99.9979	81.9342	34.4	59.3	2018-01-710
2018-01-710__pl_1	1	34614	9974	34614	100	76.887	34.8	59.3	2018-01-710
2018-01-710__pl_2	1	6073	6893	5701	93.8745	293.444	34.8	59	2018-01-710
2018-01-710__pl_3	1	5540	3454	5540	100	162.179	34.9	59.3	2018-01-710
2018-01-2353__chr	1	5254528	1689067	5254528	100	66.8866	34.8	58.8	2018-01-2353
2018-01-2353__pl_1	1	205342	43212	205342	100	43.097	35.4	57.8	2018-01-2353
2018-01-2353__pl_2	1	4867	9497	4867	100	410.161	35.7	59.2	2018-01-2353
2018-01-4203__chr	1	5242521	1523171	5241870	99.9876	66.397	35.2	56.5	2018-01-4203
2018-01-4735__chr	1	5286513	1946504	5286513	100	99.3137	34	58.2	2018-01-4735
2018-01-4735__pl_1	1	9294	10849	9294	100	311.659	34	58.5	2018-01-4735
2018-01-4735__pl_2	1	5631	9119	5631	100	428.406	34.4	58.4	2018-01-4735
2018-01-4735__pl_3	1	5463	3963	5463	100	191.821	34.4	58.4	2018-01-4735
2018-01-4735__pl_4	1	1527	11642	1527	100	1822.6	34.4	57.2	2018-01-4735
KGVETS-2019-01-1336__chr	1	5222809	2014172	5222809	100	81.9584	35.1	56	KGVETS-2019-01-1336
KGVETS-2019-01-1336__pl_1	1	168896	75314	168896	100	94.3181	35.4	55.5	KGVETS-2019-01-1336
KGVETS-2019-01-1336__pl_2	1	110722	37141	110722	100	70.7529	35.5	56.4	KGVETS-2019-01-1336
KGVETS-2019-01-1336__pl_3	1	1551	17518	1551	100	2296.42	35.1	55.8	KGVETS-2019-01-1336
KGVET-2020-01-3043-2__chr	1	5105113	1505851	5105113	100	79.5568	32.3	58.2	KGVET-2020-01-3043-2
KGVET-2020-01-2328-1__chr	1	5476043	1223370	5475891	99.9972	61.1566	34.6	58.3	KGVET-2020-01-2328-1
KGMAR-2016-733__chr	1	5426328	1689902	5426328	100	68.5191	34.8	55.8	KGMAR-2016-733
KGMAR-2016-733__pl_1	1	233786	94232	233786	100	88.1683	35.1	47.7	KGMAR-2016-733
KGMAR-2016-733__pl_2	1	81511	37973	81511	100	102.983	34.9	45.8	KGMAR-2016-733
KGMAR-2016-733__pl_3	1	70467	33095	70451	99.9773	103.961	34.9	45.3	KGMAR-2016-733
KGMAR-2016-733__pl_4	1	5925	4320	5925	100	159.811	35.2	42.6	KGMAR-2016-733
KGMAR-2016-733__pl_5	1	5893	4656	5893	100	175.823	35	44.4	KGMAR-2016-733
KGMAR-2016-733__pl_6	1	5840	6986	5840	100	255.698	35.1	55.4	KGMAR-2016-733
KGMAR-2016-1178__chr	1	5235913	2727096	5235913	100	103.149	35.2	55.1	KGMAR-2016-1178
KGMAR-2016-1178__pl_1	1	149276	77889	149274	99.9987	102.585	35.4	49.4	KGMAR-2016-1178
KGMAR-2016-1178__pl_2	1	76750	79075	76750	100	205.882	35.4	44.1	KGMAR-2016-1178
KGMAR-2016-1178__pl_3	1	5488	7502	5488	100	272.326	35.3	55.2	KGMAR-2016-1178
KGMAR-2019-400-2__chr	1	5306170	937951	5305908	99.9951	41.8367	35.7	56.7	KGMAR-2019-400-2
KGMAR-2019-400-2__pl_1	1	150057	33706	150051	99.996	53.05	35.9	54.7	KGMAR-2019-400-2
KGMAR-2019-400-2__pl_2	1	27680	4170	27667	99.953	36.2633	36	51.2	KGMAR-2019-400-2
KGMAR-2019-400-2__pl_3	1	20008	8997	20008	100	109.027	35.9	55.4	KGMAR-2019-400-2
KGMAR-2019-400-2__pl_4	1	4711	1544	4711	100	78.4243	36.2	57.5	KGMAR-2019-400-2
KGVET-2019-01-792__chr	1	5622595	971531	5622595	100	46.5865	33.7	58	KGVET-2019-01-792
KGVET-2019-01-792__pl_1	1	208800	42609	208770	99.9856	54.8664	34.1	52.8	KGVET-2019-01-792
KGVET-2019-01-792__pl_2	1	100633	27772	100633	100	74.5753	34	55.8	KGVET-2019-01-792
KGVET-2019-01-792__pl_3	1	5840	4948	5840	100	225.219	34	58.2	KGVET-2019-01-792
KGVET-2019-01-792__pl_4	1	4163	3824	4163	100	245.687	34.1	50.5	KGVET-2019-01-792
KGVET-2019-01-3619__chr	1	5206778	1883582	5206778	100	94.7761	33.9	57.6	KGVET-2019-01-3619
KGVET-2019-01-3619__pl_1	1	230126	95536	230126	100	108.659	34.3	47.6	KGVET-2019-01-3619
KGVET-2019-01-3619__pl_2	1	119763	66862	119757	99.995	147.212	34.2	42.9	KGVET-2019-01-3619
KGVET-2019-01-3619__pl_3	1	105056	44854	105040	99.9848	111.762	34.3	0.761	KGVET-2019-01-3619
KGVET-2019-01-3619__pl_4	1	16307	14305	16084	98.6325	237.434	34.4	9.18	KGVET-2019-01-3619
KGVET-2019-01-3619__pl_5	1	5763	3466	5758	99.9132	162.936	34.4	0.0306	KGVET-2019-01-3619
KGVET-2019-01-3619__pl_6	1	3341	10642	3340	99.9701	862.112	34.4	39.8	KGVET-2019-01-3619
KGVET-2019-01-3619__pl_7	1	3336	5311	3332	99.8801	431.043	34.5	33.7	KGVET-2019-01-3619
KGVET-2020-01-2209-1__chr	1	5308300	1384029	5308300	100	59.9715	34.5	57.7	KGVET-2020-01-2209-1
KGVET-2020-01-2209-1__pl_1	1	177995	52158	177995	100	68.0407	35.4	56	KGVET-2020-01-2209-1
KGVET-2020-01-2209-1__pl_2	1	9294	3440	9294	100	83.2758	34.8	58.2	KGVET-2020-01-2209-1
KGVET-2020-01-2209-1__pl_3	1	5631	4051	5631	100	162.053	35.4	58.2	KGVET-2020-01-2209-1
KGVET-2020-01-2209-1__pl_4	1	5463	5491	5463	100	230.201	35.4	58.2	KGVET-2020-01-2209-1
KGVET-2020-01-2209-1__pl_5	1	3349	22503	3349	100	1490.61	35.6	57.2	KGVET-2020-01-2209-1
KGVET-2020-01-2209-1__pl_6	1	1306	13732	1306	100	2238.53	35.4	57.3	KGVET-2020-01-2209-1
KGVET-2018-04-44577__chr	1	5144053	1453184	5144053	100	64.2152	35.1	56.3	KGVET-2018-04-44577
KGVET-2018-04-44577__pl_1	1	25445	5891	25445	100	53.568	35.4	56.5	KGVET-2018-04-44577
KGVET-2018-04-44577__pl_2	1	4267	5416	4267	100	290.552	35.6	56.9	KGVET-2018-04-44577
KGMAR-2016-1200__chr	1	5312007	1657978	5312007	100	70.8533	34.7	56.4	KGMAR-2016-1200
KGMAR-2016-1200__pl_1	1	187807	68492	187807	100	82.5234	35	55.1	KGMAR-2016-1200
KGMAR-2016-1200__pl_2	1	2667	4943	2667	100	416.887	35	56.7	KGMAR-2016-1200
KGMAR-2019-2186__chr	1	5306834	2002781	5306834	100	102.399	34.9	58.1	KGMAR-2019-2186
KGMAR-2019-1497__chr	1	5270579	1383099	5270579	100	60.9335	35.8	56.5	KGMAR-2019-1497
KGMAR-2019-1497__pl_1	1	196095	77105	196095	100	90.9295	36	51.4	KGMAR-2019-1497
KGMAR-2019-1497__pl_2	1	110499	19814	110499	100	41.5168	36.1	57	KGMAR-2019-1497
KGMAR-2019-1497__pl_3	1	17017	7621	17017	100	104.17	34.9	57.4	KGMAR-2019-1497
KGMAR-2019-1497__pl_4	1	6213	16899	6213	100	625.457	35.2	57	KGMAR-2019-1497
KGMAR-2019-1497__pl_5	1	3788	8133	3788	100	507.967	36.1	57.1	KGMAR-2019-1497
KGMAR-2019-1497__pl_6	1	1900	10520	1900	100	1228.29	34.7	56.8	KGMAR-2019-1497
KGMAR-2019-1792__chr	1	5303093	2073038	5303093	100	93.3867	35.7	56.5	KGMAR-2019-1792
KGMAR-2019-1792__pl_1	1	151942	90773	151942	100	141.902	35.9	50.2	KGMAR-2019-1792
KGMAR-2019-1792__pl_2	1	122654	49567	122654	100	96.4407	35.9	52.6	KGMAR-2019-1792
2018-01-3094__chr	1	5238019	1211264	5238019	100	64.9339	34.5	58.5	2018-01-3094
2018-01-3094__pl_1	1	108402	16492	108330	99.9336	42.7418	34.8	0.0606	2018-01-3094
2018-01-3094__pl_2	1	54204	8354	54167	99.9317	43.1337	34.8	0.016	2018-01-3094
2018-01-3094__pl_3	1	42923	9147	42923	100	54.1376	35.3	51.2	2018-01-3094
2018-01-3094__pl_4	1	9294	5220	9294	100	155.269	34.3	58.8	2018-01-3094
2018-01-3094__pl_5	1	5631	4991	5631	100	242.601	34.8	58.8	2018-01-3094
2018-01-3094__pl_6	1	5463	1370	5463	100	67.5266	34.6	58.5	2018-01-3094
2018-01-3094__pl_7	1	3053	7997	3053	100	620.173	34.6	56.8	2018-01-3094
2018-01-2640__chr	1	5272379	1336392	5272379	100	70.7104	34.6	58.4	2018-01-2640
2018-01-2640__pl_1	1	148652	36613	148652	100	68.4364	34.9	56.8	2018-01-2640
2018-01-2640__pl_2	1	109452	23578	109452	100	59.8205	35.1	58.9	2018-01-2640
2018-01-2640__pl_3	1	82868	39069	82868	100	131.465	34.7	58.9	2018-01-2640
2018-01-2640__pl_4	1	5631	6984	5631	100	332.427	34.9	58.5	2018-01-2640
2018-01-2640__pl_5	1	5463	3304	5463	100	162.561	35	58.4	2018-01-2640
KGVET-2018-01-3794__chr	1	5267888	1714678	5267888	100	75.1957	34.8	56.5	KGVET-2018-01-3794
2018-01-2782__chr	1	5250366	1636138	5250366	100	80.0011	35.4	57.5	2018-01-2782
2018-01-778__chr	1	5234161	1380402	5234161	100	72.0014	34.1	59.3	2018-01-778
2018-01-778__pl_1	1	77938	31866	77938	100	111.939	34.4	59.4	2018-01-778
2018-01-778__pl_2	1	54425	34172	54425	100	170.801	34.4	59.7	2018-01-778
KGVET-2020-01-3513-1__chr	1	5351251	1483609	5351251	100	69.3187	35.2	57.4	KGVET-2020-01-3513-1
KGVET-2020-01-3421-1__chr	1	5235890	1459632	5235890	100	71.5742	35	57.7	KGVET-2020-01-3421-1
KGVET-2020-01-3421-1__pl_1	1	153877	77843	153877	100	129.917	35.3	56.1	KGVET-2020-01-3421-1
KGVET-2020-01-3421-1__pl_2	1	5874	10322	5874	100	409.989	35.3	55.5	KGVET-2020-01-3421-1
KGVET-2020-01-3421-1__pl_3	1	4091	2272	4091	100	119.213	35.3	47.8	KGVET-2020-01-3421-1
KGVET-2020-01-3421-1__pl_4	1	4074	1237	4074	100	55.9875	35.1	38.3	KGVET-2020-01-3421-1
KGVET-2020-01-3421-1__pl_5	1	1843	22846	1843	100	2643.5	35.5	51.3	KGVET-2020-01-3421-1
KGVET-2020-01-3421-1__pl_6	1	1306	19240	1306	100	3479.69	35.5	57.3	KGVET-2020-01-3421-1
KGVET-2020-01-3514__chr	1	5351057	2358949	5351057	100	106.195	35.5	56.9	KGVET-2020-01-3514
2018-01-2860__chr	1	5223344	1526719	5222968	99.9928	82.124	34.7	58.5	2018-01-2860
2018-01-2860__pl_1	1	5463	3572	5463	100	177.245	35	58.6	2018-01-2860
2018-01-2860__pl_2	1	5251	7882	5251	100	407.175	35	58.8	2018-01-2860
2018-01-2860__pl_3	1	1506	9915	1506	100	1636.45	35.1	57.9	2018-01-2860
2018-01-389__chr	1	5327507	1866151	5327507	100	81.5213	35.6	59.2	2018-01-389
KGVET-2020-01-3515__chr	1	5283334	845656	5283334	100	44.467	34.2	58.6	KGVET-2020-01-3515
KGVET-2020-01-3515__pl_1	1	237856	14813	237851	99.9979	17.0865	34.9	56.6	KGVET-2020-01-3515
KGMAR-2019-1766__chr	1	5079953	994707	5079953	100	46.7254	35.7	56.5	KGMAR-2019-1766
KGMAR-2019-1766__pl_1	1	249187	55130	249187	100	52.2068	35.8	53.7	KGMAR-2019-1766
KGMAR-2019-1766__pl_2	1	54905	37542	54905	100	162.288	35.9	57.1	KGMAR-2019-1766
KGMAR-2019-1766__pl_3	1	54725	13782	54725	100	59.3418	36	51	KGMAR-2019-1766
KGMAR-2019-1766__pl_4	1	2476	4374	2476	100	393.068	36	54.1	KGMAR-2019-1766
KGMAR-2019-1766__pl_5	1	2094	9592	2094	100	916.502	35.8	53.5	KGMAR-2019-1766
KGMAR-2019-1766__pl_6	1	1625	4157	1625	100	559.68	36.2	55.4	KGMAR-2019-1766
KGMAR-2019-1766__pl_7	1	1443	4052	1443	100	623.227	36.3	55.7	KGMAR-2019-1766
2018-01-1001__chr	1	5310593	1934873	5310593	100	96.0584	34	57.9	2018-01-1001
2018-01-1001__pl_1	1	114471	55975	114471	100	128.519	34.7	55.9	2018-01-1001
2018-01-1001__pl_2	1	108569	31245	108569	100	76.2666	34.6	58.4	2018-01-1001
2018-01-1001__pl_3	1	5631	8700	5631	100	399.007	34.5	58.1	2018-01-1001
2018-01-1001__pl_4	1	5463	17020	5463	100	820.946	34.4	58.4	2018-01-1001
2018-01-1001__pl_5	1	4091	5054	4091	100	315.821	34.3	58	2018-01-1001
2018-01-1001__pl_6	1	1457	7160	1457	100	1185.64	34.2	57.6	2018-01-1001
KGVETS-2019-01-2870__chr	1	5172574	2670705	5172574	100	96.7091	35.6	56.4	KGVETS-2019-01-2870
KGVETS-2019-01-2870__pl_1	1	274370	160450	274370	100	109.05	35.9	53	KGVETS-2019-01-2870
KGVETS-2019-01-2870__pl_2	1	232019	69454	232019	100	55.6665	36.1	54.4	KGVETS-2019-01-2870
KGVETS-2019-01-2870__pl_3	1	5263	6389	5263	100	232.522	35.9	56.5	KGVETS-2019-01-2870
KGVETS-2019-01-2870__pl_4	1	4678	8667	4678	100	350.272	35.6	56.8	KGVETS-2019-01-2870
KGVETS-2019-01-2870__pl_5	1	4055	19407	4055	100	908.048	36.4	56.9	KGVETS-2019-01-2870
KGVETS-2019-01-2870__pl_6	1	3967	21407	3967	100	1034.33	36.3	56.9	KGVETS-2019-01-2870
KGVETS-2019-01-2870__pl_7	1	2924	14735	2924	100	942.35	36.6	56.4	KGVETS-2019-01-2870
2018-01-2485__chr	1	5314429	1201742	5313887	99.9898	58.4612	35.3	57.5	2018-01-2485
2018-01-2485__pl_1	1	208334	77091	208334	100	95.3765	35.7	55.6	2018-01-2485
2018-01-2485__pl_2	1	9294	5577	9294	100	153.362	35.2	58.1	2018-01-2485
2018-01-2485__pl_3	1	5631	9145	5631	100	285.771	35.6	50.9	2018-01-2485
2018-01-2485__pl_4	1	5463	2175	5463	100	101.197	35.4	57.9	2018-01-2485
KGVETS-2019-01-476__chr	1	5377605	2078529	5377605	100	81.8482	35.7	55.6	KGVETS-2019-01-476
KGVETS-2019-01-476__pl_1	1	34786	18400	34786	100	112.569	35.8	55.6	KGVETS-2019-01-476
KGVETS-2019-01-476__pl_2	1	9294	8833	9294	100	201.736	35.8	56.4	KGVETS-2019-01-476
KGVETS-2019-01-4639__chr	1	5250843	1647869	5250843	100	85.919	32.4	58.4	KGVETS-2019-01-4639
KGVETS-2019-01-4639__pl_1	1	134615	40303	134615	100	82.1307	32.8	57.8	KGVETS-2019-01-4639
KGVETS-2019-01-4637__chr	1	5353997	2637009	5351523	99.9538	107.996	35.7	56.1	KGVETS-2019-01-4637
KGVETS-2019-01-4637__pl_1	1	151171	98142	151171	100	141.841	36	54.4	KGVETS-2019-01-4637
KGVETS-2019-01-4637__pl_2	1	10077	7707	10077	100	171.14	35.6	56.9	KGVETS-2019-01-4637
KGMAR-2016-319__chr	1	5273997	2104971	5273997	100	81.0461	34.9	55.6	KGMAR-2016-319
KGMAR-2016-319__pl_1	1	215261	106704	215261	100	99.8414	35.1	52.8	KGMAR-2016-319
KGVET-2020-01-2496-3__chr	1	5287267	1809791	5287267	100	85.8907	34.4	57.5	KGVET-2020-01-2496-3
KGVET-2020-01-2496-3__pl_1	1	194910	26173	194910	100	33.4505	35	57.8	KGVET-2020-01-2496-3
KGMAR-2019-1764__chr	1	5197806	1500791	5197806	100	68.5312	35.7	56.6	KGMAR-2019-1764
KGMAR-2019-1764__pl_1	1	137603	25226	137603	100	43.0162	36.1	55.5	KGMAR-2019-1764
KGMAR-2016-1397__chr	1	5143580	1308943	5143580	100	57.0944	34.7	55.6	KGMAR-2016-1397
KGMAR-2016-1397__pl_1	1	273289	90985	273289	100	74.3712	34.9	52.2	KGMAR-2016-1397
KGMAR-2016-1397__pl_2	1	104401	32226	104401	100	69.2861	34.9	50.9	KGMAR-2016-1397
KGMAR-2016-1397__pl_3	1	4464	6135	4464	100	313.649	34.8	56.6	KGMAR-2016-1397
KGMAR-2016-1397__pl_4	1	3549	4867	3549	100	307.707	35.1	56	KGMAR-2016-1397
KGMAR-2016-1397__pl_5	1	2671	9708	2671	100	803.861	33.5	57	KGMAR-2016-1397
KGVETS-2019-01-901__chr	1	5190271	1713612	5189939	99.9936	69.1663	35.8	55.8	KGVETS-2019-01-901
KGVETS-2019-01-901__pl_1	1	141237	35740	141237	100	52.6743	36	55.4	KGVETS-2019-01-901
KGVETS-2019-01-902__chr	1	5422152	1914877	5422152	100	73.9455	35.4	55.8	KGVETS-2019-01-902
KGVETS-2019-01-902__pl_1	1	189484	75366	189484	100	82.3149	35.7	53.6	KGVETS-2019-01-902
2018-01-3465__chr	1	5241774	1015658	5241774	100	40.5543	34.5	55.9	2018-01-3465
2018-01-3465__pl_1	1	124139	25021	124139	100	41.7247	34.8	52.7	2018-01-3465
2018-01-3465__pl_2	1	5631	3606	5631	100	133.889	34.8	56.4	2018-01-3465
2018-01-3465__pl_3	1	1552	4906	1552	100	614.556	34.9	55.1	2018-01-3465
KP_NORM_BLD_1032__chr	1	5470676	1588980	5469477	99.9781	68.2226	34.4	56.4	KP_NORM_BLD_1032
KP_NORM_BLD_1032__pl_1	1	204396	76906	204396	100	87.1047	34.7	55.7	KP_NORM_BLD_1032
KP_NORM_BLD_1032__pl_2	1	5251	7649	5251	100	304.043	35.2	55.9	KP_NORM_BLD_1032
KP_NORM_BLD_1032__pl_3	1	4000	15813	4000	100	806.755	35.4	55.7	KP_NORM_BLD_1032
KP_NORM_BLD_1032__pl_4	1	2495	23441	2495	100	1897.16	34.9	55.7	KP_NORM_BLD_1032
KGVETS-2019-01-4848__chr	1	5269972	1473991	5269972	100	66.624	35.6	56.8	KGVETS-2019-01-4848
KGVETS-2019-01-4848__pl_1	1	193286	71915	193284	99.999	88.2384	36	53.2	KGVETS-2019-01-4848
KGVETS-2019-01-4848__pl_2	1	109590	27618	109590	100	60.2372	36.1	57.1	KGVETS-2019-01-4848
KGVETS-2019-01-4848__pl_3	1	40392	7480	40392	100	43.3809	36.4	56.8	KGVETS-2019-01-4848
KGVETS-2019-01-4848__pl_4	1	5722	7815	5722	100	328.871	35.8	48.3	KGVETS-2019-01-4848
KGVETS-2019-01-4937__chr	1	5219391	3072234	5219391	100	122.52	36.1	55.7	KGVETS-2019-01-4937
KGVETS-2019-01-4937__pl_1	1	147121	97613	147121	100	137.283	36.4	55.4	KGVETS-2019-01-4937
KGVETS-2019-01-4937__pl_2	1	109914	110489	109914	100	207.803	36.4	54.8	KGVETS-2019-01-4937
KGVETS-2019-01-4548__chr	1	5269972	2130087	5269972	100	84.3813	35.9	55.8	KGVETS-2019-01-4548
KGVETS-2019-01-4548__pl_1	1	193286	100955	193285	99.9995	108.685	36.2	52.1	KGVETS-2019-01-4548
KGVETS-2019-01-4548__pl_2	1	109590	37929	109590	100	71.9959	36.3	56	KGVETS-2019-01-4548
KGVETS-2019-01-4548__pl_3	1	40392	11029	40392	100	56.1171	36.5	55.9	KGVETS-2019-01-4548
KGVETS-2019-01-4548__pl_4	1	5722	11595	5722	100	438.931	36.1	48.2	KGVETS-2019-01-4548
KGVETS-2019-01-4908__chr	1	5215663	1395329	5215663	100	64.0311	35.5	56.7	KGVETS-2019-01-4908
KGVETS-2019-01-4908__pl_1	1	106199	25724	106199	100	57.8388	35.9	57.3	KGVETS-2019-01-4908
KGVETS-2019-01-4908__pl_2	1	5266	7184	5266	100	316.789	35.7	55.7	KGVETS-2019-01-4908
KGVETS-2019-01-4908__pl_3	1	4315	7038	4315	100	393.633	36.1	57.1	KGVETS-2019-01-4908
KGVETS-2019-01-4908__pl_4	1	1888	11829	1888	100	1438.63	35.6	56.3	KGVETS-2019-01-4908
KGVETS-2019-01-4407__chr	1	5261907	1288629	5261907	100	57.5141	35.7	56.7	KGVETS-2019-01-4407
KGVETS-2019-01-4407__pl_1	1	155816	43018	155816	100	64.6593	36.1	55.1	KGVETS-2019-01-4407
KGVETS-2019-01-4407__pl_2	1	109461	39965	109461	100	85.6143	36.2	56.8	KGVETS-2019-01-4407
KGVETS-2019-01-4407__pl_3	1	54172	58631	54172	100	252.187	36	56.9	KGVETS-2019-01-4407
KGVETS-2019-01-5108__chr	1	5190342	1585957	5190342	100	71.6544	35.6	56.6	KGVETS-2019-01-5108
KGVETS-2019-01-5108__pl_1	1	191910	75819	191910	100	92.2165	36	54.6	KGVETS-2019-01-5108
KGVETS-2019-01-604__chr	1	5258435	1548046	5258435	100	60.6689	35.8	55.7	KGVETS-2019-01-604
KGVETS-2019-01-604__pl_1	1	110478	17555	110478	100	32.3942	36.2	56.1	KGVETS-2019-01-604
KGVETS-2019-01-897__chr	1	5252719	2049603	5252719	100	80.0552	35.8	55.5	KGVETS-2019-01-897
KGVETS-2019-01-897__pl_1	1	168907	97386	168907	100	117.672	36.1	54.9	KGVETS-2019-01-897
KGVETS-2019-01-897__pl_2	1	1877	18147	1877	100	1970.58	34.9	56.1	KGVETS-2019-01-897
KGVETS-2019-01-587__chr	1	5241878	1906388	5241878	100	75.7578	35.7	55.7	KGVETS-2019-01-587
KGVETS-2019-01-587__pl_1	1	191896	84005	191896	100	90.4608	36	53.3	KGVETS-2019-01-587
KGVETS-2019-01-587__pl_2	1	109699	34965	109699	100	65.7008	36.1	56.1	KGVETS-2019-01-587
KGVETS-2019-01-587__pl_3	1	1941	8687	1941	100	917.055	35.7	55.6	KGVETS-2019-01-587
KGVETS-2019-01-3127__chr	1	5201600	1654270	5201600	100	63.1611	35.9	55.6	KGVETS-2019-01-3127
KGVETS-2019-01-3127__pl_1	1	135713	37388	135713	100	54.1922	36.1	55	KGVETS-2019-01-3127
KGVETS-2019-01-3127__pl_2	1	111192	32862	111192	100	57.6472	36.2	55.5	KGVETS-2019-01-3127
KGVETS-2019-01-2201__chr	1	5423540	1119847	5423540	100	43.8191	35.2	55.7	KGVETS-2019-01-2201
KP_NORM_BLD_113321__chr	1	5246005	765716	5245811	99.9963	28.5977	35.2	55.2	KP_NORM_BLD_113321
KP_NORM_BLD_113321__pl_1	1	187834	24700	187834	100	25.6342	35.7	50	KP_NORM_BLD_113321
KGVETS-2019-01-376__chr	1	5348407	1577886	5348407	100	61.7113	35.8	55.8	KGVETS-2019-01-376
KGVETS-2019-01-376__pl_1	1	191895	68054	191895	100	73.6142	36	53.7	KGVETS-2019-01-376
KGVETS-2019-01-4380__chr	1	5311047	2406375	5311047	100	97.1232	35.9	55.9	KGVETS-2019-01-4380
KGVETS-2019-01-4380__pl_1	1	155817	78636	155817	100	108.255	36.2	54.1	KGVETS-2019-01-4380
KGVETS-2019-01-4380__pl_2	1	9294	9178	9294	100	214.481	35.9	56.7	KGVETS-2019-01-4380
KGVET-2020-01-2846-1__chr	1	5402258	2788480	5402258	100	126.774	34.7	57.2	KGVET-2020-01-2846-1
KGVET-2020-01-2318-1__chr	1	5328021	1224968	5328021	100	64.8414	34.1	58.5	KGVET-2020-01-2318-1
KGVET-2020-01-2318-1__pl_1	1	197410	18636	197410	100	26.4108	34.8	59	KGVET-2020-01-2318-1
KGVETS-2019-01-2116__chr	1	5571553	1307051	5571553	100	49.4207	35.2	55.9	KGVETS-2019-01-2116
KGVETS-2019-01-2116__pl_1	1	160222	39110	160222	100	51.1558	35.3	55.6	KGVETS-2019-01-2116
KGVETS-2019-01-3185__chr	1	5336402	1205242	5336402	100	49.1829	35.9	55.8	KGVETS-2019-01-3185
KGVETS-2019-01-3185__pl_1	1	210134	52191	210134	100	53.9042	36.2	55.4	KGVETS-2019-01-3185
KGVETS-2019-01-3185__pl_2	1	108158	11747	108158	100	23.4808	36.2	56.4	KGVETS-2019-01-3185
KGVETS-2019-01-3185__pl_3	1	54735	27027	54735	100	106.415	36.1	55	KGVETS-2019-01-3185
KGVETS-2019-01-3185__pl_4	1	9294	7448	9294	100	161.529	35.9	52.5	KGVETS-2019-01-3185
KGVETS-2019-01-3162__chr	1	5240090	2504054	5240090	100	92.3495	36	55.2	KGVETS-2019-01-3162
KGVETS-2019-01-3162__pl_1	1	164800	81742	164800	100	94.5391	36.2	53.5	KGVETS-2019-01-3162
KGVETS-2019-01-3162__pl_2	1	107283	27000	107283	100	47.9086	36.3	55.7	KGVETS-2019-01-3162
KGVETS-2019-01-3162__pl_3	1	10077	12392	10077	100	239.453	36	53.9	KGVETS-2019-01-3162
KGMAR-2019-604__chr	1	5335640	1426463	5335640	100	64.1315	35.6	56.9	KGMAR-2019-604
KGMAR-2019-604__pl_1	1	40428	16951	40428	100	100.261	35.8	55.4	KGMAR-2019-604
KGVETS-2019-01-1844__chr	1	5378252	1268749	5378252	100	49.1194	35.3	55.7	KGVETS-2019-01-1844
KGVETS-2019-01-1844__pl_1	1	202186	68837	202186	100	70.1503	35.6	53.7	KGVETS-2019-01-1844
KGVETS-2019-01-1844__pl_2	1	24916	7816	24803	99.5465	66.7408	35.7	56.4	KGVETS-2019-01-1844
KGVETS-2019-01-1844__pl_3	1	10058	5432	10058	100	114.113	35.3	54.7	KGVETS-2019-01-1844
KGVETS-2019-01-1844__pl_4	1	1546	12637	1546	100	1656.51	35.2	55.6	KGVETS-2019-01-1844
KGVETS-2019-01-1961__chr	1	5247455	1294705	5247442	99.9998	52.3121	35.3	55.8	KGVETS-2019-01-1961
KGVETS-2019-01-1961__pl_1	1	142485	39717	142485	100	58.7307	35.6	55.2	KGVETS-2019-01-1961
KGVETS-2019-01-1961__pl_2	1	109860	20694	109860	100	39.6327	35.6	56.4	KGVETS-2019-01-1961
KGVETS-2019-01-1961__pl_3	1	33148	10150	33148	100	66.1435	35.2	52.6	KGVETS-2019-01-1961
KGVET-2019-01-3472-4__chr	1	5179523	1685613	5179523	100	87.7019	33.7	58.1	KGVET-2019-01-3472-4
KGVET-2019-01-3472-4__pl_1	1	33288	7314	33288	100	58.1206	34.8	57.7	KGVET-2019-01-3472-4
KGVET-2019-01-3472-4__pl_2	1	5631	8665	5631	100	406.68	34.2	58.2	KGVET-2019-01-3472-4
KGVET-2019-01-3472-4__pl_3	1	5463	7097	5463	100	339.455	34.2	58.1	KGVET-2019-01-3472-4
KGVETS-2019-01-3158__chr	1	5412914	2425478	5412914	100	88.5449	35.9	55.4	KGVETS-2019-01-3158
KP_NORM_BLD_115351__chr	1	5361093	1887795	5361093	100	70.2646	33.6	55.5	KP_NORM_BLD_115351
KP_NORM_BLD_115351__pl_1	1	164385	88106	164385	100	105.367	34.2	49.5	KP_NORM_BLD_115351
KP_NORM_BLD_115351__pl_2	1	110661	78759	110661	100	139.696	34.2	55.2	KP_NORM_BLD_115351
KGVETS-2019-01-2303__chr	1	5222258	1818527	5222258	100	67.0426	36	55.3	KGVETS-2019-01-2303
KGVETS-2019-01-2303__pl_1	1	162526	49185	162526	100	57.6572	36.1	53	KGVETS-2019-01-2303
KGVETS-2019-01-4118__chr	1	5199032	1701827	5199032	100	71.0582	35.8	56.2	KGVETS-2019-01-4118
KGVETS-2019-01-4118__pl_1	1	151087	52722	151087	100	75.5012	36	54.6	KGVETS-2019-01-4118
KGVETS-2019-01-326__chr	1	5228899	2041820	5228899	100	84.1388	35.7	56	KGVETS-2019-01-326
KGVETS-2019-01-326__pl_1	1	188202	89004	188202	100	100.988	36	53.9	KGVETS-2019-01-326
KGVETS-2019-01-2871__chr	1	5148545	2833341	5148545	100	103.639	35.7	56.4	KGVETS-2019-01-2871
KGVETS-2019-01-2871__pl_1	1	112055	43273	112055	100	72.8964	36.2	56.9	KGVETS-2019-01-2871
KGVETS-2019-01-3187__chr	1	5304093	1385384	5304081	99.9998	59.2593	35.7	56.3	KGVETS-2019-01-3187
KGVETS-2019-01-3187__pl_1	1	134614	34830	134614	100	58.2863	36	56.5	KGVETS-2019-01-3187
KGMAR-2020-440__chr	1	5293138	3068297	5293138	100	125.659	35.9	56	KGMAR-2020-440
KGMAR-2020-440__pl_1	1	132386	151488	132386	100	247.526	36	55	KGMAR-2020-440
KGMAR-2020-440__pl_2	1	4813	10912	4813	100	500.01	36.2	56.5	KGMAR-2020-440
KP_NORM_BLD_116241__chr	1	5334129	1069388	5333992	99.9974	44.0313	32.9	56.7	KP_NORM_BLD_116241
KGVETS-2019-01-3793__chr	1	5318074	1419557	5318074	100	72.4887	32.4	58.2	KGVETS-2019-01-3793
KGVETS-2019-01-3793__pl_1	1	155822	42967	155822	100	75.5385	32.8	57	KGVETS-2019-01-3793
KGVET-2019-01-2264__chr	1	5251937	1936104	5251937	100	83.5731	34.8	56.3	KGVET-2019-01-2264
KP_NORM_BLD_116570__chr	1	5172703	1139828	5172674	99.9994	40.4811	35	54.8	KP_NORM_BLD_116570
KGMAR-2019-1459__chr	1	5325836	1760356	5325836	100	79.0926	35.6	56.2	KGMAR-2019-1459
KGMAR-2019-1459__pl_1	1	248591	99708	248589	99.9992	95.7785	35.9	50.9	KGMAR-2019-1459
KGMAR-2019-1459__pl_2	1	87189	35424	87185	99.9954	96.9379	35.8	51.3	KGMAR-2019-1459
KGMAR-2019-1459__pl_3	1	73392	24612	73392	100	79.7634	36	55.2	KGMAR-2019-1459
KGMAR-2019-1459__pl_4	1	5924	9733	5924	100	397.052	36	57.2	KGMAR-2019-1459
KGMAR-2019-1459__pl_5	1	4217	8720	4217	100	494.25	36.1	55.4	KGMAR-2019-1459
2018-01-714__chr	1	5081823	1795584	5081823	100	93.681	34.6	59.3	2018-01-714
2018-01-714__pl_1	1	245878	14192	245829	99.9801	14.8797	35.3	57.4	2018-01-714
KGVET-2020-01-2959-1__chr	1	5202254	973989	5202254	100	49.6365	34.2	58.1	KGVET-2020-01-2959-1
KGVET-2020-01-2959-1__pl_1	1	54204	21017	54201	99.9945	102.759	34.5	58.5	KGVET-2020-01-2959-1
KGVET-2020-01-2959-1__pl_2	1	5631	9353	5631	100	346.115	34.8	50.6	KGVET-2020-01-2959-1
KGMAR-2019-1417-2__chr	1	5143265	2194778	5143265	100	96.25	35.9	56.2	KGMAR-2019-1417-2
KGMAR-2019-1417-2__pl_1	1	177060	81905	177060	100	104.21	36.1	55.4	KGMAR-2019-1417-2
KGVET-2020-01-2677-1__chr	1	5287320	2183735	5287254	99.9988	101.053	34.8	57.1	KGVET-2020-01-2677-1
KGVET-2020-01-2677-1__pl_1	1	61089	30370	60914	99.7135	121.157	35.7	57.4	KGVET-2020-01-2677-1
KGVET-2020-01-2677-1__pl_2	1	6094	21041	6094	100	854.943	35	57.8	KGVET-2020-01-2677-1
KGVET-2020-01-2677-1__pl_3	1	5463	3865	5463	100	170.357	35.1	57.3	KGVET-2020-01-2677-1
KGVETS-2019-01-1759__chr	1	5228346	956767	5228346	100	40.1304	35	56	KGVETS-2019-01-1759
KGVETS-2019-01-1759__pl_1	1	150155	34940	150155	100	50.6278	35.3	56.3	KGVETS-2019-01-1759
KGVETS-2019-01-1759__pl_2	1	9294	3890	9294	100	92.0391	35	56.5	KGVETS-2019-01-1759
KGVETS-2019-01-1378__chr	1	5358389	1377486	5358257	99.9975	54.7775	35.6	55.3	KGVETS-2019-01-1378
KGVETS-2019-01-1378__pl_1	1	134614	32362	134614	100	50.8955	35.8	36.5	KGVETS-2019-01-1378
KGVETS-2019-01-1378__pl_2	1	109444	18734	109444	100	35.9999	35.9	56.1	KGVETS-2019-01-1378
KGVET-2020-01-1661__chr	1	5387724	1033582	5387724	100	53.8579	34.3	58.4	KGVET-2020-01-1661
KGVET-2020-01-1661__pl_1	1	199130	44582	199130	100	62.928	34.5	55.5	KGVET-2020-01-1661
KGVET-2020-01-1661__pl_2	1	105099	28364	105099	100	75.7623	34.6	54.3	KGVET-2020-01-1661
KGVET-2020-01-1661__pl_3	1	1506	14692	1506	100	2455.41	34.5	58.1	KGVET-2020-01-1661
2018-01-4639__chr	1	5207981	1423186	5207926	99.9989	74.0215	34.1	58.3	2018-01-4639
2018-01-4639__pl_1	1	261211	11314	260293	99.6486	11.3807	34.8	52.5	2018-01-4639
2018-01-4639__pl_2	1	188280	30563	188280	100	43.7831	34.6	53	2018-01-4639
2018-01-4639__pl_3	1	96910	32924	96910	100	91.8657	34.4	51.9	2018-01-4639
KGVETS-2019-01-1806__chr	1	5366405	1143504	5366405	100	43.4576	35.2	55.5	KGVETS-2019-01-1806
KGVETS-2019-01-1806__pl_1	1	148386	45492	148386	100	62.1376	35.5	53.5	KGVETS-2019-01-1806
KGVETS-2019-01-1806__pl_2	1	105968	21918	105968	100	42.1608	35.5	56	KGVETS-2019-01-1806
KGVETS-2019-01-1806__pl_3	1	6871	3200	6871	100	95.7586	35.2	55.9	KGVETS-2019-01-1806
KGVETS-2019-01-1806__pl_4	1	5932	2334	5932	100	79.2382	35.5	55.9	KGVETS-2019-01-1806
KGVETS-2019-01-1806__pl_5	1	1549	8833	1549	100	1111.16	35.2	55.2	KGVETS-2019-01-1806
2018-01-2730__chr	1	5239870	1528750	5239870	100	62.4106	35.1	59.1	2018-01-2730
2018-01-2730__pl_1	1	148650	47477	148645	99.9966	67.7191	35.4	56.8	2018-01-2730
2018-01-2730__pl_2	1	109458	28110	109458	100	54.8435	35.5	59.6	2018-01-2730
2018-01-2730__pl_3	1	77109	34742	77109	100	97.2979	35.3	59.1	2018-01-2730
2018-01-2730__pl_4	1	5631	4807	5631	100	176.903	35.5	59.3	2018-01-2730
KP_NORM_BLD_13379__chr	1	5373551	1453564	5373551	100	61.3771	32.5	55.7	KP_NORM_BLD_13379
KP_NORM_BLD_13379__pl_1	1	147392	61808	147382	99.9932	91.8949	33	52.5	KP_NORM_BLD_13379
KP_NORM_BLD_13379__pl_2	1	109262	20444	109262	100	41.7144	33.2	56.4	KP_NORM_BLD_13379
KP_NORM_BLD_13379__pl_3	1	101870	43517	101870	100	94.7346	32.8	54.5	KP_NORM_BLD_13379
KGVET-2020-01-2661__chr	1	5354829	1880251	5354829	100	88.1844	34.4	57.1	KGVET-2020-01-2661
KGVET-2020-01-2661__pl_1	1	125338	43524	125338	100	87.0497	34.8	54.5	KGVET-2020-01-2661
KGVET-2020-01-2661__pl_2	1	31859	8740	31859	100	67.3234	36.1	57.5	KGVET-2020-01-2661
KGVET-2020-01-2158-1__chr	1	5308542	1300973	5308542	100	67.2658	32.2	58.2	KGVET-2020-01-2158-1
KGVET-2020-01-2158-1__pl_1	1	177995	71260	177995	100	110.065	32.8	56.6	KGVET-2020-01-2158-1
KGVET-2020-01-2158-1__pl_2	1	9294	3907	9294	100	115.341	31.9	58.8	KGVET-2020-01-2158-1
KGVET-2020-01-2158-1__pl_3	1	5631	6638	5631	100	318.644	32.7	58.6	KGVET-2020-01-2158-1
KGVET-2020-01-2158-1__pl_4	1	5463	3288	5463	100	164.257	32.5	58.6	KGVET-2020-01-2158-1
KGVET-2020-01-2158-1__pl_5	1	1843	28685	1843	100	3938.39	33	58.1	KGVET-2020-01-2158-1
KGVET-2020-01-2158-1__pl_6	1	1506	9807	1506	100	1624.85	32.6	57.8	KGVET-2020-01-2158-1
KGVET-2020-01-2158-1__pl_7	1	1335	0	0	0	0	0	0	KGVET-2020-01-2158-1
KGMAR-2020-428__chr	1	5180779	2301615	5180779	100	96.1768	35.6	55.9	KGMAR-2020-428
KGMAR-2020-428__pl_1	1	224996	162305	224996	100	155.813	35.8	51.5	KGMAR-2020-428
KGMAR-2020-428__pl_2	1	115157	40813	115157	100	76.4577	36	55.1	KGMAR-2020-428
KGMAR-2020-428__pl_3	1	68699	46885	68699	100	150.162	35.7	50.8	KGMAR-2020-428
KGMAR-2020-428__pl_4	1	4165	8318	4165	100	427.661	35.8	54	KGMAR-2020-428
KGMAR-2020-428__pl_5	1	3549	13045	3549	100	828.066	35.8	53	KGMAR-2020-428
KGMAR-2020-428__pl_6	1	2733	5066	2733	100	400.588	35.8	56.2	KGMAR-2020-428
KGVET-2020-01-236-2__chr	1	5329169	1699752	5329169	100	85.5103	32.1	58.2	KGVET-2020-01-236-2
KGVET-2020-01-236-2__pl_1	1	9294	4685	9294	100	134.085	31.8	58.7	KGVET-2020-01-236-2
KGVET-2020-01-236-2__pl_2	1	5631	5948	5631	100	276.526	32.5	58.4	KGVET-2020-01-236-2
KGVET-2020-01-236-2__pl_3	1	5463	5669	5463	100	276.525	32.4	58.4	KGVET-2020-01-236-2
KGVET-2020-01-236-2__pl_4	1	1527	10240	1527	100	1601.76	32.4	57.4	KGVET-2020-01-236-2
KP_NORM_BLD_13738__chr	1	5320172	1546049	5319846	99.9939	55.6132	34.6	54.8	KP_NORM_BLD_13738
KP_NORM_BLD_13738__pl_1	1	68236	50022	68236	100	140.955	35.5	53.5	KP_NORM_BLD_13738
KP_NORM_BLD_13738__pl_2	1	66055	73639	66055	100	215.422	34.9	56.1	KP_NORM_BLD_13738
KP_NORM_BLD_13738__pl_3	1	52953	30026	52953	100	109.392	35.1	47	KP_NORM_BLD_13738
KP_NORM_BLD_13738__pl_4	1	21259	20003	21259	100	179.64	35.3	51.2	KP_NORM_BLD_13738
KP_NORM_BLD_13738__pl_5	1	3733	39718	3733	100	1936.13	36.2	55.4	KP_NORM_BLD_13738
KP_NORM_BLD_13738__pl_6	1	3336	18888	3336	100	1043.53	35.7	55.7	KP_NORM_BLD_13738
KGVET-2020-01-126__chr	1	5190314	1154075	5190314	100	61.8897	34.3	58.4	KGVET-2020-01-126
KGVETS-2019-01-1380__chr	1	5694896	1868341	5694844	99.9991	70.1035	35.2	56	KGVETS-2019-01-1380
KGVETS-2019-01-1380__pl_1	1	157153	59167	157153	100	80.132	35.4	55.2	KGVETS-2019-01-1380
KGVET-2020-01-2067-1__chr	1	5364693	976605	5364693	100	50.8458	34.2	58.4	KGVET-2020-01-2067-1
KGVET-2020-01-2067-1__pl_1	1	3972	8844	3972	100	608.343	34.7	58.9	KGVET-2020-01-2067-1
KGVETS-2019-01-1382__chr	1	5378254	2008922	5378254	100	77.4477	35.6	55.7	KGVETS-2019-01-1382
KGVETS-2019-01-1382__pl_1	1	175479	91031	175479	100	106.405	35.9	54.8	KGVETS-2019-01-1382
KGVETS-2019-01-1382__pl_2	1	33709	14436	33709	100	88.8125	35.8	55.5	KGVETS-2019-01-1382
KGVETS-2019-01-1382__pl_3	1	10058	9101	10058	100	191.56	35.5	54	KGVETS-2019-01-1382
KGVETS-2019-01-1382__pl_4	1	1546	13814	1546	100	1798.53	35.6	55.7	KGVETS-2019-01-1382
KGVETS-2019-01-1761__chr	1	5420965	1472282	5420965	100	56.7384	35.3	55.5	KGVETS-2019-01-1761
KGVETS-2019-01-1761__pl_1	1	165959	57558	165959	100	71.7595	35.5	55.7	KGVETS-2019-01-1761
KGVETS-2019-01-1760__chr	1	5257891	1328540	5257891	100	53.6634	35.1	55.9	KGVETS-2019-01-1760
KGVETS-2019-01-1760__pl_1	1	150155	45254	150155	100	63.5815	35.4	56.2	KGVETS-2019-01-1760
KGVETS-2019-01-1760__pl_2	1	54253	25251	53654	98.8959	97.4053	35.3	56.3	KGVETS-2019-01-1760
KGVETS-2019-01-1760__pl_3	1	9294	5377	9294	100	124.422	35	56.5	KGVETS-2019-01-1760
2018-01-707__chr	1	5315792	1590025	5315792	100	81.0686	34.2	59.2	2018-01-707
2018-01-707__pl_1	1	208334	82150	208334	100	106.725	34.7	57.5	2018-01-707
2018-01-707__pl_2	1	9294	6696	9294	100	193.668	34.1	59.6	2018-01-707
2018-01-707__pl_3	1	5631	6434	5631	100	302.897	34.5	59.3	2018-01-707
2018-01-707__pl_4	1	5463	2598	5463	100	122.533	34.4	58.9	2018-01-707
2018-01-707__pl_5	1	1552	11059	1552	100	1702	34.4	54.1	2018-01-707
2018-01-707__pl_6	1	1506	5806	1506	100	950.666	34.4	51.9	2018-01-707
2018-01-711__chr	1	5214509	1649003	5214509	100	86.1575	34.1	59.2	2018-01-711
2018-01-711__pl_1	1	5631	7885	5631	100	370.201	34.6	59.3	2018-01-711
2018-01-711__pl_2	1	3749	2318	3749	100	159.674	34.1	58.8	2018-01-711
2018-01-711__pl_3	1	3068	9889	3068	100	837.953	34.9	59	2018-01-711
2018-01-711__pl_4	1	1506	3490	1506	100	557.431	34.6	58.5	2018-01-711
2018-01-1584__chr	1	5228166	1513409	5228153	99.9998	74.8525	34.3	57.7	2018-01-1584
2018-01-1584__pl_1	1	54170	33958	54170	100	161.864	34.7	58.2	2018-01-1584
2018-01-1584__pl_2	1	51081	11775	51081	100	59.9785	35.2	55.1	2018-01-1584
2018-01-1584__pl_3	1	5463	2031	5463	100	94.3771	34.8	57.9	2018-01-1584
2018-01-1584__pl_4	1	2255	9818	2255	100	1076.21	35.2	57.7	2018-01-1584
KGVET-2020-01-3721-3__chr	1	5269207	1302452	5269207	100	57.8596	34.2	58.5	KGVET-2020-01-3721-3
KGVET-2020-01-3721-3__pl_1	1	204622	52580	204622	100	60.3975	34.7	58	KGVET-2020-01-3721-3
KGVET-2020-01-2800-1__chr	1	5277303	1410813	5277303	100	65.6044	34.8	57.2	KGVET-2020-01-2800-1
KGMAR-2016-563__chr	1	5319059	2238970	5319059	100	82.8461	35.2	55.3	KGMAR-2016-563
KGMAR-2016-563__pl_1	1	94807	38124	94807	100	79.4716	35.4	53	KGMAR-2016-563
KGMAR-2016-563__pl_2	1	49942	25772	49942	100	102.967	35.4	49.8	KGMAR-2016-563
KGMAR-2016-563__pl_3	1	4437	9290	4437	100	424.668	35.4	54	KGMAR-2016-563
KGMAR-2016-563__pl_4	1	4091	5411	4091	100	268.18	35.2	53.5	KGMAR-2016-563
KGVET-2020-01-202-1__chr	1	5128607	1212592	5128607	100	65.0074	34	58.3	KGVET-2020-01-202-1
KGVET-2020-01-202-1__pl_1	1	5463	2753	5463	100	136.269	34.3	58.6	KGVET-2020-01-202-1
2018-01-1024__chr	1	5123193	1511262	5123165	99.9995	77.2946	34.3	58	2018-01-1024
2018-01-1024__pl_1	1	129069	55247	129069	100	111.981	34.8	57.2	2018-01-1024
2018-01-1024__pl_2	1	34613	12665	34613	100	96.2581	34.7	57.6	2018-01-1024
2018-01-1024__pl_3	1	31244	7877	31244	100	65.785	35.4	57.3	2018-01-1024
2018-01-1024__pl_4	1	5775	6846	5774	99.9827	315.43	34.7	58.6	2018-01-1024
2018-01-1024__pl_5	1	5631	7190	5631	100	328.411	34.7	58.1	2018-01-1024
2018-01-1024__pl_6	1	5540	2592	5540	100	121.149	34.8	58.3	2018-01-1024
2018-01-1024__pl_7	1	1546	3648	1546	100	544.041	34.3	57.5	2018-01-1024
2018-01-1024__pl_8	1	1506	2634	1506	100	402.479	34.9	56.9	2018-01-1024
KGMAR-2016-1076__chr	1	5243831	1508026	5243831	100	65.8939	34.6	56.5	KGMAR-2016-1076
KGMAR-2016-1076__pl_1	1	224503	84001	224500	99.9987	84.8201	34.8	41.3	KGMAR-2016-1076
KGMAR-2016-1076__pl_2	1	103526	95314	103526	100	211.632	34.8	44	KGMAR-2016-1076
KGMAR-2016-1076__pl_3	1	13760	3386	13760	100	52.1149	35	43.5	KGMAR-2016-1076
KGMAR-2016-1076__pl_4	1	8839	4659	8839	100	121.808	34.6	55.9	KGMAR-2016-1076
KGMAR-2016-1076__pl_5	1	6098	3340	6098	100	125.388	35	56.9	KGMAR-2016-1076
KGMAR-2016-1076__pl_6	1	3676	3699	3676	100	223.443	34.9	43.9	KGMAR-2016-1076
KGMAR-2016-1076__pl_7	1	1335	12197	1335	100	1972.45	34.9	56.3	KGMAR-2016-1076
2018-01-2734__chr	1	5283357	1741479	5283357	100	72.3867	35.1	59.1	2018-01-2734
2018-01-2734__pl_1	1	142039	52847	142039	100	81.5639	35.4	57.9	2018-01-2734
2018-01-2734__pl_2	1	77941	36562	77941	100	104.144	35.3	56.8	2018-01-2734
KGVET-2020-04-18146__chr	1	5241320	2589223	5241320	100	105.169	35.9	56.3	KGVET-2020-04-18146
KGVET-2020-04-18146__pl_1	1	348066	246146	348066	100	150.629	36.5	55.3	KGVET-2020-04-18146
KGVET-2020-04-18146__pl_2	1	124139	43421	124139	100	74.5251	36.6	47.7	KGVET-2020-04-18146
KGVET-2020-04-18146__pl_3	1	5631	18636	5631	100	693.221	36.5	57	KGVET-2020-04-18146
KGVET-2020-04-18146__pl_4	1	1552	29448	1552	100	3746.24	36.5	55.5	KGVET-2020-04-18146
KGVET-2020-01-4327__chr	1	5307558	1045070	5307558	100	46.8052	35.8	58.1	KGVET-2020-01-4327
KGVET-2020-01-468-1__chr	1	5301068	2575999	5301068	100	112.556	35	57.9	KGVET-2020-01-468-1
KGVET-2020-01-468-1__pl_1	1	151580	63083	151580	100	96.9854	35.9	55.8	KGVET-2020-01-468-1
KGVET-2020-01-468-1__pl_2	1	84144	50233	84144	100	138.644	35.5	58.2	KGVET-2020-01-468-1
KGVET-2020-01-468-1__pl_3	1	5311	15422	5311	100	664.488	35.5	58.2	KGVET-2020-01-468-1
KGVET-2020-01-4249-1__chr	1	5216222	1745636	5216222	100	80.7556	34.4	56.9	KGVET-2020-01-4249-1
KGVET-2020-01-4249-1__pl_1	1	109963	18923	109963	100	41.415	34.9	57.3	KGVET-2020-01-4249-1
KGVET-2020-01-4249-1__pl_2	1	54935	37146	54935	100	162.102	34.7	54.4	KGVET-2020-01-4249-1
KGVET-2020-01-4249-1__pl_3	1	5631	5649	5631	100	236.452	34.6	56.9	KGVET-2020-01-4249-1
KGVET-2020-01-4249-1__pl_4	1	5463	2568	5463	100	110.834	34.7	56.9	KGVET-2020-01-4249-1
2018-01-2085__chr	1	5299008	1596094	5298634	99.9929	64.5624	34.4	59	2018-01-2085
2018-01-2085__pl_1	1	106344	22999	106344	100	46.1102	35	59.1	2018-01-2085
2018-01-2085__pl_2	1	6810	3387	6808	99.9706	103.483	34.9	51.1	2018-01-2085
2018-01-2085__pl_3	1	5631	7324	5631	100	272.625	34.9	55.8	2018-01-2085
2018-01-2085__pl_4	1	5463	2041	5463	100	73.6888	35	57.9	2018-01-2085
KGVET-2020-01-3775-3__chr	1	5285398	1595979	5285398	100	80.5915	34.5	58	KGVET-2020-01-3775-3
KGVET-2020-01-3775-3__pl_1	1	6745	7374	6745	100	292.097	35	58.5	KGVET-2020-01-3775-3
KGVET-2020-01-3775-3__pl_2	1	1558	8026	1558	100	1243.62	34.7	57.2	KGVET-2020-01-3775-3
KP_NORM_BLD_2008_54823__chr	1	5384962	2361060	5384886	99.9986	99.6534	34.5	56.9	KP_NORM_BLD_2008_54823
KP_NORM_BLD_2008_54823__pl_1	1	206151	35790	206151	100	39.1989	35.1	47.8	KP_NORM_BLD_2008_54823
KP_NORM_BLD_2008_54823__pl_2	1	113639	20339	113618	99.9815	40.4032	35	45.6	KP_NORM_BLD_2008_54823
KP_NORM_BLD_2008_54823__pl_3	1	43382	11048	43381	99.9977	56.9535	35.8	54.9	KP_NORM_BLD_2008_54823
KP_NORM_BLD_2008_54823__pl_4	1	13841	16372	13841	100	259.633	35.1	55.3	KP_NORM_BLD_2008_54823
KP_NORM_BLD_2008_54367__chr	1	5313767	1976586	5312770	99.9812	86.0865	34.1	57.5	KP_NORM_BLD_2008_54367
KP_NORM_BLD_2008_54367__pl_1	1	129374	19407	129226	99.8856	34.3616	34.6	51.3	KP_NORM_BLD_2008_54367
KP_NORM_BLD_2008_54367__pl_2	1	102004	12657	101987	99.9833	28.6136	35	50.3	KP_NORM_BLD_2008_54367
KP_NORM_BLD_2008_54367__pl_3	1	10046	5377	10046	100	121.052	34.4	57.9	KP_NORM_BLD_2008_54367
KP_NORM_BLD_2008_54367__pl_4	1	4991	26098	4991	100	1124.22	35.7	56.7	KP_NORM_BLD_2008_54367
KP_NORM_BLD_2008_54367__pl_5	1	4863	12951	4863	100	581.026	35.7	57.1	KP_NORM_BLD_2008_54367
KP_NORM_BLD_2007_48114__chr	1	5315965	665848	5315599	99.9931	33.5751	32.5	58.1	KP_NORM_BLD_2007_48114
KP_NORM_BLD_2007_48102__chr	1	5313537	1571058	5313438	99.9981	70.1079	34.1	57.9	KP_NORM_BLD_2007_48102
KP_NORM_BLD_2007_48102__pl_1	1	204238	17311	204153	99.9584	19.9834	34.7	51.4	KP_NORM_BLD_2007_48102
KP_NORM_BLD_2007_48102__pl_2	1	111311	9570	111308	99.9973	20.4864	35.2	58.1	KP_NORM_BLD_2007_48102
KP_NORM_BLD_2005_1167__chr	1	5366933	1077522	5366698	99.9956	45.9731	33.6	57.4	KP_NORM_BLD_2005_1167
KP_NORM_BLD_2005_1167__pl_1	1	144473	38939	144473	100	61.5673	34.1	57.4	KP_NORM_BLD_2005_1167
KP_NORM_BLD_2005_1167__pl_2	1	110928	28524	110928	100	59.0762	34.3	58	KP_NORM_BLD_2005_1167
KP_NORM_BLD_2005_1167__pl_3	1	69708	48902	69708	100	159.386	34.4	56.9	KP_NORM_BLD_2005_1167
KP_NORM_BLD_2005_1167__pl_4	1	43071	9805	43071	100	51.9723	34.4	56.3	KP_NORM_BLD_2005_1167
KP_NORM_BLD_2005_1167__pl_5	1	5689	7837	5689	100	299.789	34.7	57	KP_NORM_BLD_2005_1167
KP_NORM_BLD_2007_46696__chr	1	5270700	2804074	5258340	99.7655	131.62	33.4	57.5	KP_NORM_BLD_2007_46696
KP_NORM_BLD_2007_46696__pl_1	1	217097	93354	203412	93.6964	108.425	33.5	55	KP_NORM_BLD_2007_46696
KP_NORM_BLD_2007_46696__pl_2	1	8810	2459	8788	99.7503	68.6236	33.3	0.00732	KP_NORM_BLD_2007_46696
KP_NORM_BLD_2006_37102__chr	1	5302131	674609	5302004	99.9976	29.1064	33.2	57.1	KP_NORM_BLD_2006_37102
KP_NORM_BLD_2006_37102__pl_1	1	100973	20088	100973	100	45.3059	33.7	47.9	KP_NORM_BLD_2006_37102
KP_NORM_BLD_2006_37102__pl_2	1	58182	18278	58182	100	71.2875	33.6	49.9	KP_NORM_BLD_2006_37102
KP_NORM_BLD_2006_37102__pl_3	1	3852	23960	3852	100	1338.87	34.4	57	KP_NORM_BLD_2006_37102
KP_NORM_BLD_1883__chr	1	5239635	1511355	5237664	99.9624	65.6234	33	56.7	KP_NORM_BLD_1883
KP_NORM_BLD_1883__pl_1	1	335741	98375	335682	99.9824	65.8289	34.1	52.5	KP_NORM_BLD_1883
KP_NORM_BLD_1883__pl_2	1	221332	88215	221332	100	90.1711	33.7	50.5	KP_NORM_BLD_1883
KP_NORM_BLD_1883__pl_3	1	5840	31571	5840	100	1097.53	34.4	54.3	KP_NORM_BLD_1883
KP_NORM_BLD_1883__pl_4	1	3302	11284	3302	100	697.834	34.3	55.4	KP_NORM_BLD_1883
KP_NORM_BLD_14222__chr	1	5249680	596348	5248835	99.9839	32.0465	32.2	58.6	KP_NORM_BLD_14222
KP_NORM_BLD_14222__pl_1	1	198549	22259	198549	100	31.9133	32.6	57.5	KP_NORM_BLD_14222
KP_NORM_BLD_14222__pl_2	1	4095	7048	4095	100	458.204	33.7	58.1	KP_NORM_BLD_14222
KP_NORM_BLD_14222__pl_3	1	3556	11955	3556	100	755.461	33.6	57.6	KP_NORM_BLD_14222
KP_NORM_BLD_1692__chr	1	5207251	1388683	5206515	99.9859	61.7397	34.8	57.8	KP_NORM_BLD_1692
KP_NORM_BLD_2006_36504__chr	1	5299847	1114038	5299534	99.9941	47.7348	34.7	57.3	KP_NORM_BLD_2006_36504
KP_NORM_BLD_2006_36504__pl_1	1	172255	61054	172255	100	80.0162	35.4	55.1	KP_NORM_BLD_2006_36504
KP_NORM_BLD_2006_36504__pl_2	1	109838	53125	109838	100	109.789	35.6	57.9	KP_NORM_BLD_2006_36504
KP_NORM_BLD_2006_36504__pl_3	1	3960	26461	3960	100	1423.28	35.9	57	KP_NORM_BLD_2006_36504
KP_NORM_BLD_14179__chr	1	5150123	662362	5148850	99.9753	28.5854	36.6	56.5	KP_NORM_BLD_14179
KP_NORM_BLD_14179__pl_1	1	255602	41901	255602	100	36.257	37.1	54.1	KP_NORM_BLD_14179
KP_NORM_BLD_14179__pl_2	1	4166	13582	4166	100	639.682	37.1	54.8	KP_NORM_BLD_14179
KP_NORM_BLD_13886__chr	1	5530897	1101570	5530490	99.9926	38.2053	35.5	55.6	KP_NORM_BLD_13886
KP_NORM_BLD_13886__pl_1	1	187124	38371	187124	100	38.7439	36.1	55.6	KP_NORM_BLD_13886
KP_NORM_BLD_14164__chr	1	5229386	1634623	5228722	99.9873	71.6507	36.5	57.5	KP_NORM_BLD_14164
KP_NORM_BLD_14164__pl_1	1	44090	19130	44090	100	97.7006	37.2	53.1	KP_NORM_BLD_14164
KP_NORM_BLD_14164__pl_2	1	4162	12406	4162	100	620.046	37.4	56.3	KP_NORM_BLD_14164
KP_NORM_BLD_14164__pl_3	1	4052	9606	4052	100	516.664	36.9	56.9	KP_NORM_BLD_14164
KP_NORM_BLD_14177__chr	1	5346999	470255	5335720	99.7891	19.496	36.6	56.3	KP_NORM_BLD_14177
KP_NORM_BLD_14177__pl_1	1	56348	10325	56347	99.9982	40.3357	37.1	54.5	KP_NORM_BLD_14177
KP_NORM_BLD_14177__pl_2	1	32687	10140	32687	100	68.5892	36.8	40.6	KP_NORM_BLD_14177
KP_NORM_BLD_14177__pl_3	1	31703	6865	31703	100	46.6102	37.3	56.9	KP_NORM_BLD_14177
KP_NORM_BLD_14177__pl_4	1	4809	8176	4809	100	344.738	37.7	55.6	KP_NORM_BLD_14177
KP_NORM_BLD_13889__chr	1	5125844	1500356	5125822	99.9996	57.0903	35.4	55.4	KP_NORM_BLD_13889
KP_NORM_BLD_13889__pl_1	1	107159	71106	107159	100	122.9	35.9	52.3	KP_NORM_BLD_13889
KP_NORM_BLD_13889__pl_2	1	68052	70365	68052	100	196.376	35.8	55.2	KP_NORM_BLD_13889
KP_NORM_BLD_13889__pl_3	1	53796	47242	53787	99.9833	169.363	35.9	56.3	KP_NORM_BLD_13889
KP_NORM_BLD_13889__pl_4	1	4416	51393	4416	100	1844.06	37.1	53.8	KP_NORM_BLD_13889
KP_NORM_BLD_13889__pl_5	1	1916	40845	1916	100	3514.07	36.1	50.1	KP_NORM_BLD_13889
KP_NORM_BLD_1339__chr	1	5527376	1897897	5527306	99.9987	78.84	32.6	56.7	KP_NORM_BLD_1339
KP_NORM_BLD_13880__chr	1	5450082	1086417	5449894	99.9966	39.4263	35.6	55.2	KP_NORM_BLD_13880
KP_NORM_BLD_13880__pl_1	1	218098	51109	218098	100	45.3372	36.1	51.1	KP_NORM_BLD_13880
KP_NORM_BLD_13880__pl_2	1	112869	21760	112869	100	37.9922	36.4	56.5	KP_NORM_BLD_13880
KP_NORM_BLD_13880__pl_3	1	10011	27674	10011	100	485.746	36.6	48.7	KP_NORM_BLD_13880
KP_NORM_BLD_13880__pl_4	1	1917	15503	1917	100	1357.05	36.2	54.3	KP_NORM_BLD_13880
KP_NORM_BLD_13757__chr	1	5172975	812073	5172920	99.9989	37.1043	33.8	58	KP_NORM_BLD_13757
KP_NORM_BLD_13757__pl_1	1	111174	25199	111174	100	53.7527	35	58.4	KP_NORM_BLD_13757
KP_NORM_BLD_13757__pl_2	1	4841	6055	4841	100	291.872	35.3	57.8	KP_NORM_BLD_13757
KP_NORM_BLD_13757__pl_3	1	3574	5651	3574	100	361.411	35.1	57.1	KP_NORM_BLD_13757
KP_NORM_BLD_13748__chr	1	5284064	356738	5274231	99.8139	13.1393	34.4	55.6	KP_NORM_BLD_13748
KP_NORM_BLD_13748__pl_1	1	183227	19000	183226	99.9995	19.9939	35	52	KP_NORM_BLD_13748
KP_NORM_BLD_13748__pl_2	1	103454	14616	103454	100	27.6537	34.8	45.3	KP_NORM_BLD_13748
KP_NORM_BLD_13748__pl_3	1	57067	8498	57059	99.986	29.1326	35	35.2	KP_NORM_BLD_13748
KP_NORM_BLD_13748__pl_4	1	8828	1383	8828	100	29.4994	35.2	55.5	KP_NORM_BLD_13748
KP_NORM_BLD_13748__pl_5	1	5032	7547	5032	100	273.019	36	34.1	KP_NORM_BLD_13748
KP_NORM_BLD_13748__pl_6	1	4894	6579	4894	100	244.865	36.1	30	KP_NORM_BLD_13748
KP_NORM_BLD_13748__pl_7	1	3629	3986	3629	100	201.559	35.2	54.3	KP_NORM_BLD_13748
KP_NORM_BLD_13748__pl_8	1	1965	5013	1885	95.9288	461.93	34.8	55.3	KP_NORM_BLD_13748
KP_NORM_BLD_13377__chr	1	5085062	2267377	5085062	100	100.164	32.7	56.3	KP_NORM_BLD_13377
KP_NORM_BLD_13382__chr	1	5207570	979162	5207480	99.9983	26.8304	35.7	57.1	KP_NORM_BLD_13382
KP_NORM_BLD_13382__pl_1	1	165498	25913	165498	100	22.1252	36.2	51.3	KP_NORM_BLD_13382
KP_NORM_BLD_13382__pl_2	1	48195	8659	48195	100	25.6473	36	53.7	KP_NORM_BLD_13382
KP_NORM_BLD_13382__pl_3	1	4666	2099	4666	100	59.8371	35.9	55.2	KP_NORM_BLD_13382
KP_NORM_BLD_13382__pl_4	1	2809	5485	2809	100	272.276	36.9	57.4	KP_NORM_BLD_13382
KP_NORM_BLD_2013_90851__chr	1	5213805	1158032	5212834	99.9814	48.0391	35	56	KP_NORM_BLD_2013_90851
KP_NORM_BLD_2013_90851__pl_1	1	172099	51712	172099	100	64.6544	35.5	55.3	KP_NORM_BLD_2013_90851
KP_NORM_BLD_2013_90851__pl_2	1	14150	5583	14144	99.9576	84.3873	35	0.214	KP_NORM_BLD_2013_90851
KP_NORM_BLD_2013_90851__pl_3	1	4345	36991	4345	100	1720.11	36.6	56.6	KP_NORM_BLD_2013_90851
KP_NORM_BLD_13383__chr	1	5383757	1844070	5383716	99.9992	79.9816	32.5	56.5	KP_NORM_BLD_13383
KP_NORM_BLD_1348__chr	1	5395428	1732715	5395403	99.9995	77.6323	32.1	56.9	KP_NORM_BLD_1348
KP_NORM_BLD_1348__pl_1	1	110531	50189	110531	100	107.746	32.9	57	KP_NORM_BLD_1348
KP_NORM_BLD_1348__pl_2	1	4830	9958	4830	100	462.79	32.8	56.7	KP_NORM_BLD_1348
KP_NORM_BLD_13534__chr	1	5308841	1254319	5308766	99.9986	52.7158	33.6	57	KP_NORM_BLD_13534
KP_NORM_BLD_13534__pl_1	1	76284	11735	76152	99.827	34.0661	34.4	50.4	KP_NORM_BLD_13534
KP_NORM_BLD_13534__pl_2	1	76053	58169	76053	100	168.735	34.5	53.7	KP_NORM_BLD_13534
KP_NORM_BLD_13534__pl_3	1	69237	18081	69237	100	57.8466	34.9	55.6	KP_NORM_BLD_13534
KP_NORM_BLD_13534__pl_4	1	3223	12170	3223	100	791.007	33.8	56.9	KP_NORM_BLD_13534
KP_NORM_BLD_1347__chr	1	5304565	1123833	5304560	99.9999	50.7805	31.9	56.9	KP_NORM_BLD_1347
KP_NORM_BLD_1347__pl_1	1	104258	58246	104258	100	132.215	32.2	56.7	KP_NORM_BLD_1347
KP_NORM_BLD_13380__chr	1	5290279	1621657	5290249	99.9994	70.1203	32.7	56.4	KP_NORM_BLD_13380
KP_NORM_BLD_13380__pl_1	1	207322	81931	207322	100	89.12	33.2	53.5	KP_NORM_BLD_13380
KP_NORM_BLD_13380__pl_2	1	128054	96090	128054	100	168.536	33.2	56.9	KP_NORM_BLD_13380
KP_NORM_BLD_13380__pl_3	1	100945	71817	100945	100	158.405	33.1	54.9	KP_NORM_BLD_13380
KP_NORM_BLD_13380__pl_4	1	4425	25195	4425	100	1126.72	34.4	55.6	KP_NORM_BLD_13380
KP_NORM_BLD_13380__pl_5	1	3301	21069	3301	100	1252.23	34.2	55.4	KP_NORM_BLD_13380
KP_NORM_BLD_13372__chr	1	5192692	1874497	5192673	99.9996	83.0309	32.7	56.4	KP_NORM_BLD_13372
KP_NORM_BLD_13372__pl_1	1	142401	72298	142401	100	114.877	33.2	56.1	KP_NORM_BLD_13372
KP_NORM_BLD_13372__pl_2	1	107813	58229	107813	100	123.719	33.2	57.1	KP_NORM_BLD_13372
KP_NORM_BLD_13372__pl_3	1	76641	56961	76641	100	165.641	33.6	56.1	KP_NORM_BLD_13372
KP_NORM_BLD_13372__pl_4	1	66056	93918	66056	100	320.66	33	57	KP_NORM_BLD_13372
KP_NORM_BLD_13372__pl_5	1	4665	7907	4665	100	365.882	33.3	56.6	KP_NORM_BLD_13372
KP_NORM_BLD_2012_85054__chr	1	5280684	1078979	5280103	99.989	47.032	33.3	57.3	KP_NORM_BLD_2012_85054
KP_NORM_BLD_2012_85054__pl_1	1	247177	74797	247172	99.998	69.9158	33.9	54.9	KP_NORM_BLD_2012_85054
KP_NORM_BLD_2012_85054__pl_2	1	3991	53905	3991	100	3001.28	34.7	57.6	KP_NORM_BLD_2012_85054
KP_NORM_BLD_13375__chr	1	5260848	2165166	5260848	100	91.0389	32.7	56	KP_NORM_BLD_13375
KP_NORM_BLD_13375__pl_1	1	151327	84846	151327	100	120.102	33.3	54.1	KP_NORM_BLD_13375
KP_NORM_BLD_13375__pl_2	1	109938	56031	109938	100	109.939	33.4	56.6	KP_NORM_BLD_13375
KP_NORM_BLD_13375__pl_3	1	32074	41861	31959	99.6415	275.81	33.4	54.4	KP_NORM_BLD_13375
KP_NORM_BLD_13375__pl_4	1	9859	101680	9859	100	1934.67	33.9	52.2	KP_NORM_BLD_13375
KP_NORM_BLD_13375__pl_5	1	2058	61282	2058	100	5925.44	33.1	55.3	KP_NORM_BLD_13375
KP_NORM_BLD_13129__chr	1	5210170	1283046	5209867	99.9942	59.0783	34.3	56	KP_NORM_BLD_13129
KP_NORM_BLD_13129__pl_1	1	240583	90737	240583	100	89.3109	34.7	53.5	KP_NORM_BLD_13129
KP_NORM_BLD_13129__pl_2	1	55087	33230	55087	100	143.601	34.6	57.3	KP_NORM_BLD_13129
KP_NORM_BLD_13129__pl_3	1	5763	28646	5763	100	1063.78	35.3	55.3	KP_NORM_BLD_13129
KP_NORM_BLD_13129__pl_4	1	4184	42604	4184	100	2124.06	35.4	55	KP_NORM_BLD_13129
KP_NORM_BLD_13129__pl_5	1	3544	12552	3544	100	784.442	34.9	56.5	KP_NORM_BLD_13129
KP_NORM_BLD_13129__pl_6	1	3463	12331	3463	100	766.364	35	56.3	KP_NORM_BLD_13129
KP_NORM_BLD_12850__chr	1	5380178	509379	5377396	99.9483	21.9437	36.1	57.5	KP_NORM_BLD_12850
KP_NORM_BLD_117477__chr	1	5219512	1180501	5219437	99.9986	40.6502	35.5	53.7	KP_NORM_BLD_117477
KP_NORM_BLD_117477__pl_1	1	163351	38898	163351	100	41.3223	36.1	52	KP_NORM_BLD_117477
KP_NORM_BLD_13123__chr	1	5302499	1843171	5302065	99.9918	80.5432	34.6	56.1	KP_NORM_BLD_13123
KP_NORM_BLD_13123__pl_1	1	3681	13317	3681	100	722.625	35.5	53.8	KP_NORM_BLD_13123
KP_NORM_BLD_13123__pl_2	1	3619	12101	3619	100	659.409	35.6	54.4	KP_NORM_BLD_13123
KP_NORM_BLD_2011_75461__chr	1	5172910	2667218	5172831	99.9985	96.427	33.9	54.9	KP_NORM_BLD_2011_75461
KP_NORM_BLD_2011_75461__pl_1	1	353478	222370	353478	100	116.316	34.6	44.9	KP_NORM_BLD_2011_75461
KP_NORM_BLD_2011_75461__pl_2	1	85625	105018	84766	98.9968	227.338	34.3	55	KP_NORM_BLD_2011_75461
KP_NORM_BLD_2011_75461__pl_3	1	49136	88262	49136	100	331.713	34.2	49.2	KP_NORM_BLD_2011_75461
KP_NORM_BLD_2011_75461__pl_4	1	17891	12488	17889	99.9888	131.232	33.9	0.0616	KP_NORM_BLD_2011_75461
KP_NORM_BLD_116566__chr	1	5344919	1097013	5344836	99.9984	37.3483	35.6	54.5	KP_NORM_BLD_116566
KP_NORM_BLD_116566__pl_1	1	225738	62840	225738	100	49.4936	36.1	53.4	KP_NORM_BLD_116566
KP_NORM_BLD_2015_108843__chr	1	5414952	1358024	5414710	99.9955	56.5387	35.4	56.5	KP_NORM_BLD_2015_108843
KP_NORM_BLD_2015_108843__pl_1	1	259890	57367	259879	99.9958	49.287	36.3	51	KP_NORM_BLD_2015_108843
KP_NORM_BLD_2015_108843__pl_2	1	119925	61567	119925	100	115.395	35.8	53.8	KP_NORM_BLD_2015_108843
KP_NORM_BLD_2015_108843__pl_3	1	61749	30701	61749	100	111.396	35.9	54.5	KP_NORM_BLD_2015_108843
KP_NORM_BLD_2015_108843__pl_4	1	34348	23527	34348	100	152.832	36	57.4	KP_NORM_BLD_2015_108843
KP_NORM_BLD_2015_108843__pl_5	1	9730	67563	9730	100	1526.19	36	57.4	KP_NORM_BLD_2015_108843
KP_NORM_BLD_2015_108843__pl_6	1	6925	20047	6925	100	632.707	35.2	56.7	KP_NORM_BLD_2015_108843
KP_NORM_BLD_225__chr	1	5308943	1576424	4861912	91.5797	55.4278	35.6	54.6	KP_NORM_BLD_225
KP_NORM_BLD_225__pl_1	1	106698	0	0	0	0	0	0	KP_NORM_BLD_225
KP_NORM_BLD_225__pl_2	1	70109	0	0	0	0	0	0	KP_NORM_BLD_225
KP_NORM_BLD_225__pl_3	1	39859	0	0	0	0	0	0	KP_NORM_BLD_225
KP_NORM_BLD_225__pl_4	1	1692	0	0	0	0	0	0	KP_NORM_BLD_225
KP_NORM_BLD_12934__chr	1	5465346	1002660	5465037	99.9943	36.8688	35.8	55.8	KP_NORM_BLD_12934
KP_NORM_BLD_12934__pl_1	1	161044	37008	161044	100	45.4779	36.4	55.8	KP_NORM_BLD_12934
KP_NORM_BLD_13127__chr	1	5567709	1672129	5567538	99.9969	70.6061	34.6	56.4	KP_NORM_BLD_13127
KP_NORM_BLD_13127__pl_1	1	226042	86847	226042	100	88.9354	34.9	54.6	KP_NORM_BLD_13127
KP_NORM_BLD_13127__pl_2	1	5763	19217	5763	100	699.073	35.5	56	KP_NORM_BLD_13127
KP_NORM_BLD_13127__pl_3	1	3301	11079	3301	100	676.539	35.5	55.4	KP_NORM_BLD_13127
KP_NORM_BLD_116392__chr	1	5206636	837510	5206143	99.9905	36.0917	34.9	56.7	KP_NORM_BLD_116392
KP_NORM_BLD_116392__pl_1	1	46204	20599	46204	100	99.3304	35.4	56.8	KP_NORM_BLD_116392
KP_NORM_BLD_116392__pl_2	1	4167	21091	4167	100	1049.14	36.3	56.2	KP_NORM_BLD_116392
KP_NORM_BLD_116378__chr	1	5215640	1274687	5215632	99.9998	44.1775	35.7	54.6	KP_NORM_BLD_116378
KP_NORM_BLD_115796__chr	1	5219081	937194	5218503	99.9889	33.9512	35	55.1	KP_NORM_BLD_115796
KP_NORM_BLD_115796__pl_1	1	242182	57097	242182	100	43.6762	35.5	54.6	KP_NORM_BLD_115796
KP_NORM_BLD_115796__pl_2	1	3711	15540	3711	100	711.578	36.4	54	KP_NORM_BLD_115796
KP_NORM_BLD_115796__pl_3	1	2046	4813	2046	100	405.217	35.5	54.6	KP_NORM_BLD_115796
KP_NORM_BLD_116239__chr	1	5315962	798587	5315739	99.9958	33.6655	32.9	57.2	KP_NORM_BLD_116239
KP_NORM_BLD_115369__chr	1	5257765	1092919	5257677	99.9983	39.3537	33	55.5	KP_NORM_BLD_115369
KP_NORM_BLD_115369__pl_1	1	145826	32909	145825	99.9993	41.7687	33.6	55.2	KP_NORM_BLD_115369
KP_NORM_BLD_115369__pl_2	1	44253	17226	44253	100	73.0276	33.7	50.3	KP_NORM_BLD_115369
KP_NORM_BLD_115706__chr	1	5523301	1443619	5523188	99.998	49.1836	35.9	54.7	KP_NORM_BLD_115706
KP_NORM_BLD_115706__pl_1	1	107633	46516	107633	100	78.5462	36.4	52.8	KP_NORM_BLD_115706
KP_NORM_BLD_115706__pl_2	1	66063	62537	66063	100	169.889	36.2	54.8	KP_NORM_BLD_115706
KP_NORM_BLD_115706__pl_3	1	5893	36784	5893	100	975.021	36.7	50.7	KP_NORM_BLD_115706
KP_NORM_BLD_60723__chr	1	5303313	1591792	5303216	99.9982	59.9349	33.9	54.8	KP_NORM_BLD_60723
KP_NORM_BLD_60723__pl_1	1	139019	62995	139019	100	85.9816	34.6	54.4	KP_NORM_BLD_60723
KP_NORM_BLD_60723__pl_2	1	2197	15952	1579	71.8707	1088.41	34.9	52.3	KP_NORM_BLD_60723
KP_NORM_BLD_115332__chr	1	5322010	1744444	5321176	99.9843	59.8223	33.1	55.1	KP_NORM_BLD_115332
KP_NORM_BLD_114487__chr	1	5308597	1580025	5308571	99.9995	58.8259	33.4	55.4	KP_NORM_BLD_114487
KP_NORM_BLD_114487__pl_1	1	227936	85656	227936	100	73.2521	34	54.1	KP_NORM_BLD_114487
KP_NORM_BLD_60803__chr	1	5339445	1452306	5339019	99.992	64.7763	34.7	56.7	KP_NORM_BLD_60803
KP_NORM_BLD_114482__chr	1	5478915	1877169	5478905	99.9998	68.8611	30.9	56	KP_NORM_BLD_114482
KP_NORM_BLD_114603__chr	1	5073267	1215049	5073249	99.9996	43.5847	35.6	54.5	KP_NORM_BLD_114603
KP_NORM_BLD_114603__pl_1	1	201749	61706	201749	100	53.7896	36.4	53.5	KP_NORM_BLD_114603
KP_NORM_BLD_61439__chr	1	5442266	1794587	5439234	99.9443	74.4251	32.8	55.6	KP_NORM_BLD_61439
KP_NORM_BLD_61439__pl_1	1	240045	121825	240045	100	111.254	33.2	53.7	KP_NORM_BLD_61439
KP_NORM_BLD_61439__pl_2	1	115517	48250	115514	99.9974	92.2924	33.6	55	KP_NORM_BLD_61439
KP_NORM_BLD_61295__chr	1	5279307	1571564	5279112	99.9963	54.8367	35.4	54.1	KP_NORM_BLD_61295
KP_NORM_BLD_61295__pl_1	1	218424	108686	218424	100	88.6048	35.6	53.2	KP_NORM_BLD_61295
KP_NORM_BLD_114473__chr	1	5187487	1809422	5187230	99.995	72.9177	31.1	56.1	KP_NORM_BLD_114473
KP_NORM_BLD_114473__pl_1	1	292610	135694	292610	100	95.6217	31.9	51.4	KP_NORM_BLD_114473
KP_NORM_BLD_114473__pl_2	1	132080	101543	132080	100	159.219	31.8	53.8	KP_NORM_BLD_114473
KP_NORM_BLD_114473__pl_3	1	34466	48288	34466	100	281.93	32.3	55.8	KP_NORM_BLD_114473
KP_NORM_BLD_114473__pl_4	1	8618	5936	8618	100	140.582	32.1	56.6	KP_NORM_BLD_114473
KP_NORM_BLD_114473__pl_5	1	4605	36310	4605	100	1430.41	33.4	55.3	KP_NORM_BLD_114473
KP_NORM_BLD_114473__pl_6	1	3980	11476	3980	100	565.474	31.5	55.7	KP_NORM_BLD_114473
KP_NORM_BLD_114473__pl_7	1	3904	32599	3904	100	1561.55	32.3	55.5	KP_NORM_BLD_114473
KP_NORM_BLD_114473__pl_8	1	3645	11616	3645	100	627.435	31.7	55.8	KP_NORM_BLD_114473
KP_NORM_BLD_114473__pl_9	1	2693	6393	2693	100	456.001	32.5	55.6	KP_NORM_BLD_114473
KP_NORM_BLD_114473__pl_10	1	1240	13216	1240	100	1853.18	32.8	54.2	KP_NORM_BLD_114473
KP_NORM_BLD_114458__chr	1	5330791	1845558	5330506	99.9947	71.3155	31.3	56	KP_NORM_BLD_114458
KP_NORM_BLD_114458__pl_1	1	191396	87913	191396	100	92.7212	32	52.1	KP_NORM_BLD_114458
KP_NORM_BLD_114458__pl_2	1	61116	59819	61116	100	198.263	31.8	49.3	KP_NORM_BLD_114458
KP_NORM_BLD_114458__pl_3	1	2058	36616	2058	100	3259.99	31.6	53.3	KP_NORM_BLD_114458
KP_NORM_BLD_114453__chr	1	5479692	863276	5478952	99.9865	32.6051	30.5	56.8	KP_NORM_BLD_114453
KP_NORM_BLD_114453__pl_1	1	189360	31509	189288	99.962	34.0155	31.3	57	KP_NORM_BLD_114453
KP_NORM_BLD_113888__chr	1	5393244	1233414	5393102	99.9974	45.5256	35.8	55.7	KP_NORM_BLD_113888
KP_NORM_BLD_113888__pl_1	1	111046	35344	111046	100	61.7511	36.6	56.2	KP_NORM_BLD_113888
KP_NORM_BLD_113888__pl_2	1	46272	22954	46272	100	94.9899	36.4	52.1	KP_NORM_BLD_113888
KP_NORM_BLD_113888__pl_3	1	3223	6076	3223	100	339.646	35.7	55.4	KP_NORM_BLD_113888
KP_NORM_BLD_113888__pl_4	1	2789	10095	2789	100	605.036	36.8	53.9	KP_NORM_BLD_113888
KP_NORM_BLD_113888__pl_5	1	2670	7379	2670	100	503.851	35.2	54.9	KP_NORM_BLD_113888
KP_NORM_BLD_113888__pl_6	1	1488	8074	1488	100	885.836	37.2	54	KP_NORM_BLD_113888
KP_NORM_BLD_114309__chr	1	5499779	1328271	5497562	99.9597	53.8838	34.5	57	KP_NORM_BLD_114309
KP_NORM_BLD_114309__pl_1	1	88308	31990	88308	100	80.0968	35.1	57.6	KP_NORM_BLD_114309
KP_NORM_BLD_113768__chr	1	5631658	790837	5631366	99.9948	29.2866	30.8	56.5	KP_NORM_BLD_113768
KP_NORM_BLD_113768__pl_1	1	161254	29109	161254	100	37.2634	31.6	54.3	KP_NORM_BLD_113768
KP_NORM_BLD_113768__pl_2	1	108001	18973	108001	100	36.3919	31.8	57.2	KP_NORM_BLD_113768
KP_NORM_BLD_113768__pl_3	1	103974	32936	103974	100	65.508	31.3	54.9	KP_NORM_BLD_113768
KP_NORM_BLD_113768__pl_4	1	71669	44710	71669	100	128.334	31.7	56.5	KP_NORM_BLD_113768
KP_NORM_BLD_62512__chr	1	5473564	1438641	5473478	99.9984	47.4121	35.3	53.6	KP_NORM_BLD_62512
KP_NORM_BLD_62512__pl_1	1	279421	62751	279416	99.9982	38.7174	35.7	48.4	KP_NORM_BLD_62512
KP_NORM_BLD_62912__chr	1	5375009	1096653	5374785	99.9958	44.7294	33.2	56.6	KP_NORM_BLD_62912
KP_NORM_BLD_62912__pl_1	1	176482	57027	176482	100	70.2752	34	56	KP_NORM_BLD_62912
KP_NORM_BLD_62912__pl_2	1	10060	6509	10060	100	139.813	33.4	57	KP_NORM_BLD_62912
KP_NORM_BLD_62914__chr	1	5263689	872867	5263557	99.9975	37.4319	32.9	56.9	KP_NORM_BLD_62914
KP_NORM_BLD_62914__pl_1	1	167986	44318	167986	100	59.2616	33.6	53.8	KP_NORM_BLD_62914
KP_NORM_BLD_62914__pl_2	1	5675	12804	5675	100	485.831	34	56.8	KP_NORM_BLD_62914
KP_NORM_BLD_62920__chr	1	5305663	961844	5305445	99.9959	40.6935	33	56.8	KP_NORM_BLD_62920
KP_NORM_BLD_62920__pl_1	1	212415	44206	212394	99.9901	46.6032	33.7	56	KP_NORM_BLD_62920
KP_NORM_BLD_62922__chr	1	5260057	968903	5257975	99.9604	40.7548	33	56.7	KP_NORM_BLD_62922
KP_NORM_BLD_62922__pl_1	1	140825	32697	140800	99.9822	50.9714	33.8	57.1	KP_NORM_BLD_62922
KP_NORM_BLD_62922__pl_2	1	108610	23176	108610	100	46.8118	34	57.1	KP_NORM_BLD_62922
KP_NORM_BLD_62922__pl_3	1	4513	7456	4513	100	342.371	33.6	56.2	KP_NORM_BLD_62922
KP_NORM_BLD_62922__pl_4	1	1848	13864	1848	100	1518.22	32.9	56	KP_NORM_BLD_62922
KP_NORM_BLD_112916__chr	1	5308023	1436363	5307974	99.9991	53.227	34.3	55.3	KP_NORM_BLD_112916
KP_NORM_BLD_112916__pl_1	1	201018	68747	200994	99.9881	67.3448	34.7	52.2	KP_NORM_BLD_112916
KP_NORM_BLD_112916__pl_2	1	4891	38488	4891	100	1413.47	35.3	54.6	KP_NORM_BLD_112916
KP_NORM_BLD_112916__pl_3	1	2442	10746	2442	100	727.827	35.4	53.5	KP_NORM_BLD_112916
KP_NORM_BLD_112922__chr	1	5191172	1102885	5191122	99.999	42.8603	31	56.3	KP_NORM_BLD_112922
KP_NORM_BLD_112922__pl_1	1	252094	75510	252094	100	59.6704	31.7	51	KP_NORM_BLD_112922
KP_NORM_BLD_112922__pl_2	1	115262	22133	115262	100	38.4338	32	55.6	KP_NORM_BLD_112922
KP_NORM_BLD_112922__pl_3	1	69297	25391	69297	100	72.7947	31.8	48.7	KP_NORM_BLD_112922
KP_NORM_BLD_112922__pl_4	1	14959	44774	14959	100	588.575	31.5	56.9	KP_NORM_BLD_112922
KP_NORM_BLD_112922__pl_5	1	3549	35875	3549	100	1906.43	32.3	55.4	KP_NORM_BLD_112922
KP_NORM_BLD_113315__chr	1	5471840	1587739	5470096	99.9681	55.1531	34.1	55.2	KP_NORM_BLD_113315
KP_NORM_BLD_113315__pl_1	1	223815	75963	223606	99.9066	62.2779	35.1	54.5	KP_NORM_BLD_113315
KP_NORM_BLD_113315__pl_2	1	4437	21848	4437	100	807.111	35.1	53.8	KP_NORM_BLD_113315
KP_NORM_BLD_112925__chr	1	5296984	915274	5296771	99.996	33.4328	35.2	55.4	KP_NORM_BLD_112925
KP_NORM_BLD_112925__pl_1	1	126907	19389	126907	100	29.1415	35.7	55.2	KP_NORM_BLD_112925
KP_NORM_BLD_112908__chr	1	5331064	1130592	5330575	99.9908	42.0637	33.3	55.8	KP_NORM_BLD_112908
KP_NORM_BLD_112908__pl_1	1	142194	23197	142177	99.988	31.5449	34.1	55.6	KP_NORM_BLD_112908
KP_NORM_BLD_112904__chr	1	5289121	975319	5288866	99.9952	37.4236	33.6	55.5	KP_NORM_BLD_112904
KP_NORM_BLD_112904__pl_1	1	226998	73615	226998	100	64.2988	34.2	49.9	KP_NORM_BLD_112904
KP_NORM_BLD_112904__pl_2	1	67243	47267	67243	100	141.803	34	55.9	KP_NORM_BLD_112904
KP_NORM_BLD_112904__pl_3	1	52926	34016	52926	100	128.967	34.3	52.4	KP_NORM_BLD_112904
KP_NORM_BLD_112904__pl_4	1	1917	13666	1917	100	1268.72	34.1	50.3	KP_NORM_BLD_112904
KP_NORM_BLD_112911__chr	1	5542550	1788588	5538357	99.9243	49.3831	34.1	53.6	KP_NORM_BLD_112911
KP_NORM_BLD_112911__pl_1	1	222371	115288	222264	99.9519	76.6342	34.5	52.1	KP_NORM_BLD_112911
KP_NORM_BLD_112603__chr	1	5385730	1054242	5385730	100	37.4905	35.2	54.8	KP_NORM_BLD_112603
KP_NORM_BLD_112603__pl_1	1	195027	50752	195027	100	49.2298	35.7	52.1	KP_NORM_BLD_112603
KP_NORM_BLD_112603__pl_2	1	5763	21536	5763	100	635.648	36.3	52.5	KP_NORM_BLD_112603
KP_NORM_URN_106847__chr	1	5337720	1924456	5337720	100	72.6835	34.8	56.1	KP_NORM_URN_106847
KP_NORM_URN_106847__pl_1	1	218680	102328	218680	100	94.2329	35.3	55.6	KP_NORM_URN_106847
KP_NORM_BLD_63842__chr	1	5217078	2153565	5216995	99.9984	87.491	34.8	55.6	KP_NORM_BLD_63842
KP_NORM_BLD_63842__pl_1	1	194166	83286	194166	100	88.0613	35.2	52.6	KP_NORM_BLD_63842
KP_NORM_BLD_63842__pl_2	1	110581	40499	110581	100	75.5462	35.2	56.2	KP_NORM_BLD_63842
KP_NORM_URN_109342__chr	1	5531309	2049411	5531309	100	81.3459	35.5	56.1	KP_NORM_URN_109342
KP_NORM_URN_109342__pl_1	1	115615	51084	115615	100	97.6974	35.6	54	KP_NORM_URN_109342
KP_NORM_BLD_112596__chr	1	5216146	1139754	5215922	99.9957	42.3433	35.5	55.4	KP_NORM_BLD_112596
KP_NORM_BLD_112596__pl_1	1	166371	76469	166371	100	86.9533	36.1	54.6	KP_NORM_BLD_112596
KP_NORM_BLD_112596__pl_2	1	61256	25132	61256	100	77.5343	36.2	53	KP_NORM_BLD_112596
KP_NORM_BLD_112596__pl_3	1	4593	12860	4593	100	484.967	36.4	54.7	KP_NORM_BLD_112596
KP_NORM_BLD_110772__chr	1	5282656	797500	5282320	99.9936	30.348	33.1	55.9	KP_NORM_BLD_110772
KP_NORM_BLD_110772__pl_1	1	129565	40438	129565	100	61.0006	34	52.7	KP_NORM_BLD_110772
KP_NORM_BLD_110772__pl_2	1	10206	4798	10203	99.9706	90.0908	34.1	34.6	KP_NORM_BLD_110772
KP_NORM_BLD_112590__chr	1	5208626	1171161	5208559	99.9987	43.8311	35.1	54.9	KP_NORM_BLD_112590
KP_NORM_BLD_112590__pl_1	1	235158	89306	235158	100	72.7875	35.6	51	KP_NORM_BLD_112590
KP_NORM_BLD_111588__chr	1	5265303	902384	5265061	99.9954	36.8095	30.8	57	KP_NORM_BLD_111588
KP_NORM_BLD_111588__pl_1	1	181661	33761	181661	100	39.7549	31.4	55.6	KP_NORM_BLD_111588
KP_NORM_BLD_111588__pl_2	1	2667	13207	2667	100	1007.5	32	56.2	KP_NORM_BLD_111588
KP_NORM_BLD_111598__chr	1	5426082	862838	5425260	99.9849	27.186	36.6	52.6	KP_NORM_BLD_111598
KP_NORM_BLD_111598__pl_1	1	237073	51899	237042	99.9869	36.6099	37.1	46.8	KP_NORM_BLD_111598
KP_NORM_BLD_111598__pl_2	1	107734	20490	107734	100	32.2525	37.1	53.9	KP_NORM_BLD_111598
KP_NORM_BLD_111598__pl_3	1	5840	13538	5840	100	346.185	37.3	51.6	KP_NORM_BLD_111598
KP_NORM_URN_2012_81428__chr	1	5416588	1215384	5416093	99.9909	52.2374	34.5	57.6	KP_NORM_URN_2012_81428
KP_NORM_URN_2012_81428__pl_1	1	224330	74469	224330	100	77.0779	35.1	50.9	KP_NORM_URN_2012_81428
KP_NORM_URN_2012_81428__pl_2	1	144980	60342	144963	99.9883	96.3151	35.1	47.1	KP_NORM_URN_2012_81428
KP_NORM_URN_2012_81428__pl_3	1	68156	84944	68156	100	289.196	34.9	48.2	KP_NORM_URN_2012_81428
KP_NORM_URN_2012_81428__pl_4	1	3991	21653	3991	100	1198.19	35.9	57.4	KP_NORM_URN_2012_81428
KP_NORM_URN_2012_81416__chr	1	5301067	503546	5300814	99.9952	22.5522	34.4	58.3	KP_NORM_URN_2012_81416
KP_NORM_URN_2012_81416__pl_1	1	269660	32794	269660	100	28.9189	35	57	KP_NORM_URN_2012_81416
KP_NORM_URN_2012_81416__pl_2	1	4106	8359	4106	100	463.6	35.8	58.1	KP_NORM_URN_2012_81416
KP_NORM_URN_113027__chr	1	5230001	1518444	5230001	100	77.2016	35.2	57.7	KP_NORM_URN_113027
KP_NORM_URN_113027__pl_1	1	159268	55432	159268	100	92.331	35.5	57	KP_NORM_URN_113027
KP_NORM_URN_114421__chr	1	5368810	2087616	5368810	100	81.8048	35.4	55.7	KP_NORM_URN_114421
KP_NORM_URN_114421__pl_1	1	142040	57555	142040	100	85.1698	35.6	53.4	KP_NORM_URN_114421
KP_NORM_URN_114421__pl_2	1	109468	34870	109468	100	67.4477	35.8	55.9	KP_NORM_URN_114421
KP_NORM_URN_114421__pl_3	1	10122	6462	10122	100	134.617	35.4	56.4	KP_NORM_URN_114421
KP_NORM_URN_114421__pl_4	1	3544	6130	3544	100	360.87	35.5	56.2	KP_NORM_URN_114421
KP_NORM_BLD_63815__chr	1	5356615	1840450	5356394	99.9959	82.8559	34.8	56.4	KP_NORM_BLD_63815
KP_NORM_BLD_63815__pl_1	1	396849	142357	396752	99.9756	84.2619	35.2	55.7	KP_NORM_BLD_63815
KP_NORM_URN_107976__chr	1	5274835	1705191	5274835	100	64.5657	34.1	55.4	KP_NORM_URN_107976
KP_NORM_URN_107976__pl_1	1	221142	100604	221142	100	90.9796	34.6	51.6	KP_NORM_URN_107976
KP_NORM_URN_107976__pl_2	1	211963	39463	211963	100	37.2202	35.3	56.3	KP_NORM_URN_107976
KP_NORM_URN_107976__pl_3	1	34303	20657	31386	91.4964	125.192	34.9	1.21	KP_NORM_URN_107976
KP_NORM_URN_107976__pl_4	1	5764	4963	5764	100	182.299	34.9	6.4	KP_NORM_URN_107976
KP_NORM_URN_107976__pl_5	1	3407	23298	3407	100	1406.19	35.2	49.5	KP_NORM_URN_107976
KP_NORM_BLD_70__chr	1	5267487	1054105	5266752	99.986	46.55	31.6	58	KP_NORM_BLD_70
KP_NORM_BLD_70__pl_1	1	123712	38430	123712	100	72.7271	32.4	54.1	KP_NORM_BLD_70
KP_NORM_BLD_70__pl_2	1	99187	42807	99187	100	100.074	32.1	54.2	KP_NORM_BLD_70
KP_NORM_BLD_70__pl_3	1	4849	10165	4849	100	463.869	33.3	57.4	KP_NORM_BLD_70
KP_NORM_BLD_70__pl_4	1	3478	9383	3478	100	606.57	33.2	57.6	KP_NORM_BLD_70
KP_NORM_URN_106487__chr	1	5745911	951191	5745911	100	35.8599	34.5	56.1	KP_NORM_URN_106487
KP_NORM_URN_106487__pl_1	1	99860	28217	99860	100	61.8608	34.9	55.1	KP_NORM_URN_106487
KP_NORM_BLD_63801__chr	1	5251650	1681876	5251319	99.9937	77.5913	33.9	56.7	KP_NORM_BLD_63801
KP_NORM_BLD_63801__pl_1	1	188410	74410	188410	100	94.2638	34.2	54.4	KP_NORM_BLD_63801
KP_NORM_BLD_63801__pl_2	1	112037	34253	112037	100	72.9563	34.5	57.1	KP_NORM_BLD_63801
KP_NORM_BLD_63801__pl_3	1	75140	45890	75140	100	144.126	34.4	52.5	KP_NORM_BLD_63801
KP_NORM_BLD_63801__pl_4	1	3675	47752	3675	100	2778.55	34.9	56.1	KP_NORM_BLD_63801
KP_NORM_BLD_63839__chr	1	5126950	1790476	5126875	99.9985	83.3754	34.3	56.6	KP_NORM_BLD_63839
KP_NORM_BLD_63839__pl_1	1	187904	70264	187904	100	88.1344	34.6	56	KP_NORM_BLD_63839
KP_NORM_BLD_63839__pl_2	1	84437	40254	84437	100	110.857	34.6	56.1	KP_NORM_BLD_63839
KP_NORM_BLD_63839__pl_3	1	61018	47298	61018	100	182.897	34.6	57.2	KP_NORM_BLD_63839
KP_NORM_BLD_63839__pl_4	1	5791	20293	5791	100	751.999	35.1	56.3	KP_NORM_BLD_63839
KP_NORM_BLD_63839__pl_5	1	4261	34326	4261	100	1640.63	35.3	55.9	KP_NORM_BLD_63839
KP_NORM_BLD_63395__chr	1	5239359	1621123	5239336	99.9996	61.7806	33.8	54.1	KP_NORM_BLD_63395
KP_NORM_BLD_63395__pl_1	1	163036	53495	163036	100	63.2774	34.3	47.9	KP_NORM_BLD_63395
KP_NORM_BLD_63395__pl_2	1	78165	34922	78165	100	82.5829	34.6	51.1	KP_NORM_BLD_63395
KP_NORM_BLD_63395__pl_3	1	4667	14994	4667	100	535.219	34.6	49.8	KP_NORM_BLD_63395
KP_NORM_URN_2014_96612__chr	1	5374377	10200170	5374377	100	238.076	37.9	58.9	KP_NORM_URN_2014_96612
KP_NORM_URN_2014_96612__pl_1	1	226270	710940	226270	100	394.155	38	55.8	KP_NORM_URN_2014_96612
KP_NORM_URN_2014_96612__pl_2	1	56806	218960	56806	100	483.006	38	48.1	KP_NORM_URN_2014_96612
KP_NORM_URN_2014_96612__pl_3	1	10077	72668	10077	100	897.902	37.8	59.6	KP_NORM_URN_2014_96612
KP_NORM_URN_2014_96612__pl_4	1	4125	96303	4125	100	2877.06	37.6	59.3	KP_NORM_URN_2014_96612
KP_NORM_URN_2014_97671__chr	1	5325600	14853663	5325600	100	350.798	37.6	59.2	KP_NORM_URN_2014_97671
KP_NORM_URN_2014_97671__pl_1	1	220388	808247	220388	100	461.082	37.7	58.2	KP_NORM_URN_2014_97671
KP_NORM_URN_2014_97671__pl_2	1	76678	513373	76678	100	841.247	37.7	57.7	KP_NORM_URN_2014_97671
KP_NORM_URN_2014_97671__pl_3	1	4074	168853	4074	100	5121.18	37.9	59.2	KP_NORM_URN_2014_97671
KP_NORM_BLD_62926__chr	1	5194611	880380	5194243	99.9929	37.3121	33	56.7	KP_NORM_BLD_62926
KP_NORM_BLD_62934__chr	1	5301360	732571	5300869	99.9907	32.1198	32.9	57.5	KP_NORM_BLD_62934
KP_NORM_BLD_62638__chr	1	5297684	1198496	5296641	99.9803	44.4325	34.9	55.7	KP_NORM_BLD_62638
KP_NORM_BLD_62638__pl_1	1	81806	32453	81806	100	75.5789	35.7	52.3	KP_NORM_BLD_62638
KP_NORM_BLD_62649__chr	1	5235031	1039082	5234711	99.9939	42.9463	34.6	56.1	KP_NORM_BLD_62649
KP_NORM_BLD_62649__pl_1	1	139211	24874	139211	100	38.1175	34.9	54.2	KP_NORM_BLD_62649
KP_NORM_BLD_62202__chr	1	5086381	1342101	5086220	99.9968	67.757	33.7	56.8	KP_NORM_BLD_62202
KP_NORM_BLD_62202__pl_1	1	205233	72236	205233	100	89.143	34	46.3	KP_NORM_BLD_62202
KP_NORM_BLD_62202__pl_2	1	20797	5455	20726	99.6586	65.9322	34.1	1.01	KP_NORM_BLD_62202
KP_NORM_BLD_62202__pl_3	1	5456	21063	5456	100	932.044	34.5	57.3	KP_NORM_BLD_62202
KP_NORM_BLD_62486__chr	1	5562745	2325795	5562661	99.9985	96.2341	34.7	56.5	KP_NORM_BLD_62486
KP_NORM_BLD_62486__pl_1	1	41792	38698	41792	100	202.761	35.1	53.8	KP_NORM_BLD_62486
KP_NORM_BLD_61444__chr	1	5560656	2088065	5560656	100	78.4668	33.1	55.8	KP_NORM_BLD_61444
KP_NORM_BLD_62504__chr	1	5104501	1882377	5103556	99.9815	75.0506	33.8	55.6	KP_NORM_BLD_62504
KP_NORM_BLD_62504__pl_1	1	175016	45968	174931	99.9514	52.0238	34.9	45.7	KP_NORM_BLD_62504
KP_NORM_BLD_62504__pl_2	1	146059	82022	146059	100	108.987	34.5	48.3	KP_NORM_BLD_62504
KP_NORM_BLD_62504__pl_3	1	39438	36107	39438	100	183.927	34.5	47.9	KP_NORM_BLD_62504
KP_NORM_BLD_62504__pl_4	1	1263	208	1236	97.8622	30.0728	34.1	0.62	KP_NORM_BLD_62504
KP_NORM_BLD_61894__chr	1	5322844	820967	5322761	99.9984	33.0259	34.7	56.4	KP_NORM_BLD_61894
KP_NORM_BLD_61894__pl_1	1	187533	45134	187531	99.9989	51.1832	35.3	52.7	KP_NORM_BLD_61894
KP_NORM_BLD_61894__pl_2	1	116168	54583	116168	100	99.9176	35.2	54.7	KP_NORM_BLD_61894
KP_NORM_BLD_61459__chr	1	5285305	2380448	5285305	100	100.048	35.4	56.5	KP_NORM_BLD_61459
KP_NORM_BLD_61459__pl_1	1	139007	65167	139007	100	103.792	35.9	56.5	KP_NORM_BLD_61459
KP_NORM_BLD_61273__chr	1	5199578	1178913	5199421	99.997	51.185	34.1	56.2	KP_NORM_BLD_61273
KP_NORM_BLD_61273__pl_1	1	259982	37700	259816	99.9361	31.2739	34.7	50.5	KP_NORM_BLD_61273
KP_NORM_BLD_61273__pl_2	1	220652	67096	220652	100	65.9095	34.5	47.8	KP_NORM_BLD_61273
KP_NORM_URN_57002__chr	1	5190412	2216392	5190412	100	82.438	33.1	56	KP_NORM_URN_57002
KP_NORM_URN_57002__pl_1	1	164380	60990	164380	100	71.6219	33.8	55.7	KP_NORM_URN_57002
KP_NORM_BLD_61886__chr	1	5454094	1377312	5454001	99.9983	55.602	34.8	56.9	KP_NORM_BLD_61886
KP_NORM_BLD_62164__chr	1	5226802	1432687	5226657	99.9972	68.0678	34.7	56.8	KP_NORM_BLD_62164
KP_NORM_BLD_62164__pl_1	1	6768	15798	6768	100	522.847	35.3	56.5	KP_NORM_BLD_62164
KP_NORM_BLD_62164__pl_2	1	3309	13710	3309	100	871.674	35.7	56.1	KP_NORM_BLD_62164
KP_NORM_URN_56847__chr	1	5532952	1012665	5532952	100	49.23	35	58	KP_NORM_URN_56847
KP_NORM_URN_56847__pl_1	1	172282	32705	172282	100	50.9601	35.3	57.9	KP_NORM_URN_56847
KP_NORM_URN_56847__pl_2	1	58638	21003	58638	100	95.8721	35.2	55.7	KP_NORM_URN_56847
KP_NORM_URN_56534__chr	1	5325537	1502989	5325537	100	62.3481	35.5	56.3	KP_NORM_URN_56534
KP_NORM_URN_56534__pl_1	1	107178	28509	107178	100	59.2449	36.2	57.2	KP_NORM_URN_56534
KP_NORM_URN_56534__pl_2	1	2789	6780	2789	100	530.517	36.4	56.8	KP_NORM_URN_56534
KP_NORM_BLD_60874__chr	1	5252942	1263550	5252304	99.9879	60.3507	34.6	56.7	KP_NORM_BLD_60874
KP_NORM_BLD_60874__pl_1	1	118065	37799	118051	99.9881	78.2634	35.1	55.4	KP_NORM_BLD_60874
KP_NORM_BLD_60429__chr	1	5291908	936311	5291311	99.9887	39.3063	34.8	56.1	KP_NORM_BLD_60429
KP_NORM_BLD_60429__pl_1	1	301218	91329	301207	99.9963	67.1802	35.3	51.5	KP_NORM_BLD_60429
KP_NORM_BLD_60429__pl_2	1	110897	26302	110897	100	52.4123	35.7	56.4	KP_NORM_BLD_60429
KP_NORM_BLD_60429__pl_3	1	86425	30902	86425	100	78.5861	35.6	54.8	KP_NORM_BLD_60429
KP_NORM_BLD_60429__pl_4	1	57573	23310	57573	100	88.8786	35.6	47.5	KP_NORM_BLD_60429
KP_NORM_BLD_60429__pl_5	1	3346	24642	3346	100	1500.98	35.9	56.2	KP_NORM_BLD_60429
KP_NORM_BLD_60429__pl_6	1	2892	10648	2892	100	715.248	36.7	55.5	KP_NORM_BLD_60429
KP_NORM_BLD_60778__chr	1	5429164	1240302	5429102	99.9989	43.8275	35.2	55.3	KP_NORM_BLD_60778
KP_NORM_BLD_60778__pl_1	1	124645	114700	124645	100	170.029	35.9	55.5	KP_NORM_BLD_60778
KP_NORM_BLD_60562__chr	1	5426211	1774615	5426147	99.9988	80.3056	34.7	57	KP_NORM_BLD_60562
KP_NORM_BLD_60562__pl_1	1	166582	55732	166582	100	80.6592	35.1	56.8	KP_NORM_BLD_60562
KP_NORM_BLD_60562__pl_2	1	112621	49152	112621	100	105.249	35.2	57.4	KP_NORM_BLD_60562
KP_NORM_URN_58342__chr	1	5338477	1183190	5338477	100	60.3589	34.5	57.8	KP_NORM_URN_58342
KP_NORM_URN_58342__pl_1	1	176074	30575	176074	100	47.293	35	53.7	KP_NORM_URN_58342
KP_NORM_URN_58342__pl_2	1	70446	13980	70446	100	54.4758	34.7	56.3	KP_NORM_URN_58342
KP_NORM_URN_58342__pl_3	1	5763	2263	5763	100	103.799	35.1	57.1	KP_NORM_URN_58342
KP_NORM_URN_58342__pl_4	1	3336	1446	3336	100	115.778	35.2	58.3	KP_NORM_URN_58342
KP_NORM_BLD_3074__chr	1	5374805	1275575	5374670	99.9975	60.6075	33.8	57	KP_NORM_BLD_3074
KP_NORM_BLD_3074__pl_1	1	132601	40736	132601	100	77.5578	34.2	54.4	KP_NORM_BLD_3074
KP_NORM_BLD_3074__pl_2	1	110504	34005	110504	100	77.6004	34.3	57.8	KP_NORM_BLD_3074
KP_NORM_BLD_3074__pl_3	1	3954	58479	3954	100	3249.19	35.4	56.5	KP_NORM_BLD_3074
KP_NORM_URN_58261__chr	1	5289148	2269874	5289147	100	86.8799	35.2	55.7	KP_NORM_URN_58261
KP_NORM_URN_58261__pl_1	1	182404	89566	182404	100	99.0166	35.4	55.4	KP_NORM_URN_58261
KP_NORM_BLD_2497__chr	1	5198494	966227	5198231	99.9949	41.37	33	56.6	KP_NORM_BLD_2497
KP_NORM_BLD_2497__pl_1	1	203618	51058	203618	100	55.66	33.7	55.9	KP_NORM_BLD_2497
KP_NORM_BLD_2497__pl_2	1	5840	16629	5840	100	606.002	34.2	56.7	KP_NORM_BLD_2497
KP_NORM_BLD_231__chr	1	5218152	1856351	5218129	99.9996	85.5837	34.8	56.4	KP_NORM_BLD_231
KP_NORM_BLD_231__pl_1	1	157714	77184	157714	100	116.025	35.1	52.7	KP_NORM_BLD_231
KP_NORM_BLD_231__pl_2	1	94316	69383	94316	100	173.383	35.2	51.2	KP_NORM_BLD_231
KP_NORM_BLD_231__pl_3	1	7499	21454	7498	99.9867	633.646	35.5	37	KP_NORM_BLD_231
KP_NORM_BLD_231__pl_4	1	5763	14535	5763	100	543.263	35.5	55.3	KP_NORM_BLD_231
KP_NORM_BLD_228__chr	1	5152033	2067003	5151937	99.9981	97.1595	34.9	56.5	KP_NORM_BLD_228
KP_NORM_URN_58251__chr	1	5218585	2820558	5218585	100	112.894	35.7	55.8	KP_NORM_URN_58251
KP_NORM_URN_58251__pl_1	1	148273	99904	148273	100	139.988	35.9	54.4	KP_NORM_URN_58251
KP_NORM_URN_58251__pl_2	1	107939	45538	107939	100	87.6488	36	56.3	KP_NORM_URN_58251
KP_NORM_BLD_2508__chr	1	5179889	949553	5179567	99.9938	40.8706	32.9	56.8	KP_NORM_BLD_2508
KP_NORM_BLD_2508__pl_1	1	69616	34822	69616	100	109.632	34	56.2	KP_NORM_BLD_2508
KP_NORM_BLD_2508__pl_2	1	55056	9031	55056	100	35.984	34.2	57.1	KP_NORM_BLD_2508
NK_H10_003__chr	1	5231402	1426849	5231078	99.9938	44.5948	34.7	51.8	NK_H10_003
NK_H10_003__pl_1	1	157585	41902	157585	100	41.2898	35	51.6	NK_H10_003
NK_H10_003__pl_2	1	38730	29978	38730	100	117.354	35	51.1	NK_H10_003
KP_NORM_BLD_2254__chr	1	5204006	1793701	4870108	93.5838	83.9455	34.7	56.4	KP_NORM_BLD_2254
KP_NORM_BLD_2254__pl_1	1	110962	1	29	0.0261351	0.000261351	23.4	1	KP_NORM_BLD_2254
KP_NORM_BLD_2799__chr	1	5447815	1029646	5447655	99.9971	50.1996	33.7	57.8	KP_NORM_BLD_2799
KP_NORM_BLD_2799__pl_1	1	96213	43528	96213	100	119.43	34.2	58.2	KP_NORM_BLD_2799
KP_NORM_BLD_2395__chr	1	5327342	1783730	5327237	99.998	83.8033	34.6	57	KP_NORM_BLD_2395
KP_NORM_BLD_2395__pl_1	1	139805	49919	139805	100	87.8805	35	56.7	KP_NORM_BLD_2395
NK_H12_028__chr	1	5206014	1262249	5206014	100	35.8364	35.6	58.7	NK_H12_028
NK_H12_028__pl_1	1	225468	53156	225468	100	34.8454	36	56.2	NK_H12_028
NK_H12_028__pl_2	1	4684	7008	4684	100	216.34	35.7	58.7	NK_H12_028
KP_NORM_BLD_2247__chr	1	5185857	1344155	5185377	99.9907	52.433	35.9	56.2	KP_NORM_BLD_2247
KP_NORM_BLD_2015_115359__chr	1	5278596	1402243	5278392	99.9961	62.3284	34.8	57.7	KP_NORM_BLD_2015_115359
KP_NORM_BLD_2015_115359__pl_1	1	225831	83512	225831	100	86.5847	35.4	58.3	KP_NORM_BLD_2015_115359
KP_NORM_BLD_2015_115359__pl_2	1	40128	53835	40128	100	313.121	35.6	55	KP_NORM_BLD_2015_115359
KP_NORM_BLD_2015_112126__chr	1	5284191	967445	5284173	99.9997	42.2738	34.7	57.3	KP_NORM_BLD_2015_112126
KP_NORM_BLD_2015_112126__pl_1	1	299188	59605	299188	100	45.8147	35.5	53	KP_NORM_BLD_2015_112126
KP_NORM_BLD_2015_112126__pl_2	1	113131	44262	113131	100	90.5123	35.5	58.2	KP_NORM_BLD_2015_112126
KP_NORM_BLD_2015_112126__pl_3	1	89709	108240	89709	100	277.963	35.2	54.7	KP_NORM_BLD_2015_112126
KP_NORM_BLD_2015_112126__pl_4	1	54880	32273	54880	100	135.515	35.1	58.1	KP_NORM_BLD_2015_112126
KP_NORM_BLD_2014_104302__chr	1	5235327	1427643	5235327	100	73.1212	32.7	58.1	KP_NORM_BLD_2014_104302
KP_NORM_BLD_2014_104302__pl_1	1	280779	106031	276027	98.3076	101.198	33.1	56.4	KP_NORM_BLD_2014_104302
KP_NORM_BLD_2015_111587__chr	1	5284210	955848	5282613	99.9698	43.3136	34.4	58	KP_NORM_BLD_2015_111587
KP_NORM_BLD_2015_111587__pl_1	1	189723	52661	189723	100	66.3811	34.9	54.6	KP_NORM_BLD_2015_111587
KP_NORM_BLD_2015_111587__pl_2	1	85165	34291	85165	100	96.4924	34.8	56.5	KP_NORM_BLD_2015_111587
KP_NORM_BLD_2015_111587__pl_3	1	5216	16611	5216	100	732.625	35.3	58.4	KP_NORM_BLD_2015_111587
KP_NORM_BLD_2015_111587__pl_4	1	4510	25844	4510	100	1305.12	35.8	58.1	KP_NORM_BLD_2015_111587
KP_NORM_BLD_2015_111587__pl_5	1	4389	22212	4389	100	1168.29	35.1	58.2	KP_NORM_BLD_2015_111587
KP_NORM_BLD_2015_111587__pl_6	1	3559	27303	3559	100	1748.09	35.6	57.7	KP_NORM_BLD_2015_111587
KP_NORM_BLD_2014_96855__chr	1	5222179	13158233	5222127	99.999	316.841	35.4	59.2	KP_NORM_BLD_2014_96855
KP_NORM_BLD_2014_96855__pl_1	1	218832	708590	218832	100	406.963	35.6	59.3	KP_NORM_BLD_2014_96855
KP_NORM_BLD_2014_96855__pl_2	1	115132	488292	115132	100	533.031	35.5	58.5	KP_NORM_BLD_2014_96855
KP_NORM_BLD_2014_96855__pl_3	1	110542	362335	110542	100	412.038	35.7	59.8	KP_NORM_BLD_2014_96855
KP_NORM_BLD_2014_96855__pl_4	1	4627	124179	4627	100	3318.58	35.8	59.4	KP_NORM_BLD_2014_96855
KP_NORM_BLD_2013_92328__chr	1	5397762	1618552	5397659	99.9981	62.7223	33.2	56	KP_NORM_BLD_2013_92328
KP_NORM_BLD_2013_92328__pl_1	1	166983	47251	166983	100	58.8611	33.7	54.3	KP_NORM_BLD_2013_92328
KP_NORM_BLD_2013_92328__pl_2	1	13149	31932	13149	100	483.857	34.2	54.8	KP_NORM_BLD_2013_92328
KP_NORM_BLD_2013_92328__pl_3	1	5943	50527	5943	100	1720.22	33.9	53.9	KP_NORM_BLD_2013_92328
KP_NORM_BLD_2013_92328__pl_4	1	1552	28019	1552	100	3376.67	33.9	55.3	KP_NORM_BLD_2013_92328
KP_NORM_BLD_2014_103381__chr	1	5287605	15391384	5287598	99.9999	366.085	35.4	59.2	KP_NORM_BLD_2014_103381
KP_NORM_BLD_2014_103381__pl_1	1	194051	775157	194051	100	502.41	35.6	57.7	KP_NORM_BLD_2014_103381
KP_NORM_BLD_2014_103381__pl_2	1	3996	120774	3996	100	3744.6	35.8	59.4	KP_NORM_BLD_2014_103381
KP_NORM_BLD_2014_104014__chr	1	5319653	9390244	5319653	100	221.968	37.3	59	KP_NORM_BLD_2014_104014
KP_NORM_BLD_2014_104014__pl_1	1	345775	910857	345775	100	331.174	37.5	55.5	KP_NORM_BLD_2014_104014
KP_NORM_BLD_2014_104014__pl_2	1	113143	333811	113143	100	370.903	37.5	59.8	KP_NORM_BLD_2014_104014
KP_NORM_BLD_2014_104014__pl_3	1	76757	368558	76757	100	603.179	37.4	55.9	KP_NORM_BLD_2014_104014
KP_NORM_BLD_2014_104014__pl_4	1	54880	379317	54880	100	868.193	37.3	59.8	KP_NORM_BLD_2014_104014
KP_NORM_BLD_2014_104014__pl_5	1	4591	81894	4591	100	2213.53	37.2	59.4	KP_NORM_BLD_2014_104014
KP_NORM_BLD_2014_104014__pl_6	1	3181	54201	3181	100	2093.54	37.5	59	KP_NORM_BLD_2014_104014
KP_NORM_BLD_2014_104014__pl_7	1	2058	130131	2058	100	7719.63	37.3	58.9	KP_NORM_BLD_2014_104014
KP_NORM_BLD_2014_100848__chr	1	5261421	1680241	5261421	100	85.7164	32.8	58.1	KP_NORM_BLD_2014_100848
KP_NORM_BLD_2014_100848__pl_1	1	246725	89659	246725	100	97.5454	33.1	55.3	KP_NORM_BLD_2014_100848
KP_NORM_BLD_2014_100833__chr	1	5375683	16414873	5375683	100	383.982	37.4	58.9	KP_NORM_BLD_2014_100833
KP_NORM_BLD_2014_100833__pl_1	1	226270	1162078	226270	100	645.687	37.5	55.7	KP_NORM_BLD_2014_100833
KP_NORM_BLD_2014_100833__pl_2	1	51054	461889	51054	100	1135.89	37.5	49	KP_NORM_BLD_2014_100833
KP_NORM_BLD_2014_100833__pl_3	1	10077	158989	10077	100	1969.99	37.4	59.6	KP_NORM_BLD_2014_100833
KP_NORM_BLD_2014_100833__pl_4	1	4125	289106	4125	100	8705.49	38	59.5	KP_NORM_BLD_2014_100833
KP_NORM_BLD_2014_101821__chr	1	5498474	1568160	5498474	100	76.9226	32.7	58	KP_NORM_BLD_2014_101821
KP_NORM_BLD_2014_101821__pl_1	1	76319	37723	76319	100	134.325	32.8	48.9	KP_NORM_BLD_2014_101821
KP_NORM_BLD_2014_101821__pl_2	1	7832	9848	7832	100	344.505	32.9	40.6	KP_NORM_BLD_2014_101821
KP_NORM_BLD_2014_101821__pl_3	1	4261	10580	4261	100	666.214	33.4	58	KP_NORM_BLD_2014_101821
KP_NORM_BLD_2014_101821__pl_4	1	4167	12172	4167	100	781.695	33.5	58.4	KP_NORM_BLD_2014_101821
KP_NORM_BLD_2014_101821__pl_5	1	2101	24694	2101	100	2964.57	33	58	KP_NORM_BLD_2014_101821
KP_NORM_BLD_2013_91444__chr	1	5280692	1582435	5280541	99.9971	76.6142	33	57.6	KP_NORM_BLD_2013_91444
KP_NORM_BLD_2013_91444__pl_1	1	176360	99065	176360	100	145.969	33.2	54.4	KP_NORM_BLD_2013_91444
KP_NORM_BLD_2013_91444__pl_2	1	160343	102425	160343	100	166.675	33.2	53.8	KP_NORM_BLD_2013_91444
KP_NORM_BLD_2013_91444__pl_3	1	4990	17812	4990	100	863.82	34.1	56.8	KP_NORM_BLD_2013_91444
KP_NORM_BLD_2013_91444__pl_4	1	4510	21423	4510	100	1175.16	34.1	57.6	KP_NORM_BLD_2013_91444
KP_NORM_BLD_2012_86962__chr	1	5316981	2117301	5316914	99.9987	81.8638	33.3	56.2	KP_NORM_BLD_2012_86962
KP_NORM_BLD_2012_86962__pl_1	1	183627	48432	183627	100	53.2949	34	52.6	KP_NORM_BLD_2012_86962
NK_H14_050__chr	1	5400413	1359326	5400413	100	62.7677	35.2	57.1	NK_H14_050
NK_H14_050__pl_1	1	225208	66941	225208	100	72.8158	35.5	55	NK_H14_050
NK_H14_050__pl_2	1	44032	9347	44032	100	52.8791	35.8	57.7	NK_H14_050
NK_H14_050__pl_3	1	3407	18695	3407	100	1173.03	35.7	55.8	NK_H14_050
KP_NORM_BLD_2014_102946__chr	1	5336499	16607107	5336499	100	390.337	37.1	59.2	KP_NORM_BLD_2014_102946
KP_NORM_BLD_2014_102946__pl_1	1	250665	1069454	250665	100	535.297	37.3	56.4	KP_NORM_BLD_2014_102946
KP_NORM_BLD_2014_102946__pl_2	1	51513	644818	51513	100	1569.6	37.2	59.7	KP_NORM_BLD_2014_102946
KP_NORM_BLD_2014_102946__pl_3	1	5627	124473	5627	100	2740.22	37.3	59.4	KP_NORM_BLD_2014_102946
KP_NORM_BLD_2014_102946__pl_4	1	2058	148277	2058	100	8768.74	36.9	58.6	KP_NORM_BLD_2014_102946
KP_NORM_BLD_2014_101320__chr	1	5292296	9780452	5292296	100	231.969	37.8	59.2	KP_NORM_BLD_2014_101320
KP_NORM_BLD_2014_101320__pl_1	1	221089	553809	221089	100	314.198	37.8	57.2	KP_NORM_BLD_2014_101320
KP_NORM_BLD_2009_61298__chr	1	5221833	1459656	5221742	99.9983	64.2999	33.3	57.4	KP_NORM_BLD_2009_61298
KP_NORM_BLD_2009_61298__pl_1	1	159298	66672	159298	100	96.168	33.8	55	KP_NORM_BLD_2009_61298
KP_NORM_BLD_2009_61895__chr	1	5325221	2340218	5325128	99.9983	103.084	33.8	57.8	KP_NORM_BLD_2009_61895
KP_NORM_BLD_2009_61895__pl_1	1	117095	9918	116778	99.7293	19.6801	34.5	51.6	KP_NORM_BLD_2009_61895
KP_NORM_BLD_2009_61895__pl_2	1	114782	14454	114782	100	29.5743	35	56.2	KP_NORM_BLD_2009_61895
KP_NORM_BLD_2009_61895__pl_3	1	84099	18459	84099	100	51.1493	34.5	39.2	KP_NORM_BLD_2009_61895
KP_NORM_BLD_2009_61895__pl_4	1	4863	38123	4863	100	1753.85	35.5	56.4	KP_NORM_BLD_2009_61895
KP_NORM_BLD_2009_61895__pl_5	1	4163	58174	4163	100	3078.78	35.4	56.6	KP_NORM_BLD_2009_61895
KP_NORM_BLD_2009_61895__pl_6	1	3082	47404	3082	100	3328.64	35.9	57.1	KP_NORM_BLD_2009_61895
KP_NORM_BLD_2008_55153__chr	1	5195711	1414968	5195379	99.9936	62.4537	34.3	55.3	KP_NORM_BLD_2008_55153
KP_NORM_BLD_2008_55153__pl_1	1	322368	64889	322294	99.977	44.4218	35	41.4	KP_NORM_BLD_2008_55153
KP_NORM_BLD_2008_55153__pl_2	1	71365	20510	68461	95.9308	64.8113	34.7	56.2	KP_NORM_BLD_2008_55153
KP_NORM_BLD_2008_55153__pl_3	1	54734	328749	54734	100	1375.4	34.9	51.6	KP_NORM_BLD_2008_55153
KP_NORM_BLD_2009_62777__chr	1	5221832	2129444	5221784	99.9991	81.8247	34.3	56	KP_NORM_BLD_2009_62777
KP_NORM_BLD_2009_62777__pl_1	1	160118	24012	160118	100	29.7169	34.8	52.5	KP_NORM_BLD_2009_62777
KP_NORM_BLD_2013_91198__chr	1	5310972	772779	5310715	99.9952	38.9905	31.9	57.9	KP_NORM_BLD_2013_91198
KP_NORM_BLD_2013_91198__pl_1	1	220888	54228	220883	99.9977	64.1995	32.3	53.4	KP_NORM_BLD_2013_91198
KP_NORM_BLD_2013_91198__pl_2	1	4991	7197	4991	100	363.914	33.2	57.6	KP_NORM_BLD_2013_91198
KP_NORM_BLD_2010_70236__chr	1	5315892	1606642	5315854	99.9993	69.5979	34.6	57.7	KP_NORM_BLD_2010_70236
KP_NORM_BLD_2010_70236__pl_1	1	195784	78560	195784	100	92.5178	35.3	55	KP_NORM_BLD_2010_70236
KP_NORM_BLD_2010_70236__pl_2	1	4773	16740	4773	100	746.199	36.1	56.7	KP_NORM_BLD_2010_70236
NK_H14_063__chr	1	5283674	2073424	5279632	99.9235	63.6554	35.1	51.7	NK_H14_063
NK_H14_063__pl_1	1	175236	44573	175194	99.976	38.5743	35.6	49.2	NK_H14_063
NK_H14_063__pl_2	1	112144	13449	111852	99.7396	18.6355	35.6	52	NK_H14_063
NK_H14_063__pl_3	1	10687	65022	10687	100	795.146	36	49	NK_H14_063
KP_NORM_BLD_2009_63475__chr	1	5286108	1209462	5285871	99.9955	52.694	33.3	57.4	KP_NORM_BLD_2009_63475
KP_NORM_BLD_2009_63475__pl_1	1	327108	83265	327099	99.9972	58.5039	33.9	1.82	KP_NORM_BLD_2009_63475
KP_NORM_BLD_2009_63475__pl_2	1	209101	36044	209101	100	39.6888	33.9	2.87	KP_NORM_BLD_2009_63475
KP_NORM_BLD_2009_63475__pl_3	1	118006	47827	118006	100	92.9771	33.9	0.553	KP_NORM_BLD_2009_63475
KP_NORM_BLD_2009_63475__pl_4	1	4336	35546	4336	100	1828.89	34.5	57.6	KP_NORM_BLD_2009_63475
KP_NORM_BLD_2009_63475__pl_5	1	2667	35122	2667	100	2828.78	34.5	57	KP_NORM_BLD_2009_63475
KP_NORM_BLD_2009_62172__chr	1	5309067	2184272	5308780	99.9946	94.919	33.6	57.5	KP_NORM_BLD_2009_62172
KP_NORM_BLD_2009_62172__pl_1	1	218732	27854	218732	100	29.1859	34.2	52.6	KP_NORM_BLD_2009_62172
KP_NORM_BLD_2009_62172__pl_2	1	149375	33645	149355	99.9866	51.6817	34.3	52.7	KP_NORM_BLD_2009_62172
KP_NORM_BLD_2009_62172__pl_3	1	65947	19541	65947	100	68.1463	34.2	52.1	KP_NORM_BLD_2009_62172
KP_NORM_BLD_2012_85408__chr	1	5216010	3809702	5216009	100	130.342	34.1	54.3	KP_NORM_BLD_2012_85408
KP_NORM_BLD_2012_85408__pl_1	1	167682	182062	167682	100	191.646	34.5	50.9	KP_NORM_BLD_2012_85408
KP_NORM_BLD_2012_85408__pl_2	1	114752	221524	114736	99.9861	340.399	34.6	51.4	KP_NORM_BLD_2012_85408
KP_NORM_BLD_2012_85408__pl_3	1	10974	80928	10973	99.9909	1295.95	34.1	53.8	KP_NORM_BLD_2012_85408
KP_NORM_BLD_2012_85408__pl_4	1	5655	44028	5655	100	1261.53	35	54	KP_NORM_BLD_2012_85408
KP_NORM_BLD_2012_85408__pl_5	1	2989	19265	2989	100	1021.71	34.9	53.5	KP_NORM_BLD_2012_85408
KP_NORM_BLD_2013_88977__chr	1	5425881	1098999	5425382	99.9908	53.6323	31.9	57.1	KP_NORM_BLD_2013_88977
KP_NORM_BLD_2013_88977__pl_1	1	97760	33365	97760	100	89.8633	32.4	56.2	KP_NORM_BLD_2013_88977
KP_NORM_BLD_2013_88977__pl_2	1	53292	19857	53292	100	98.4569	32.4	55.7	KP_NORM_BLD_2013_88977
KP_NORM_BLD_2013_88977__pl_3	1	13096	11898	13096	100	234.044	32.2	56.6	KP_NORM_BLD_2013_88977
KP_NORM_BLD_2010_71621__chr	1	5316617	1234960	5316616	100	54.1049	33.2	57.5	KP_NORM_BLD_2010_71621
KP_NORM_BLD_2010_71621__pl_1	1	155175	67916	155173	99.9987	101.663	34	57.7	KP_NORM_BLD_2010_71621
KP_NORM_BLD_2010_71621__pl_2	1	82998	69987	82998	100	196.029	33.8	51.5	KP_NORM_BLD_2010_71621
KP_NORM_BLD_2010_71621__pl_3	1	8801	11272	8801	100	291.392	33.4	58	KP_NORM_BLD_2010_71621
KP_NORM_BLD_2010_71621__pl_4	1	5463	3361	5463	100	138.929	34	57.5	KP_NORM_BLD_2010_71621
KP_NORM_BLD_2010_71621__pl_5	1	4947	22930	4947	100	1038.35	33.8	57.8	KP_NORM_BLD_2010_71621
KP_NORM_BLD_2012_86925__chr	1	5183370	1950589	5183356	99.9997	87.5991	33.3	57.6	KP_NORM_BLD_2012_86925
KP_NORM_BLD_2012_86925__pl_1	1	184454	96349	184454	100	121.431	33.9	56.6	KP_NORM_BLD_2012_86925
KP_NORM_BLD_2009_63807__chr	1	5192135	1251302	5189857	99.9561	48.8846	34.1	56.1	KP_NORM_BLD_2009_63807
KP_NORM_BLD_2009_63807__pl_1	1	216460	10782	213728	98.7379	9.89634	34.7	53.1	KP_NORM_BLD_2009_63807
KP_NORM_BLD_2009_63807__pl_2	1	35550	4759	35550	100	26.9177	34.7	51.5	KP_NORM_BLD_2009_63807
KP_NORM_BLD_2009_63807__pl_3	1	4710	6275	4710	100	248.134	35.4	55.6	KP_NORM_BLD_2009_63807
KP_NORM_BLD_2011_74838__chr	1	5233598	1381026	5233553	99.9991	68.1613	32.9	57.3	KP_NORM_BLD_2011_74838
KP_NORM_BLD_2011_74838__pl_1	1	145437	50508	145437	100	89.6657	33.3	53.7	KP_NORM_BLD_2011_74838
KP_NORM_BLD_2011_74838__pl_2	1	70946	33584	70946	100	120.982	33.7	54.3	KP_NORM_BLD_2011_74838
KP_NORM_BLD_2011_74838__pl_3	1	62059	37631	62059	100	155.225	33.3	53.3	KP_NORM_BLD_2011_74838
NK_H15_014__chr	1	5525875	1556151	5525341	99.9903	59.4465	35.4	56.5	NK_H15_014
KP_NORM_BLD_2010_70364__chr	1	5231088	1625038	5230918	99.9968	70.6938	33.3	56.1	KP_NORM_BLD_2010_70364
KP_NORM_BLD_2010_70364__pl_1	1	191062	96398	191062	100	109.794	33.9	53.2	KP_NORM_BLD_2010_70364
KP_NORM_BLD_2010_70364__pl_2	1	71828	27830	71827	99.9986	88.0466	33	0.58	KP_NORM_BLD_2010_70364
KP_NORM_BLD_2010_70364__pl_3	1	6944	14911	6944	100	475.713	34	56.4	KP_NORM_BLD_2010_70364
KP_NORM_BLD_2011_75117__chr	1	5472811	1300880	5472658	99.9972	63.8026	32.3	57.9	KP_NORM_BLD_2011_75117
KP_NORM_BLD_2011_75117__pl_1	1	216544	85222	216544	100	105.551	32.7	52.7	KP_NORM_BLD_2011_75117
KP_NORM_BLD_2011_75117__pl_2	1	203961	91814	203961	100	121.327	32.8	52.9	KP_NORM_BLD_2011_75117
KP_NORM_BLD_2011_75117__pl_3	1	4391	10057	4391	100	566.069	33.8	57.4	KP_NORM_BLD_2011_75117
KP_NORM_BLD_2008_54824__chr	1	5304252	1822758	5304198	99.999	77.6093	34.6	57.2	KP_NORM_BLD_2008_54824
KP_NORM_BLD_2008_54824__pl_1	1	203765	21100	203732	99.9838	23.209	35.2	55.6	KP_NORM_BLD_2008_54824
KP_NORM_BLD_2008_55014__chr	1	5231607	1952266	5231607	100	87.6166	34.1	58	KP_NORM_BLD_2008_55014
KP_NORM_BLD_2008_55014__pl_1	1	296678	41895	296555	99.9585	32.8029	35.5	56	KP_NORM_BLD_2008_55014
KP_NORM_BLD_2008_55014__pl_2	1	46761	14548	46761	100	71.8881	34.9	55.8	KP_NORM_BLD_2008_55014
KP_NORM_BLD_2008_55014__pl_3	1	4858	7321	4858	100	326.432	35.8	57.3	KP_NORM_BLD_2008_55014
NK_H16_005__chr	1	5206014	1492150	5206014	100	81.0888	33.5	59.3	NK_H16_005
NK_H16_005__pl_1	1	225468	60657	225468	100	75.8667	34	57.7	NK_H16_005
NK_H16_005__pl_2	1	4684	3825	4684	100	226.82	33.4	59.3	NK_H16_005
NK_H16_016__chr	1	5396720	900213	5396720	100	46.6764	33.6	58.7	NK_H16_016
NK_H16_016__pl_1	1	141763	22718	141763	100	44.883	34	57.4	NK_H16_016
NK_H16_016__pl_2	1	3479	5746	3479	100	453.416	34.2	58.8	NK_H16_016
NK_H16_012__chr	1	5208058	1585104	5208058	100	85.8199	33.8	59.2	NK_H16_012
NK_H16_012__pl_1	1	137965	31615	137965	100	64.6393	34.2	56.9	NK_H16_012
NK_H16_012__pl_2	1	110841	22629	110841	100	57.6345	34.3	59.2	NK_H16_012
NK_H15_060__chr	1	5302709	997519	5302709	100	48.5409	35	57.7	NK_H15_060
NK_H15_060__pl_1	1	4652	4608	4652	100	258.008	35.5	58.3	NK_H15_060
NK_H15_048__chr	1	5206010	1588795	5199344	99.872	61.7074	34.3	55.5	NK_H15_048
NK_H15_048__pl_1	1	226726	54997	226195	99.7658	46.4033	34.8	50.4	NK_H15_048
NK_H15_048__pl_2	1	4685	24370	4685	100	950.566	34.6	55.2	NK_H15_048
NK_H15_042__chr	1	5318047	1502096	5316657	99.9739	57.8143	34.4	55.1	NK_H15_042
NK_H15_042__pl_1	1	198393	63614	198393	100	62.9319	34.8	51.7	NK_H15_042
NK_H15_042__pl_2	1	112249	25414	112013	99.7898	44.8471	34.9	54.5	NK_H15_042
NK_H17_018__chr	1	5190210	1785949	5189679	99.9898	67.6461	34.6	55.2	NK_H17_018
NK_H17_018__pl_1	1	107183	38501	107183	100	67.6594	34.9	54.5	NK_H17_018
NK_H15_047__chr	1	5228927	1072509	5226712	99.9576	44.4126	34	56	NK_H15_047
NK_H15_047__pl_1	1	221270	37648	221270	100	35.64	34.5	55.8	NK_H15_047
NK_H15_025__chr	1	5473021	1870918	5469335	99.9327	65.2446	34.8	54.9	NK_H15_025
NK_H15_025__pl_1	1	157168	121645	157156	99.9924	141.959	35.2	53.1	NK_H15_025
NK_H15_025__pl_2	1	90042	32568	90040	99.9978	65.8183	35.2	48	NK_H15_025
NK_H15_025__pl_3	1	67518	78375	67518	100	214.416	35	55.2	NK_H15_025
NK_H15_025__pl_4	1	5840	36530	5840	100	1021.46	35.6	53.3	NK_H15_025
NK_H15_025__pl_5	1	3301	16014	3301	100	737.095	35.6	51.8	NK_H15_025
NK_H15_032__chr	1	5289382	769092	5284028	99.8988	30.4282	34.3	55.6	NK_H15_032
NK_H15_032__pl_1	1	186138	39632	186138	100	42.9295	34.7	55.6	NK_H15_032
NK_H15_032__pl_2	1	55955	14597	55955	100	53.5283	34.7	56.2	NK_H15_032
NK_H15_032__pl_3	1	9294	14875	9294	100	305.703	34.7	55.6	NK_H15_032
NK_H18_005__chr	1	5476930	2211859	5476929	100	92.4763	34.1	56.3	NK_H18_005
NK_H18_026__chr	1	5327146	703347	5326395	99.9859	29.9877	35.5	56.1	NK_H18_026
NK_H18_026__pl_1	1	219508	42411	219508	100	43.4172	35.8	55.2	NK_H18_026
NK_H18_026__pl_2	1	6915	8417	6915	100	262.542	35.7	56.5	NK_H18_026
NK_H18_026__pl_3	1	5656	7242	5656	100	258.312	36.2	55.7	NK_H18_026
NK_H18_026__pl_4	1	5627	18162	5627	100	664.98	36.1	55.2	NK_H18_026
NK_H18_026__pl_5	1	5480	7100	5480	100	268.545	36	55.2	NK_H18_026
NK_H18_026__pl_6	1	1822	10109	1822	100	1097.19	36.4	55.4	NK_H18_026
NK_H18_073__chr	1	5348414	1026026	5347846	99.9894	31.4676	34.4	52.4	NK_H18_073
NK_H18_073__pl_1	1	182100	42197	182100	100	36.568	34.6	50.7	NK_H18_073
NK_H18_073__pl_2	1	9294	9990	9294	100	160.376	34.6	51.7	NK_H18_073
NK_H17_042__chr	1	5439825	2018325	5435328	99.9173	61.952	33	52.1	NK_H17_042
NK_H17_042__pl_1	1	142442	60684	142442	100	68.7	33.4	47.9	NK_H17_042
NK_H17_042__pl_2	1	4760	15165	4760	100	473.121	33.4	52.2	NK_H17_042
NK_H17_042__pl_3	1	4495	16791	4495	100	569.234	33.5	52.7	NK_H17_042
NK_H15_021__chr	1	5388444	1618118	5388215	99.9958	63.1704	35.3	56.4	NK_H15_021
NK_H15_021__pl_1	1	211430	82895	211430	100	81.5226	35.9	55.9	NK_H15_021
NK_H18_019__chr	1	5252654	1149440	5252483	99.9967	42.7596	34.2	55.4	NK_H18_019
NK_H18_019__pl_1	1	174265	49028	174265	100	54.5755	35	52.4	NK_H18_019
NK_H18_019__pl_2	1	62938	31474	62938	100	95.8092	35.5	54.6	NK_H18_019
NK_H18_050__chr	1	5269300	887210	5258379	99.7927	38.9507	35	56.7	NK_H18_050
NK_H15_022__chr	1	5319161	1786668	5316454	99.9491	65.5763	34.7	55.1	NK_H15_022
NK_H15_022__pl_1	1	214799	67755	214799	100	59.5025	35	54.9	NK_H15_022
NK_H15_022__pl_2	1	3456	16802	3456	100	803.155	35.6	54.4	NK_H15_022
NK_H1_001__chr	1	5228768	1583935	5228651	99.9978	56.0341	34.6	55.2	NK_H1_001
NK_H1_001__pl_1	1	224336	90521	224336	100	73.7202	35.3	54.3	NK_H1_001
NK_H1_001__pl_2	1	4353	32824	4353	100	1294.58	36	53.8	NK_H1_001
NK_H15_002__chr	1	5312012	1292039	5311820	99.9964	51.3308	35.2	56.4	NK_H15_002
NK_H15_002__pl_1	1	171862	53563	171862	100	65.0444	35.7	55.6	NK_H15_002
NK_H15_002__pl_2	1	2667	12879	2667	100	921.314	36.6	55.2	NK_H15_002
NK_H1_012__chr	1	5201277	1281097	5201187	99.9983	45.4276	35.5	54.6	NK_H1_012
NK_H14_058__chr	1	5191720	1777679	5190207	99.9709	80.3319	35.5	56.7	NK_H14_058
NK_H14_058__pl_1	1	55799	5949	55799	100	24.2214	35.9	56.7	NK_H14_058
NK_H15_001__chr	1	5467149	1165886	5466943	99.9962	44.7597	35.3	56	NK_H15_001
NK_H15_001__pl_1	1	424266	144441	424266	100	70.7845	35.8	40.8	NK_H15_001
NK_H14_057__chr	1	5288424	2093119	5287346	99.9796	63.7124	35.3	51.7	NK_H14_057
NK_H14_036__chr	1	5290646	1383282	5290646	100	67.8761	34.8	57.7	NK_H14_036
NK_H14_036__pl_1	1	111112	36231	111112	100	84.5408	35	56.5	NK_H14_036
NK_H14_036__pl_2	1	9293	9745	9293	100	270.424	34.7	58	NK_H14_036
NK_H12_100__chr	1	5606187	939117	5590722	99.7241	44.4131	34.4	57.9	NK_H12_100
NK_H12_100__pl_1	1	219762	30720	217962	99.1809	36.5127	34.7	55.6	NK_H12_100
NK_H14_033__chr	1	5513146	1437348	5513146	100	53.8511	34.9	58.7	NK_H14_033
NK_H14_033__pl_1	1	178817	51912	177407	99.2115	58.6564	35.1	53.6	NK_H14_033
NK_H14_033__pl_2	1	5290	2473	5290	100	97.1951	35.3	59	NK_H14_033
NK_H14_033__pl_3	1	2809	13684	2809	100	981.896	35.7	58.4	NK_H14_033
NK_H12_068__chr	1	5451076	2568653	5451076	100	110.979	34.9	56.6	NK_H12_068
NK_H12_068__pl_1	1	32718	16756	32718	100	112.753	35.9	55.9	NK_H12_068
NK_H12_068__pl_2	1	3530	17993	3530	100	1072.42	35.8	55.6	NK_H12_068
NK_H12_068__pl_3	1	1549	35669	1549	100	4639.82	35.4	55.6	NK_H12_068
NK_H1_044__chr	1	5531653	1810943	5531653	100	65.6797	34	55.6	NK_H1_044
NK_H1_040__chr	1	5327227	2416534	5327227	100	98.3173	34.1	56.3	NK_H1_040
NK_H1_040__pl_1	1	190571	106095	190571	100	115.405	34.3	55.9	NK_H1_040
NK_H1_040__pl_2	1	110461	53574	110461	100	97.7489	34.4	56.6	NK_H1_040
NK_H14_037__chr	1	5268726	1086887	5268726	100	54.4099	34.7	57.6	NK_H14_037
NK_H14_037__pl_1	1	185596	52675	185596	100	74.95	35	57.1	NK_H14_037
NK_H14_037__pl_2	1	54307	26668	54248	99.8914	128.69	35	53.8	NK_H14_037
NK_H14_037__pl_3	1	24412	22259	24412	100	194.212	35.4	52.8	NK_H14_037
NK_H14_037__pl_4	1	5631	16444	5631	100	644.787	35.1	54.8	NK_H14_037
NK_H14_042__chr	1	5537021	2136552	5536972	99.9991	63.3362	35.1	52.3	NK_H14_042
NK_H14_042__pl_1	1	110031	35941	110031	100	50.7304	35.5	51.9	NK_H14_042
NK_H14_042__pl_2	1	7781	54396	7781	100	945.788	35.9	50.5	NK_H14_042
NK_H14_042__pl_3	1	5263	29315	5263	100	751.437	36	50.4	NK_H14_042
NK_H14_001__chr	1	5220412	760154	5220412	100	30.7709	34.9	59	NK_H14_001
NK_H14_001__pl_1	1	228943	45172	228943	100	41.5592	34.9	58.2	NK_H14_001
NK_H14_015__chr	1	5271611	1259437	5271611	100	50.2836	34.9	59.1	NK_H14_015
NK_H14_015__pl_1	1	141710	42683	141710	100	62.9975	35.2	57	NK_H14_015
NK_H14_015__pl_2	1	121064	28982	121064	100	50.0032	35.2	54.9	NK_H14_015
NK_H14_015__pl_3	1	4353	4343	4353	100	213.401	35.4	58.9	NK_H14_015
NK_H14_010__chr	1	5206093	1496811	5206093	100	60.2196	35	58.9	NK_H14_010
NK_H14_010__pl_1	1	225468	79197	225468	100	73.0496	35.4	56.1	NK_H14_010
NK_H14_010__pl_2	1	4684	6443	4684	100	285.336	34.8	58.9	NK_H14_010
NK_H12_086__chr	1	5250356	1336166	5244381	99.8862	66.808	34.2	57.7	NK_H12_086
NK_H12_086__pl_1	1	157139	44061	157071	99.9567	72.0885	34.5	52.5	NK_H12_086
NK_H12_086__pl_2	1	2665	6210	2665	100	545.305	35	56.9	NK_H12_086
NK_H12_048__chr	1	5329909	1300033	5329909	100	58.0027	35	58.3	NK_H12_048
NK_H12_048__pl_1	1	108484	18929	108484	100	41.7266	35.6	56.4	NK_H12_048
NK_H12_048__pl_2	1	3513	11062	3513	100	716.889	35.2	58.1	NK_H12_048
NK_H1_098__chr	1	5322214	2028278	5322214	100	91.0631	34.8	56.6	NK_H1_098
NK_H1_098__pl_1	1	207046	101541	207046	100	116.386	35.1	54.3	NK_H1_098
NK_H1_098__pl_2	1	5763	26301	5763	100	987.353	35.8	56.3	NK_H1_098
NK_H1_098__pl_3	1	3544	14142	3544	100	865.611	35.4	56.4	NK_H1_098
NK_H13_003__chr	1	5493366	1818616	5493244	99.9978	61.865	35.4	54.5	NK_H13_003
NK_H13_003__pl_1	1	135810	67300	135797	99.9904	90.5678	35.6	51.9	NK_H13_003
NK_H13_003__pl_2	1	120219	55313	120219	100	82.3117	35.6	50.8	NK_H13_003
NK_H13_003__pl_3	1	6919	27688	6919	100	628.957	36.1	53.5	NK_H13_003
NK_H12_053__chr	1	5350799	1049570	5350799	100	46.6678	33.9	58.1	NK_H12_053
NK_H12_053__pl_1	1	248396	39487	248396	100	37.8146	34.7	52.6	NK_H12_053
NK_H12_053__pl_2	1	13879	31713	13879	100	546.473	34.5	57.3	NK_H12_053
NK_H12_053__pl_3	1	4083	21795	4083	100	1263.59	35.6	58.8	NK_H12_053
NK_H12_053__pl_4	1	3603	12920	3433	95.2817	733.319	34.9	57.3	NK_H12_053
NK_H12_053__pl_5	1	2665	11192	2665	100	959.176	35	58	NK_H12_053
NK_H12_063__chr	1	5457198	822155	5456035	99.9787	34.8014	34.9	57.4	NK_H12_063
NK_H12_057__chr	1	5192151	1313129	5192151	100	60.1449	35.2	58.4	NK_H12_057
NK_H12_041__chr	1	5114900	1358990	5114900	100	63.3239	33.9	58.3	NK_H12_041
NK_H12_041__pl_1	1	227646	66612	227646	100	69.7369	34.3	51.2	NK_H12_041
NK_H12_041__pl_2	1	69755	18641	69755	100	63.876	34.9	57.1	NK_H12_041
NK_H12_041__pl_3	1	58471	30578	58471	100	124.49	34.5	58.9	NK_H12_041
NK_H12_041__pl_4	1	18593	10013	17854	96.0254	93.9506	32.5	0.389	NK_H12_041
NK_H12_038__chr	1	5386569	688970	5386569	100	30.5097	33.6	58.2	NK_H12_038
NK_H12_038__pl_1	1	166005	22081	166005	100	31.7537	34.3	42.4	NK_H12_038
NK_H12_038__pl_2	1	95739	16675	95739	100	41.6994	34.3	37.6	NK_H12_038
NK_H12_034__chr	1	5452205	1164340	5452205	100	31.841	36.2	58.7	NK_H12_034
NK_H12_034__pl_1	1	235771	81048	235771	100	51.2367	36.4	55.2	NK_H12_034
NK_H12_034__pl_2	1	171213	42464	171213	100	36.9149	36.4	52.9	NK_H12_034
NK_H12_034__pl_3	1	2546	18282	2546	100	1035.86	37.1	59.3	NK_H12_034
NK_H12_035__chr	1	5469470	1258214	5469470	100	34.3121	36.4	58.9	NK_H12_035
NK_H12_035__pl_1	1	230845	44348	230845	100	28.6054	36.8	57.1	NK_H12_035
NK_H12_035__pl_2	1	50973	28975	50973	100	84.8144	36.6	58.6	NK_H12_035
NK_H12_018__chr	1	5204839	1851362	5204835	99.9999	69.4222	34.8	54.7	NK_H12_018
NK_H12_018__pl_1	1	156753	74750	156753	100	89.6146	35.2	51.4	NK_H12_018
NK_H12_018__pl_2	1	4684	21930	4684	100	825.035	35	54.5	NK_H12_018
NK_H11_013__chr	1	5296505	1355526	5296505	100	65.0881	35.2	57.5	NK_H11_013
NK_H11_013__pl_1	1	175971	40138	175971	100	58.0854	35.5	56	NK_H11_013
NK_H11_006__chr	1	5327472	1117227	5327472	100	53.1536	35	57.4	NK_H11_006
NK_H11_006__pl_1	1	179981	33389	179981	100	46.747	35.4	56.5	NK_H11_006
NK_H11_006__pl_2	1	77161	31538	77161	100	104.339	35.3	56.8	NK_H11_006
NK_H12_023__chr	1	5386574	1348178	5386569	99.9999	58.8252	34.7	56.2	NK_H12_023
NK_H12_023__pl_1	1	166005	33777	166005	100	46.686	35	34	NK_H12_023
NK_H12_023__pl_2	1	95739	42443	95739	100	101.656	35	38.8	NK_H12_023
KP_NORM_URN_57042__chr	1	5368061	2296729	5368061	100	86.0143	34.4	55.7	KP_NORM_URN_57042
KP_NORM_URN_57042__pl_1	1	196315	96812	196315	100	98.9905	35	52.7	KP_NORM_URN_57042
KP_NORM_URN_57225__chr	1	5346848	2275450	5346668	99.9966	86.6107	35.8	55.2	KP_NORM_URN_57225
KP_NORM_URN_57225__pl_1	1	183111	64070	183111	100	70.6984	36	50.5	KP_NORM_URN_57225
KP_NORM_URN_57225__pl_2	1	5897	8081	5897	100	278.405	36.1	55.9	KP_NORM_URN_57225
KP_NORM_URN_57225__pl_3	1	5840	14211	5840	100	507.989	36	55.8	KP_NORM_URN_57225
KP_NORM_URN_57225__pl_4	1	4667	8079	4667	100	354.258	35.8	55.9	KP_NORM_URN_57225
KP_NORM_URN_57225__pl_5	1	2546	27628	2546	100	2202.09	36.4	55.9	KP_NORM_URN_57225
KP_NORM_URN_57695__chr	1	5256881	2113460	5256881	100	86.3116	35.8	55.9	KP_NORM_URN_57695
KP_NORM_URN_57695__pl_1	1	5251	5528	5251	100	225.601	36	56.4	KP_NORM_URN_57695
KP_NORM_URN_58012__chr	1	5498281	832500	5498281	100	33.5148	35.7	56.8	KP_NORM_URN_58012
KP_NORM_URN_58012__pl_1	1	107451	22338	107277	99.8381	45.6492	36.3	56.1	KP_NORM_URN_58012
KP_NORM_URN_58012__pl_2	1	4066	1359	4066	100	73.7959	36.5	56.9	KP_NORM_URN_58012
KP_NORM_URN_58233__chr	1	5334665	1992248	5334665	100	75.6931	34.6	55.8	KP_NORM_URN_58233
KP_NORM_URN_58233__pl_1	1	121088	38520	121088	100	64.3759	34.8	53.5	KP_NORM_URN_58233
NK_H20_007__chr	1	5221407	2108378	5221407	100	88.2126	34.6	59	NK_H20_007
NK_H20_007__pl_1	1	4353	4607	4353	100	238.205	35	59.2	NK_H20_007
KP_NORM_URN_57979__chr	1	5521747	1446877	5521747	100	56.4846	33.8	56.4	KP_NORM_URN_57979
NK_H1_109__chr	1	5217588	1961364	5216509	99.9793	69.7891	35.4	54.3	NK_H1_109
NK_H1_109__pl_1	1	138935	52072	138935	100	67.3708	35.7	51.5	NK_H1_109
NK_H1_109__pl_2	1	5905	21145	5905	100	573.592	36	53.4	NK_H1_109
NK_H1_109__pl_3	1	4069	27030	4069	100	918.261	36.4	52.2	NK_H1_109
NK_H1_109__pl_4	1	3718	21044	3718	100	858.203	36.1	53.2	NK_H1_109
NK_H1_109__pl_5	1	2106	16751	2106	100	1033.75	36.6	51.1	NK_H1_109
NK_H21_067__chr	1	5528004	1576609	5528004	100	59.9033	34.3	56	NK_H21_067
NK_H21_067__pl_1	1	184108	57322	184108	100	65.1089	34.6	53.6	NK_H21_067
NK_H21_067__pl_2	1	55491	34335	55491	100	129.659	34.5	54.9	NK_H21_067
NK_H21_037__chr	1	5261427	2154851	5259612	99.9655	81.7832	34.5	55.5	NK_H21_037
NK_H21_037__pl_1	1	241257	78595	241257	100	63.8313	34.8	51.1	NK_H21_037
KP_NORM_URN_57455__chr	1	5428796	2317003	5428796	100	83.5873	33.8	56	KP_NORM_URN_57455
NK_H21_056A__chr	1	5459286	998770	5459246	99.9993	39.2068	34.1	56.1	NK_H21_056A
NK_H21_056A__pl_1	1	200131	31889	200131	100	33.8954	34.5	54.7	NK_H21_056A
NK_H21_056A__pl_2	1	26090	3756	22887	87.7233	31.1995	34.5	51.3	NK_H21_056A
KP_NORM_URN_57447__chr	1	5601882	1819412	5601882	100	64.6608	33.8	56	KP_NORM_URN_57447
KP_NORM_URN_57447__pl_1	1	206638	77347	206638	100	74.5334	34.4	55.2	KP_NORM_URN_57447
KP_NORM_URN_57447__pl_2	1	3410	8296	3410	100	491.455	34.8	56.2	KP_NORM_URN_57447
KP_NORM_URN_58394__chr	1	5144400	1947103	5144400	100	82.5179	35.2	56.1	KP_NORM_URN_58394
KP_NORM_URN_58394__pl_1	1	232307	110936	232307	100	103.838	35.4	54.6	KP_NORM_URN_58394
KP_NORM_URN_58394__pl_2	1	3545	15951	3545	100	986.106	35.6	56.4	KP_NORM_URN_58394
KP_NORM_URN_58394__pl_3	1	3479	11865	3479	100	756.797	35.6	56.7	KP_NORM_URN_58394
KP_NORM_URN_58394__pl_4	1	3302	16892	3302	100	1125.18	35.6	56.5	KP_NORM_URN_58394
KP_NORM_URN_57409__chr	1	5293596	2321730	5293596	100	93.6883	32.3	56.7	KP_NORM_URN_57409
KP_NORM_URN_57409__pl_1	1	139019	99260	139019	100	151.624	33.3	56.7	KP_NORM_URN_57409
KP_NORM_URN_57023__chr	1	5620587	2145699	5620587	100	75.9161	35.2	55.7	KP_NORM_URN_57023
KP_NORM_URN_57023__pl_1	1	223245	109578	223245	100	97.263	35.7	52.4	KP_NORM_URN_57023
KP_NORM_URN_57023__pl_2	1	116648	62272	116648	100	106.564	35.7	54.4	KP_NORM_URN_57023
KP_NORM_URN_57023__pl_3	1	6734	9473	6734	100	293.751	36.2	48.4	KP_NORM_URN_57023
KP_NORM_URN_57023__pl_4	1	5763	8345	5763	100	294.538	36.1	53	KP_NORM_URN_57023
KP_NORM_URN_57023__pl_5	1	4953	22313	4953	100	913.621	36.8	56.4	KP_NORM_URN_57023
KP_NORM_URN_57023__pl_6	1	4740	8701	4740	100	368.462	35.4	56.2	KP_NORM_URN_57023
KP_NORM_URN_57023__pl_7	1	3337	7331	3337	100	455.455	36.1	55.1	KP_NORM_URN_57023
KP_NORM_URN_57023__pl_8	1	3301	8275	3301	100	502.6	36.2	56.1	KP_NORM_URN_57023
KP_NORM_URN_56668__chr	1	5258711	856497	5258711	100	35.9808	35.5	56.7	KP_NORM_URN_56668
KP_NORM_URN_56668__pl_1	1	203130	24400	203130	100	26.462	36.2	54.5	KP_NORM_URN_56668
NK_H22_060__chr	1	5373517	1356105	5373493	99.9996	55.1828	35.2	55.6	NK_H22_060
NK_H22_060__pl_1	1	206323	38850	206226	99.953	39.2308	35.9	56	NK_H22_060
NK_H22_060__pl_2	1	161935	54248	161935	100	71.4451	35.5	53.4	NK_H22_060
NK_H22_060__pl_3	1	109601	23846	109601	100	46.4802	35.7	56.6	NK_H22_060
NK_H22_060__pl_4	1	102926	57291	102925	99.999	118.33	35.5	52.9	NK_H22_060
NK_H22_060__pl_5	1	3223	10830	3223	100	665.615	35.6	55.8	NK_H22_060
NK_H22_060__pl_6	1	2453	25261	2453	100	1883.3	36.1	54.8	NK_H22_060
KP_NORM_URN_2015_109604__chr	1	5261424	1742562	5261424	100	74.9223	35	57.2	KP_NORM_URN_2015_109604
KP_NORM_URN_2015_109604__pl_1	1	176355	84510	176355	100	108.024	35.5	55.2	KP_NORM_URN_2015_109604
NK_H21_015__chr	1	5213040	1322445	5208761	99.9179	64.2446	34.2	57.1	NK_H21_015
NK_H21_015__pl_1	1	208066	44166	207945	99.9418	52.4135	34.7	53.9	NK_H21_015
NK_H21_015__pl_2	1	4684	17684	4684	100	891.262	34.5	57.3	NK_H21_015
KP_NORM_URN_2015_109238__chr	1	5405676	1737594	5405447	99.9958	72.7206	34.5	57.2	KP_NORM_URN_2015_109238
KP_NORM_URN_2015_109238__pl_1	1	98142	41518	97901	99.7544	94.8779	35.5	56.6	KP_NORM_URN_2015_109238
KP_NORM_URN_2015_109358__chr	1	5278363	705867	5278098	99.995	31.5302	34.3	57.9	KP_NORM_URN_2015_109358
KP_NORM_URN_2015_109358__pl_1	1	249416	40548	249416	100	38.2009	34.8	54.9	KP_NORM_URN_2015_109358
KP_NORM_URN_2015_109056__chr	1	5138889	1238946	5138588	99.9941	54.897	34.6	56.9	KP_NORM_URN_2015_109056
KP_NORM_URN_2015_109056__pl_1	1	150923	49724	150923	100	75.1986	35.1	56.2	KP_NORM_URN_2015_109056
KP_NORM_URN_2015_109056__pl_2	1	4761	23181	4761	100	1040.99	35.8	57	KP_NORM_URN_2015_109056
KP_NORM_URN_2015_107962__chr	1	5319740	1393219	5319549	99.9964	60.5137	34.5	57.4	KP_NORM_URN_2015_107962
KP_NORM_URN_2015_107962__pl_1	1	204534	84725	204534	100	95.5199	35	57.1	KP_NORM_URN_2015_107962
KP_NORM_URN_2015_107962__pl_2	1	111081	37280	111081	100	77.5656	35.2	58.1	KP_NORM_URN_2015_107962
KP_NORM_URN_2014_99206__chr	1	5255437	10480982	5255437	100	250.074	37.7	59.1	KP_NORM_URN_2014_99206
KP_NORM_URN_2014_99206__pl_1	1	212842	526013	212842	100	309.962	37.8	58.7	KP_NORM_URN_2014_99206
KP_NORM_URN_2014_99206__pl_2	1	5251	67861	5251	100	1599.39	37.7	59.4	KP_NORM_URN_2014_99206
KP_NORM_URN_2015_107836__chr	1	5199862	1077950	5199673	99.9964	48.549	34.3	57.7	KP_NORM_URN_2015_107836
KP_NORM_URN_2015_107836__pl_1	1	194989	60390	194989	100	72.4398	34.8	55.4	KP_NORM_URN_2015_107836
KP_NORM_URN_2014_97411__chr	1	5305302	11130957	5305302	100	263.936	37.7	59	KP_NORM_URN_2014_97411
KP_NORM_URN_2014_97411__pl_1	1	142077	367261	142077	100	325.04	37.7	58.1	KP_NORM_URN_2014_97411
KP_NORM_URN_2014_97677__chr	1	5194742	1469936	5194742	100	76.6041	32.3	58.3	KP_NORM_URN_2014_97677
KP_NORM_URN_2014_97677__pl_1	1	149856	96656	149856	100	174.642	32.6	56.4	KP_NORM_URN_2014_97677
KP_NORM_URN_2014_97392__chr	1	5133847	11108684	5133847	100	271.547	38.2	59.1	KP_NORM_URN_2014_97392
KP_NORM_URN_2014_97392__pl_1	1	140457	409459	140457	100	365.865	38.3	55.1	KP_NORM_URN_2014_97392
KP_NORM_URN_2014_97392__pl_2	1	3940	57626	3940	100	1805.88	38.1	59.4	KP_NORM_URN_2014_97392
KP_NORM_URN_2014_101205__chr	1	5256207	19674122	5256207	100	469.666	37.1	59.2	KP_NORM_URN_2014_101205
KP_NORM_URN_2014_101205__pl_1	1	231473	1037932	231473	100	562.899	37.3	59.1	KP_NORM_URN_2014_101205
KP_NORM_URN_2014_101205__pl_2	1	5591	113653	5591	100	2528.98	37.4	59.5	KP_NORM_URN_2014_101205
KP_NORM_URN_2014_101205__pl_3	1	2887	178266	2887	100	7561.39	37.3	59	KP_NORM_URN_2014_101205
KP_NORM_URN_2013_96200__chr	1	5267004	1551166	5266978	99.9995	73.4838	33.1	57.2	KP_NORM_URN_2013_96200
KP_NORM_URN_2013_96200__pl_1	1	154762	61254	154762	100	98.497	33.5	55.1	KP_NORM_URN_2013_96200
KP_NORM_URN_2013_96200__pl_2	1	42519	26260	42519	100	151.733	33.8	57.6	KP_NORM_URN_2013_96200
KP_NORM_URN_2013_96200__pl_3	1	5225	19268	5225	100	702.272	34	46.1	KP_NORM_URN_2013_96200
KP_NORM_URN_2013_96200__pl_4	1	3991	11507	3991	100	620.977	34.5	54.1	KP_NORM_URN_2013_96200
KP_NORM_URN_2013_95951__chr	1	5133803	1069760	5133266	99.9895	47.6103	32.7	57.3	KP_NORM_URN_2013_95951
KP_NORM_URN_2013_95951__pl_1	1	158906	11201	158738	99.8943	16.0291	33.1	50	KP_NORM_URN_2013_95951
KP_NORM_URN_2013_95951__pl_2	1	56638	4408	56465	99.6946	17.5157	33.4	46.2	KP_NORM_URN_2013_95951
KP_NORM_URN_2013_95951__pl_3	1	3940	69988	3940	100	3800.26	34.2	57	KP_NORM_URN_2013_95951
KP_NORM_URN_2013_95819__chr	1	5324568	1045479	5322992	99.9704	53.3741	31.8	58.1	KP_NORM_URN_2013_95819
KP_NORM_URN_2013_95819__pl_1	1	194951	48636	194951	100	67.9465	32.2	56.9	KP_NORM_URN_2013_95819
KP_NORM_URN_2013_95819__pl_2	1	47883	22623	47883	100	126.894	33	57.7	KP_NORM_URN_2013_95819
KP_NORM_URN_2013_95819__pl_3	1	4874	5485	4874	100	286.175	32.6	57.8	KP_NORM_URN_2013_95819
KP_NORM_URN_2013_95819__pl_4	1	1934	14813	1934	100	1857.5	32.7	57.2	KP_NORM_URN_2013_95819
KP_NORM_URN_2013_95788__chr	1	5376150	1109717	5376069	99.9985	45.413	32.8	56.7	KP_NORM_URN_2013_95788
KP_NORM_URN_2013_95788__pl_1	1	217263	32995	217263	100	33.2819	33.3	55.5	KP_NORM_URN_2013_95788
KP_NORM_URN_2013_95788__pl_2	1	48202	8098	48202	100	36.6241	33.2	46.4	KP_NORM_URN_2013_95788
KP_NORM_URN_2013_95788__pl_3	1	10071	19676	10071	100	417.24	32.9	57.2	KP_NORM_URN_2013_95788
KP_NORM_URN_2013_95788__pl_4	1	4125	79637	4125	100	4033.77	34.6	56.9	KP_NORM_URN_2013_95788
KP_NORM_URN_2013_95788__pl_5	1	3147	50839	3147	100	3344.44	33.7	56.7	KP_NORM_URN_2013_95788
KP_NORM_URN_2013_95439__chr	1	5414642	1813296	5414611	99.9994	81.9412	33.6	57.4	KP_NORM_URN_2013_95439
KP_NORM_URN_2013_95439__pl_1	1	299576	108726	299576	100	89.6856	34.2	53.1	KP_NORM_URN_2013_95439
KP_NORM_URN_2013_95439__pl_2	1	182845	97349	182845	100	130.491	34.1	54.7	KP_NORM_URN_2013_95439
KP_NORM_URN_2013_95439__pl_3	1	50684	49709	50684	100	239.602	34.1	48.4	KP_NORM_URN_2013_95439
KP_NORM_URN_2013_95439__pl_4	1	8330	53116	8330	100	1516.75	35	56.1	KP_NORM_URN_2013_95439
KP_NORM_URN_2013_95439__pl_5	1	2811	27975	2811	100	2143.23	36.2	56.4	KP_NORM_URN_2013_95439
NK_H21_010__chr	1	5233376	1288683	5232936	99.9916	63.3786	34.1	57.3	NK_H21_010
NK_H21_010__pl_1	1	177474	61589	177466	99.9955	87.3029	34.7	41.9	NK_H21_010
NK_H21_029__chr	1	5422700	1228040	5421652	99.9807	57.6391	34.4	57.2	NK_H21_029
NK_H21_029__pl_1	1	219493	49944	219493	100	57.1652	34.9	55.6	NK_H21_029
NK_H21_029__pl_2	1	109044	42463	109044	100	97.4739	34.7	56.6	NK_H21_029
NK_H21_011__chr	1	5227401	1064029	5227240	99.9969	52.6551	34	56.6	NK_H21_011
NK_H21_011__pl_1	1	111563	19525	111563	100	45.0398	34.5	57.8	NK_H21_011
NK_H21_011__pl_2	1	84563	33584	84563	100	102.112	34.2	54.1	NK_H21_011
NK_H21_011__pl_3	1	4183	31558	4183	100	1646.17	35.6	56.3	NK_H21_011
NK_H21_023__chr	1	5399662	1324483	5398201	99.9729	62.554	33.9	57.3	NK_H21_023
NK_H21_023__pl_1	1	221703	83586	221703	100	95.399	34.1	51.9	NK_H21_023
NK_H21_023__pl_2	1	4990	13913	4990	100	618.611	35	56.5	NK_H21_023
NK_H21_023__pl_3	1	3354	9567	3354	100	644.083	35	56.9	NK_H21_023
NK_H21_036__chr	1	5206015	1090515	5203375	99.9493	53.739	34	57.4	NK_H21_036
NK_H21_036__pl_1	1	225468	37049	225363	99.9534	41.0837	34.5	53.4	NK_H21_036
NK_H21_036__pl_2	1	87102	26540	87102	100	77.133	34.3	57.8	NK_H21_036
NK_H21_036__pl_3	1	4684	15046	4684	100	767.75	34.3	57.3	NK_H21_036
NK_H21_080__chr	1	5465121	2130145	5465121	100	83.4485	34.3	56.1	NK_H21_080
NK_H22_015__chr	1	5184886	1353125	5184886	100	63.0028	33.6	56.9	NK_H22_015
NK_H22_015__pl_1	1	165349	53950	165349	100	77.718	34.1	55.2	NK_H22_015
NK_H21_076__chr	1	5358689	785545	5358689	100	33.8622	35.1	57.7	NK_H21_076
NK_H21_076__pl_1	1	107480	12717	107480	100	27.4553	35.8	56.6	NK_H21_076
NK_H22_009__chr	1	5485357	2495286	5485318	99.9993	107.949	34	56.8	NK_H22_009
NK_H22_053__chr	1	5299875	1755719	5299557	99.994	71.9147	35.2	55.7	NK_H22_053
NK_H22_053__pl_1	1	187216	68126	187216	100	77.6707	35.4	54.7	NK_H22_053
NK_H22_045__chr	1	5221575	1949607	5220962	99.9883	79.2655	35.7	55.9	NK_H22_045
NK_H22_045__pl_1	1	163181	60008	163181	100	74.9943	36.1	52.6	NK_H22_045
NK_H22_045__pl_2	1	95905	75774	95905	100	160.807	36.1	52.9	NK_H22_045
NK_H21_050__chr	1	5729161	1465187	5729160	100	53.9167	34.2	55.4	NK_H21_050
NK_H21_050__pl_1	1	228496	70644	228496	100	64.8328	34.4	49.3	NK_H21_050
NK_H21_050__pl_2	1	54394	8621	54324	99.8713	33.5425	34.4	1.14	NK_H21_050
NK_H21_050__pl_3	1	8032	5266	8027	99.9377	143.848	34.4	36.4	NK_H21_050
NK_H21_050__pl_4	1	5238	4392	5234	99.9236	182.064	34.4	33.5	NK_H21_050
NK_H21_050__pl_5	1	3682	6406	3682	100	370.741	34.6	51	NK_H21_050
NK_H21_050__pl_6	1	3271	2638	3271	100	170.237	34.5	55.2	NK_H21_050
NK_H22_070__chr	1	5303641	2008851	5303373	99.9949	80.9349	35.5	55.8	NK_H22_070
NK_H22_013__chr	1	5284269	1569164	5284218	99.999	71.2568	33.6	56.9	NK_H22_013
NK_H22_013__pl_1	1	130320	78789	130320	100	140.73	34.3	56.8	NK_H22_013
NK_H22_013__pl_2	1	93739	50935	93739	100	127.976	34	56.3	NK_H22_013
NK_H22_013__pl_3	1	4118	10775	4118	100	534.552	35.2	55.8	NK_H22_013
NK_H21_078__chr	1	5222537	1315218	5222537	100	53.6416	34.3	55.3	NK_H21_078
NK_H21_078__pl_1	1	260323	64330	260323	100	52.2492	34.6	52.1	NK_H21_078
NK_H21_078__pl_2	1	45085	10407	44888	99.563	49.0295	34.4	0.877	NK_H21_078
NK_H21_078__pl_3	1	5840	8261	5840	100	306.074	34.5	55.1	NK_H21_078
NK_H21_078__pl_4	1	4163	11036	4163	100	580.179	34.5	51.7	NK_H21_078
NK_H22_075__chr	1	5271748	1854169	5270505	99.9764	74.6186	35.4	55.8	NK_H22_075
NK_H22_075__pl_1	1	226401	81353	226401	100	73.6598	35.8	55.6	NK_H22_075
NK_H22_075__pl_2	1	3517	40018	3516	99.9716	1993.98	36.4	54.8	NK_H22_075
NK_H22_027__chr	1	5279862	3113783	5279793	99.9987	116.658	34.1	54.1	NK_H22_027
NK_H22_027__pl_1	1	273657	304332	273657	100	215.093	34.4	50.8	NK_H22_027
NK_H22_027__pl_2	1	5167	21174	5167	100	686.616	34.9	52.4	NK_H22_027
NK_H22_027__pl_3	1	2442	8605	2442	100	590.011	34.9	52.7	NK_H22_027
NK_H21_014__chr	1	5015531	968186	5014899	99.9874	49.7808	34	56.7	NK_H21_014
NK_H21_014__pl_1	1	225075	52955	225075	100	60.0806	34.3	51.3	NK_H21_014
NK_H21_014__pl_2	1	59195	60017	59195	100	254.33	34.5	36.2	NK_H21_014
NK_H21_014__pl_3	1	9433	55967	9433	100	1432.1	34.8	34.9	NK_H21_014
NK_H21_014__pl_4	1	7218	58491	7218	100	1978.64	34.8	37.2	NK_H21_014
NK_H22_018__chr	1	5601393	2362492	5601368	99.9996	101.618	34	57	NK_H22_018
NK_H22_018__pl_1	1	148600	85108	148600	100	135.074	34.4	55.5	NK_H22_018
NK_H22_018__pl_2	1	4052	9222	4052	100	504.148	34.6	56.7	NK_H22_018
NK_H23_002__chr	1	5206014	1717481	5203148	99.9449	66.1882	33.9	56	NK_H23_002
NK_H23_002__pl_1	1	225460	68610	225460	100	60.2196	34.7	52.7	NK_H23_002
NK_H23_002__pl_2	1	4684	20807	4684	100	820.15	34.4	55.7	NK_H23_002
NK_H23_005__chr	1	5282708	2025946	5281915	99.985	73.2995	34.3	55.5	NK_H23_005
NK_H23_005__pl_1	1	74912	51103	74912	100	123.886	35.4	54.4	NK_H23_005
NK_H22_076__chr	1	5290325	1723657	5289113	99.9771	68.715	35.5	55.8	NK_H22_076
NK_H22_076__pl_1	1	414383	106237	414383	100	52.5324	35.9	53	NK_H22_076
NK_H22_076__pl_2	1	98928	55410	98928	100	115.944	35.8	53.5	NK_H22_076
NK_H22_076__pl_3	1	3223	16554	3223	100	967.151	35.8	55.1	NK_H22_076
NK_H23_006__chr	1	5243010	1197867	5243010	100	59.5622	35.2	57.5	NK_H23_006
NK_H23_006__pl_1	1	246501	61023	246501	100	64.3359	35.5	55.8	NK_H23_006
NK_H21_005__chr	1	5272962	1133328	5272063	99.983	55.6985	34	56.5	NK_H21_005
NK_H21_005__pl_1	1	202958	50181	202958	100	63.2344	34.3	44.2	NK_H21_005
NK_H21_005__pl_2	1	5840	44412	5840	100	1833.85	34.9	57.2	NK_H21_005
NK_H21_005__pl_3	1	5462	23658	5462	100	1047.75	34.7	57.4	NK_H21_005
NK_H21_049__chr	1	5155240	1097751	5155240	100	44.8447	34	56.1	NK_H21_049
NK_H21_049__pl_1	1	59847	26555	59847	100	93.2364	34.3	56.4	NK_H21_049
NK_H21_049__pl_2	1	3684	3464	3684	100	198.501	34.4	56.3	NK_H21_049
NK_H20_015__chr	1	5520400	1445955	5520400	100	68.7392	35.2	57	NK_H20_015
NK_H20_015__pl_1	1	226104	70762	226104	100	80.9744	35.4	53.4	NK_H20_015
NK_H20_010__chr	1	5312882	1669529	5312882	100	68.3653	34.6	59	NK_H20_010
NK_H20_010__pl_1	1	153650	63362	153634	99.9896	89.569	35	58.7	NK_H20_010
NK_H1_091__chr	1	5243820	3797130	5243820	100	154.163	35.4	55.9	NK_H1_091
NK_H1_091__pl_1	1	273405	158722	273405	100	122.471	35.7	54.5	NK_H1_091
NK_H1_091__pl_2	1	3544	15749	3544	100	917.23	35.6	56.1	NK_H1_091
NK_H1_084__chr	1	5326628	1507984	5326628	100	65.5817	35.7	57.4	NK_H1_084
NK_H1_084__pl_1	1	342500	96397	342500	100	64.0141	36.5	55.8	NK_H1_084
NK_H1_074__chr	1	5316744	2052736	5316691	99.999	77.4609	33.9	54.9	NK_H1_074
NK_H1_074__pl_1	1	160419	90138	160419	100	107.549	34.3	46.8	NK_H1_074
NK_H1_074__pl_2	1	66030	107281	66030	100	316.593	34.2	50.5	NK_H1_074
NK_H1_074__pl_3	1	51927	41716	51927	100	155.444	34.4	51	NK_H1_074
NK_H1_059__chr	1	5477026	1522519	5476926	99.9982	57.9808	33.8	55.9	NK_H1_059
NK_H1_059__pl_1	1	39987	32148	39987	100	159.641	34.4	55.9	NK_H1_059
NK_H1_059__pl_2	1	3539	49960	3539	100	2354.98	35.1	54.1	NK_H1_059
NK_H1_111__chr	1	5245382	1964724	5245121	99.995	66.6696	35.4	53.6	NK_H1_111
NK_H1_111__pl_1	1	239879	130518	239879	100	93.5597	35.7	49.8	NK_H1_111
NK_H1_111__pl_2	1	42591	27562	42591	100	109.262	35.7	51.3	NK_H1_111
NK_H1_050__chr	1	5290296	1553790	5290101	99.9963	61.5885	33.7	55.8	NK_H1_050
NK_H1_041__chr	1	5206175	2381657	5206175	100	96.722	33.8	56.4	NK_H1_041
NK_H1_041__pl_1	1	225467	101665	225467	100	91.8672	34.2	53.5	NK_H1_041
NK_H1_041__pl_2	1	4684	13495	4684	100	571.181	33.7	56.4	NK_H1_041
NK_H1_037__chr	1	5179409	1039741	5178945	99.991	30.6739	32	53.6	NK_H1_037
NK_H1_037__pl_1	1	161307	50097	161307	100	46.5213	32.6	52.7	NK_H1_037
NK_H1_037__pl_2	1	4694	14095	4694	100	403.408	33.5	51.7	NK_H1_037
NK_H1_011__chr	1	5379284	2096796	5379284	100	69.4156	35	54.8	NK_H1_011
NK_H1_011__pl_1	1	160733	63080	160733	100	68.4687	35.8	54.4	NK_H1_011
NK_H1_002__chr	1	5338150	1526965	5338051	99.9981	52.0839	35.7	54.3	NK_H1_002
NK_H1_002__pl_1	1	202358	80662	202358	100	70.6697	36.2	51.4	NK_H1_002
NK_H1_002__pl_2	1	3317	11087	3317	100	502.124	36.7	52.8	NK_H1_002
NK_H18_074__chr	1	5210118	1812133	5209684	99.9917	54.1329	34.8	51.3	NK_H18_074
NK_H18_074__pl_1	1	247191	85672	247155	99.9854	51.3737	35.2	47.7	NK_H18_074
NK_H19_015__chr	1	5181710	1724875	5181710	100	73.496	34.7	59	NK_H19_015
NK_H19_015__pl_1	1	165341	63259	165341	100	84.1399	35	58.7	NK_H19_015
NK_H19_015__pl_2	1	112545	34685	112545	100	68.545	35.2	58.4	NK_H19_015
NK_H19_015__pl_3	1	5925	15491	5925	100	594.283	34.9	59.3	NK_H19_015
NK_H19_015__pl_4	1	3619	12104	3619	100	747.734	35	59.2	NK_H19_015
NK_H19_011__chr	1	5412704	1848424	5412703	100	73.3842	34.7	58.6	NK_H19_011
NK_H19_011__pl_1	1	255600	137969	255600	100	115.91	35.1	40.3	NK_H19_011
NK_H19_011__pl_2	1	3767	7733	3767	100	443.21	35.2	59.1	NK_H19_011
NK_H18_072__chr	1	5456338	2430255	5456237	99.9981	80.4566	35.3	53.6	NK_H18_072
NK_H18_003__chr	1	5395861	1847852	5395860	100	81.9121	34.5	56.7	NK_H18_003
NK_H18_003__pl_1	1	192978	43576	192978	100	53.9019	34.7	56.1	NK_H18_003
NK_H18_054__chr	1	5396450	1083443	5392017	99.9179	48.0517	34.7	57	NK_H18_054
NK_H18_038__chr	1	5298170	1054935	5297928	99.9954	44.854	35.9	55.7	NK_H18_038
NK_H18_038__pl_1	1	127803	30003	127792	99.9914	51.9138	36.1	53.9	NK_H18_038
NK_H18_038__pl_2	1	99468	19054	99468	100	42.5795	36.2	54.8	NK_H18_038
NK_H17_034__chr	1	5222696	1891792	5222492	99.9961	61.64	33.2	51.9	NK_H17_034
NK_H17_034__pl_1	1	237541	124322	237541	100	86.4179	33.4	43	NK_H17_034
NK_H17_034__pl_2	1	100622	83393	100622	100	136.545	33.4	52.2	NK_H17_034
NK_H17_034__pl_3	1	84366	17971	84330	99.9573	36.1906	33.1	0.825	NK_H17_034
NK_H17_034__pl_4	1	66061	80167	66061	100	199.008	33.4	48.5	NK_H17_034
NK_H17_034__pl_5	1	6967	76851	6967	100	1663.98	33.7	48.8	NK_H17_034
NK_H17_034__pl_6	1	3336	23152	3336	100	1007.88	33.8	51.9	NK_H17_034
NK_H17_023__chr	1	5328756	1741537	5323508	99.9015	64.6689	34.5	55.1	NK_H17_023
NK_H17_023__pl_1	1	258937	58076	258716	99.9147	42.7084	34.9	46.6	NK_H17_023
NK_H17_023__pl_2	1	111140	12405	111140	100	21.1092	35	55.2	NK_H17_023
NK_H17_002__chr	1	5253206	1686849	5252340	99.9835	64.7209	34.5	54.7	NK_H17_002
NK_H17_002__pl_1	1	160857	114524	160857	100	140.372	34.8	53.2	NK_H17_002
NK_H17_002__pl_2	1	156774	76813	156773	99.9994	96.181	34.9	49.1	NK_H17_002
NK_H17_002__pl_3	1	81349	51935	81349	100	124.328	34.9	46.5	NK_H17_002
NK_H17_002__pl_4	1	35643	30307	35643	100	158.387	35.2	45.1	NK_H17_002
NK_H17_002__pl_5	1	10767	9273	10767	100	150.705	35.5	52	NK_H17_002
NK_H17_002__pl_6	1	3619	27983	3619	100	1290.96	35.5	54.4	NK_H17_002
NK_H17_002__pl_7	1	3294	11555	3294	100	582.618	35.4	51.9	NK_H17_002
NK_H16_023__chr	1	5531973	1077693	5531973	100	54.1714	33.7	58.3	NK_H16_023
NK_H16_023__pl_1	1	127275	71145	127275	100	155.326	34.1	55.9	NK_H16_023
NK_H16_023__pl_2	1	115590	25240	115589	99.9991	60.6366	34	56	NK_H16_023
NK_H16_023__pl_3	1	6044	7231	6044	100	327.638	34.1	56.5	NK_H16_023
NK_H16_023__pl_4	1	5840	9736	5840	100	459.724	34	59	NK_H16_023
NK_H15_056__chr	1	5449654	1725227	5449450	99.9963	61.0422	34.6	54.7	NK_H15_056
NK_H15_056__pl_1	1	160801	61201	160781	99.9876	70.295	35	36.6	NK_H15_056
NK_H15_056__pl_2	1	95087	50653	95087	100	96.9401	35.1	32.8	NK_H15_056
NK_H15_056__pl_3	1	3767	21509	3767	100	871.141	35.6	53.3	NK_H15_056
NK_H17_017__chr	1	5208097	1573061	5207403	99.9867	57.3143	34.7	54.8	NK_H17_017
NK_H17_017__pl_1	1	47683	16809	47683	100	59.7601	35.6	54.4	NK_H17_017
NK_H17_017__pl_2	1	5633	13371	5633	100	377.914	35.5	54.1	NK_H17_017
NK_H17_017__pl_3	1	4774	13939	4774	100	502.636	35.2	54.2	NK_H17_017
NK_H17_017__pl_4	1	2667	16102	2667	100	977.051	35.6	53.9	NK_H17_017
NK_H16_021__chr	1	5260883	1772692	5260883	100	94.082	33.8	58.7	NK_H16_021
NK_H16_021__pl_1	1	153295	53643	153295	100	97.678	34.3	42.6	NK_H16_021
NK_H16_021__pl_2	1	95200	45127	95200	100	132.843	34.3	39.5	NK_H16_021
NK_H23_019__chr	1	5254265	1592631	5253935	99.9937	61.2704	33.7	55.7	NK_H23_019
NK_H23_019__pl_1	1	69176	88603	69176	100	251.75	34.2	56.1	NK_H23_019
NK_H23_019__pl_2	1	3888	46954	3888	100	2120.54	35.1	54.9	NK_H23_019
NK_H23_014__chr	1	5252731	1086805	5252731	100	49.5168	35.6	58.3	NK_H23_014
NK_H23_014__pl_1	1	205268	43341	205268	100	50.394	36.1	57.4	NK_H23_014
NK_H23_007__chr	1	5183026	2088306	5182522	99.9903	69.0452	34.8	54.7	NK_H23_007
NK_H23_007__pl_1	1	195776	80260	195764	99.9939	68.9343	35.3	54.7	NK_H23_007
NK_H23_007__pl_2	1	30307	39152	30307	100	219.576	34.9	55.2	NK_H23_007
NK_H23_049__chr	1	5200953	1803261	5200267	99.9868	71.4642	34.4	55.7	NK_H23_049
NK_H23_049__pl_1	1	179144	67749	179099	99.9749	74.6699	34.9	54.2	NK_H23_049
NK_H23_049__pl_2	1	110575	15505	110513	99.9439	28.0773	34.9	56	NK_H23_049
NK_H23_015__chr	1	5382677	1447629	5382677	100	60.2611	34.6	58.9	NK_H23_015
NK_H23_015__pl_1	1	219000	60872	219000	100	61.7921	35	56.2	NK_H23_015
NK_H23_041__chr	1	5246305	1598803	5239960	99.8791	64.1331	34.1	55.8	NK_H23_041
NK_H23_041__pl_1	1	143258	26838	143258	100	38.2535	34.4	49.5	NK_H23_041
NK_H23_041__pl_2	1	51987	19028	51987	100	74.4543	34.4	53.3	NK_H23_041
NK_H23_041__pl_3	1	6661	4749	6661	100	130.043	35	55.1	NK_H23_041
NK_H23_045__chr	1	5207895	2213177	5206734	99.9777	89.23	34.4	55.8	NK_H23_045
NK_H23_045__pl_1	1	185199	64300	185199	100	70.5155	34.7	51.8	NK_H23_045
NK_H23_045__pl_2	1	105392	75287	105392	100	144.06	34.7	54.4	NK_H23_045
NK_H23_045__pl_3	1	6394	25006	6394	100	692.753	35.3	54.8	NK_H23_045
NK_H24_006__chr	1	5238157	2182201	5237153	99.9808	85.7506	34.2	55.7	NK_H24_006
NK_H24_006__pl_1	1	4841	14185	4841	100	502.039	35.2	54.7	NK_H24_006
NK_H24_006__pl_2	1	2353	13502	2353	100	893.992	35.5	53.8	NK_H24_006
NK_H24_010__chr	1	5205856	1535041	5199578	99.8794	68.8228	34.8	56.8	NK_H24_010
NK_H24_010__pl_1	1	205989	28254	205035	99.5369	30.8806	35.3	51	NK_H24_010
NK_H24_010__pl_2	1	4684	8896	4684	100	414.645	35.1	56.6	NK_H24_010
NK_H23_027__chr	1	5206014	2097824	5205145	99.9833	82.4475	34.4	55.6	NK_H23_027
NK_H23_027__pl_1	1	225468	95836	225468	100	84.1173	34.9	52.1	NK_H23_027
NK_H23_027__pl_2	1	4684	34509	4684	100	1400.36	34.7	55.7	NK_H23_027
NK_H8_022__chr	1	5205843	783045	5202106	99.9282	37.7541	33.8	57.5	NK_H8_022
NK_H8_022__pl_1	1	225468	21678	225385	99.9632	23.7456	34.4	54	NK_H8_022
NK_H8_022__pl_2	1	4684	9370	4684	100	463.938	34.3	57.2	NK_H8_022
NK_H3_002__chr	1	5255436	1328688	5255436	100	58.7207	36	57.4	NK_H3_002
NK_H3_002__pl_1	1	198770	54412	198770	100	63.712	36.4	55.3	NK_H3_002
NK_H3_002__pl_2	1	120089	43371	120089	100	84.0024	36.5	55.6	NK_H3_002
NK_H3_002__pl_3	1	106243	16934	106243	100	37.1634	36.8	55	NK_H3_002
NK_H4_002__chr	1	5303197	1801548	5303196	100	77.5491	35.2	56.2	NK_H4_002
NK_H4_002__pl_1	1	172809	38442	172809	100	50.0072	35.6	50.6	NK_H4_002
NK_H4_006__chr	1	5623467	2283559	5623467	100	92.8659	35.2	56.1	NK_H4_006
NK_H4_006__pl_1	1	218371	125132	218371	100	130.467	35.5	53.6	NK_H4_006
NK_H4_006__pl_2	1	3549	20308	3549	100	1174.48	36.1	55.5	NK_H4_006
T7-012__chr	1	5232209	1264065	5232209	100	66.6807	34.7	59.1	T7-012
T7-012__pl_1	1	128012	25759	128012	100	55.5092	34.9	54.5	T7-012
T7-012__pl_2	1	8865	16862	8860	99.9436	512.432	34.9	57.2	T7-012
T7-012__pl_3	1	3258	11927	3258	100	952.712	35	57.8	T7-012
T7-012__pl_4	1	2495	11280	2495	100	1157.18	34.4	58.6	T7-012
NK_H4_026__chr	1	5251343	1533823	5251343	100	62.1553	35.9	55.9	NK_H4_026
NK_H4_026__pl_1	1	144316	37381	144316	100	54.7214	36.1	54.1	NK_H4_026
NK_H4_026__pl_2	1	109111	47823	109111	100	92.4436	36.1	52.7	NK_H4_026
NK_H4_026__pl_3	1	38637	25203	38637	100	140.738	36	50.7	NK_H4_026
NK_H4_026__pl_4	1	4655	5465	4655	100	259.33	36.2	56.6	NK_H4_026
T7-020__chr	1	5155737	1306223	5155737	100	70.2613	34.6	58.9	T7-020
T7-020__pl_1	1	194388	42964	194388	100	61.2024	34.7	59.2	T7-020
T7-020__pl_2	1	95407	14429	95407	100	42.0111	34.9	59.7	T7-020
T7-020__pl_3	1	52379	27643	52379	100	145.376	34.8	44.3	T7-020
NK_H3_019__chr	1	5186284	1452492	5186284	100	69.0484	34.8	56.4	NK_H3_019
NK_H3_019__pl_1	1	177833	68292	177833	100	92.4301	35.1	50.1	NK_H3_019
NK_H3_019__pl_2	1	54009	42687	54009	100	194.945	35.1	53.1	NK_H3_019
NK_H3_019__pl_3	1	6023	27319	6023	100	1131.82	35.7	55.5	NK_H3_019
NK_H3_019__pl_4	1	4666	14328	4666	100	689.585	35	56.4	NK_H3_019
NK_H8_045__chr	1	5377873	1654829	5376716	99.9785	68.0378	35.1	56	NK_H8_045
NK_H8_045__pl_1	1	196232	69461	196232	100	76.6993	35.3	52	NK_H8_045
NK_H8_045__pl_2	1	105646	47823	105646	100	98.5304	35.2	54.5	NK_H8_045
NK_H8_045__pl_3	1	5733	8203	5733	100	278.784	35.6	54	NK_H8_045
NK_H8_045__pl_4	1	3959	17324	3959	100	806.914	35.8	55.2	NK_H8_045
NK_H2_020__chr	1	5310192	1360791	5310192	100	72.0941	33.5	59.3	NK_H2_020
NK_H2_020__pl_1	1	257786	70312	257786	100	76.4827	33.8	57.3	NK_H2_020
NK_H3_015__chr	1	5304903	1760039	5304903	100	82.2078	34.8	57.2	NK_H3_015
NK_H3_015__pl_1	1	227867	83787	227867	100	90.8432	35	56	NK_H3_015
NK_H7_005__chr	1	5363799	1455580	5363799	100	57.0373	34.2	55.8	NK_H7_005
NK_H7_005__pl_1	1	186410	69279	186410	100	77.6002	34.5	51.9	NK_H7_005
NK_H7_005__pl_2	1	67765	40068	67765	100	125.343	34.3	54.7	NK_H7_005
NK_H7_005__pl_3	1	5839	7580	5839	100	282.45	34.4	56.3	NK_H7_005
NK_H7_005__pl_4	1	3407	8413	3407	100	530.512	34.8	56.3	NK_H7_005
NK_H25_002__chr	1	5319573	1422649	5319573	100	62.6675	35.7	57.7	NK_H25_002
NK_H25_002__pl_1	1	138610	40225	138610	100	68.0391	36.4	55.3	NK_H25_002
NK_H5_031__chr	1	5264305	1895796	5264163	99.9973	63.0344	34.9	52.9	NK_H5_031
NK_H5_031__pl_1	1	163644	62092	163644	100	62.8881	35.3	50.5	NK_H5_031
NK_H5_031__pl_2	1	110090	33652	110090	100	50.9207	35.4	48	NK_H5_031
NK_H5_031__pl_3	1	5467	12463	5467	100	277.887	35.8	44.6	NK_H5_031
NK_H5_031__pl_4	1	5252	37075	5252	100	977.253	35.7	48.6	NK_H5_031
NK_H5_031__pl_5	1	4189	63271	4189	100	2069.03	36	48.3	NK_H5_031
NK_H8_077__chr	1	5245059	1361835	5242691	99.9549	62.6897	35	54.5	NK_H8_077
NK_H8_077__pl_1	1	177265	73878	177265	100	99.4263	35.2	55.3	NK_H8_077
NK_H8_077__pl_2	1	115156	37738	115098	99.9496	79.0085	35	0.513	NK_H8_077
NK_H8_077__pl_3	1	109848	31453	109841	99.9936	68.8823	35.2	56.4	NK_H8_077
NK_H8_077__pl_4	1	62125	29011	62125	100	111.081	35.2	54.6	NK_H8_077
NK_H8_077__pl_5	1	5763	37661	5763	100	1395.13	35.8	56	NK_H8_077
T7-051__chr	1	5356756	1726313	5356756	100	89.7864	34.4	59.2	T7-051
T7-051__pl_1	1	151112	47155	151112	100	86.8355	34.6	59.4	T7-051
NK_H8_057__chr	1	5236282	1695337	5233379	99.9446	70.4634	35	55.3	NK_H8_057
NK_H8_057__pl_1	1	225085	58939	225085	100	55.0558	35.4	52	NK_H8_057
NK_H8_057__pl_2	1	4684	20487	4684	100	865.818	35.2	55.9	NK_H8_057
NK_H8_121__chr	1	5117799	1788940	5117799	100	80.3426	35.7	59.2	NK_H8_121
NK_H8_121__pl_1	1	179883	75190	179876	99.9961	95.5887	35.9	58.4	NK_H8_121
NK_H8_121__pl_2	1	74337	22342	74337	100	69.1637	35.9	55.2	NK_H8_121
NK_H8_121__pl_3	1	4906	13959	4906	100	656.431	35.8	59.3	NK_H8_121
NK_H8_121__pl_4	1	3452	24923	3452	100	1643.66	35.5	58.9	NK_H8_121
NK_H8_121__pl_5	1	3407	27040	3407	100	1811.95	36.1	59	NK_H8_121
NK_H9_001__chr	1	5255444	2090824	5252690	99.9476	85.9462	34.2	56	NK_H9_001
NK_H9_001__pl_1	1	205268	78328	205268	100	79.899	34.5	54.4	NK_H9_001
NK_H9_001__pl_2	1	57814	12457	57608	99.6437	41.6271	35.1	55.4	NK_H9_001
NK_H24_054__chr	1	5309249	2086378	5309249	100	85.5296	34.7	59	NK_H24_054
NK_H24_054__pl_1	1	209558	94480	209558	100	97.6042	34.9	58.6	NK_H24_054
NK_H8_052__chr	1	5208194	1866032	5207787	99.9922	80.1944	35.1	56.1	NK_H8_052
T7-010__chr	1	5291837	1345670	5291837	100	70.1092	34.7	58.8	T7-010
T7-010__pl_1	1	256837	62816	256837	100	67.2923	34.8	55.4	T7-010
T7-010__pl_2	1	6848	14042	6848	100	559.395	34.9	57.7	T7-010
NK_H25_013__chr	1	5471165	2386861	5471162	99.9999	94.641	34.8	58.5	NK_H25_013
NK_H25_013__pl_1	1	108973	71929	108973	100	143.699	34.9	57	NK_H25_013
NK_H25_013__pl_2	1	72116	70248	72116	100	214.032	34.8	59	NK_H25_013
NK_H25_013__pl_3	1	4804	8566	4804	100	389.385	35.1	58.4	NK_H25_013
NK_H25_013__pl_4	1	4503	7488	4503	100	362.953	35.1	52.3	NK_H25_013
NK_H25_013__pl_5	1	3549	9800	3549	100	618.392	35	48.1	NK_H25_013
T7-032__chr	1	5726353	1395887	5726351	100	67.8488	34.5	59.3	T7-032
T7-032__pl_1	1	4809	8353	4809	100	473.918	34.7	58.9	T7-032
NK_H8_114__chr	1	5193081	1910689	5193081	100	85.8485	35.5	59.2	NK_H8_114
NK_H8_114__pl_1	1	186088	101110	186088	100	125.936	35.8	57.3	NK_H8_114
NK_H8_002__chr	1	5206013	1234928	5206013	100	33.9098	35.9	57.6	NK_H8_002
NK_H8_002__pl_1	1	225468	41956	225468	100	26.5336	36.5	54.5	NK_H8_002
NK_H8_002__pl_2	1	4684	3636	4684	100	109.131	36	58	NK_H8_002
NK_H8_111__chr	1	5205857	1963204	5205830	99.9995	88.2833	35.4	59.3	NK_H8_111
NK_H8_111__pl_1	1	226534	61187	226534	100	62.763	35.8	56	NK_H8_111
NK_H8_111__pl_2	1	4684	17340	4684	100	858.808	35.3	59.5	NK_H8_111
NK_H29_003__chr	1	5557728	1415928	5557728	100	59.0878	33.3	56.9	NK_H29_003
NK_H29_003__pl_1	1	183106	32569	183106	100	38.5981	33.2	55.6	NK_H29_003
NK_H29_003__pl_2	1	109971	15399	109971	100	30.0333	32.9	56.7	NK_H29_003
NK_H24_016__chr	1	5248128	1446056	5248128	100	61.6462	34.7	59.1	NK_H24_016
NK_H24_016__pl_1	1	111518	25703	111518	100	50.9749	35.2	59.6	NK_H24_016
NK_H2_019__chr	1	5495823	1210567	5495823	100	62.0556	33.8	59.3	NK_H2_019
NK_H2_019__pl_1	1	159050	25012	159050	100	44.1723	34.2	59.4	NK_H2_019
NK_H8_011__chr	1	5651566	1292471	5651566	100	56.1111	34.1	56.7	NK_H8_011
NK_H8_011__pl_1	1	325501	33173	325501	100	24.6215	34.6	52.3	NK_H8_011
NK_H8_011__pl_2	1	55921	6792	55917	99.9928	29.7863	34.5	0.664	NK_H8_011
NK_H8_011__pl_3	1	2810	18532	2810	100	1342.33	35.9	55.5	NK_H8_011
NK_H28_005__chr	1	5174516	1528783	5174516	100	63.4189	34.8	59	NK_H28_005
NK_H28_005__pl_1	1	161411	38996	161411	100	51.1693	35.1	53.4	NK_H28_005
NK_H28_005__pl_2	1	4688	3882	4688	100	178.23	35.3	59	NK_H28_005
NK_H28_005__pl_3	1	4018	7726	4018	100	413.997	34.9	59.2	NK_H28_005
NK_H3_009__chr	1	5318312	1872964	5318312	100	66.5732	36.1	54.9	NK_H3_009
NK_H3_009__pl_1	1	282620	139512	282620	100	92.6485	36.2	53.1	NK_H3_009
NK_H9_003__chr	1	5168120	1924208	5167657	99.991	78.2609	34.3	55.9	NK_H9_003
NK_H9_003__pl_1	1	158414	67400	158372	99.9735	85.9969	34.7	55.9	NK_H9_003
NK_H3_007__chr	1	5563674	1718037	5560551	99.9439	52.1256	35	52	NK_H3_007
NK_H3_007__pl_1	1	31916	14247	31916	100	64.6671	36.1	50.1	NK_H3_007
NK_H3_007__pl_2	1	2112	12633	2112	100	782.56	36	49.6	NK_H3_007
NK_H8_008__chr	1	5385121	1631390	5322606	98.8391	57.6209	35.3	55.8	NK_H8_008
NK_H8_008__pl_1	1	187559	56513	184383	98.3067	58.6923	35.4	55.2	NK_H8_008
NK_H24_028__chr	1	5276102	1814925	5276102	100	76.1292	34.7	59	NK_H24_028
NK_H24_028__pl_1	1	253372	105303	253372	100	91.5163	35	51	NK_H24_028
NK_H3_025__chr	1	5205834	916322	5205834	100	49.3173	33.5	58.7	NK_H3_025
NK_H3_025__pl_1	1	87134	16581	87134	100	53.4274	33.8	59	NK_H3_025
NK_H3_025__pl_2	1	4684	4902	4684	100	281.462	33.3	58.6	NK_H3_025
NK_H8_070__chr	1	5321250	1612061	5318759	99.9532	72.5695	34.9	56.7	NK_H8_070
NK_H8_070__pl_1	1	179105	46918	179105	100	61.1077	35.3	54.7	NK_H8_070
NK_H8_070__pl_2	1	96168	22563	96071	99.8991	54.9961	35.4	57	NK_H8_070
T7-050__chr	1	5443536	2026490	5443536	100	103.244	34.5	59.3	T7-050
NK_H3_001__chr	1	5343725	1371479	5343725	100	61.021	35.6	58.1	NK_H3_001
NK_H3_001__pl_1	1	227070	54701	227070	100	57.3495	36.2	55.7	NK_H3_001
NK_H5_014__chr	1	5282817	889440	5276470	99.8799	40.8223	34	57.3	NK_H5_014
NK_H5_014__pl_1	1	188380	30628	188297	99.9559	39.0452	34.4	56.2	NK_H5_014
T7-019__chr	1	5304930	1195842	5304833	99.9982	62.8416	34.5	58.9	T7-019
T7-019__pl_1	1	234119	50119	234119	100	59.5512	34.7	54.2	T7-019
T7-019__pl_2	1	67947	19606	67947	100	80.3396	34.5	55	T7-019
T7-019__pl_3	1	5840	9339	5840	100	439.345	34.5	58.9	T7-019
T7-019__pl_4	1	3733	7263	3733	100	526.047	34.8	59.2	T7-019
T7-019__pl_5	1	3223	8708	3223	100	724.577	34.4	59.4	T7-019
NK_H8_060__chr	1	5358531	1803914	5357838	99.9871	75.2709	35.3	56.2	NK_H8_060
NK_H8_060__pl_1	1	186650	74632	186591	99.9684	87.3701	35.4	56.3	NK_H8_060
NK_H8_060__pl_2	1	3325	29359	3325	100	1680.55	36	55.5	NK_H8_060
NK_H24_044__chr	1	5103552	2931626	5103552	100	124.941	34.9	59.1	NK_H24_044
NK_H5_010__chr	1	5205856	1523470	5198687	99.8623	66.6389	35	56.5	NK_H5_010
NK_H5_010__pl_1	1	225468	39893	224448	99.5476	39.2261	35.5	51.8	NK_H5_010
NK_H5_010__pl_2	1	4684	5276	4684	100	233.986	35.3	56	NK_H5_010
T7-011__chr	1	5236094	1414896	5236094	100	74.0545	34.7	59.2	T7-011
T7-011__pl_1	1	162452	43600	162452	100	73.329	34.8	57.7	T7-011
NK_H8_083__chr	1	5285017	1210714	5283897	99.9788	55.4651	34.8	56.7	NK_H8_083
NK_H8_083__pl_1	1	226590	65471	226590	100	68.9315	35.1	56.2	NK_H8_083
NK_H8_083__pl_2	1	5591	10924	5591	100	400.695	35.9	55.5	NK_H8_083
T7-296__chr	1	5298577	1421554	5298577	100	72.8202	34.1	58.7	T7-296
T7-296__pl_1	1	224439	66593	224439	100	80.4276	34.3	50.2	T7-296
T7-296__pl_2	1	116997	46234	116997	100	107.081	34.2	56.9	T7-296
T7-296__pl_3	1	32768	14543	32768	100	121.413	34.4	58.6	T7-296
T7-296__pl_4	1	4809	5138	4809	100	283.254	34.4	58.8	T7-296
T7-296__pl_5	1	1917	13122	1917	100	1717.32	34.3	58.6	T7-296
NK_H8_044__chr	1	5314985	1909355	5313607	99.9741	80.7661	35.2	56.2	NK_H8_044
T7-036__chr	1	5217570	1518041	5217570	100	80.927	34.7	59.2	T7-036
NK_H2_007__chr	1	5248055	1563446	5248055	100	75.3411	34.8	57.4	NK_H2_007
NK_H2_007__pl_1	1	212446	59375	212446	100	70.581	35.3	54.7	NK_H2_007
NK_H2_007__pl_2	1	110383	30910	110383	100	70.6645	35.4	57.9	NK_H2_007
NK_H7_010__chr	1	5392332	1308980	5391849	99.991	58.1289	35.2	59.1	NK_H7_010
NK_H7_010__pl_1	1	195930	62335	195930	100	75.9032	35.4	52.3	NK_H7_010
NK_H7_010__pl_2	1	63565	18109	63565	100	67.6171	35.4	56.6	NK_H7_010
NK_H7_010__pl_3	1	7888	10199	7888	100	311.056	35.5	40.5	NK_H7_010
NK_H7_010__pl_4	1	2495	17562	2495	100	1597.8	35	59.1	NK_H7_010
NK_H8_118__chr	1	5103307	2233741	5103307	100	103.919	35.3	59.3	NK_H8_118
NK_H8_118__pl_1	1	220280	44394	220280	100	47.2885	35.6	53.8	NK_H8_118
NK_H8_118__pl_2	1	7387	22482	7099	96.1013	721.537	35.7	57.2	NK_H8_118
NK_H8_118__pl_3	1	2495	28989	2495	100	2617.65	35.1	59.2	NK_H8_118
NK_H26_006__chr	1	5187757	1831461	5187227	99.9898	69.228	34.4	55.3	NK_H26_006
NK_H26_006__pl_1	1	4259	17107	4259	100	629.511	35.7	53.9	NK_H26_006
NK_H9_006__chr	1	5266415	2177803	5266415	100	88.7095	34.8	59	NK_H9_006
NK_H9_006__pl_1	1	211374	84710	211374	100	84.7908	35.2	58.8	NK_H9_006
NK_H9_006__pl_2	1	5810	13545	5810	100	505.879	35.2	59.3	NK_H9_006
NK_H8_100__chr	1	5254514	2050333	5254392	99.9977	78.3033	34.5	54.5	NK_H8_100
NK_H8_100__pl_1	1	177083	94569	177083	100	104.607	34.8	46.8	NK_H8_100
NK_H8_100__pl_2	1	91732	38888	91732	100	81.6158	35	39.4	NK_H8_100
NK_H8_100__pl_3	1	31671	7177	31363	99.0275	41.1479	35.3	0.218	NK_H8_100
NK_H8_100__pl_4	1	5840	37967	5840	100	1135.52	35.4	54.8	NK_H8_100
NK_H8_100__pl_5	1	4668	20513	4668	100	763.715	35.2	54.8	NK_H8_100
NK_H5_016__chr	1	5180478	1316402	5178042	99.953	60.3087	34.8	56.8	NK_H5_016
NK_H5_016__pl_1	1	110923	11959	110593	99.7025	25.2525	35.4	57.2	NK_H5_016
T7-007__chr	1	5322703	1350004	5322703	100	68.8339	34.8	58.8	T7-007
T7-007__pl_1	1	242645	60712	242645	100	67.7655	34.9	53.4	T7-007
T7-007__pl_2	1	65684	29002	65682	99.997	119.863	34.8	57.2	T7-007
T7-007__pl_3	1	36971	4453	36971	100	31.6432	35.3	59.3	T7-007
T7-007__pl_4	1	5839	16021	5839	100	736.542	34.8	58.9	T7-007
T7-007__pl_5	1	4667	15646	4667	100	893.856	34.6	58.9	T7-007
T7-007__pl_6	1	4157	22579	4157	100	1444.97	34.8	59.1	T7-007
T7-007__pl_7	1	3407	13262	3407	100	1076.28	35	59	T7-007
T7-146__chr	1	5355033	1192189	5355033	100	62.4621	34.6	59.2	T7-146
T7-146__pl_1	1	54574	27657	54573	99.9982	141.259	34.8	59.8	T7-146
NK_H2_021__chr	1	5324501	989049	5324501	100	52.1319	33.6	59	NK_H2_021
NK_H2_021__pl_1	1	126394	23890	126394	100	53.0688	34	56.7	NK_H2_021
NK_H2_021__pl_2	1	116290	17565	116290	100	42.5488	34.1	53.7	NK_H2_021
T7-013__chr	1	5334972	1499044	5334972	100	77.3768	34.8	59.1	T7-013
T7-013__pl_1	1	146375	34869	146375	100	65.6154	34.9	55.5	T7-013
T7-013__pl_2	1	2330	20557	2330	100	2294.41	35.3	58.8	T7-013
T7-034__chr	1	5239792	1091459	5239792	100	56.9546	34.5	59.1	T7-034
T7-034__pl_1	1	212671	17050	212671	100	21.6017	34.8	58.6	T7-034
T7-034__pl_2	1	144344	20981	144344	100	39.6178	34.7	56.7	T7-034
T7-034__pl_3	1	111076	10062	111076	100	24.6496	34.8	59	T7-034
T7-034__pl_4	1	67203	21285	67203	100	86.7861	34.5	59.7	T7-034
T7-034__pl_5	1	28960	3834	28960	100	36.0109	34.5	52.4	T7-034
T7-034__pl_6	1	17019	5137	16959	99.6475	81.2092	34.1	59.5	T7-034
T7-034__pl_7	1	1698	11033	1698	100	1605.87	34.6	58.5	T7-034
T7-115__chr	1	5292372	1232193	5292372	100	66.381	33.8	59.2	T7-115
T7-115__pl_1	1	236851	70865	236845	99.9975	85.4039	34	58.6	T7-115
T7-115__pl_2	1	36313	5054	36313	100	38.7721	34.4	59.3	T7-115
T7-115__pl_3	1	8627	13306	8627	100	433	33.9	58.9	T7-115
T7-115__pl_4	1	5488	10823	5488	100	557.593	33.9	59.5	T7-115
T7-115__pl_5	1	4161	17341	4161	100	1158.14	34.3	59.3	T7-115
T7-442__chr	1	5307003	1600479	5307003	100	80.4705	32.8	58.1	T7-442
T7-442__pl_1	1	230717	42576	230717	100	48.8945	33.3	56.9	T7-442
T7-442__pl_2	1	68421	64880	68421	100	253.935	33.1	58	T7-442
T7-085__chr	1	5185382	1368472	5185382	100	72.7394	33.9	59	T7-085
T7-085__pl_1	1	222840	60692	222840	100	74.7516	34.3	55.2	T7-085
T7-085__pl_2	1	118885	53214	118885	100	123.266	34.1	55.7	T7-085
T7-085__pl_3	1	94556	33563	94556	100	97.7865	34	54.7	T7-085
T7-085__pl_4	1	7834	7425	7834	100	258.67	34.4	58.7	T7-085
T7-085__pl_5	1	5567	2164	5567	100	104.522	34.1	59.5	T7-085
T7-085__pl_6	1	5216	3552	5216	100	181.189	34.4	59.4	T7-085
T7-085__pl_7	1	4350	1124	4350	100	67.8177	34.3	58.5	T7-085
T7-085__pl_8	1	2495	3850	2495	100	395.606	33.7	59.1	T7-085
T7-085__pl_9	1	1240	4387	1240	100	819.233	34.4	58.1	T7-085
T7-097__chr	1	5438195	1972247	5438195	100	102.685	33.8	58.8	T7-097
T7-097__pl_1	1	241958	125555	241956	99.9992	144.55	34	56.1	T7-097
T7-097__pl_2	1	107659	39544	107659	100	104.452	34.1	59.7	T7-097
T7-097__pl_3	1	4164	37558	4164	100	2150.32	34.1	56.7	T7-097
T7-072__chr	1	5228191	2051824	5228191	100	103.57	33.8	59.1	T7-072
T7-103__chr	1	5176620	1103948	5176620	100	60.6461	33.7	58.9	T7-103
T7-103__pl_1	1	193461	44391	193461	100	65.3044	33.9	54.5	T7-103
T7-103__pl_2	1	5762	5089	5762	100	246.273	33.8	59.3	T7-103
T7-096__chr	1	5359616	1514713	5359616	100	78.3598	33.9	58.7	T7-096
T7-096__pl_1	1	345669	95172	345669	100	76.0476	34.4	54.1	T7-096
T7-096__pl_2	1	241460	79620	241460	100	89.2017	34.2	52.7	T7-096
T7-096__pl_3	1	85939	30727	85939	100	99.4092	34.2	53.7	T7-096
T7-078__chr	1	5388008	1777336	5388008	100	89.3918	34	59.1	T7-078
T7-078__pl_1	1	171734	54473	171734	100	85.5869	34.5	58.4	T7-078
T7-078__pl_2	1	3240	35944	3240	100	2885.28	34.6	59.1	T7-078
T7-089__chr	1	5383960	1760405	5383284	99.9874	89.4756	34	59.2	T7-089
T7-125__chr	1	5334359	1209771	5334359	100	64.4846	33.9	59.2	T7-125
T7-125__pl_1	1	223624	37518	223624	100	47.5013	34.4	59.4	T7-125
T7-125__pl_2	1	5904	5567	5904	100	260.586	34.2	59.5	T7-125
T7-160__chr	1	5524076	1463297	5524076	100	73.8212	34.9	59.3	T7-160
T7-160__pl_1	1	314148	75670	314148	100	66.9893	35.2	57	T7-160
T7-160__pl_2	1	132666	49862	132666	100	104.595	35	58.9	T7-160
T7-189__chr	1	5242831	1245492	5242831	100	49.1209	35.1	56.7	T7-189
T7-189__pl_1	1	215675	57184	215669	99.9972	54.6839	35.6	47.9	T7-189
T7-189__pl_2	1	98091	30636	98091	100	64.9914	35.6	38.7	T7-189
T7-189__pl_3	1	70892	25324	70892	100	74.5696	35.4	51.7	T7-189
T7-189__pl_4	1	8478	6415	8478	100	159.825	36	36.1	T7-189
T7-189__pl_5	1	7218	10943	7214	99.9446	324.443	36	46.5	T7-189
T7-189__pl_6	1	3544	7019	3544	100	402.905	35.3	57.7	T7-189
T7-153__chr	1	5416429	1473684	5416429	100	75.7627	34.8	59	T7-153
T7-153__pl_1	1	231556	97145	231556	100	114.757	34.9	56.6	T7-153
T7-141__chr	1	5190667	1648739	5190660	99.9999	89.2506	34.8	59	T7-141
T7-141__pl_1	1	162020	44815	162020	100	77.5697	35.1	57.2	T7-141
T7-141__pl_2	1	119828	40214	119828	100	94.3962	34.9	58.5	T7-141
T7-141__pl_3	1	108285	24233	108285	100	62.9593	35.1	59.7	T7-141
T7-141__pl_4	1	52340	12914	52340	100	68.7536	35.1	59.7	T7-141
T7-185__chr	1	5230471	1021964	5230471	100	40.034	34.6	57.4	T7-185
T7-185__pl_1	1	121129	22748	121129	100	38.5291	35.2	53.9	T7-185
T7-185__pl_2	1	108311	18674	108311	100	35.3896	35.5	58.2	T7-185
T7-185__pl_3	1	51589	8066	51589	100	32.4316	35.1	54.7	T7-185
T7-133__chr	1	5448252	1313437	5448252	100	67.8436	34.7	58.8	T7-133
T7-133__pl_1	1	226772	68493	226335	99.8073	84.9536	34.9	55.8	T7-133
T7-133__pl_2	1	32578	11150	32578	100	97.1048	34.7	56.9	T7-133
T7-133__pl_3	1	9582	13129	9582	100	386.056	35.1	59.1	T7-133
T7-133__pl_4	1	5665	11058	5665	100	534.685	34.8	59.4	T7-133
T7-133__pl_5	1	4079	19913	4079	100	1330.07	35.3	59.6	T7-133
T7-242__chr	1	5307728	1542842	5307728	100	80.3365	33.9	58.9	T7-242
T7-242__pl_1	1	235401	77796	235401	100	91.0347	34.2	55	T7-242
T7-242__pl_2	1	67383	27074	67383	100	112.188	34	58.1	T7-242
T7-242__pl_3	1	48767	22527	48767	100	126.658	34	54.6	T7-242
T7-242__pl_4	1	5840	9762	5840	100	461.216	34.1	59.4	T7-242
T7-242__pl_5	1	3733	7036	3733	100	494.181	34.5	57.4	T7-242
T7-213__chr	1	5159285	1234337	5159285	100	65.6821	34.2	59.3	T7-213
T7-213__pl_1	1	54690	27577	54690	100	137.513	34.4	59.7	T7-213
T7-240__chr	1	5382264	1240153	5382264	100	64.1423	33.8	59.1	T7-240
T7-240__pl_1	1	4225	12151	4225	100	782.853	34.3	59.3	T7-240
T7-225__chr	1	5360246	1695545	5360246	100	85.959	34.2	59.2	T7-225
T7-225__pl_1	1	182766	51468	182766	100	76.4307	34.6	55.5	T7-225
T7-225__pl_2	1	81357	33691	81357	100	113.031	34.4	58.6	T7-225
T7-220__chr	1	5572945	1426012	5572945	100	68.7511	34.3	59.3	T7-220
T7-220__pl_1	1	190998	43593	190998	100	60.9149	34.7	59.2	T7-220
T7-220__pl_2	1	107870	20773	107870	100	51.8321	34.8	59.8	T7-220
T7-259__chr	1	5461256	2067152	5461256	100	98.5906	34.6	59.1	T7-259
T7-259__pl_1	1	208489	91743	208489	100	114.305	34.8	58.4	T7-259
T7-333__chr	1	5285918	1667108	5285918	100	87.7183	33.7	59.2	T7-333
T7-267__chr	1	5582128	1475179	5582128	100	71.2765	34.2	59.1	T7-267
T7-267__pl_1	1	374747	75689	374747	100	54.2579	34.7	54.8	T7-267
T7-267__pl_2	1	132671	55470	132671	100	112.588	34.5	58.6	T7-267
T7-267__pl_3	1	108220	22499	108220	100	55.8865	34.8	59.7	T7-267
T7-289__chr	1	5310629	1221633	5310629	100	61.9524	34.1	59	T7-289
T7-289__pl_1	1	137499	31263	137499	100	61.0794	34.4	57.3	T7-289
T7-264__chr	1	5288991	1920079	5288991	100	96.5367	34.4	59.3	T7-264
T7-266__chr	1	5142067	1719424	5140540	99.9703	90.7767	34	59.3	T7-266
T7-266__pl_1	1	84386	26887	84386	100	86.3467	34.3	56.7	T7-266
T7-266__pl_2	1	4096	6307	4096	100	406.747	34.1	59.1	T7-266
T7-266__pl_3	1	3479	6038	3479	100	451.493	34.6	59	T7-266
T7-286__chr	1	5338718	1639214	5338718	100	81.2667	34.3	59.3	T7-286
T7-273__chr	1	5239912	1269023	5239912	100	65.3921	34	59.2	T7-273
T7-273__pl_1	1	126665	25161	126665	100	53.5487	34.4	58.9	T7-273
T7-273__pl_2	1	5763	7314	5763	100	340.797	34.4	59.5	T7-273
T7-365__chr	1	5195483	946141	5195483	100	50.4375	33.4	59.2	T7-365
T7-365__pl_1	1	202059	26637	202059	100	36.423	33.8	54.1	T7-365
T7-365__pl_2	1	107398	7731	107398	100	19.7575	33.9	59.6	T7-365
T7-365__pl_3	1	75684	10357	75684	100	37.7504	34	57.4	T7-365
T7-365__pl_4	1	4667	5077	4667	100	291.224	33.4	59.3	T7-365
T7-365__pl_5	1	4093	4042	4093	100	279.354	34.3	59.1	T7-365
T7-365__pl_6	1	3549	5551	3549	100	417.525	34.1	58.7	T7-365
T7-262__chr	1	5309444	1537002	5309444	100	78.3361	34	59.3	T7-262
T7-262__pl_1	1	113996	37478	113996	100	88.9478	34.3	58.3	T7-262
T7-234__chr	1	5268736	1674585	5268674	99.9988	86.7325	34.3	59.2	T7-234
T7-234__pl_1	1	157037	61805	157037	100	107.545	34.5	58	T7-234
T7-234__pl_2	1	78879	29685	78879	100	102.9	34.6	57.5	T7-234
T7-234__pl_3	1	2495	12903	2495	100	1181.48	34.3	55.2	T7-234
T7-349__chr	1	5319835	1205159	5319835	100	62.0721	33.8	58.7	T7-349
T7-349__pl_1	1	192171	39086	192171	100	55.7486	34.1	51.3	T7-349
T7-349__pl_2	1	85866	21925	85866	100	70.3733	34	51.2	T7-349
T7-349__pl_3	1	6906	12262	6906	100	480.049	34	56.3	T7-349
T7-349__pl_4	1	5285	13776	5285	100	716.626	34.3	56.5	T7-349
T7-349__pl_5	1	4667	4883	4667	100	280.626	33.8	58.9	T7-349
T7-398__chr	1	5172499	1081229	5171621	99.983	56.8564	33.6	58.7	T7-398
T7-398__pl_1	1	271867	57003	271867	100	56.0844	33.9	53.3	T7-398
T7-398__pl_2	1	6352	8167	6352	100	300.293	34.2	52	T7-398
T7-398__pl_3	1	2348	12034	2348	100	1319.11	34.8	58.3	T7-398
T7-335__chr	1	5564192	1634698	5564192	100	81.4686	33.6	59.2	T7-335
T7-335__pl_1	1	154769	49993	154769	100	90.0349	34	59.6	T7-335
T7-326__chr	1	5172652	1507254	5172652	100	77.4562	34.4	59.2	T7-326
T7-326__pl_1	1	216251	65024	216251	100	79.7985	34.7	58.2	T7-326
T7-326__pl_2	1	1780	25830	1780	100	3564.58	34.3	58.4	T7-326
T7-425__chr	1	5537418	1152511	5537418	100	56.2651	33.9	59.2	T7-425
T7-425__pl_1	1	223855	63191	223855	100	76.0318	34.2	55.9	T7-425
T7-425__pl_2	1	114195	28558	114195	100	67.5659	34.1	58.5	T7-425
T7-425__pl_3	1	5763	3773	5763	100	176.149	34.2	59	T7-425
T7-425__pl_4	1	4163	5956	4163	100	380.577	34.2	51.9	T7-425
T7-475__chr	1	5347706	1873332	5347706	100	90.4061	35	57.6	T7-475
T7-475__pl_1	1	2991	9459	2991	100	800.341	35.5	57.9	T7-475
T7-410__chr	1	5473225	1157481	5473225	100	57.3535	33.7	59	T7-410
T7-410__pl_1	1	240128	60430	240126	99.9992	68.2126	34	55.4	T7-410
T7-410__pl_2	1	54389	26781	54386	99.9945	133.023	34	59.7	T7-410
T7-410__pl_3	1	3852	4339	3852	100	301.263	34.4	59.4	T7-410
T7-410__pl_4	1	3643	2399	3643	100	172.295	34	59	T7-410
T7-410__pl_5	1	3549	6958	3549	100	511.412	34.2	58.8	T7-410
T7-105__chr	1	5690893	1140331	5690893	100	56.722	33.8	58.8	T7-105
T7-105__pl_1	1	63827	16394	63827	100	73.1006	33.9	54.4	T7-105
T7-105__pl_2	1	57802	13202	57802	100	62.4355	34.3	56.8	T7-105
T7-472__chr	1	5399422	1894176	5399422	100	88.4007	35.5	57.4	T7-472
T7-394__chr	1	5391972	2621691	5391972	100	99.364	35.1	58.7	T7-394
T7-394__pl_1	1	168901	91575	168901	100	109.613	35.4	46.1	T7-394
T7-394__pl_2	1	95000	69737	95000	100	149.99	35.4	42.9	T7-394
T7-311__chr	1	5649127	1516869	5649127	100	74.2638	33.9	58.8	T7-311
T7-311__pl_1	1	209689	66957	209689	100	88.1867	34.2	51.5	T7-311
T7-311__pl_2	1	90442	27486	90442	100	84.6771	34.1	52.7	T7-311
T7-311__pl_3	1	85646	21812	85646	100	71.1326	34.4	54.6	T7-311
T7-311__pl_4	1	70146	29323	70146	100	116.291	33.9	53.9	T7-311
T7-311__pl_5	1	66061	30955	66061	100	130.277	33.9	55.6	T7-311
T7-311__pl_6	1	5840	8181	5840	100	381.53	34	59.1	T7-311
T7-311__pl_7	1	4667	5935	4667	100	341.406	33.9	58.9	T7-311
T7-311__pl_8	1	4163	11724	4163	100	760.82	34.2	56.2	T7-311
T7-311__pl_9	1	1916	6629	1916	100	868.176	34.2	58.9	T7-311
T7-378__chr	1	5140847	1386189	5140847	100	74.4833	33.3	59.1	T7-378
T7-378__pl_1	1	212211	60172	212211	100	78.0244	33.6	55.5	T7-378
T7-378__pl_2	1	59829	20837	59829	100	97.0642	33.5	52.6	T7-378
T7-378__pl_3	1	14959	7446	14959	100	139.035	33.2	59.7	T7-378
T7-378__pl_4	1	3549	7195	3549	100	543.258	33.9	58.7	T7-378
T7-402__chr	1	5561288	1904104	5561288	100	93.7804	33.4	59.3	T7-402
T7-402__pl_1	1	106837	36995	106837	100	94.5452	33.7	55.6	T7-402
T7-402__pl_2	1	6126	9745	6126	100	417.618	34	53.6	T7-402
T7-402__pl_3	1	3649	17478	3649	100	1208.38	33.7	57.1	T7-402
T7-402__pl_4	1	3025	18899	3025	100	1603.24	33.6	57.4	T7-402
T7-457__chr	1	5239911	1504301	5239911	100	76.1105	33	58	T7-457
T7-457__pl_1	1	125027	29930	125027	100	63.5107	33.5	57.3	T7-457
T7-457__pl_2	1	5763	8819	5763	100	406.204	33.4	58.4	T7-457
T7-482__chr	1	5339369	1873936	5339369	100	90.8316	35.1	57.5	T7-482
T7-482__pl_1	1	263824	110959	263824	100	108.537	35.4	53.9	T7-482
T7-482__pl_2	1	104460	46007	104460	100	113.544	35.3	52.9	T7-482
T7-482__pl_3	1	4080	5793	4080	100	333.857	35.4	55.6	T7-482
T7-424__chr	1	5418492	1087351	5418492	100	53.9651	33.8	59.2	T7-424
T7-424__pl_1	1	164279	52652	164279	100	85.7043	34.1	58.4	T7-424
T7-488__chr	1	5387074	1637662	5386170	99.9832	77.8437	35.3	57.3	T7-488
T7-488__pl_1	1	164466	56210	164466	100	87.1098	35.5	40.6	T7-488
T7-488__pl_2	1	95003	43454	95003	100	117.188	35.6	36	T7-488
T7-493__chr	1	5702625	936074	5702625	100	44.9736	33	58.5	T7-493
T7-493__pl_1	1	210520	46113	210420	99.9525	54.5767	33.5	52.3	T7-493
T7-493__pl_2	1	7921	642	7919	99.9748	21.8031	33.3	0.525	T7-493
T7-292__chr	1	5467245	1697700	5467245	100	83.4837	34.2	59.1	T7-292
T7-292__pl_1	1	4268	11233	4268	100	672.198	34.7	57.4	T7-292
T7-292__pl_2	1	3317	19525	3317	100	1574.06	34.6	59.4	T7-292
T7-290__chr	1	5371344	1298540	5371344	100	66.8424	33.9	59.2	T7-290
T7-290__pl_1	1	125101	26208	125101	100	58.0326	34.3	57	T7-290
T7-290__pl_2	1	5921	2918	5921	100	134.072	34.2	59.4	T7-290
T7-414__chr	1	5219966	3298679	5219966	100	169.674	33.8	58.5	T7-414
T7-414__pl_1	1	129623	117547	129623	100	241.751	34.1	55.7	T7-414
T7-414__pl_2	1	6849	7673	6849	100	299.962	34	54.3	T7-414
T7-414__pl_3	1	4400	19176	4400	100	1168.15	34.7	59.1	T7-414
T7-414__pl_4	1	4225	29065	4225	100	1764.85	34.4	56.5	T7-414
T7-414__pl_5	1	4167	7971	4167	100	501.126	34.4	59.3	T7-414
T7-414__pl_6	1	4096	14021	4096	100	890.326	33.8	58.9	T7-414
T7-445__chr	1	5274914	1560332	5274914	100	78.8475	32.8	58.1	T7-445
T7-445__pl_1	1	33783	16773	33783	100	131.404	33	58.1	T7-445
T7-445__pl_2	1	4091	9150	4091	100	590.917	33.2	58.2	T7-445
T7-181__chr	1	5260822	1339262	5260822	100	52.7527	34.9	57.6	T7-181
T7-181__pl_1	1	5136	4341	5135	99.9805	179.688	36.2	57.7	T7-181
T7-181__pl_2	1	3631	5396	3631	100	303.979	36.1	56.9	T7-181
T7-179__chr	1	5611532	1029013	5611521	99.9998	37.9807	34.4	57.6	T7-179
T7-179__pl_1	1	73376	20885	73376	100	59.4991	35	50.9	T7-179
T7-179__pl_2	1	37240	7813	37240	100	43.8542	35	48.2	T7-179
T7-179__pl_3	1	7800	5520	7800	100	148.397	35.1	58.1	T7-179
T7-393__chr	1	5234712	2113473	5234712	100	87.1447	35	59.1	T7-393
T7-393__pl_1	1	129768	48237	129768	100	79.756	35.3	55.9	T7-393
T7-393__pl_2	1	108093	24911	108093	100	49.4568	35.4	59.7	T7-393
T7-439__chr	1	5391458	1615146	5391458	100	79.7856	32.9	57.4	T7-439
T7-439__pl_1	1	199626	70204	199626	100	93.5692	33.2	52.2	T7-439
T7-439__pl_2	1	5763	7059	5763	100	320.717	33.4	56.4	T7-439
T7-439__pl_3	1	3336	8331	3336	100	657.891	33.5	57.9	T7-439
T7-439__pl_4	1	1916	20238	1916	100	2653.55	33.1	57.7	T7-439
T7-209__chr	1	5389953	1266709	5389953	100	53.4446	35.1	59	T7-209
T7-209__pl_1	1	157222	39710	157222	100	57.3381	35.5	56.6	T7-209
T7-209__pl_2	1	107736	17700	107736	100	37.482	35.5	59.3	T7-209
T7-209__pl_3	1	54288	34032	54288	100	142.716	35.4	59.5	T7-209
T7-158__chr	1	5317060	1670377	5317060	100	88.0488	34.9	59.2	T7-158
T7-158__pl_1	1	177357	48155	177357	100	75.8027	35.2	59.3	T7-158
T7-180__chr	1	5236348	1424449	5236348	100	56.2871	34.6	57.5	T7-180
T7-180__pl_1	1	127269	53796	127269	100	87.5153	35.1	54.6	T7-180
T7-180__pl_2	1	64997	32894	64997	100	105.894	35.3	55	T7-180
T7-460__chr	1	5408010	1685405	5407492	99.9904	82.0657	33.1	57.9	T7-460
T7-460__pl_1	1	202315	72587	202315	100	94.3188	33.4	56.9	T7-460
T7-460__pl_2	1	3103	8395	3103	100	693.147	33.6	58.1	T7-460
T7-165__chr	1	5550253	1238631	5550253	100	47.0081	33.9	57.4	T7-165
T7-165__pl_1	1	152361	41197	152361	100	57.0666	34.5	49.8	T7-165
T7-165__pl_2	1	114677	45009	114677	100	82.8981	34.4	55.6	T7-165
T7-165__pl_3	1	112707	25368	112707	100	47.7509	34.9	57.1	T7-165
T7-165__pl_4	1	68534	19282	68534	100	59.8889	34.5	41.3	T7-165
T7-165__pl_5	1	5683	2968	5683	100	109.689	35	57.4	T7-165
T7-165__pl_6	1	4470	3523	4470	100	165.787	35.3	57.5	T7-165
T7-165__pl_7	1	2821	9622	2821	100	708.304	35.8	57.4	T7-165
T7-211__chr	1	5175156	1378846	5175156	100	73.8502	33.9	59.3	T7-211
T7-211__pl_1	1	158207	39190	158207	100	68.4563	34.2	59.2	T7-211
T7-211__pl_2	1	2893	7266	2893	100	659.756	34.4	58.9	T7-211
T7-200__chr	1	5163297	1414588	5163297	100	55.9323	34.8	57.4	T7-200
T7-200__pl_1	1	253627	53267	253627	100	42.623	35.9	53.8	T7-200
T7-200__pl_2	1	5764	11340	5764	100	383.342	35.9	55.8	T7-200
T7-200__pl_3	1	5320	5691	5320	100	217.87	35.4	57.6	T7-200
T7-129__chr	1	5279114	1868867	5279114	100	98.65	34.8	59.2	T7-129
T7-129__pl_1	1	58439	44151	58439	100	209.736	35	59.7	T7-129
