Input_file_name	Gene_symbol	Mutation	Genetic_variation_type	Drug_class	Input_sequence_ID	Input_gene_length	Input_gene_start	Input_gene_stop	Reference_gene_length	Reference_gene_start	Reference_gene_stop	Sequence_identity	Coverage	Reference_accession	Strand_orientation	Software_name	Software_version	Reference_database_name	Reference_database_version	Input_protein_length	Reference_protein_length	Input_protein_start	Input_protein_stop	Antimicrobial_agent	Coverage_depth	Coverage_ratio	Predicted_phenotype	predicted_phenotype_confidence_level	Reference_protein_start	Reference_protein_stop	Resistance_mechanism
2018-01-1001	SHV-33	-	Gene presence detected	penicillin beta-lactam	2018-01-1001__chr	5310593	2732376	2733237	861	0	861	100.00%	100.00%	ARO:3000008	+	Kleborate	3.2.4	CARD	3.2.9	-	-	-	-	-	-	-	-	-	-	-	-
2018-01-1024	fosA7	-	Gene presence detected	phosphonic acid antibiotic	2018-01-1024__chr	5123193	4495476	4495899	423	0	423	93.62%	100.00%	ARO:3007149	-	Kleborate	3.2.4	CARD	3.2.9	-	-	-	-	-	-	-	-	-	-	-	-
2018-01-1024	SHV-172	-	Gene presence detected	penicillin beta-lactam	2018-01-1024__chr	5123193	2613641	2614502	861	0	861	99.77%	100.00%	ARO:3000008	+	Kleborate	3.2.4	CARD	3.2.9	-	-	-	-	-	-	-	-	-	-	-	-
2018-01-1024	SHV	p.Leu35Gln	Protein variant detected	penicillin beta-lactam	2018-01-1024__chr	5123193	2613641	2614502	861	0	861	99.77%	100.00%	ARO:3000008	+	Kleborate	3.2.4	CARD	3.2.9	-	-	-	-	-	-	-	-	-	-	-	-
2018-01-1439	SHV-11	-	Gene presence detected	penicillin beta-lactam	2018-01-1439__chr	5280837	2694150	2695011	861	0	861	99.77%	100.00%	ARO:3000008	+	Kleborate	3.2.4	CARD	3.2.9	-	-	-	-	-	-	-	-	-	-	-	-
2018-01-1439	SHV	p.Leu35Gln	Protein variant detected	penicillin beta-lactam	2018-01-1439__chr	5280837	2694150	2695011	861	0	861	99.77%	100.00%	ARO:3000008	+	Kleborate	3.2.4	CARD	3.2.9	-	-	-	-	-	-	-	-	-	-	-	-
2018-01-1584	sul2	-	Gene presence detected	sulfonamide antibiotic	2018-01-1584__pl_2	51081	20527	21343	816	0	816	100.00%	100.00%	ARO:3000282	-	Kleborate	3.2.4	CARD	3.2.9	-	-	-	-	-	-	-	-	-	-	-	-
2018-01-1584	SHV-33	-	Gene presence detected	penicillin beta-lactam	2018-01-1584__chr	5228166	2665808	2666669	861	0	861	100.00%	100.00%	ARO:3000008	+	Kleborate	3.2.4	CARD	3.2.9	-	-	-	-	-	-	-	-	-	-	-	-
2018-01-2085	SHV-33	-	Gene presence detected	penicillin beta-lactam	2018-01-2085__chr	5299008	2694071	2694932	861	0	861	100.00%	100.00%	ARO:3000008	+	Kleborate	3.2.4	CARD	3.2.9	-	-	-	-	-	-	-	-	-	-	-	-
2018-01-2353	SHV-38	-	Gene presence detected	penicillin beta-lactam	2018-01-2353__chr	5254528	2693099	2693960	861	0	861	100.00%	100.00%	ARO:3000008	+	Kleborate	3.2.4	CARD	3.2.9	-	-	-	-	-	-	-	-	-	-	-	-
2018-01-2353	SHV	p.Ala146Val	Protein variant detected	penicillin beta-lactam	2018-01-2353__chr	5254528	2693099	2693960	861	0	861	100.00%	100.00%	ARO:3000008	+	Kleborate	3.2.4	CARD	3.2.9	-	-	-	-	-	-	-	-	-	-	-	-
2018-01-2485	SHV-1	-	Gene presence detected	penicillin beta-lactam	2018-01-2485__chr	5314429	2727473	2728334	861	0	861	100.00%	100.00%	ARO:3000008	+	Kleborate	3.2.4	CARD	3.2.9	-	-	-	-	-	-	-	-	-	-	-	-
2018-01-2640	tet(D)	-	Gene presence detected	Tetracycline antibiotic	2018-01-2640__pl_1	148652	134267	135452	1185	0	1185	100.00%	100.00%	ARO:3000050	+	Kleborate	3.2.4	CARD	3.2.9	-	-	-	-	-	-	-	-	-	-	-	-
2018-01-2640	SHV-11	-	Gene presence detected	penicillin beta-lactam	2018-01-2640__chr	5272379	2659505	2660366	861	0	861	99.88%	100.00%	ARO:3000008	+	Kleborate	3.2.4	CARD	3.2.9	-	-	-	-	-	-	-	-	-	-	-	-
2018-01-2640	SHV	p.Leu35Gln	Protein variant detected	penicillin beta-lactam	2018-01-2640__chr	5272379	2659505	2660366	861	0	861	99.88%	100.00%	ARO:3000008	+	Kleborate	3.2.4	CARD	3.2.9	-	-	-	-	-	-	-	-	-	-	-	-
2018-01-2730	tet(D)	-	Gene presence detected	Tetracycline antibiotic	2018-01-2730__pl_1	148650	114068	115253	1185	0	1185	100.00%	100.00%	ARO:3000050	-	Kleborate	3.2.4	CARD	3.2.9	-	-	-	-	-	-	-	-	-	-	-	-
2018-01-2730	SHV-11	-	Gene presence detected	penicillin beta-lactam	2018-01-2730__chr	5239870	2626996	2627857	861	0	861	99.88%	100.00%	ARO:3000008	+	Kleborate	3.2.4	CARD	3.2.9	-	-	-	-	-	-	-	-	-	-	-	-
2018-01-2730	SHV	p.Leu35Gln	Protein variant detected	penicillin beta-lactam	2018-01-2730__chr	5239870	2626996	2627857	861	0	861	99.88%	100.00%	ARO:3000008	+	Kleborate	3.2.4	CARD	3.2.9	-	-	-	-	-	-	-	-	-	-	-	-
2018-01-2734	fosA7	-	Gene presence detected	phosphonic acid antibiotic	2018-01-2734__chr	5283357	4661181	4661604	423	0	423	93.62%	100.00%	ARO:3007149	-	Kleborate	3.2.4	CARD	3.2.9	-	-	-	-	-	-	-	-	-	-	-	-
2018-01-2734	SHV-75	-	Gene presence detected	penicillin beta-lactam	2018-01-2734__chr	5283357	2724778	2725639	861	0	861	99.65%	100.00%	ARO:3000008	+	Kleborate	3.2.4	CARD	3.2.9	-	-	-	-	-	-	-	-	-	-	-	-
2018-01-2782	SHV-1	-	Gene presence detected	penicillin beta-lactam	2018-01-2782__chr	5250366	2713310	2714171	861	0	861	100.00%	100.00%	ARO:3000008	+	Kleborate	3.2.4	CARD	3.2.9	-	-	-	-	-	-	-	-	-	-	-	-
2018-01-2860	SHV-11	-	Gene presence detected	penicillin beta-lactam	2018-01-2860__chr	5223344	2684304	2685165	861	0	861	99.77%	100.00%	ARO:3000008	+	Kleborate	3.2.4	CARD	3.2.9	-	-	-	-	-	-	-	-	-	-	-	-
2018-01-2860	SHV	p.Leu35Gln	Protein variant detected	penicillin beta-lactam	2018-01-2860__chr	5223344	2684304	2685165	861	0	861	99.77%	100.00%	ARO:3000008	+	Kleborate	3.2.4	CARD	3.2.9	-	-	-	-	-	-	-	-	-	-	-	-
2018-01-3094	SHV-1	-	Gene presence detected	penicillin beta-lactam	2018-01-3094__chr	5238019	2664778	2665639	861	0	861	99.77%	100.00%	ARO:3000008	+	Kleborate	3.2.4	CARD	3.2.9	-	-	-	-	-	-	-	-	-	-	-	-
2018-01-3218	SHV-193	-	Gene presence detected	penicillin beta-lactam	2018-01-3218__chr	5282242	2713528	2714389	861	0	861	100.00%	100.00%	ARO:3000008	+	Kleborate	3.2.4	CARD	3.2.9	-	-	-	-	-	-	-	-	-	-	-	-
2018-01-3218	SHV	p.Leu35Gln	Protein variant detected	penicillin beta-lactam	2018-01-3218__chr	5282242	2713528	2714389	861	0	861	100.00%	100.00%	ARO:3000008	+	Kleborate	3.2.4	CARD	3.2.9	-	-	-	-	-	-	-	-	-	-	-	-
2018-01-3465	SHV-11	-	Gene presence detected	penicillin beta-lactam	2018-01-3465__chr	5241774	2612858	2613719	861	0	861	99.88%	100.00%	ARO:3000008	+	Kleborate	3.2.4	CARD	3.2.9	-	-	-	-	-	-	-	-	-	-	-	-
2018-01-3465	SHV	p.Leu35Gln	Protein variant detected	penicillin beta-lactam	2018-01-3465__chr	5241774	2612858	2613719	861	0	861	99.88%	100.00%	ARO:3000008	+	Kleborate	3.2.4	CARD	3.2.9	-	-	-	-	-	-	-	-	-	-	-	-
2018-01-3723	SHV-27	-	Gene presence detected	penicillin beta-lactam	2018-01-3723__chr	5411208	2778688	2779549	861	0	861	100.00%	100.00%	ARO:3000008	+	Kleborate	3.2.4	CARD	3.2.9	-	-	-	-	-	-	-	-	-	-	-	-
2018-01-3723	SHV	p.Gly156Asp	Protein variant detected	penicillin beta-lactam	2018-01-3723__chr	5411208	2778688	2779549	861	0	861	100.00%	100.00%	ARO:3000008	+	Kleborate	3.2.4	CARD	3.2.9	-	-	-	-	-	-	-	-	-	-	-	-
2018-01-389	SHV-33	-	Gene presence detected	penicillin beta-lactam	2018-01-389__chr	5327507	2733595	2734456	861	0	861	100.00%	100.00%	ARO:3000008	+	Kleborate	3.2.4	CARD	3.2.9	-	-	-	-	-	-	-	-	-	-	-	-
2018-01-4107	sul2	-	Gene presence detected	sulfonamide antibiotic	2018-01-4107__pl_1	45319	17826	18642	816	0	816	100.00%	100.00%	ARO:3000282	-	Kleborate	3.2.4	CARD	3.2.9	-	-	-	-	-	-	-	-	-	-	-	-
2018-01-4107	SHV-33	-	Gene presence detected	penicillin beta-lactam	2018-01-4107__chr	5295991	2742755	2743616	861	0	861	100.00%	100.00%	ARO:3000008	+	Kleborate	3.2.4	CARD	3.2.9	-	-	-	-	-	-	-	-	-	-	-	-
2018-01-4203	SHV-38	-	Gene presence detected	penicillin beta-lactam	2018-01-4203__chr	5242521	2712455	2713316	861	0	861	100.00%	100.00%	ARO:3000008	+	Kleborate	3.2.4	CARD	3.2.9	-	-	-	-	-	-	-	-	-	-	-	-
2018-01-4203	SHV	p.Ala146Val	Protein variant detected	penicillin beta-lactam	2018-01-4203__chr	5242521	2712455	2713316	861	0	861	100.00%	100.00%	ARO:3000008	+	Kleborate	3.2.4	CARD	3.2.9	-	-	-	-	-	-	-	-	-	-	-	-
2018-01-4639	tet(A).v1	-	Gene presence detected	Tetracycline antibiotic	2018-01-4639__pl_3	96910	94231	95506	1275	0	1275	100.00%	100.00%	ARO:3000050	+	Kleborate	3.2.4	CARD	3.2.9	-	-	-	-	-	-	-	-	-	-	-	-
2018-01-4639	SHV-1	-	Gene presence detected	penicillin beta-lactam	2018-01-4639__chr	5207981	2640097	2640958	861	0	861	99.77%	100.00%	ARO:3000008	+	Kleborate	3.2.4	CARD	3.2.9	-	-	-	-	-	-	-	-	-	-	-	-
2018-01-4735	SHV-11	-	Gene presence detected	penicillin beta-lactam	2018-01-4735__chr	5286513	2743257	2744118	861	0	861	99.88%	100.00%	ARO:3000008	+	Kleborate	3.2.4	CARD	3.2.9	-	-	-	-	-	-	-	-	-	-	-	-
2018-01-4735	SHV	p.Leu35Gln	Protein variant detected	penicillin beta-lactam	2018-01-4735__chr	5286513	2743257	2744118	861	0	861	99.88%	100.00%	ARO:3000008	+	Kleborate	3.2.4	CARD	3.2.9	-	-	-	-	-	-	-	-	-	-	-	-
2018-01-707	SHV-1	-	Gene presence detected	penicillin beta-lactam	2018-01-707__chr	5315792	2729099	2729960	861	0	861	100.00%	100.00%	ARO:3000008	+	Kleborate	3.2.4	CARD	3.2.9	-	-	-	-	-	-	-	-	-	-	-	-
2018-01-710	fosA7	-	Gene presence detected	phosphonic acid antibiotic	2018-01-710__chr	5210957	4583243	4583666	423	0	423	93.62%	100.00%	ARO:3007149	-	Kleborate	3.2.4	CARD	3.2.9	-	-	-	-	-	-	-	-	-	-	-	-
2018-01-710	SHV-172	-	Gene presence detected	penicillin beta-lactam	2018-01-710__chr	5210957	2611767	2612628	861	0	861	99.77%	100.00%	ARO:3000008	+	Kleborate	3.2.4	CARD	3.2.9	-	-	-	-	-	-	-	-	-	-	-	-
2018-01-710	SHV	p.Leu35Gln	Protein variant detected	penicillin beta-lactam	2018-01-710__chr	5210957	2611767	2612628	861	0	861	99.77%	100.00%	ARO:3000008	+	Kleborate	3.2.4	CARD	3.2.9	-	-	-	-	-	-	-	-	-	-	-	-
2018-01-711	SHV-11	-	Gene presence detected	penicillin beta-lactam	2018-01-711__chr	5214509	2657729	2658590	861	0	861	99.88%	100.00%	ARO:3000008	+	Kleborate	3.2.4	CARD	3.2.9	-	-	-	-	-	-	-	-	-	-	-	-
2018-01-711	SHV	p.Leu35Gln	Protein variant detected	penicillin beta-lactam	2018-01-711__chr	5214509	2657729	2658590	861	0	861	99.88%	100.00%	ARO:3000008	+	Kleborate	3.2.4	CARD	3.2.9	-	-	-	-	-	-	-	-	-	-	-	-
2018-01-714	SHV-1	-	Gene presence detected	penicillin beta-lactam	2018-01-714__chr	5081823	2644582	2645443	861	0	861	100.00%	100.00%	ARO:3000008	+	Kleborate	3.2.4	CARD	3.2.9	-	-	-	-	-	-	-	-	-	-	-	-
2018-01-778	SHV-11	-	Gene presence detected	penicillin beta-lactam	2018-01-778__chr	5234161	2686359	2687220	861	0	861	99.77%	100.00%	ARO:3000008	+	Kleborate	3.2.4	CARD	3.2.9	-	-	-	-	-	-	-	-	-	-	-	-
2018-01-778	SHV	p.Leu35Gln	Protein variant detected	penicillin beta-lactam	2018-01-778__chr	5234161	2686359	2687220	861	0	861	99.77%	100.00%	ARO:3000008	+	Kleborate	3.2.4	CARD	3.2.9	-	-	-	-	-	-	-	-	-	-	-	-
2018-01-880	SHV-60	-	Gene presence detected	penicillin beta-lactam	2018-01-880__chr	5265240	2669001	2669862	861	0	861	100.00%	100.00%	ARO:3000008	+	Kleborate	3.2.4	CARD	3.2.9	-	-	-	-	-	-	-	-	-	-	-	-
2018-01-880	SHV	p.Leu35Gln	Protein variant detected	penicillin beta-lactam	2018-01-880__chr	5265240	2669001	2669862	861	0	861	100.00%	100.00%	ARO:3000008	+	Kleborate	3.2.4	CARD	3.2.9	-	-	-	-	-	-	-	-	-	-	-	-
KGMAR-2016-1076	SHV-1	-	Gene presence detected	penicillin beta-lactam	KGMAR-2016-1076__chr	5243831	2593272	2594133	861	0	861	99.88%	100.00%	ARO:3000008	+	Kleborate	3.2.4	CARD	3.2.9	-	-	-	-	-	-	-	-	-	-	-	-
KGMAR-2016-1178	SHV-168	-	Gene presence detected	penicillin beta-lactam	KGMAR-2016-1178__chr	5235913	2658356	2659217	861	0	861	99.88%	100.00%	ARO:3000008	+	Kleborate	3.2.4	CARD	3.2.9	-	-	-	-	-	-	-	-	-	-	-	-
KGMAR-2016-1178	SHV	p.Ala146Val	Protein variant detected	penicillin beta-lactam	KGMAR-2016-1178__chr	5235913	2658356	2659217	861	0	861	99.88%	100.00%	ARO:3000008	+	Kleborate	3.2.4	CARD	3.2.9	-	-	-	-	-	-	-	-	-	-	-	-
KGMAR-2016-1198	catII.2	-	Gene presence detected	phenicol antibiotic	KGMAR-2016-1198__pl_1	265616	193956	194598	642	0	642	96.11%	100.00%	ARO:3000387	+	Kleborate	3.2.4	CARD	3.2.9	-	-	-	-	-	-	-	-	-	-	-	-
KGMAR-2016-1198	sul2	-	Gene presence detected	sulfonamide antibiotic	KGMAR-2016-1198__pl_1	265616	188695	189511	816	0	816	100.00%	100.00%	ARO:3000282	-	Kleborate	3.2.4	CARD	3.2.9	-	-	-	-	-	-	-	-	-	-	-	-
KGMAR-2016-1198	tet(D)	-	Gene presence detected	Tetracycline antibiotic	KGMAR-2016-1198__pl_1	265616	196209	197394	1185	0	1185	100.00%	100.00%	ARO:3000050	+	Kleborate	3.2.4	CARD	3.2.9	-	-	-	-	-	-	-	-	-	-	-	-
KGMAR-2016-1198	SHV-11	-	Gene presence detected	penicillin beta-lactam	KGMAR-2016-1198__chr	5245077	2727371	2728232	861	0	861	99.88%	100.00%	ARO:3000008	+	Kleborate	3.2.4	CARD	3.2.9	-	-	-	-	-	-	-	-	-	-	-	-
KGMAR-2016-1198	SHV	p.Leu35Gln	Protein variant detected	penicillin beta-lactam	KGMAR-2016-1198__chr	5245077	2727371	2728232	861	0	861	99.88%	100.00%	ARO:3000008	+	Kleborate	3.2.4	CARD	3.2.9	-	-	-	-	-	-	-	-	-	-	-	-
KGMAR-2016-1200	strB.v1	-	Gene presence detected	aminoglycoside antibiotic	KGMAR-2016-1200__pl_1	187807	174089	174926	837	0	837	100.00%	100.00%	ARO:0000016	+	Kleborate	3.2.4	CARD	3.2.9	-	-	-	-	-	-	-	-	-	-	-	-
KGMAR-2016-1200	strA.v1	-	Gene presence detected	aminoglycoside antibiotic	KGMAR-2016-1200__pl_1	187807	173286	174090	804	0	804	99.88%	100.00%	ARO:0000016	+	Kleborate	3.2.4	CARD	3.2.9	-	-	-	-	-	-	-	-	-	-	-	-
KGMAR-2016-1200	aph3-Ia.v1	-	Gene presence detected	aminoglycoside antibiotic	KGMAR-2016-1200__pl_1	187807	8170	8986	816	0	816	98.90%	100.00%	ARO:0000016	-	Kleborate	3.2.4	CARD	3.2.9	-	-	-	-	-	-	-	-	-	-	-	-
KGMAR-2016-1200	sul1	-	Gene presence detected	sulfonamide antibiotic	KGMAR-2016-1200__pl_1	187807	9330	10170	840	0	840	99.88%	100.00%	ARO:3000282	-	Kleborate	3.2.4	CARD	3.2.9	-	-	-	-	-	-	-	-	-	-	-	-
KGMAR-2016-1200	sul2	-	Gene presence detected	sulfonamide antibiotic	KGMAR-2016-1200__pl_1	187807	172410	173226	816	0	816	100.00%	100.00%	ARO:3000282	+	Kleborate	3.2.4	CARD	3.2.9	-	-	-	-	-	-	-	-	-	-	-	-
KGMAR-2016-1200	tet(D)	-	Gene presence detected	Tetracycline antibiotic	KGMAR-2016-1200__pl_1	187807	179979	181164	1185	0	1185	100.00%	100.00%	ARO:3000050	-	Kleborate	3.2.4	CARD	3.2.9	-	-	-	-	-	-	-	-	-	-	-	-
KGMAR-2016-1200	dfrA14.v2	-	Gene presence detected	Diaminopyrimidine antibiotic	KGMAR-2016-1200__pl_1	187807	4336	4819	483	0	483	99.79%	100.00%	ARO:3000171	-	Kleborate	3.2.4	CARD	3.2.9	-	-	-	-	-	-	-	-	-	-	-	-
KGMAR-2016-1200	SHV-11	-	Gene presence detected	penicillin beta-lactam	KGMAR-2016-1200__chr	5312007	2759120	2759981	861	0	861	99.88%	100.00%	ARO:3000008	+	Kleborate	3.2.4	CARD	3.2.9	-	-	-	-	-	-	-	-	-	-	-	-
KGMAR-2016-1200	SHV	p.Leu35Gln	Protein variant detected	penicillin beta-lactam	KGMAR-2016-1200__chr	5312007	2759120	2759981	861	0	861	99.88%	100.00%	ARO:3000008	+	Kleborate	3.2.4	CARD	3.2.9	-	-	-	-	-	-	-	-	-	-	-	-
KGMAR-2016-1396	SHV-36	-	Gene presence detected	penicillin beta-lactam	KGMAR-2016-1396__chr	5192658	2598066	2598927	861	0	861	100.00%	100.00%	ARO:3000008	-	Kleborate	3.2.4	CARD	3.2.9	-	-	-	-	-	-	-	-	-	-	-	-
KGMAR-2016-1396	SHV	p.Leu35Gln	Protein variant detected	penicillin beta-lactam	KGMAR-2016-1396__chr	5192658	2598066	2598927	861	0	861	100.00%	100.00%	ARO:3000008	-	Kleborate	3.2.4	CARD	3.2.9	-	-	-	-	-	-	-	-	-	-	-	-
KGMAR-2016-1397	SHV-11	-	Gene presence detected	penicillin beta-lactam	KGMAR-2016-1397__chr	5143580	2662737	2663598	861	0	861	99.77%	100.00%	ARO:3000008	+	Kleborate	3.2.4	CARD	3.2.9	-	-	-	-	-	-	-	-	-	-	-	-
KGMAR-2016-1397	SHV	p.Leu35Gln	Protein variant detected	penicillin beta-lactam	KGMAR-2016-1397__chr	5143580	2662737	2663598	861	0	861	99.77%	100.00%	ARO:3000008	+	Kleborate	3.2.4	CARD	3.2.9	-	-	-	-	-	-	-	-	-	-	-	-
KGMAR-2016-1400	CTX-M-3	-	Gene presence detected	third-generation cephalosporin	KGMAR-2016-1400__pl_1	191744	39418	40294	876	0	876	100.00%	100.00%	ARO:3009107	+	Kleborate	3.2.4	CARD	3.2.9	-	-	-	-	-	-	-	-	-	-	-	-
KGMAR-2016-319	tet(D)	-	Gene presence detected	Tetracycline antibiotic	KGMAR-2016-319__pl_1	215261	182805	183990	1185	0	1185	100.00%	100.00%	ARO:3000050	+	Kleborate	3.2.4	CARD	3.2.9	-	-	-	-	-	-	-	-	-	-	-	-
KGMAR-2016-319	SHV-1	-	Gene presence detected	penicillin beta-lactam	KGMAR-2016-319__chr	5273997	2759385	2760246	861	0	861	99.88%	100.00%	ARO:3000008	+	Kleborate	3.2.4	CARD	3.2.9	-	-	-	-	-	-	-	-	-	-	-	-
KGMAR-2016-319	SHV-1	-	Gene presence detected	penicillin beta-lactam	KGMAR-2016-319__chr	5273997	2759385	2760246	861	0	861	99.88%	100.00%	ARO:3000008	+	Kleborate	3.2.4	CARD	3.2.9	-	-	-	-	-	-	-	-	-	-	-	-
KGMAR-2016-563	SHV-1	-	Gene presence detected	penicillin beta-lactam	KGMAR-2016-563__chr	5319059	2715996	2716857	861	0	861	99.88%	100.00%	ARO:3000008	+	Kleborate	3.2.4	CARD	3.2.9	-	-	-	-	-	-	-	-	-	-	-	-
KGMAR-2016-733	SHV-1	-	Gene presence detected	penicillin beta-lactam	KGMAR-2016-733__chr	5426328	2701555	2702416	861	0	861	99.88%	100.00%	ARO:3000008	+	Kleborate	3.2.4	CARD	3.2.9	-	-	-	-	-	-	-	-	-	-	-	-
KGMAR-2016-733	fosA7	-	Gene presence detected	phosphonic acid antibiotic	KGMAR-2016-733__chr	5426328	4764027	4764253	423	197	423	95.13%	53.43%	ARO:3007149	-	Kleborate	3.2.4	CARD	3.2.9	-	-	-	-	-	-	-	-	-	-	-	-
KGMAR-2019-1417-2	SHV-14	-	Gene presence detected	penicillin beta-lactam	KGMAR-2019-1417-2__chr	5143265	2590645	2591506	861	0	861	99.77%	100.00%	ARO:3000008	+	Kleborate	3.2.4	CARD	3.2.9	-	-	-	-	-	-	-	-	-	-	-	-
KGMAR-2019-1434	LEN-26	-	Gene presence detected	penicillin beta-lactam	KGMAR-2019-1434__chr	5603882	2879996	2880857	861	0	861	100.00%	100.00%	ARO:3000008	+	Kleborate	3.2.4	CARD	3.2.9	-	-	-	-	-	-	-	-	-	-	-	-
KGMAR-2019-1459	SHV-164	-	Gene presence detected	penicillin beta-lactam	KGMAR-2019-1459__chr	5325836	2685686	2686547	861	0	861	100.00%	100.00%	ARO:3000008	+	Kleborate	3.2.4	CARD	3.2.9	-	-	-	-	-	-	-	-	-	-	-	-
KGMAR-2019-1497	SHV-1	-	Gene presence detected	penicillin beta-lactam	KGMAR-2019-1497__chr	5270579	2743461	2744322	861	0	861	100.00%	100.00%	ARO:3000008	+	Kleborate	3.2.4	CARD	3.2.9	-	-	-	-	-	-	-	-	-	-	-	-
KGMAR-2019-1764	aadA	-	Gene presence detected	aminoglycoside antibiotic	KGMAR-2019-1764__pl_1	137603	60432	61224	792	0	792	99.75%	100.00%	ARO:0000016	-	Kleborate	3.2.4	CARD	3.2.9	-	-	-	-	-	-	-	-	-	-	-	-
KGMAR-2019-1764	aadA2	-	Gene presence detected	aminoglycoside antibiotic	KGMAR-2019-1764__pl_1	137603	62837	63617	780	0	780	100.00%	100.00%	ARO:0000016	-	Kleborate	3.2.4	CARD	3.2.9	-	-	-	-	-	-	-	-	-	-	-	-
KGMAR-2019-1764	qnrS1	-	Gene presence detected	Fluoroquinolone antibiotic	KGMAR-2019-1764__pl_1	137603	52738	53395	657	0	657	100.00%	100.00%	ARO:0000001	-	Kleborate	3.2.4	CARD	3.2.9	-	-	-	-	-	-	-	-	-	-	-	-
KGMAR-2019-1764	cmlA1	-	Gene presence detected	phenicol antibiotic	KGMAR-2019-1764__pl_1	137603	61316	62576	1260	0	1260	99.92%	100.00%	ARO:3000387	-	Kleborate	3.2.4	CARD	3.2.9	-	-	-	-	-	-	-	-	-	-	-	-
KGMAR-2019-1764	sul3	-	Gene presence detected	sulfonamide antibiotic	KGMAR-2019-1764__pl_1	137603	48052	48844	792	0	792	100.00%	100.00%	ARO:3000282	-	Kleborate	3.2.4	CARD	3.2.9	-	-	-	-	-	-	-	-	-	-	-	-
KGMAR-2019-1764	dfrA12	-	Gene presence detected	Diaminopyrimidine antibiotic	KGMAR-2019-1764__pl_1	137603	64036	64534	498	0	498	100.00%	100.00%	ARO:3000171	-	Kleborate	3.2.4	CARD	3.2.9	-	-	-	-	-	-	-	-	-	-	-	-
KGMAR-2019-1764	SHV-11	-	Gene presence detected	penicillin beta-lactam	KGMAR-2019-1764__chr	5197806	2585177	2586038	861	0	861	99.77%	100.00%	ARO:3000008	+	Kleborate	3.2.4	CARD	3.2.9	-	-	-	-	-	-	-	-	-	-	-	-
KGMAR-2019-1764	SHV	p.Leu35Gln	Protein variant detected	penicillin beta-lactam	KGMAR-2019-1764__chr	5197806	2585177	2586038	861	0	861	99.77%	100.00%	ARO:3000008	+	Kleborate	3.2.4	CARD	3.2.9	-	-	-	-	-	-	-	-	-	-	-	-
KGMAR-2019-1766	SHV-36	-	Gene presence detected	penicillin beta-lactam	KGMAR-2019-1766__chr	5079953	2605614	2606475	861	0	861	100.00%	100.00%	ARO:3000008	+	Kleborate	3.2.4	CARD	3.2.9	-	-	-	-	-	-	-	-	-	-	-	-
KGMAR-2019-1766	SHV	p.Leu35Gln	Protein variant detected	penicillin beta-lactam	KGMAR-2019-1766__chr	5079953	2605614	2606475	861	0	861	100.00%	100.00%	ARO:3000008	+	Kleborate	3.2.4	CARD	3.2.9	-	-	-	-	-	-	-	-	-	-	-	-
KGMAR-2019-1792	tet(A).v1	-	Gene presence detected	Tetracycline antibiotic	KGMAR-2019-1792__pl_2	122654	92652	93927	1275	0	1275	100.00%	100.00%	ARO:3000050	+	Kleborate	3.2.4	CARD	3.2.9	-	-	-	-	-	-	-	-	-	-	-	-
KGMAR-2019-1792	SHV-1	-	Gene presence detected	penicillin beta-lactam	KGMAR-2019-1792__chr	5303093	2756015	2756876	861	0	861	100.00%	100.00%	ARO:3000008	+	Kleborate	3.2.4	CARD	3.2.9	-	-	-	-	-	-	-	-	-	-	-	-
KGMAR-2019-2186	SHV-11	-	Gene presence detected	penicillin beta-lactam	KGMAR-2019-2186__chr	5306834	2687884	2688745	861	0	861	99.88%	100.00%	ARO:3000008	+	Kleborate	3.2.4	CARD	3.2.9	-	-	-	-	-	-	-	-	-	-	-	-
KGMAR-2019-2186	SHV	p.Leu35Gln	Protein variant detected	penicillin beta-lactam	KGMAR-2019-2186__chr	5306834	2687884	2688745	861	0	861	99.88%	100.00%	ARO:3000008	+	Kleborate	3.2.4	CARD	3.2.9	-	-	-	-	-	-	-	-	-	-	-	-
KGMAR-2019-400-2	SHV-11	-	Gene presence detected	penicillin beta-lactam	KGMAR-2019-400-2__chr	5306170	2725825	2726686	861	0	861	99.88%	100.00%	ARO:3000008	+	Kleborate	3.2.4	CARD	3.2.9	-	-	-	-	-	-	-	-	-	-	-	-
KGMAR-2019-400-2	SHV	p.Leu35Gln	Protein variant detected	penicillin beta-lactam	KGMAR-2019-400-2__chr	5306170	2725825	2726686	861	0	861	99.88%	100.00%	ARO:3000008	+	Kleborate	3.2.4	CARD	3.2.9	-	-	-	-	-	-	-	-	-	-	-	-
KGMAR-2019-604	SHV-11	-	Gene presence detected	penicillin beta-lactam	KGMAR-2019-604__chr	5335640	2641487	2642348	861	0	861	99.88%	100.00%	ARO:3000008	+	Kleborate	3.2.4	CARD	3.2.9	-	-	-	-	-	-	-	-	-	-	-	-
KGMAR-2019-604	SHV	p.Leu35Gln	Protein variant detected	penicillin beta-lactam	KGMAR-2019-604__chr	5335640	2641487	2642348	861	0	861	99.88%	100.00%	ARO:3000008	+	Kleborate	3.2.4	CARD	3.2.9	-	-	-	-	-	-	-	-	-	-	-	-
KGMAR-2020-428	SHV-26	-	Gene presence detected	penicillin beta-lactam	KGMAR-2020-428__chr	5180779	2693410	2694271	861	0	861	100.00%	100.00%	ARO:3000008	+	Kleborate	3.2.4	CARD	3.2.9	-	-	-	-	-	-	-	-	-	-	-	-
KGMAR-2020-440	SHV-206	-	Gene presence detected	penicillin beta-lactam	KGMAR-2020-440__chr	5293138	2722923	2723784	861	0	861	99.77%	100.00%	ARO:3000008	+	Kleborate	3.2.4	CARD	3.2.9	-	-	-	-	-	-	-	-	-	-	-	-
KGVET-2018-01-3794	SHV-196	-	Gene presence detected	penicillin beta-lactam	KGVET-2018-01-3794__chr	5267888	2626488	2627349	861	0	861	100.00%	100.00%	ARO:3000008	+	Kleborate	3.2.4	CARD	3.2.9	-	-	-	-	-	-	-	-	-	-	-	-
KGVET-2018-04-44577	SHV-1	-	Gene presence detected	penicillin beta-lactam	KGVET-2018-04-44577__chr	5144053	2622198	2623059	861	0	861	99.88%	100.00%	ARO:3000008	+	Kleborate	3.2.4	CARD	3.2.9	-	-	-	-	-	-	-	-	-	-	-	-
KGVET-2019-01-2264	SHV-75	-	Gene presence detected	penicillin beta-lactam	KGVET-2019-01-2264__chr	5251937	2687686	2688547	861	0	861	99.65%	100.00%	ARO:3000008	+	Kleborate	3.2.4	CARD	3.2.9	-	-	-	-	-	-	-	-	-	-	-	-
KGVET-2019-01-3472-4	SHV-61	-	Gene presence detected	penicillin beta-lactam	KGVET-2019-01-3472-4__chr	5179523	2594407	2595268	861	0	861	100.00%	100.00%	ARO:3000008	+	Kleborate	3.2.4	CARD	3.2.9	-	-	-	-	-	-	-	-	-	-	-	-
KGVET-2019-01-3472-4	SHV	p.Leu35Gln	Protein variant detected	penicillin beta-lactam	KGVET-2019-01-3472-4__chr	5179523	2594407	2595268	861	0	861	100.00%	100.00%	ARO:3000008	+	Kleborate	3.2.4	CARD	3.2.9	-	-	-	-	-	-	-	-	-	-	-	-
KGVET-2019-01-3619	SHV-26	-	Gene presence detected	penicillin beta-lactam	KGVET-2019-01-3619__chr	5206778	2663414	2664275	861	0	861	100.00%	100.00%	ARO:3000008	+	Kleborate	3.2.4	CARD	3.2.9	-	-	-	-	-	-	-	-	-	-	-	-
KGVET-2019-01-792	LEN-2	-	Gene presence detected	penicillin beta-lactam	KGVET-2019-01-792__chr	5622595	2815172	2816033	861	0	861	99.77%	100.00%	ARO:3000008	+	Kleborate	3.2.4	CARD	3.2.9	-	-	-	-	-	-	-	-	-	-	-	-
KGVET-2019-01-792	OmpK36	p.Ala183fs	Inactivating mutation detected	-	KGVET-2019-01-792__chr	5622595	1595097	1596189	1104	0	1104	94.75%	98.91%	-	+	Kleborate	3.2.4	CARD	3.2.9	-	-	-	-	-	-	-	-	-	-	-	-
KGVET-2020-01-126	SHV-11	-	Gene presence detected	penicillin beta-lactam	KGVET-2020-01-126__chr	5190314	2675809	2676670	861	0	861	99.88%	100.00%	ARO:3000008	+	Kleborate	3.2.4	CARD	3.2.9	-	-	-	-	-	-	-	-	-	-	-	-
KGVET-2020-01-126	SHV	p.Leu35Gln	Protein variant detected	penicillin beta-lactam	KGVET-2020-01-126__chr	5190314	2675809	2676670	861	0	861	99.88%	100.00%	ARO:3000008	+	Kleborate	3.2.4	CARD	3.2.9	-	-	-	-	-	-	-	-	-	-	-	-
KGVET-2020-01-1661	aadA	-	Gene presence detected	aminoglycoside antibiotic	KGVET-2020-01-1661__pl_1	199130	91168	92133	972	0	972	99.28%	100.00%	ARO:0000016	-	Kleborate	3.2.4	CARD	3.2.9	-	-	-	-	-	-	-	-	-	-	-	-
KGVET-2020-01-1661	aac(3)-IId	-	Gene presence detected	aminoglycoside antibiotic	KGVET-2020-01-1661__pl_2	105099	62843	63704	861	0	861	99.88%	100.00%	ARO:0000016	+	Kleborate	3.2.4	CARD	3.2.9	-	-	-	-	-	-	-	-	-	-	-	-
KGVET-2020-01-1661	strB.v1	-	Gene presence detected	aminoglycoside antibiotic	KGVET-2020-01-1661__pl_2	105099	53203	54040	837	0	837	100.00%	100.00%	ARO:0000016	+	Kleborate	3.2.4	CARD	3.2.9	-	-	-	-	-	-	-	-	-	-	-	-
KGVET-2020-01-1661	strA.v1	-	Gene presence detected	aminoglycoside antibiotic	KGVET-2020-01-1661__pl_2	105099	52406	53204	804	0	804	99.13%	100.00%	ARO:0000016	+	Kleborate	3.2.4	CARD	3.2.9	-	-	-	-	-	-	-	-	-	-	-	-
KGVET-2020-01-1661	catA1	-	Gene presence detected	phenicol antibiotic	KGVET-2020-01-1661__pl_1	199130	69131	69791	660	0	660	99.85%	100.00%	ARO:3000387	+	Kleborate	3.2.4	CARD	3.2.9	-	-	-	-	-	-	-	-	-	-	-	-
KGVET-2020-01-1661	sul1	-	Gene presence detected	sulfonamide antibiotic	KGVET-2020-01-1661__pl_1	199130	89824	90664	840	0	840	100.00%	100.00%	ARO:3000282	-	Kleborate	3.2.4	CARD	3.2.9	-	-	-	-	-	-	-	-	-	-	-	-
KGVET-2020-01-1661	sul2	-	Gene presence detected	sulfonamide antibiotic	KGVET-2020-01-1661__pl_2	105099	51530	52346	816	0	816	100.00%	100.00%	ARO:3000282	+	Kleborate	3.2.4	CARD	3.2.9	-	-	-	-	-	-	-	-	-	-	-	-
KGVET-2020-01-1661	tet(D)	-	Gene presence detected	Tetracycline antibiotic	KGVET-2020-01-1661__pl_1	199130	84839	86024	1185	0	1185	100.00%	100.00%	ARO:3000050	-	Kleborate	3.2.4	CARD	3.2.9	-	-	-	-	-	-	-	-	-	-	-	-
KGVET-2020-01-1661	dfrA14.v2	-	Gene presence detected	Diaminopyrimidine antibiotic	KGVET-2020-01-1661__pl_2	105099	25020	25503	483	0	483	99.79%	100.00%	ARO:3000171	-	Kleborate	3.2.4	CARD	3.2.9	-	-	-	-	-	-	-	-	-	-	-	-
KGVET-2020-01-1661	CTX-M-15	-	Gene presence detected	third-generation cephalosporin	KGVET-2020-01-1661__pl_2	105099	58442	59318	876	0	876	100.00%	100.00%	ARO:3009107	+	Kleborate	3.2.4	CARD	3.2.9	-	-	-	-	-	-	-	-	-	-	-	-
KGVET-2020-01-1661	SHV-27	-	Gene presence detected	penicillin beta-lactam	KGVET-2020-01-1661__chr	5387724	2807637	2808498	861	0	861	100.00%	100.00%	ARO:3000008	+	Kleborate	3.2.4	CARD	3.2.9	-	-	-	-	-	-	-	-	-	-	-	-
KGVET-2020-01-1661	SHV-1	-	Gene presence detected	penicillin beta-lactam	KGVET-2020-01-1661__pl_1	199130	78875	79736	861	0	861	99.88%	100.00%	ARO:3000008	-	Kleborate	3.2.4	CARD	3.2.9	-	-	-	-	-	-	-	-	-	-	-	-
KGVET-2020-01-1661	SHV	p.Gly156Asp	Protein variant detected	penicillin beta-lactam	KGVET-2020-01-1661__chr	5387724	2807637	2808498	861	0	861	100.00%	100.00%	ARO:3000008	+	Kleborate	3.2.4	CARD	3.2.9	-	-	-	-	-	-	-	-	-	-	-	-
KGVET-2020-01-1661	GyrA	p.Ser83Ile	Protein variant detected	fluoroquinolone antibiotic	KGVET-2020-01-1661__chr	5387724	1636428	1636788	360	0	360	99.44%	100.00%	ARO:0000001	+	Kleborate	3.2.4	CARD	3.2.9	-	-	-	-	-	-	-	-	-	-	-	-
KGVET-2020-01-1661	ParC	p.Ser80Ile	Protein variant detected	fluoroquinolone antibiotic	KGVET-2020-01-1661__chr	5387724	743799	744159	360	0	360	99.72%	100.00%	ARO:0000001	+	Kleborate	3.2.4	CARD	3.2.9	-	-	-	-	-	-	-	-	-	-	-	-
KGVET-2020-01-202-1	SHV-108	-	Gene presence detected	penicillin beta-lactam	KGVET-2020-01-202-1__chr	5128607	2639217	2640078	861	0	861	99.88%	100.00%	ARO:3000008	+	Kleborate	3.2.4	CARD	3.2.9	-	-	-	-	-	-	-	-	-	-	-	-
KGVET-2020-01-202-1	SHV	p.Leu35Gln	Protein variant detected	penicillin beta-lactam	KGVET-2020-01-202-1__chr	5128607	2639217	2640078	861	0	861	99.88%	100.00%	ARO:3000008	+	Kleborate	3.2.4	CARD	3.2.9	-	-	-	-	-	-	-	-	-	-	-	-
KGVET-2020-01-2067-1	SHV-11	-	Gene presence detected	penicillin beta-lactam	KGVET-2020-01-2067-1__chr	5364693	2754571	2755432	861	0	861	99.77%	100.00%	ARO:3000008	+	Kleborate	3.2.4	CARD	3.2.9	-	-	-	-	-	-	-	-	-	-	-	-
KGVET-2020-01-2067-1	SHV	p.Leu35Gln	Protein variant detected	penicillin beta-lactam	KGVET-2020-01-2067-1__chr	5364693	2754571	2755432	861	0	861	99.77%	100.00%	ARO:3000008	+	Kleborate	3.2.4	CARD	3.2.9	-	-	-	-	-	-	-	-	-	-	-	-
KGVET-2020-01-2158-1	SHV-1	-	Gene presence detected	penicillin beta-lactam	KGVET-2020-01-2158-1__chr	5308542	2720463	2721324	861	0	861	100.00%	100.00%	ARO:3000008	+	Kleborate	3.2.4	CARD	3.2.9	-	-	-	-	-	-	-	-	-	-	-	-
KGVET-2020-01-2209-1	SHV-1	-	Gene presence detected	penicillin beta-lactam	KGVET-2020-01-2209-1__chr	5308300	2720225	2721086	861	0	861	100.00%	100.00%	ARO:3000008	+	Kleborate	3.2.4	CARD	3.2.9	-	-	-	-	-	-	-	-	-	-	-	-
KGVET-2020-01-2318-1	SHV-11	-	Gene presence detected	penicillin beta-lactam	KGVET-2020-01-2318-1__chr	5328021	2706453	2707314	861	0	861	99.77%	100.00%	ARO:3000008	+	Kleborate	3.2.4	CARD	3.2.9	-	-	-	-	-	-	-	-	-	-	-	-
KGVET-2020-01-2318-1	SHV	p.Leu35Gln	Protein variant detected	penicillin beta-lactam	KGVET-2020-01-2318-1__chr	5328021	2706453	2707314	861	0	861	99.77%	100.00%	ARO:3000008	+	Kleborate	3.2.4	CARD	3.2.9	-	-	-	-	-	-	-	-	-	-	-	-
KGVET-2020-01-2328-1	LEN-16	-	Gene presence detected	penicillin beta-lactam	KGVET-2020-01-2328-1__chr	5476043	2873913	2874774	861	0	861	99.54%	100.00%	ARO:3000008	+	Kleborate	3.2.4	CARD	3.2.9	-	-	-	-	-	-	-	-	-	-	-	-
KGVET-2020-01-2328-1	OmpK36	p.Ala183fs	Inactivating mutation detected	-	KGVET-2020-01-2328-1__chr	5476043	1609008	1610100	1104	0	1104	94.75%	98.91%	-	+	Kleborate	3.2.4	CARD	3.2.9	-	-	-	-	-	-	-	-	-	-	-	-
KGVET-2020-01-236-2	SHV-11	-	Gene presence detected	penicillin beta-lactam	KGVET-2020-01-236-2__chr	5329169	2749092	2749953	861	0	861	99.88%	100.00%	ARO:3000008	+	Kleborate	3.2.4	CARD	3.2.9	-	-	-	-	-	-	-	-	-	-	-	-
KGVET-2020-01-236-2	SHV	p.Leu35Gln	Protein variant detected	penicillin beta-lactam	KGVET-2020-01-236-2__chr	5329169	2749092	2749953	861	0	861	99.88%	100.00%	ARO:3000008	+	Kleborate	3.2.4	CARD	3.2.9	-	-	-	-	-	-	-	-	-	-	-	-
KGVET-2020-01-2496-3	SHV-1	-	Gene presence detected	penicillin beta-lactam	KGVET-2020-01-2496-3__chr	5287267	2658429	2659290	861	0	861	100.00%	100.00%	ARO:3000008	+	Kleborate	3.2.4	CARD	3.2.9	-	-	-	-	-	-	-	-	-	-	-	-
KGVET-2020-01-2661	tet(B).v2	-	Gene presence detected	Tetracycline antibiotic	KGVET-2020-01-2661__chr	5354829	1786819	1788025	1206	0	1206	99.75%	100.00%	ARO:3000050	+	Kleborate	3.2.4	CARD	3.2.9	-	-	-	-	-	-	-	-	-	-	-	-
KGVET-2020-01-2661	tetR	-	Gene presence detected	Tetracycline antibiotic	KGVET-2020-01-2661__chr	5354829	1786114	1786741	627	0	627	100.00%	100.00%	ARO:3000050	-	Kleborate	3.2.4	CARD	3.2.9	-	-	-	-	-	-	-	-	-	-	-	-
KGVET-2020-01-2661	SHV-1	-	Gene presence detected	penicillin beta-lactam	KGVET-2020-01-2661__chr	5354829	2716757	2717624	867	0	867	99.88%	100.00%	ARO:3000008	+	Kleborate	3.2.4	CARD	3.2.9	-	-	-	-	-	-	-	-	-	-	-	-
KGVET-2020-01-2677-1	SHV-11	-	Gene presence detected	penicillin beta-lactam	KGVET-2020-01-2677-1__chr	5287320	2742449	2743310	861	0	861	99.77%	100.00%	ARO:3000008	+	Kleborate	3.2.4	CARD	3.2.9	-	-	-	-	-	-	-	-	-	-	-	-
KGVET-2020-01-2677-1	SHV	p.Leu35Gln	Protein variant detected	penicillin beta-lactam	KGVET-2020-01-2677-1__chr	5287320	2742449	2743310	861	0	861	99.77%	100.00%	ARO:3000008	+	Kleborate	3.2.4	CARD	3.2.9	-	-	-	-	-	-	-	-	-	-	-	-
KGVET-2020-01-2800-1	tet(A).v1	-	Gene presence detected	Tetracycline antibiotic	KGVET-2020-01-2800-1__chr	5277303	108097	109372	1275	0	1275	100.00%	100.00%	ARO:3000050	-	Kleborate	3.2.4	CARD	3.2.9	-	-	-	-	-	-	-	-	-	-	-	-
KGVET-2020-01-2800-1	SHV-1	-	Gene presence detected	penicillin beta-lactam	KGVET-2020-01-2800-1__chr	5277303	2708767	2709634	867	0	867	99.65%	100.00%	ARO:3000008	+	Kleborate	3.2.4	CARD	3.2.9	-	-	-	-	-	-	-	-	-	-	-	-
KGVET-2020-01-2846-1	SHV-27	-	Gene presence detected	penicillin beta-lactam	KGVET-2020-01-2846-1__chr	5402258	2732364	2733225	861	0	861	100.00%	100.00%	ARO:3000008	+	Kleborate	3.2.4	CARD	3.2.9	-	-	-	-	-	-	-	-	-	-	-	-
KGVET-2020-01-2846-1	SHV	p.Gly156Asp	Protein variant detected	penicillin beta-lactam	KGVET-2020-01-2846-1__chr	5402258	2732364	2733225	861	0	861	100.00%	100.00%	ARO:3000008	+	Kleborate	3.2.4	CARD	3.2.9	-	-	-	-	-	-	-	-	-	-	-	-
KGVET-2020-01-2959-1	SHV-1	-	Gene presence detected	penicillin beta-lactam	KGVET-2020-01-2959-1__chr	5202254	2626520	2627381	861	0	861	99.88%	100.00%	ARO:3000008	+	Kleborate	3.2.4	CARD	3.2.9	-	-	-	-	-	-	-	-	-	-	-	-
KGVET-2020-01-3043-2	SHV-1	-	Gene presence detected	penicillin beta-lactam	KGVET-2020-01-3043-2__chr	5105113	2608190	2609051	861	0	861	100.00%	100.00%	ARO:3000008	+	Kleborate	3.2.4	CARD	3.2.9	-	-	-	-	-	-	-	-	-	-	-	-
KGVET-2020-01-3421-1	SHV-11	-	Gene presence detected	penicillin beta-lactam	KGVET-2020-01-3421-1__chr	5235890	2647685	2648546	861	0	861	99.88%	100.00%	ARO:3000008	+	Kleborate	3.2.4	CARD	3.2.9	-	-	-	-	-	-	-	-	-	-	-	-
KGVET-2020-01-3421-1	SHV	p.Leu35Gln	Protein variant detected	penicillin beta-lactam	KGVET-2020-01-3421-1__chr	5235890	2647685	2648546	861	0	861	99.88%	100.00%	ARO:3000008	+	Kleborate	3.2.4	CARD	3.2.9	-	-	-	-	-	-	-	-	-	-	-	-
KGVET-2020-01-3513-1	SHV-11	-	Gene presence detected	penicillin beta-lactam	KGVET-2020-01-3513-1__chr	5351251	2750051	2750912	861	0	861	99.88%	100.00%	ARO:3000008	+	Kleborate	3.2.4	CARD	3.2.9	-	-	-	-	-	-	-	-	-	-	-	-
KGVET-2020-01-3513-1	SHV	p.Leu35Gln	Protein variant detected	penicillin beta-lactam	KGVET-2020-01-3513-1__chr	5351251	2750051	2750912	861	0	861	99.88%	100.00%	ARO:3000008	+	Kleborate	3.2.4	CARD	3.2.9	-	-	-	-	-	-	-	-	-	-	-	-
KGVET-2020-01-3514	SHV-1	-	Gene presence detected	penicillin beta-lactam	KGVET-2020-01-3514__chr	5351057	2684881	2685742	861	0	861	99.88%	100.00%	ARO:3000008	+	Kleborate	3.2.4	CARD	3.2.9	-	-	-	-	-	-	-	-	-	-	-	-
KGVET-2020-01-3515	SHV-215	-	Gene presence detected	penicillin beta-lactam	KGVET-2020-01-3515__chr	5283334	2715230	2716091	861	0	861	100.00%	100.00%	ARO:3000008	+	Kleborate	3.2.4	CARD	3.2.9	-	-	-	-	-	-	-	-	-	-	-	-
KGVET-2020-01-3515	SHV	p.Leu35Gln	Protein variant detected	penicillin beta-lactam	KGVET-2020-01-3515__chr	5283334	2715230	2716091	861	0	861	100.00%	100.00%	ARO:3000008	+	Kleborate	3.2.4	CARD	3.2.9	-	-	-	-	-	-	-	-	-	-	-	-
KGVET-2020-01-3721-3	SHV-11	-	Gene presence detected	penicillin beta-lactam	KGVET-2020-01-3721-3__chr	5269207	2708348	2709209	861	0	861	99.88%	100.00%	ARO:3000008	+	Kleborate	3.2.4	CARD	3.2.9	-	-	-	-	-	-	-	-	-	-	-	-
KGVET-2020-01-3721-3	SHV	p.Leu35Gln	Protein variant detected	penicillin beta-lactam	KGVET-2020-01-3721-3__chr	5269207	2708348	2709209	861	0	861	99.88%	100.00%	ARO:3000008	+	Kleborate	3.2.4	CARD	3.2.9	-	-	-	-	-	-	-	-	-	-	-	-
KGVET-2020-01-3775-3	SHV-75	-	Gene presence detected	penicillin beta-lactam	KGVET-2020-01-3775-3__chr	5285398	2659096	2659957	861	0	861	100.00%	100.00%	ARO:3000008	+	Kleborate	3.2.4	CARD	3.2.9	-	-	-	-	-	-	-	-	-	-	-	-
KGVET-2020-01-4188-1	SHV-11	-	Gene presence detected	penicillin beta-lactam	KGVET-2020-01-4188-1__chr	5228811	2623561	2624422	861	0	861	99.77%	100.00%	ARO:3000008	+	Kleborate	3.2.4	CARD	3.2.9	-	-	-	-	-	-	-	-	-	-	-	-
KGVET-2020-01-4188-1	SHV	p.Leu35Gln	Protein variant detected	penicillin beta-lactam	KGVET-2020-01-4188-1__chr	5228811	2623561	2624422	861	0	861	99.77%	100.00%	ARO:3000008	+	Kleborate	3.2.4	CARD	3.2.9	-	-	-	-	-	-	-	-	-	-	-	-
KGVET-2020-01-4249-1	SHV-1	-	Gene presence detected	penicillin beta-lactam	KGVET-2020-01-4249-1__chr	5216222	2607316	2608177	861	0	861	99.88%	100.00%	ARO:3000008	+	Kleborate	3.2.4	CARD	3.2.9	-	-	-	-	-	-	-	-	-	-	-	-
KGVET-2020-01-4327	SHV-11	-	Gene presence detected	penicillin beta-lactam	KGVET-2020-01-4327__chr	5307558	2729937	2730798	861	0	861	99.88%	100.00%	ARO:3000008	+	Kleborate	3.2.4	CARD	3.2.9	-	-	-	-	-	-	-	-	-	-	-	-
KGVET-2020-01-4327	SHV	p.Leu35Gln	Protein variant detected	penicillin beta-lactam	KGVET-2020-01-4327__chr	5307558	2729937	2730798	861	0	861	99.88%	100.00%	ARO:3000008	+	Kleborate	3.2.4	CARD	3.2.9	-	-	-	-	-	-	-	-	-	-	-	-
KGVET-2020-01-468-1	SHV-11	-	Gene presence detected	penicillin beta-lactam	KGVET-2020-01-468-1__chr	5301068	2689740	2690601	861	0	861	99.88%	100.00%	ARO:3000008	+	Kleborate	3.2.4	CARD	3.2.9	-	-	-	-	-	-	-	-	-	-	-	-
KGVET-2020-01-468-1	SHV	p.Leu35Gln	Protein variant detected	penicillin beta-lactam	KGVET-2020-01-468-1__chr	5301068	2689740	2690601	861	0	861	99.88%	100.00%	ARO:3000008	+	Kleborate	3.2.4	CARD	3.2.9	-	-	-	-	-	-	-	-	-	-	-	-
KGVET-2020-04-18146	SHV-11	-	Gene presence detected	penicillin beta-lactam	KGVET-2020-04-18146__chr	5241320	2612081	2612942	861	0	861	99.88%	100.00%	ARO:3000008	+	Kleborate	3.2.4	CARD	3.2.9	-	-	-	-	-	-	-	-	-	-	-	-
KGVET-2020-04-18146	SHV	p.Leu35Gln	Protein variant detected	penicillin beta-lactam	KGVET-2020-04-18146__chr	5241320	2612081	2612942	861	0	861	99.88%	100.00%	ARO:3000008	+	Kleborate	3.2.4	CARD	3.2.9	-	-	-	-	-	-	-	-	-	-	-	-
KGVETS-2019-01-1336	SHV-11	-	Gene presence detected	penicillin beta-lactam	KGVETS-2019-01-1336__chr	5222809	2661212	2662073	861	0	861	99.77%	100.00%	ARO:3000008	+	Kleborate	3.2.4	CARD	3.2.9	-	-	-	-	-	-	-	-	-	-	-	-
KGVETS-2019-01-1336	SHV	p.Leu35Gln	Protein variant detected	penicillin beta-lactam	KGVETS-2019-01-1336__chr	5222809	2661212	2662073	861	0	861	99.77%	100.00%	ARO:3000008	+	Kleborate	3.2.4	CARD	3.2.9	-	-	-	-	-	-	-	-	-	-	-	-
KGVETS-2019-01-1378	SHV-11	-	Gene presence detected	penicillin beta-lactam	KGVETS-2019-01-1378__chr	5358389	2778431	2779292	861	0	861	99.77%	100.00%	ARO:3000008	+	Kleborate	3.2.4	CARD	3.2.9	-	-	-	-	-	-	-	-	-	-	-	-
KGVETS-2019-01-1378	SHV	p.Leu35Gln	Protein variant detected	penicillin beta-lactam	KGVETS-2019-01-1378__chr	5358389	2778431	2779292	861	0	861	99.77%	100.00%	ARO:3000008	+	Kleborate	3.2.4	CARD	3.2.9	-	-	-	-	-	-	-	-	-	-	-	-
KGVETS-2019-01-1380	LEN-2	-	Gene presence detected	penicillin beta-lactam	KGVETS-2019-01-1380__chr	5694896	2951771	2952632	861	0	861	99.77%	100.00%	ARO:3000008	+	Kleborate	3.2.4	CARD	3.2.9	-	-	-	-	-	-	-	-	-	-	-	-
KGVETS-2019-01-1380	OmpK36	p.Ala183fs	Inactivating mutation detected	-	KGVETS-2019-01-1380__chr	5694896	1543532	1544624	1104	0	1104	94.66%	98.91%	-	+	Kleborate	3.2.4	CARD	3.2.9	-	-	-	-	-	-	-	-	-	-	-	-
KGVETS-2019-01-1382	SHV-1	-	Gene presence detected	penicillin beta-lactam	KGVETS-2019-01-1382__chr	5378254	2706362	2707223	861	0	861	100.00%	100.00%	ARO:3000008	+	Kleborate	3.2.4	CARD	3.2.9	-	-	-	-	-	-	-	-	-	-	-	-
KGVETS-2019-01-1759	SHV-1	-	Gene presence detected	penicillin beta-lactam	KGVETS-2019-01-1759__chr	5228346	2646133	2647000	867	0	867	99.54%	100.00%	ARO:3000008	+	Kleborate	3.2.4	CARD	3.2.9	-	-	-	-	-	-	-	-	-	-	-	-
KGVETS-2019-01-1760	SHV-1	-	Gene presence detected	penicillin beta-lactam	KGVETS-2019-01-1760__chr	5257891	2646231	2647098	867	0	867	99.54%	100.00%	ARO:3000008	+	Kleborate	3.2.4	CARD	3.2.9	-	-	-	-	-	-	-	-	-	-	-	-
KGVETS-2019-01-1761	SHV-168	-	Gene presence detected	penicillin beta-lactam	KGVETS-2019-01-1761__chr	5420965	2653397	2654258	861	0	861	99.88%	100.00%	ARO:3000008	+	Kleborate	3.2.4	CARD	3.2.9	-	-	-	-	-	-	-	-	-	-	-	-
KGVETS-2019-01-1806	SHV-11	-	Gene presence detected	penicillin beta-lactam	KGVETS-2019-01-1806__chr	5366405	2812025	2812886	861	0	861	99.88%	100.00%	ARO:3000008	+	Kleborate	3.2.4	CARD	3.2.9	-	-	-	-	-	-	-	-	-	-	-	-
KGVETS-2019-01-1806	SHV	p.Leu35Gln	Protein variant detected	penicillin beta-lactam	KGVETS-2019-01-1806__chr	5366405	2812025	2812886	861	0	861	99.88%	100.00%	ARO:3000008	+	Kleborate	3.2.4	CARD	3.2.9	-	-	-	-	-	-	-	-	-	-	-	-
KGVETS-2019-01-1844	SHV-1	-	Gene presence detected	penicillin beta-lactam	KGVETS-2019-01-1844__chr	5378252	2706369	2707230	861	0	861	100.00%	100.00%	ARO:3000008	+	Kleborate	3.2.4	CARD	3.2.9	-	-	-	-	-	-	-	-	-	-	-	-
KGVETS-2019-01-1961	strB.v1	-	Gene presence detected	aminoglycoside antibiotic	KGVETS-2019-01-1961__pl_3	33148	23061	23898	837	0	837	100.00%	100.00%	ARO:0000016	+	Kleborate	3.2.4	CARD	3.2.9	-	-	-	-	-	-	-	-	-	-	-	-
KGVETS-2019-01-1961	strA.v1	-	Gene presence detected	aminoglycoside antibiotic	KGVETS-2019-01-1961__pl_3	33148	22258	23062	804	0	804	100.00%	100.00%	ARO:0000016	+	Kleborate	3.2.4	CARD	3.2.9	-	-	-	-	-	-	-	-	-	-	-	-
KGVETS-2019-01-1961	SHV-1	-	Gene presence detected	penicillin beta-lactam	KGVETS-2019-01-1961__chr	5247455	2656182	2657043	861	0	861	99.77%	100.00%	ARO:3000008	+	Kleborate	3.2.4	CARD	3.2.9	-	-	-	-	-	-	-	-	-	-	-	-
KGVETS-2019-01-2116	LEN-13	-	Gene presence detected	penicillin beta-lactam	KGVETS-2019-01-2116__chr	5571553	2803786	2804647	861	0	861	99.88%	100.00%	ARO:3000008	+	Kleborate	3.2.4	CARD	3.2.9	-	-	-	-	-	-	-	-	-	-	-	-
KGVETS-2019-01-2116	OmpK36	p.Ala183fs	Inactivating mutation detected	-	KGVETS-2019-01-2116__chr	5571553	1582104	1583196	1104	0	1104	94.57%	98.91%	-	+	Kleborate	3.2.4	CARD	3.2.9	-	-	-	-	-	-	-	-	-	-	-	-
KGVETS-2019-01-2201	SHV-11	-	Gene presence detected	penicillin beta-lactam	KGVETS-2019-01-2201__chr	5423540	2741426	2742287	861	0	861	99.77%	100.00%	ARO:3000008	+	Kleborate	3.2.4	CARD	3.2.9	-	-	-	-	-	-	-	-	-	-	-	-
KGVETS-2019-01-2201	SHV	p.Leu35Gln	Protein variant detected	penicillin beta-lactam	KGVETS-2019-01-2201__chr	5423540	2741426	2742287	861	0	861	99.77%	100.00%	ARO:3000008	+	Kleborate	3.2.4	CARD	3.2.9	-	-	-	-	-	-	-	-	-	-	-	-
KGVETS-2019-01-2303	OKP-B-2	-	Gene presence detected	penicillin beta-lactam	KGVETS-2019-01-2303__chr	5222258	2668754	2669615	861	0	861	100.00%	100.00%	ARO:3000008	+	Kleborate	3.2.4	CARD	3.2.9	-	-	-	-	-	-	-	-	-	-	-	-
KGVETS-2019-01-2303	OmpK36	p.Ala183fs	Inactivating mutation detected	-	KGVETS-2019-01-2303__chr	5222258	1550726	1551818	1104	0	1104	95.47%	98.91%	-	+	Kleborate	3.2.4	CARD	3.2.9	-	-	-	-	-	-	-	-	-	-	-	-
KGVETS-2019-01-2870	strB.v1	-	Gene presence detected	aminoglycoside antibiotic	KGVETS-2019-01-2870__pl_2	232019	75943	76780	837	0	837	100.00%	100.00%	ARO:0000016	+	Kleborate	3.2.4	CARD	3.2.9	-	-	-	-	-	-	-	-	-	-	-	-
KGVETS-2019-01-2870	strA.v1	-	Gene presence detected	aminoglycoside antibiotic	KGVETS-2019-01-2870__pl_2	232019	75140	75944	804	0	804	100.00%	100.00%	ARO:0000016	+	Kleborate	3.2.4	CARD	3.2.9	-	-	-	-	-	-	-	-	-	-	-	-
KGVETS-2019-01-2870	SHV-11	-	Gene presence detected	penicillin beta-lactam	KGVETS-2019-01-2870__chr	5172574	2631887	2632748	861	0	861	99.88%	100.00%	ARO:3000008	+	Kleborate	3.2.4	CARD	3.2.9	-	-	-	-	-	-	-	-	-	-	-	-
KGVETS-2019-01-2870	SHV	p.Leu35Gln	Protein variant detected	penicillin beta-lactam	KGVETS-2019-01-2870__chr	5172574	2631887	2632748	861	0	861	99.88%	100.00%	ARO:3000008	+	Kleborate	3.2.4	CARD	3.2.9	-	-	-	-	-	-	-	-	-	-	-	-
KGVETS-2019-01-2871	SHV-1	-	Gene presence detected	penicillin beta-lactam	KGVETS-2019-01-2871__chr	5148545	2573969	2574830	861	0	861	99.88%	100.00%	ARO:3000008	+	Kleborate	3.2.4	CARD	3.2.9	-	-	-	-	-	-	-	-	-	-	-	-
KGVETS-2019-01-3127	SHV-52	-	Gene presence detected	penicillin beta-lactam + beta-lactamase inhibitor	KGVETS-2019-01-3127__chr	5201600	2665449	2666310	861	0	861	100.00%	100.00%	ARO:3000008	+	Kleborate	3.2.4	CARD	3.2.9	-	-	-	-	-	-	-	-	-	-	-	-
KGVETS-2019-01-3127	fosA7.5	-	Gene presence detected	phosphonic acid antibiotic	KGVETS-2019-01-3127__chr	5201600	4559551	4559829	423	144	423	93.57%	65.96%	ARO:3007149	-	Kleborate	3.2.4	CARD	3.2.9	-	-	-	-	-	-	-	-	-	-	-	-
KGVETS-2019-01-3127	SHV	p.Leu35Gln	Protein variant detected	penicillin beta-lactam	KGVETS-2019-01-3127__chr	5201600	2665449	2666310	861	0	861	100.00%	100.00%	ARO:3000008	+	Kleborate	3.2.4	CARD	3.2.9	-	-	-	-	-	-	-	-	-	-	-	-
KGVETS-2019-01-3127	SHV	p.Met69Ile	Protein variant detected	penicillin beta-lactam	KGVETS-2019-01-3127__chr	5201600	2665449	2666310	861	0	861	100.00%	100.00%	ARO:3000008	+	Kleborate	3.2.4	CARD	3.2.9	-	-	-	-	-	-	-	-	-	-	-	-
KGVETS-2019-01-3158	LEN-9	-	Gene presence detected	penicillin beta-lactam	KGVETS-2019-01-3158__chr	5412914	2757150	2758011	861	0	861	100.00%	100.00%	ARO:3000008	+	Kleborate	3.2.4	CARD	3.2.9	-	-	-	-	-	-	-	-	-	-	-	-
KGVETS-2019-01-3158	OmpK36	p.Ala183fs	Inactivating mutation detected	-	KGVETS-2019-01-3158__chr	5412914	1549037	1550129	1104	0	1104	94.66%	98.91%	-	+	Kleborate	3.2.4	CARD	3.2.9	-	-	-	-	-	-	-	-	-	-	-	-
KGVETS-2019-01-3162	SHV-1	-	Gene presence detected	penicillin beta-lactam	KGVETS-2019-01-3162__chr	5240090	2681871	2682732	861	0	861	100.00%	100.00%	ARO:3000008	+	Kleborate	3.2.4	CARD	3.2.9	-	-	-	-	-	-	-	-	-	-	-	-
KGVETS-2019-01-3185	SHV-1	-	Gene presence detected	penicillin beta-lactam	KGVETS-2019-01-3185__chr	5336402	2682626	2683487	861	0	861	99.77%	100.00%	ARO:3000008	+	Kleborate	3.2.4	CARD	3.2.9	-	-	-	-	-	-	-	-	-	-	-	-
KGVETS-2019-01-3187	SHV-11	-	Gene presence detected	penicillin beta-lactam	KGVETS-2019-01-3187__chr	5304093	2695843	2696704	861	0	861	99.88%	100.00%	ARO:3000008	+	Kleborate	3.2.4	CARD	3.2.9	-	-	-	-	-	-	-	-	-	-	-	-
KGVETS-2019-01-3187	SHV	p.Leu35Gln	Protein variant detected	penicillin beta-lactam	KGVETS-2019-01-3187__chr	5304093	2695843	2696704	861	0	861	99.88%	100.00%	ARO:3000008	+	Kleborate	3.2.4	CARD	3.2.9	-	-	-	-	-	-	-	-	-	-	-	-
KGVETS-2019-01-326	SHV-33	-	Gene presence detected	penicillin beta-lactam	KGVETS-2019-01-326__chr	5228899	2678671	2679532	861	0	861	100.00%	100.00%	ARO:3000008	+	Kleborate	3.2.4	CARD	3.2.9	-	-	-	-	-	-	-	-	-	-	-	-
KGVETS-2019-01-376	SHV-11	-	Gene presence detected	penicillin beta-lactam	KGVETS-2019-01-376__chr	5348407	2747879	2748740	861	0	861	99.88%	100.00%	ARO:3000008	+	Kleborate	3.2.4	CARD	3.2.9	-	-	-	-	-	-	-	-	-	-	-	-
KGVETS-2019-01-376	SHV	p.Leu35Gln	Protein variant detected	penicillin beta-lactam	KGVETS-2019-01-376__chr	5348407	2747879	2748740	861	0	861	99.88%	100.00%	ARO:3000008	+	Kleborate	3.2.4	CARD	3.2.9	-	-	-	-	-	-	-	-	-	-	-	-
KGVETS-2019-01-3793	SHV-27	-	Gene presence detected	penicillin beta-lactam	KGVETS-2019-01-3793__chr	5318074	2719349	2720210	861	0	861	100.00%	100.00%	ARO:3000008	+	Kleborate	3.2.4	CARD	3.2.9	-	-	-	-	-	-	-	-	-	-	-	-
KGVETS-2019-01-3793	SHV	p.Gly156Asp	Protein variant detected	penicillin beta-lactam	KGVETS-2019-01-3793__chr	5318074	2719349	2720210	861	0	861	100.00%	100.00%	ARO:3000008	+	Kleborate	3.2.4	CARD	3.2.9	-	-	-	-	-	-	-	-	-	-	-	-
KGVETS-2019-01-4118	SHV-1	-	Gene presence detected	penicillin beta-lactam	KGVETS-2019-01-4118__chr	5199032	2630061	2630922	861	0	861	99.88%	100.00%	ARO:3000008	+	Kleborate	3.2.4	CARD	3.2.9	-	-	-	-	-	-	-	-	-	-	-	-
KGVETS-2019-01-4380	SHV-116	-	Gene presence detected	penicillin beta-lactam	KGVETS-2019-01-4380__chr	5311047	2728698	2729559	861	0	861	99.54%	100.00%	ARO:3000008	+	Kleborate	3.2.4	CARD	3.2.9	-	-	-	-	-	-	-	-	-	-	-	-
KGVETS-2019-01-4407	SHV-11	-	Gene presence detected	penicillin beta-lactam	KGVETS-2019-01-4407__chr	5261907	2686315	2687176	861	0	861	99.88%	100.00%	ARO:3000008	+	Kleborate	3.2.4	CARD	3.2.9	-	-	-	-	-	-	-	-	-	-	-	-
KGVETS-2019-01-4407	SHV	p.Leu35Gln	Protein variant detected	penicillin beta-lactam	KGVETS-2019-01-4407__chr	5261907	2686315	2687176	861	0	861	99.88%	100.00%	ARO:3000008	+	Kleborate	3.2.4	CARD	3.2.9	-	-	-	-	-	-	-	-	-	-	-	-
KGVETS-2019-01-4548	SHV-11	-	Gene presence detected	penicillin beta-lactam	KGVETS-2019-01-4548__chr	5269972	2682161	2683022	861	0	861	99.88%	100.00%	ARO:3000008	+	Kleborate	3.2.4	CARD	3.2.9	-	-	-	-	-	-	-	-	-	-	-	-
KGVETS-2019-01-4548	SHV	p.Leu35Gln	Protein variant detected	penicillin beta-lactam	KGVETS-2019-01-4548__chr	5269972	2682161	2683022	861	0	861	99.88%	100.00%	ARO:3000008	+	Kleborate	3.2.4	CARD	3.2.9	-	-	-	-	-	-	-	-	-	-	-	-
KGVETS-2019-01-4637	SHV-11	-	Gene presence detected	penicillin beta-lactam	KGVETS-2019-01-4637__chr	5353997	2711565	2712426	861	0	861	99.77%	100.00%	ARO:3000008	+	Kleborate	3.2.4	CARD	3.2.9	-	-	-	-	-	-	-	-	-	-	-	-
KGVETS-2019-01-4637	fosA7	-	Gene presence detected	phosphonic acid antibiotic	KGVETS-2019-01-4637__chr	5353997	4711564	4711987	423	0	423	90.78%	100.00%	ARO:3007149	-	Kleborate	3.2.4	CARD	3.2.9	-	-	-	-	-	-	-	-	-	-	-	-
KGVETS-2019-01-4637	SHV	p.Leu35Gln	Protein variant detected	penicillin beta-lactam	KGVETS-2019-01-4637__chr	5353997	2711565	2712426	861	0	861	99.77%	100.00%	ARO:3000008	+	Kleborate	3.2.4	CARD	3.2.9	-	-	-	-	-	-	-	-	-	-	-	-
KGVETS-2019-01-4639	SHV-196	-	Gene presence detected	penicillin beta-lactam	KGVETS-2019-01-4639__chr	5250843	2668814	2669675	861	0	861	100.00%	100.00%	ARO:3000008	+	Kleborate	3.2.4	CARD	3.2.9	-	-	-	-	-	-	-	-	-	-	-	-
KGVETS-2019-01-476	SHV-11	-	Gene presence detected	penicillin beta-lactam	KGVETS-2019-01-476__chr	5377605	2789396	2790257	861	0	861	99.77%	100.00%	ARO:3000008	+	Kleborate	3.2.4	CARD	3.2.9	-	-	-	-	-	-	-	-	-	-	-	-
KGVETS-2019-01-476	SHV	p.Leu35Gln	Protein variant detected	penicillin beta-lactam	KGVETS-2019-01-476__chr	5377605	2789396	2790257	861	0	861	99.77%	100.00%	ARO:3000008	+	Kleborate	3.2.4	CARD	3.2.9	-	-	-	-	-	-	-	-	-	-	-	-
KGVETS-2019-01-4848	SHV-11	-	Gene presence detected	penicillin beta-lactam	KGVETS-2019-01-4848__chr	5269972	2682161	2683022	861	0	861	99.88%	100.00%	ARO:3000008	+	Kleborate	3.2.4	CARD	3.2.9	-	-	-	-	-	-	-	-	-	-	-	-
KGVETS-2019-01-4848	SHV	p.Leu35Gln	Protein variant detected	penicillin beta-lactam	KGVETS-2019-01-4848__chr	5269972	2682161	2683022	861	0	861	99.88%	100.00%	ARO:3000008	+	Kleborate	3.2.4	CARD	3.2.9	-	-	-	-	-	-	-	-	-	-	-	-
KGVETS-2019-01-4908	SHV-11	-	Gene presence detected	penicillin beta-lactam	KGVETS-2019-01-4908__chr	5215663	2649013	2649874	861	0	861	99.88%	100.00%	ARO:3000008	+	Kleborate	3.2.4	CARD	3.2.9	-	-	-	-	-	-	-	-	-	-	-	-
KGVETS-2019-01-4908	fosA7	-	Gene presence detected	phosphonic acid antibiotic	KGVETS-2019-01-4908__chr	5215663	4581541	4581767	423	197	423	95.13%	53.43%	ARO:3007149	-	Kleborate	3.2.4	CARD	3.2.9	-	-	-	-	-	-	-	-	-	-	-	-
KGVETS-2019-01-4908	SHV	p.Leu35Gln	Protein variant detected	penicillin beta-lactam	KGVETS-2019-01-4908__chr	5215663	2649013	2649874	861	0	861	99.88%	100.00%	ARO:3000008	+	Kleborate	3.2.4	CARD	3.2.9	-	-	-	-	-	-	-	-	-	-	-	-
KGVETS-2019-01-4937	strB.v1	-	Gene presence detected	aminoglycoside antibiotic	KGVETS-2019-01-4937__pl_2	109914	80255	81092	837	0	837	100.00%	100.00%	ARO:0000016	+	Kleborate	3.2.4	CARD	3.2.9	-	-	-	-	-	-	-	-	-	-	-	-
KGVETS-2019-01-4937	strA.v1	-	Gene presence detected	aminoglycoside antibiotic	KGVETS-2019-01-4937__pl_2	109914	79452	80256	804	0	804	100.00%	100.00%	ARO:0000016	+	Kleborate	3.2.4	CARD	3.2.9	-	-	-	-	-	-	-	-	-	-	-	-
KGVETS-2019-01-4937	tet(B).v2	-	Gene presence detected	Tetracycline antibiotic	KGVETS-2019-01-4937__pl_2	109914	72662	73868	1206	0	1206	99.75%	100.00%	ARO:3000050	-	Kleborate	3.2.4	CARD	3.2.9	-	-	-	-	-	-	-	-	-	-	-	-
KGVETS-2019-01-4937	tetR	-	Gene presence detected	Tetracycline antibiotic	KGVETS-2019-01-4937__pl_2	109914	73946	74573	627	0	627	100.00%	100.00%	ARO:3000050	+	Kleborate	3.2.4	CARD	3.2.9	-	-	-	-	-	-	-	-	-	-	-	-
KGVETS-2019-01-4937	SHV-11	-	Gene presence detected	penicillin beta-lactam	KGVETS-2019-01-4937__chr	5219391	2652831	2653692	861	0	861	99.88%	100.00%	ARO:3000008	+	Kleborate	3.2.4	CARD	3.2.9	-	-	-	-	-	-	-	-	-	-	-	-
KGVETS-2019-01-4937	SHV	p.Leu35Gln	Protein variant detected	penicillin beta-lactam	KGVETS-2019-01-4937__chr	5219391	2652831	2653692	861	0	861	99.88%	100.00%	ARO:3000008	+	Kleborate	3.2.4	CARD	3.2.9	-	-	-	-	-	-	-	-	-	-	-	-
KGVETS-2019-01-5108	SHV-11	-	Gene presence detected	penicillin beta-lactam	KGVETS-2019-01-5108__chr	5190342	2675837	2676698	861	0	861	99.88%	100.00%	ARO:3000008	+	Kleborate	3.2.4	CARD	3.2.9	-	-	-	-	-	-	-	-	-	-	-	-
KGVETS-2019-01-5108	SHV	p.Leu35Gln	Protein variant detected	penicillin beta-lactam	KGVETS-2019-01-5108__chr	5190342	2675837	2676698	861	0	861	99.88%	100.00%	ARO:3000008	+	Kleborate	3.2.4	CARD	3.2.9	-	-	-	-	-	-	-	-	-	-	-	-
KGVETS-2019-01-587	SHV-1	-	Gene presence detected	penicillin beta-lactam	KGVETS-2019-01-587__chr	5241878	2695168	2696029	861	0	861	99.88%	100.00%	ARO:3000008	+	Kleborate	3.2.4	CARD	3.2.9	-	-	-	-	-	-	-	-	-	-	-	-
KGVETS-2019-01-604	SHV-11	-	Gene presence detected	penicillin beta-lactam	KGVETS-2019-01-604__chr	5258435	2676124	2676985	861	0	861	99.88%	100.00%	ARO:3000008	+	Kleborate	3.2.4	CARD	3.2.9	-	-	-	-	-	-	-	-	-	-	-	-
KGVETS-2019-01-604	SHV	p.Leu35Gln	Protein variant detected	penicillin beta-lactam	KGVETS-2019-01-604__chr	5258435	2676124	2676985	861	0	861	99.88%	100.00%	ARO:3000008	+	Kleborate	3.2.4	CARD	3.2.9	-	-	-	-	-	-	-	-	-	-	-	-
KGVETS-2019-01-897	SHV-27	-	Gene presence detected	penicillin beta-lactam	KGVETS-2019-01-897__chr	5252719	2636491	2637352	861	0	861	100.00%	100.00%	ARO:3000008	+	Kleborate	3.2.4	CARD	3.2.9	-	-	-	-	-	-	-	-	-	-	-	-
KGVETS-2019-01-897	SHV	p.Gly156Asp	Protein variant detected	penicillin beta-lactam	KGVETS-2019-01-897__chr	5252719	2636491	2637352	861	0	861	100.00%	100.00%	ARO:3000008	+	Kleborate	3.2.4	CARD	3.2.9	-	-	-	-	-	-	-	-	-	-	-	-
KGVETS-2019-01-901	SHV-1	-	Gene presence detected	penicillin beta-lactam	KGVETS-2019-01-901__chr	5190271	2639610	2640471	861	0	861	99.77%	100.00%	ARO:3000008	+	Kleborate	3.2.4	CARD	3.2.9	-	-	-	-	-	-	-	-	-	-	-	-
KGVETS-2019-01-902	SHV-1	-	Gene presence detected	penicillin beta-lactam	KGVETS-2019-01-902__chr	5422152	2741561	2742422	861	0	861	100.00%	100.00%	ARO:3000008	+	Kleborate	3.2.4	CARD	3.2.9	-	-	-	-	-	-	-	-	-	-	-	-
KP_NORM_BLD_1032	aadA	-	Gene presence detected	aminoglycoside antibiotic	KP_NORM_BLD_1032__pl_1	204396	42108	43076	972	0	972	99.59%	100.00%	ARO:0000016	-	Kleborate	3.2.4	CARD	3.2.9	-	-	-	-	-	-	-	-	-	-	-	-
KP_NORM_BLD_1032	sul1	-	Gene presence detected	sulfonamide antibiotic	KP_NORM_BLD_1032__pl_1	204396	40764	41604	840	0	840	100.00%	100.00%	ARO:3000282	-	Kleborate	3.2.4	CARD	3.2.9	-	-	-	-	-	-	-	-	-	-	-	-
KP_NORM_BLD_1032	SHV-75	-	Gene presence detected	penicillin beta-lactam	KP_NORM_BLD_1032__chr	5470676	2416753	2417614	861	0	861	100.00%	100.00%	ARO:3000008	-	Kleborate	3.2.4	CARD	3.2.9	-	-	-	-	-	-	-	-	-	-	-	-
KP_NORM_BLD_1032	GyrA	p.Asp87Tyr	Protein variant detected	fluoroquinolone antibiotic	KP_NORM_BLD_1032__chr	5470676	1677448	1677808	360	0	360	99.72%	100.00%	ARO:0000001	+	Kleborate	3.2.4	CARD	3.2.9	-	-	-	-	-	-	-	-	-	-	-	-
KP_NORM_BLD_110772	strB.v1	-	Gene presence detected	aminoglycoside antibiotic	KP_NORM_BLD_110772__pl_1	129565	9012	9849	837	0	837	100.00%	100.00%	ARO:0000016	-	Kleborate	3.2.4	CARD	3.2.9	-	-	-	-	-	-	-	-	-	-	-	-
KP_NORM_BLD_110772	strA.v1	-	Gene presence detected	aminoglycoside antibiotic	KP_NORM_BLD_110772__pl_1	129565	9848	10652	804	0	804	100.00%	100.00%	ARO:0000016	-	Kleborate	3.2.4	CARD	3.2.9	-	-	-	-	-	-	-	-	-	-	-	-
KP_NORM_BLD_110772	tet(B).v2	-	Gene presence detected	Tetracycline antibiotic	KP_NORM_BLD_110772__pl_1	129565	16236	17442	1206	0	1206	99.75%	100.00%	ARO:3000050	+	Kleborate	3.2.4	CARD	3.2.9	-	-	-	-	-	-	-	-	-	-	-	-
KP_NORM_BLD_110772	tetR	-	Gene presence detected	Tetracycline antibiotic	KP_NORM_BLD_110772__pl_1	129565	15531	16158	627	0	627	100.00%	100.00%	ARO:3000050	-	Kleborate	3.2.4	CARD	3.2.9	-	-	-	-	-	-	-	-	-	-	-	-
KP_NORM_BLD_110772	SHV-1	-	Gene presence detected	penicillin beta-lactam	KP_NORM_BLD_110772__chr	5282656	2692580	2693441	861	0	861	100.00%	100.00%	ARO:3000008	+	Kleborate	3.2.4	CARD	3.2.9	-	-	-	-	-	-	-	-	-	-	-	-
KP_NORM_BLD_111588	strB.v1	-	Gene presence detected	aminoglycoside antibiotic	KP_NORM_BLD_111588__pl_1	181661	115205	116042	837	0	837	100.00%	100.00%	ARO:0000016	-	Kleborate	3.2.4	CARD	3.2.9	-	-	-	-	-	-	-	-	-	-	-	-
KP_NORM_BLD_111588	strA.v1	-	Gene presence detected	aminoglycoside antibiotic	KP_NORM_BLD_111588__pl_1	181661	116041	116845	804	0	804	99.88%	100.00%	ARO:0000016	-	Kleborate	3.2.4	CARD	3.2.9	-	-	-	-	-	-	-	-	-	-	-	-
KP_NORM_BLD_111588	sul2	-	Gene presence detected	sulfonamide antibiotic	KP_NORM_BLD_111588__pl_1	181661	116905	117721	816	0	816	100.00%	100.00%	ARO:3000282	-	Kleborate	3.2.4	CARD	3.2.9	-	-	-	-	-	-	-	-	-	-	-	-
KP_NORM_BLD_111588	tet(D)	-	Gene presence detected	Tetracycline antibiotic	KP_NORM_BLD_111588__pl_1	181661	107187	108372	1185	0	1185	100.00%	100.00%	ARO:3000050	-	Kleborate	3.2.4	CARD	3.2.9	-	-	-	-	-	-	-	-	-	-	-	-
KP_NORM_BLD_111588	dfrA14.v2	-	Gene presence detected	Diaminopyrimidine antibiotic	KP_NORM_BLD_111588__pl_1	181661	98333	98816	483	0	483	99.79%	100.00%	ARO:3000171	+	Kleborate	3.2.4	CARD	3.2.9	-	-	-	-	-	-	-	-	-	-	-	-
KP_NORM_BLD_111588	SHV-11	-	Gene presence detected	penicillin beta-lactam	KP_NORM_BLD_111588__chr	5265303	2714058	2714919	861	0	861	99.88%	100.00%	ARO:3000008	-	Kleborate	3.2.4	CARD	3.2.9	-	-	-	-	-	-	-	-	-	-	-	-
KP_NORM_BLD_111588	SHV	p.Leu35Gln	Protein variant detected	penicillin beta-lactam	KP_NORM_BLD_111588__chr	5265303	2714058	2714919	861	0	861	99.88%	100.00%	ARO:3000008	-	Kleborate	3.2.4	CARD	3.2.9	-	-	-	-	-	-	-	-	-	-	-	-
KP_NORM_BLD_111598	LEN-2	-	Gene presence detected	penicillin beta-lactam	KP_NORM_BLD_111598__chr	5426082	2710961	2711822	861	0	861	99.77%	100.00%	ARO:3000008	+	Kleborate	3.2.4	CARD	3.2.9	-	-	-	-	-	-	-	-	-	-	-	-
KP_NORM_BLD_112590	SHV-26	-	Gene presence detected	penicillin beta-lactam	KP_NORM_BLD_112590__chr	5208626	2732508	2733369	861	0	861	100.00%	100.00%	ARO:3000008	+	Kleborate	3.2.4	CARD	3.2.9	-	-	-	-	-	-	-	-	-	-	-	-
KP_NORM_BLD_112596	SHV-52	-	Gene presence detected	penicillin beta-lactam + beta-lactamase inhibitor	KP_NORM_BLD_112596__chr	5216146	2658613	2659474	861	0	861	100.00%	100.00%	ARO:3000008	+	Kleborate	3.2.4	CARD	3.2.9	-	-	-	-	-	-	-	-	-	-	-	-
KP_NORM_BLD_112596	fosA7.5	-	Gene presence detected	phosphonic acid antibiotic	KP_NORM_BLD_112596__chr	5216146	4574382	4574660	423	144	423	93.57%	65.96%	ARO:3007149	-	Kleborate	3.2.4	CARD	3.2.9	-	-	-	-	-	-	-	-	-	-	-	-
KP_NORM_BLD_112596	SHV	p.Leu35Gln	Protein variant detected	penicillin beta-lactam	KP_NORM_BLD_112596__chr	5216146	2658613	2659474	861	0	861	100.00%	100.00%	ARO:3000008	+	Kleborate	3.2.4	CARD	3.2.9	-	-	-	-	-	-	-	-	-	-	-	-
KP_NORM_BLD_112596	SHV	p.Met69Ile	Protein variant detected	penicillin beta-lactam	KP_NORM_BLD_112596__chr	5216146	2658613	2659474	861	0	861	100.00%	100.00%	ARO:3000008	+	Kleborate	3.2.4	CARD	3.2.9	-	-	-	-	-	-	-	-	-	-	-	-
KP_NORM_BLD_112603	SHV-1	-	Gene presence detected	penicillin beta-lactam	KP_NORM_BLD_112603__chr	5385730	2674835	2675696	861	0	861	99.88%	100.00%	ARO:3000008	-	Kleborate	3.2.4	CARD	3.2.9	-	-	-	-	-	-	-	-	-	-	-	-
KP_NORM_BLD_112904	SHV-36	-	Gene presence detected	penicillin beta-lactam	KP_NORM_BLD_112904__chr	5289121	2761530	2762391	861	0	861	100.00%	100.00%	ARO:3000008	+	Kleborate	3.2.4	CARD	3.2.9	-	-	-	-	-	-	-	-	-	-	-	-
KP_NORM_BLD_112904	SHV	p.Leu35Gln	Protein variant detected	penicillin beta-lactam	KP_NORM_BLD_112904__chr	5289121	2761530	2762391	861	0	861	100.00%	100.00%	ARO:3000008	+	Kleborate	3.2.4	CARD	3.2.9	-	-	-	-	-	-	-	-	-	-	-	-
KP_NORM_BLD_112904	GyrA	p.Asp87His	Protein variant detected	fluoroquinolone antibiotic	KP_NORM_BLD_112904__chr	5289121	1526033	1526393	360	0	360	99.72%	100.00%	ARO:0000001	+	Kleborate	3.2.4	CARD	3.2.9	-	-	-	-	-	-	-	-	-	-	-	-
KP_NORM_BLD_112908	SHV-1	-	Gene presence detected	penicillin beta-lactam	KP_NORM_BLD_112908__chr	5331064	2517767	2518628	861	0	861	99.88%	100.00%	ARO:3000008	-	Kleborate	3.2.4	CARD	3.2.9	-	-	-	-	-	-	-	-	-	-	-	-
KP_NORM_BLD_112911	LEN-13	-	Gene presence detected	penicillin beta-lactam	KP_NORM_BLD_112911__chr	5542550	2841670	2842531	861	0	861	100.00%	100.00%	ARO:3000008	+	Kleborate	3.2.4	CARD	3.2.9	-	-	-	-	-	-	-	-	-	-	-	-
KP_NORM_BLD_112911	OmpK36	p.Ala183fs	Inactivating mutation detected	-	KP_NORM_BLD_112911__chr	5542550	1621522	1622614	1104	0	1104	94.75%	98.91%	-	+	Kleborate	3.2.4	CARD	3.2.9	-	-	-	-	-	-	-	-	-	-	-	-
KP_NORM_BLD_112916	SHV-108	-	Gene presence detected	penicillin beta-lactam	KP_NORM_BLD_112916__chr	5308023	2726515	2727376	861	0	861	100.00%	100.00%	ARO:3000008	+	Kleborate	3.2.4	CARD	3.2.9	-	-	-	-	-	-	-	-	-	-	-	-
KP_NORM_BLD_112916	SHV	p.Leu35Gln	Protein variant detected	penicillin beta-lactam	KP_NORM_BLD_112916__chr	5308023	2726515	2727376	861	0	861	100.00%	100.00%	ARO:3000008	+	Kleborate	3.2.4	CARD	3.2.9	-	-	-	-	-	-	-	-	-	-	-	-
KP_NORM_BLD_112922	SHV-26	-	Gene presence detected	penicillin beta-lactam	KP_NORM_BLD_112922__chr	5191172	2656938	2657799	861	0	861	100.00%	100.00%	ARO:3000008	+	Kleborate	3.2.4	CARD	3.2.9	-	-	-	-	-	-	-	-	-	-	-	-
KP_NORM_BLD_112925	SHV-28	-	Gene presence detected	penicillin beta-lactam	KP_NORM_BLD_112925__chr	5296984	2810033	2810894	861	0	861	99.77%	100.00%	ARO:3000008	+	Kleborate	3.2.4	CARD	3.2.9	-	-	-	-	-	-	-	-	-	-	-	-
KP_NORM_BLD_112925	fosA7	-	Gene presence detected	phosphonic acid antibiotic	KP_NORM_BLD_112925__chr	5296984	4665956	4666182	423	197	423	95.13%	53.43%	ARO:3007149	-	Kleborate	3.2.4	CARD	3.2.9	-	-	-	-	-	-	-	-	-	-	-	-
KP_NORM_BLD_113315	SHV-11	-	Gene presence detected	penicillin beta-lactam	KP_NORM_BLD_113315__chr	5471840	2799838	2800699	861	0	861	99.88%	100.00%	ARO:3000008	+	Kleborate	3.2.4	CARD	3.2.9	-	-	-	-	-	-	-	-	-	-	-	-
KP_NORM_BLD_113315	SHV	p.Leu35Gln	Protein variant detected	penicillin beta-lactam	KP_NORM_BLD_113315__chr	5471840	2799838	2800699	861	0	861	99.88%	100.00%	ARO:3000008	+	Kleborate	3.2.4	CARD	3.2.9	-	-	-	-	-	-	-	-	-	-	-	-
KP_NORM_BLD_113321	SHV-187	-	Gene presence detected	penicillin beta-lactam	KP_NORM_BLD_113321__chr	5246005	2625459	2626326	867	0	867	100.00%	100.00%	ARO:3000008	+	Kleborate	3.2.4	CARD	3.2.9	-	-	-	-	-	-	-	-	-	-	-	-
KP_NORM_BLD_113768	LEN-13	-	Gene presence detected	penicillin beta-lactam	KP_NORM_BLD_113768__chr	5631658	2769869	2770730	861	0	861	100.00%	100.00%	ARO:3000008	+	Kleborate	3.2.4	CARD	3.2.9	-	-	-	-	-	-	-	-	-	-	-	-
KP_NORM_BLD_113768	OmpK36	p.Ala183fs	Inactivating mutation detected	-	KP_NORM_BLD_113768__chr	5631658	1531943	1533035	1104	0	1104	94.75%	98.91%	-	+	Kleborate	3.2.4	CARD	3.2.9	-	-	-	-	-	-	-	-	-	-	-	-
KP_NORM_BLD_113888	SHV-11	-	Gene presence detected	penicillin beta-lactam	KP_NORM_BLD_113888__chr	5393244	2749057	2749918	861	0	861	99.88%	100.00%	ARO:3000008	+	Kleborate	3.2.4	CARD	3.2.9	-	-	-	-	-	-	-	-	-	-	-	-
KP_NORM_BLD_113888	SHV	p.Leu35Gln	Protein variant detected	penicillin beta-lactam	KP_NORM_BLD_113888__chr	5393244	2749057	2749918	861	0	861	99.88%	100.00%	ARO:3000008	+	Kleborate	3.2.4	CARD	3.2.9	-	-	-	-	-	-	-	-	-	-	-	-
KP_NORM_BLD_114309	LEN-16	-	Gene presence detected	penicillin beta-lactam	KP_NORM_BLD_114309__chr	5499779	2711818	2712679	861	0	861	99.88%	100.00%	ARO:3000008	+	Kleborate	3.2.4	CARD	3.2.9	-	-	-	-	-	-	-	-	-	-	-	-
KP_NORM_BLD_114309	OmpK36	p.Ala183fs	Inactivating mutation detected	-	KP_NORM_BLD_114309__chr	5499779	1545017	1546109	1104	0	1104	94.75%	98.91%	-	+	Kleborate	3.2.4	CARD	3.2.9	-	-	-	-	-	-	-	-	-	-	-	-
KP_NORM_BLD_114453	LEN-16	-	Gene presence detected	penicillin beta-lactam	KP_NORM_BLD_114453__chr	5479692	2778554	2779415	861	0	861	99.77%	100.00%	ARO:3000008	+	Kleborate	3.2.4	CARD	3.2.9	-	-	-	-	-	-	-	-	-	-	-	-
KP_NORM_BLD_114453	OmpK36	p.Ala183fs	Inactivating mutation detected	-	KP_NORM_BLD_114453__chr	5479692	1505639	1506731	1104	0	1104	94.75%	98.91%	-	+	Kleborate	3.2.4	CARD	3.2.9	-	-	-	-	-	-	-	-	-	-	-	-
KP_NORM_BLD_114458	aac(3)-IId	-	Gene presence detected	aminoglycoside antibiotic	KP_NORM_BLD_114458__pl_2	61116	39926	40787	861	0	861	99.88%	100.00%	ARO:0000016	+	Kleborate	3.2.4	CARD	3.2.9	-	-	-	-	-	-	-	-	-	-	-	-
KP_NORM_BLD_114458	strB.v1	-	Gene presence detected	aminoglycoside antibiotic	KP_NORM_BLD_114458__pl_2	61116	3371	4208	837	0	837	100.00%	100.00%	ARO:0000016	+	Kleborate	3.2.4	CARD	3.2.9	-	-	-	-	-	-	-	-	-	-	-	-
KP_NORM_BLD_114458	aph3-Ia.v1	-	Gene presence detected	aminoglycoside antibiotic	KP_NORM_BLD_114458__pl_1	191396	81135	81951	816	0	816	99.88%	100.00%	ARO:0000016	+	Kleborate	3.2.4	CARD	3.2.9	-	-	-	-	-	-	-	-	-	-	-	-
KP_NORM_BLD_114458	strA.v1	-	Gene presence detected	aminoglycoside antibiotic	KP_NORM_BLD_114458__pl_2	61116	2568	3372	804	0	804	99.88%	100.00%	ARO:0000016	+	Kleborate	3.2.4	CARD	3.2.9	-	-	-	-	-	-	-	-	-	-	-	-
KP_NORM_BLD_114458	aadA5	-	Gene presence detected	aminoglycoside antibiotic	KP_NORM_BLD_114458__pl_2	61116	46875	47664	789	0	789	100.00%	100.00%	ARO:0000016	+	Kleborate	3.2.4	CARD	3.2.9	-	-	-	-	-	-	-	-	-	-	-	-
KP_NORM_BLD_114458	Mrx	-	Gene presence detected	Macrolide antibiotic	KP_NORM_BLD_114458__pl_2	61116	8801	10040	1239	0	1239	100.00%	100.00%	ARO:0000000	+	Kleborate	3.2.4	CARD	3.2.9	-	-	-	-	-	-	-	-	-	-	-	-
KP_NORM_BLD_114458	mphA	-	Gene presence detected	Macrolide antibiotic	KP_NORM_BLD_114458__pl_2	61116	7899	8805	906	0	906	100.00%	100.00%	ARO:0000000	+	Kleborate	3.2.4	CARD	3.2.9	-	-	-	-	-	-	-	-	-	-	-	-
KP_NORM_BLD_114458	catII.2	-	Gene presence detected	phenicol antibiotic	KP_NORM_BLD_114458__pl_2	61116	36548	37190	642	0	642	96.11%	100.00%	ARO:3000387	-	Kleborate	3.2.4	CARD	3.2.9	-	-	-	-	-	-	-	-	-	-	-	-
KP_NORM_BLD_114458	sul1	-	Gene presence detected	sulfonamide antibiotic	KP_NORM_BLD_114458__pl_2	61116	48210	49050	840	0	840	100.00%	100.00%	ARO:3000282	+	Kleborate	3.2.4	CARD	3.2.9	-	-	-	-	-	-	-	-	-	-	-	-
KP_NORM_BLD_114458	sul2	-	Gene presence detected	sulfonamide antibiotic	KP_NORM_BLD_114458__pl_2	61116	1692	2508	816	0	816	100.00%	100.00%	ARO:3000282	+	Kleborate	3.2.4	CARD	3.2.9	-	-	-	-	-	-	-	-	-	-	-	-
KP_NORM_BLD_114458	tet(A).v1	-	Gene presence detected	Tetracycline antibiotic	KP_NORM_BLD_114458__pl_2	61116	29564	30839	1275	0	1275	100.00%	100.00%	ARO:3000050	-	Kleborate	3.2.4	CARD	3.2.9	-	-	-	-	-	-	-	-	-	-	-	-
KP_NORM_BLD_114458	dfrA17	-	Gene presence detected	Diaminopyrimidine antibiotic	KP_NORM_BLD_114458__pl_2	61116	46271	46745	474	0	474	100.00%	100.00%	ARO:3000171	+	Kleborate	3.2.4	CARD	3.2.9	-	-	-	-	-	-	-	-	-	-	-	-
KP_NORM_BLD_114458	SHV-28	-	Gene presence detected	penicillin beta-lactam	KP_NORM_BLD_114458__chr	5330791	2777160	2778021	861	0	861	99.88%	100.00%	ARO:3000008	+	Kleborate	3.2.4	CARD	3.2.9	-	-	-	-	-	-	-	-	-	-	-	-
KP_NORM_BLD_114458	GyrA	p.Ser83Ile	Protein variant detected	fluoroquinolone antibiotic	KP_NORM_BLD_114458__chr	5330791	1591157	1591517	360	0	360	99.44%	100.00%	ARO:0000001	+	Kleborate	3.2.4	CARD	3.2.9	-	-	-	-	-	-	-	-	-	-	-	-
KP_NORM_BLD_114458	ParC	p.Ser80Ile	Protein variant detected	fluoroquinolone antibiotic	KP_NORM_BLD_114458__chr	5330791	739334	739694	360	0	360	99.44%	100.00%	ARO:0000001	+	Kleborate	3.2.4	CARD	3.2.9	-	-	-	-	-	-	-	-	-	-	-	-
KP_NORM_BLD_114473	OKP-A-11	-	Gene presence detected	penicillin beta-lactam	KP_NORM_BLD_114473__chr	5187487	2703188	2704049	861	0	861	99.42%	100.00%	ARO:3000008	+	Kleborate	3.2.4	CARD	3.2.9	-	-	-	-	-	-	-	-	-	-	-	-
KP_NORM_BLD_114482	LEN-2	-	Gene presence detected	penicillin beta-lactam	KP_NORM_BLD_114482__chr	5478915	2787223	2788084	861	0	861	99.77%	100.00%	ARO:3000008	+	Kleborate	3.2.4	CARD	3.2.9	-	-	-	-	-	-	-	-	-	-	-	-
KP_NORM_BLD_114482	OmpK36	p.Ala183fs	Inactivating mutation detected	-	KP_NORM_BLD_114482__chr	5478915	1552479	1553571	1104	0	1104	94.57%	98.91%	-	+	Kleborate	3.2.4	CARD	3.2.9	-	-	-	-	-	-	-	-	-	-	-	-
KP_NORM_BLD_114487	tet(A).v1	-	Gene presence detected	Tetracycline antibiotic	KP_NORM_BLD_114487__pl_1	227936	196664	197939	1275	0	1275	100.00%	100.00%	ARO:3000050	+	Kleborate	3.2.4	CARD	3.2.9	-	-	-	-	-	-	-	-	-	-	-	-
KP_NORM_BLD_114487	SHV-1	-	Gene presence detected	penicillin beta-lactam	KP_NORM_BLD_114487__chr	5308597	2723631	2724492	861	0	861	99.88%	100.00%	ARO:3000008	+	Kleborate	3.2.4	CARD	3.2.9	-	-	-	-	-	-	-	-	-	-	-	-
KP_NORM_BLD_114603	SHV-26	-	Gene presence detected	penicillin beta-lactam	KP_NORM_BLD_114603__chr	5073267	2632450	2633311	861	0	861	100.00%	100.00%	ARO:3000008	+	Kleborate	3.2.4	CARD	3.2.9	-	-	-	-	-	-	-	-	-	-	-	-
KP_NORM_BLD_115332	SHV-11	-	Gene presence detected	penicillin beta-lactam	KP_NORM_BLD_115332__chr	5322010	2723333	2724194	861	0	861	99.88%	100.00%	ARO:3000008	+	Kleborate	3.2.4	CARD	3.2.9	-	-	-	-	-	-	-	-	-	-	-	-
KP_NORM_BLD_115332	SHV	p.Leu35Gln	Protein variant detected	penicillin beta-lactam	KP_NORM_BLD_115332__chr	5322010	2723333	2724194	861	0	861	99.88%	100.00%	ARO:3000008	+	Kleborate	3.2.4	CARD	3.2.9	-	-	-	-	-	-	-	-	-	-	-	-
KP_NORM_BLD_115351	SHV-187	-	Gene presence detected	penicillin beta-lactam	KP_NORM_BLD_115351__chr	5361093	2750900	2751767	867	0	867	100.00%	100.00%	ARO:3000008	+	Kleborate	3.2.4	CARD	3.2.9	-	-	-	-	-	-	-	-	-	-	-	-
KP_NORM_BLD_115369	strB.v1	-	Gene presence detected	aminoglycoside antibiotic	KP_NORM_BLD_115369__pl_2	44253	2606	3443	837	0	837	99.88%	100.00%	ARO:0000016	-	Kleborate	3.2.4	CARD	3.2.9	-	-	-	-	-	-	-	-	-	-	-	-
KP_NORM_BLD_115369	strA.v1	-	Gene presence detected	aminoglycoside antibiotic	KP_NORM_BLD_115369__pl_2	44253	3442	4246	804	0	804	99.88%	100.00%	ARO:0000016	-	Kleborate	3.2.4	CARD	3.2.9	-	-	-	-	-	-	-	-	-	-	-	-
KP_NORM_BLD_115369	aadA2	-	Gene presence detected	aminoglycoside antibiotic	KP_NORM_BLD_115369__pl_2	44253	9780	10560	780	0	780	99.87%	100.00%	ARO:0000016	+	Kleborate	3.2.4	CARD	3.2.9	-	-	-	-	-	-	-	-	-	-	-	-
KP_NORM_BLD_115369	qnrS1	-	Gene presence detected	Fluoroquinolone antibiotic	KP_NORM_BLD_115369__pl_2	44253	41502	42159	657	0	657	100.00%	100.00%	ARO:0000001	+	Kleborate	3.2.4	CARD	3.2.9	-	-	-	-	-	-	-	-	-	-	-	-
KP_NORM_BLD_115369	sul2	-	Gene presence detected	sulfonamide antibiotic	KP_NORM_BLD_115369__pl_2	44253	4306	5122	816	0	816	100.00%	100.00%	ARO:3000282	-	Kleborate	3.2.4	CARD	3.2.9	-	-	-	-	-	-	-	-	-	-	-	-
KP_NORM_BLD_115369	sul1	-	Gene presence detected	sulfonamide antibiotic	KP_NORM_BLD_115369__pl_2	44253	11064	11885	840	0	821	100.00%	97.74%	ARO:3000282	+	Kleborate	3.2.4	CARD	3.2.9	-	-	-	-	-	-	-	-	-	-	-	-
KP_NORM_BLD_115369	dfrA12	-	Gene presence detected	Diaminopyrimidine antibiotic	KP_NORM_BLD_115369__pl_2	44253	8863	9361	498	0	498	100.00%	100.00%	ARO:3000171	+	Kleborate	3.2.4	CARD	3.2.9	-	-	-	-	-	-	-	-	-	-	-	-
KP_NORM_BLD_115369	SHV-11	-	Gene presence detected	penicillin beta-lactam	KP_NORM_BLD_115369__chr	5257765	2681033	2681894	861	0	861	99.88%	100.00%	ARO:3000008	+	Kleborate	3.2.4	CARD	3.2.9	-	-	-	-	-	-	-	-	-	-	-	-
KP_NORM_BLD_115369	strB.v1	-	Gene presence detected	aminoglycoside antibiotic	KP_NORM_BLD_115369__pl_2	44253	2606	3443	837	0	837	99.88%	100.00%	ARO:0000016	-	Kleborate	3.2.4	CARD	3.2.9	-	-	-	-	-	-	-	-	-	-	-	-
KP_NORM_BLD_115369	SHV	p.Leu35Gln	Protein variant detected	penicillin beta-lactam	KP_NORM_BLD_115369__chr	5257765	2681033	2681894	861	0	861	99.88%	100.00%	ARO:3000008	+	Kleborate	3.2.4	CARD	3.2.9	-	-	-	-	-	-	-	-	-	-	-	-
KP_NORM_BLD_115706	LEN-16	-	Gene presence detected	penicillin beta-lactam	KP_NORM_BLD_115706__chr	5523301	2777005	2777866	861	0	861	100.00%	100.00%	ARO:3000008	+	Kleborate	3.2.4	CARD	3.2.9	-	-	-	-	-	-	-	-	-	-	-	-
KP_NORM_BLD_115706	OmpK36	p.Ala183fs	Inactivating mutation detected	-	KP_NORM_BLD_115706__chr	5523301	1565041	1566133	1104	0	1104	94.75%	98.91%	-	+	Kleborate	3.2.4	CARD	3.2.9	-	-	-	-	-	-	-	-	-	-	-	-
KP_NORM_BLD_115796	SHV-77	-	Gene presence detected	penicillin beta-lactam	KP_NORM_BLD_115796__chr	5219081	2618382	2619243	861	0	861	99.77%	100.00%	ARO:3000008	+	Kleborate	3.2.4	CARD	3.2.9	-	-	-	-	-	-	-	-	-	-	-	-
KP_NORM_BLD_115796	fosA7	-	Gene presence detected	phosphonic acid antibiotic	KP_NORM_BLD_115796__chr	5219081	4579874	4580100	423	197	423	95.13%	53.43%	ARO:3007149	-	Kleborate	3.2.4	CARD	3.2.9	-	-	-	-	-	-	-	-	-	-	-	-
KP_NORM_BLD_115796	SHV	p.Leu35Gln	Protein variant detected	penicillin beta-lactam	KP_NORM_BLD_115796__chr	5219081	2618382	2619243	861	0	861	99.77%	100.00%	ARO:3000008	+	Kleborate	3.2.4	CARD	3.2.9	-	-	-	-	-	-	-	-	-	-	-	-
KP_NORM_BLD_116239	SHV-11	-	Gene presence detected	penicillin beta-lactam	KP_NORM_BLD_116239__chr	5315962	2701475	2702336	861	0	861	99.88%	100.00%	ARO:3000008	+	Kleborate	3.2.4	CARD	3.2.9	-	-	-	-	-	-	-	-	-	-	-	-
KP_NORM_BLD_116239	SHV	p.Leu35Gln	Protein variant detected	penicillin beta-lactam	KP_NORM_BLD_116239__chr	5315962	2701475	2702336	861	0	861	99.88%	100.00%	ARO:3000008	+	Kleborate	3.2.4	CARD	3.2.9	-	-	-	-	-	-	-	-	-	-	-	-
KP_NORM_BLD_116241	SHV-11	-	Gene presence detected	penicillin beta-lactam	KP_NORM_BLD_116241__chr	5334129	2697433	2698294	861	0	861	99.65%	100.00%	ARO:3000008	+	Kleborate	3.2.4	CARD	3.2.9	-	-	-	-	-	-	-	-	-	-	-	-
KP_NORM_BLD_116241	SHV	p.Leu35Gln	Protein variant detected	penicillin beta-lactam	KP_NORM_BLD_116241__chr	5334129	2697433	2698294	861	0	861	99.65%	100.00%	ARO:3000008	+	Kleborate	3.2.4	CARD	3.2.9	-	-	-	-	-	-	-	-	-	-	-	-
KP_NORM_BLD_116378	SHV-32	-	Gene presence detected	penicillin beta-lactam	KP_NORM_BLD_116378__chr	5215640	3093320	3094181	861	0	861	100.00%	100.00%	ARO:3000008	-	Kleborate	3.2.4	CARD	3.2.9	-	-	-	-	-	-	-	-	-	-	-	-
KP_NORM_BLD_116378	fosA7	-	Gene presence detected	phosphonic acid antibiotic	KP_NORM_BLD_116378__chr	5215640	4581812	4582235	423	0	423	91.02%	100.00%	ARO:3007149	-	Kleborate	3.2.4	CARD	3.2.9	-	-	-	-	-	-	-	-	-	-	-	-
KP_NORM_BLD_116378	SHV	p.Gly156Asp	Protein variant detected	penicillin beta-lactam	KP_NORM_BLD_116378__chr	5215640	3093320	3094181	861	0	861	100.00%	100.00%	ARO:3000008	-	Kleborate	3.2.4	CARD	3.2.9	-	-	-	-	-	-	-	-	-	-	-	-
KP_NORM_BLD_116392	sul1	-	Gene presence detected	sulfonamide antibiotic	KP_NORM_BLD_116392__pl_1	46204	25881	26721	840	0	840	99.88%	100.00%	ARO:3000282	-	Kleborate	3.2.4	CARD	3.2.9	-	-	-	-	-	-	-	-	-	-	-	-
KP_NORM_BLD_116392	tet(A).v1	-	Gene presence detected	Tetracycline antibiotic	KP_NORM_BLD_116392__pl_1	46204	4295	5570	1275	0	1275	99.37%	100.00%	ARO:3000050	-	Kleborate	3.2.4	CARD	3.2.9	-	-	-	-	-	-	-	-	-	-	-	-
KP_NORM_BLD_116392	dfrA25	-	Gene presence detected	Diaminopyrimidine antibiotic	KP_NORM_BLD_116392__pl_1	46204	27245	27704	459	0	459	100.00%	100.00%	ARO:3000171	-	Kleborate	3.2.4	CARD	3.2.9	-	-	-	-	-	-	-	-	-	-	-	-
KP_NORM_BLD_116392	SHV-11	-	Gene presence detected	penicillin beta-lactam	KP_NORM_BLD_116392__chr	5206636	2698991	2699852	861	0	861	99.77%	100.00%	ARO:3000008	+	Kleborate	3.2.4	CARD	3.2.9	-	-	-	-	-	-	-	-	-	-	-	-
KP_NORM_BLD_116392	SHV	p.Leu35Gln	Protein variant detected	penicillin beta-lactam	KP_NORM_BLD_116392__chr	5206636	2698991	2699852	861	0	861	99.77%	100.00%	ARO:3000008	+	Kleborate	3.2.4	CARD	3.2.9	-	-	-	-	-	-	-	-	-	-	-	-
KP_NORM_BLD_116392	GyrA	p.Ser83Ile	Protein variant detected	fluoroquinolone antibiotic	KP_NORM_BLD_116392__chr	5206636	1582694	1583054	360	0	360	99.44%	100.00%	ARO:0000001	+	Kleborate	3.2.4	CARD	3.2.9	-	-	-	-	-	-	-	-	-	-	-	-
KP_NORM_BLD_116392	ParC	p.Ser80Ile	Protein variant detected	fluoroquinolone antibiotic	KP_NORM_BLD_116392__chr	5206636	728243	728603	360	0	360	99.44%	100.00%	ARO:0000001	+	Kleborate	3.2.4	CARD	3.2.9	-	-	-	-	-	-	-	-	-	-	-	-
KP_NORM_BLD_116566	strB.v1	-	Gene presence detected	aminoglycoside antibiotic	KP_NORM_BLD_116566__pl_1	225738	126407	127244	837	0	837	100.00%	100.00%	ARO:0000016	-	Kleborate	3.2.4	CARD	3.2.9	-	-	-	-	-	-	-	-	-	-	-	-
KP_NORM_BLD_116566	strA.v1	-	Gene presence detected	aminoglycoside antibiotic	KP_NORM_BLD_116566__pl_1	225738	127243	128047	804	0	804	100.00%	100.00%	ARO:0000016	-	Kleborate	3.2.4	CARD	3.2.9	-	-	-	-	-	-	-	-	-	-	-	-
KP_NORM_BLD_116566	tet(B).v2	-	Gene presence detected	Tetracycline antibiotic	KP_NORM_BLD_116566__pl_1	225738	134856	136062	1206	0	1206	99.83%	100.00%	ARO:3000050	+	Kleborate	3.2.4	CARD	3.2.9	-	-	-	-	-	-	-	-	-	-	-	-
KP_NORM_BLD_116566	tetR	-	Gene presence detected	Tetracycline antibiotic	KP_NORM_BLD_116566__pl_1	225738	134151	134778	627	0	627	100.00%	100.00%	ARO:3000050	-	Kleborate	3.2.4	CARD	3.2.9	-	-	-	-	-	-	-	-	-	-	-	-
KP_NORM_BLD_116566	SHV-11	-	Gene presence detected	penicillin beta-lactam	KP_NORM_BLD_116566__chr	5344919	2678043	2678904	861	0	861	99.88%	100.00%	ARO:3000008	+	Kleborate	3.2.4	CARD	3.2.9	-	-	-	-	-	-	-	-	-	-	-	-
KP_NORM_BLD_116566	SHV	p.Leu35Gln	Protein variant detected	penicillin beta-lactam	KP_NORM_BLD_116566__chr	5344919	2678043	2678904	861	0	861	99.88%	100.00%	ARO:3000008	+	Kleborate	3.2.4	CARD	3.2.9	-	-	-	-	-	-	-	-	-	-	-	-
KP_NORM_BLD_116570	SHV-61	-	Gene presence detected	penicillin beta-lactam	KP_NORM_BLD_116570__chr	5172703	2638906	2639767	861	0	861	99.88%	100.00%	ARO:3000008	+	Kleborate	3.2.4	CARD	3.2.9	-	-	-	-	-	-	-	-	-	-	-	-
KP_NORM_BLD_116570	SHV	p.Leu35Gln	Protein variant detected	penicillin beta-lactam	KP_NORM_BLD_116570__chr	5172703	2638906	2639767	861	0	861	99.88%	100.00%	ARO:3000008	+	Kleborate	3.2.4	CARD	3.2.9	-	-	-	-	-	-	-	-	-	-	-	-
KP_NORM_BLD_117477	SHV-27	-	Gene presence detected	penicillin beta-lactam	KP_NORM_BLD_117477__chr	5219512	2632520	2633381	861	0	861	100.00%	100.00%	ARO:3000008	+	Kleborate	3.2.4	CARD	3.2.9	-	-	-	-	-	-	-	-	-	-	-	-
KP_NORM_BLD_117477	SHV	p.Gly156Asp	Protein variant detected	penicillin beta-lactam	KP_NORM_BLD_117477__chr	5219512	2632520	2633381	861	0	861	100.00%	100.00%	ARO:3000008	+	Kleborate	3.2.4	CARD	3.2.9	-	-	-	-	-	-	-	-	-	-	-	-
KP_NORM_BLD_12850	SHV-11	-	Gene presence detected	penicillin beta-lactam	KP_NORM_BLD_12850__chr	5380178	2734196	2735057	861	0	861	99.88%	100.00%	ARO:3000008	+	Kleborate	3.2.4	CARD	3.2.9	-	-	-	-	-	-	-	-	-	-	-	-
KP_NORM_BLD_12850	SHV	p.Leu35Gln	Protein variant detected	penicillin beta-lactam	KP_NORM_BLD_12850__chr	5380178	2734196	2735057	861	0	861	99.88%	100.00%	ARO:3000008	+	Kleborate	3.2.4	CARD	3.2.9	-	-	-	-	-	-	-	-	-	-	-	-
KP_NORM_BLD_12934	LEN-30	-	Gene presence detected	penicillin beta-lactam	KP_NORM_BLD_12934__chr	5465346	2774329	2775190	861	0	861	100.00%	100.00%	ARO:3000008	+	Kleborate	3.2.4	CARD	3.2.9	-	-	-	-	-	-	-	-	-	-	-	-
KP_NORM_BLD_12934	OmpK36	p.Ala183fs	Inactivating mutation detected	-	KP_NORM_BLD_12934__chr	5465346	1535643	1536735	1104	0	1104	94.57%	98.91%	-	+	Kleborate	3.2.4	CARD	3.2.9	-	-	-	-	-	-	-	-	-	-	-	-
KP_NORM_BLD_13123	SHV-37	-	Gene presence detected	penicillin beta-lactam	KP_NORM_BLD_13123__chr	5302499	2735451	2736312	861	0	861	100.00%	100.00%	ARO:3000008	+	Kleborate	3.2.4	CARD	3.2.9	-	-	-	-	-	-	-	-	-	-	-	-
KP_NORM_BLD_13123	fosA7	-	Gene presence detected	phosphonic acid antibiotic	KP_NORM_BLD_13123__chr	5302499	4663167	4663393	423	197	423	95.13%	53.43%	ARO:3007149	-	Kleborate	3.2.4	CARD	3.2.9	-	-	-	-	-	-	-	-	-	-	-	-
KP_NORM_BLD_13123	SHV	p.Leu35Gln	Protein variant detected	penicillin beta-lactam	KP_NORM_BLD_13123__chr	5302499	2735451	2736312	861	0	861	100.00%	100.00%	ARO:3000008	+	Kleborate	3.2.4	CARD	3.2.9	-	-	-	-	-	-	-	-	-	-	-	-
KP_NORM_BLD_13127	LEN-16	-	Gene presence detected	penicillin beta-lactam	KP_NORM_BLD_13127__chr	5567709	2778587	2779448	861	0	861	100.00%	100.00%	ARO:3000008	+	Kleborate	3.2.4	CARD	3.2.9	-	-	-	-	-	-	-	-	-	-	-	-
KP_NORM_BLD_13127	OmpK36	p.Ala183fs	Inactivating mutation detected	-	KP_NORM_BLD_13127__chr	5567709	1555286	1556378	1104	0	1104	94.75%	98.91%	-	+	Kleborate	3.2.4	CARD	3.2.9	-	-	-	-	-	-	-	-	-	-	-	-
KP_NORM_BLD_13129	SHV-1	-	Gene presence detected	penicillin beta-lactam	KP_NORM_BLD_13129__chr	5210170	2601276	2602137	861	0	861	100.00%	100.00%	ARO:3000008	+	Kleborate	3.2.4	CARD	3.2.9	-	-	-	-	-	-	-	-	-	-	-	-
KP_NORM_BLD_13372	SHV-11	-	Gene presence detected	penicillin beta-lactam	KP_NORM_BLD_13372__chr	5192692	2697074	2697935	861	0	861	99.88%	100.00%	ARO:3000008	+	Kleborate	3.2.4	CARD	3.2.9	-	-	-	-	-	-	-	-	-	-	-	-
KP_NORM_BLD_13372	SHV	p.Leu35Gln	Protein variant detected	penicillin beta-lactam	KP_NORM_BLD_13372__chr	5192692	2697074	2697935	861	0	861	99.88%	100.00%	ARO:3000008	+	Kleborate	3.2.4	CARD	3.2.9	-	-	-	-	-	-	-	-	-	-	-	-
KP_NORM_BLD_13375	strB.v1	-	Gene presence detected	aminoglycoside antibiotic	KP_NORM_BLD_13375__pl_3	32074	15125	15962	837	0	837	100.00%	100.00%	ARO:0000016	+	Kleborate	3.2.4	CARD	3.2.9	-	-	-	-	-	-	-	-	-	-	-	-
KP_NORM_BLD_13375	strA.v1	-	Gene presence detected	aminoglycoside antibiotic	KP_NORM_BLD_13375__pl_3	32074	14322	15126	804	0	804	100.00%	100.00%	ARO:0000016	+	Kleborate	3.2.4	CARD	3.2.9	-	-	-	-	-	-	-	-	-	-	-	-
KP_NORM_BLD_13375	SHV-28	-	Gene presence detected	penicillin beta-lactam	KP_NORM_BLD_13375__chr	5260848	2719812	2720673	861	0	861	99.88%	100.00%	ARO:3000008	+	Kleborate	3.2.4	CARD	3.2.9	-	-	-	-	-	-	-	-	-	-	-	-
KP_NORM_BLD_13375	OmpK35	p.Thr154fs	Inactivating mutation detected	-	KP_NORM_BLD_13375__chr	5260848	3398371	3399451	1080	0	1080	99.35%	42.90%	-	+	Kleborate	3.2.4	CARD	3.2.9	-	-	-	-	-	-	-	-	-	-	-	-
KP_NORM_BLD_13375	GyrA	p.Ser83Phe	Protein variant detected	fluoroquinolone antibiotic	KP_NORM_BLD_13375__chr	5260848	1583855	1584215	360	0	360	99.44%	100.00%	ARO:0000001	+	Kleborate	3.2.4	CARD	3.2.9	-	-	-	-	-	-	-	-	-	-	-	-
KP_NORM_BLD_13375	GyrA	p.Asp87Ala	Protein variant detected	fluoroquinolone antibiotic	KP_NORM_BLD_13375__chr	5260848	1583855	1584215	360	0	360	99.44%	100.00%	ARO:0000001	+	Kleborate	3.2.4	CARD	3.2.9	-	-	-	-	-	-	-	-	-	-	-	-
KP_NORM_BLD_13375	ParC	p.Ser80Ile	Protein variant detected	fluoroquinolone antibiotic	KP_NORM_BLD_13375__chr	5260848	732326	732686	360	0	360	99.44%	100.00%	ARO:0000001	+	Kleborate	3.2.4	CARD	3.2.9	-	-	-	-	-	-	-	-	-	-	-	-
KP_NORM_BLD_13377	fosA7	-	Gene presence detected	phosphonic acid antibiotic	KP_NORM_BLD_13377__chr	5085062	4470902	4471325	423	0	423	93.85%	100.00%	ARO:3007149	-	Kleborate	3.2.4	CARD	3.2.9	-	-	-	-	-	-	-	-	-	-	-	-
KP_NORM_BLD_13377	OKP-B-7	-	Gene presence detected	penicillin beta-lactam	KP_NORM_BLD_13377__chr	5085062	2616956	2617817	861	0	861	99.77%	100.00%	ARO:3000008	+	Kleborate	3.2.4	CARD	3.2.9	-	-	-	-	-	-	-	-	-	-	-	-
KP_NORM_BLD_13379	SHV-1	-	Gene presence detected	penicillin beta-lactam	KP_NORM_BLD_13379__chr	5373551	2721655	2722516	861	0	861	99.88%	100.00%	ARO:3000008	+	Kleborate	3.2.4	CARD	3.2.9	-	-	-	-	-	-	-	-	-	-	-	-
KP_NORM_BLD_13380	aadA1.v1	-	Gene presence detected	aminoglycoside antibiotic	KP_NORM_BLD_13380__pl_2	128054	109293	110085	792	0	792	99.75%	100.00%	ARO:0000016	-	Kleborate	3.2.4	CARD	3.2.9	-	-	-	-	-	-	-	-	-	-	-	-
KP_NORM_BLD_13380	mphB.v1	-	Gene presence detected	Macrolide antibiotic	KP_NORM_BLD_13380__pl_2	128054	99309	100218	909	0	909	100.00%	100.00%	ARO:0000000	-	Kleborate	3.2.4	CARD	3.2.9	-	-	-	-	-	-	-	-	-	-	-	-
KP_NORM_BLD_13380	sul1	-	Gene presence detected	sulfonamide antibiotic	KP_NORM_BLD_13380__pl_2	128054	107949	108789	840	0	840	100.00%	100.00%	ARO:3000282	-	Kleborate	3.2.4	CARD	3.2.9	-	-	-	-	-	-	-	-	-	-	-	-
KP_NORM_BLD_13380	tet(A).v1	-	Gene presence detected	Tetracycline antibiotic	KP_NORM_BLD_13380__pl_2	128054	86119	87394	1275	0	1275	100.00%	100.00%	ARO:3000050	-	Kleborate	3.2.4	CARD	3.2.9	-	-	-	-	-	-	-	-	-	-	-	-
KP_NORM_BLD_13380	dfrA1.v2	-	Gene presence detected	Diaminopyrimidine antibiotic	KP_NORM_BLD_13380__pl_2	128054	110177	110651	474	0	474	100.00%	100.00%	ARO:3000171	-	Kleborate	3.2.4	CARD	3.2.9	-	-	-	-	-	-	-	-	-	-	-	-
KP_NORM_BLD_13380	SHV-1	-	Gene presence detected	penicillin beta-lactam	KP_NORM_BLD_13380__chr	5290279	2649311	2650172	861	0	861	99.65%	100.00%	ARO:3000008	+	Kleborate	3.2.4	CARD	3.2.9	-	-	-	-	-	-	-	-	-	-	-	-
KP_NORM_BLD_13382	SHV-36	-	Gene presence detected	penicillin beta-lactam	KP_NORM_BLD_13382__chr	5207570	2687606	2688467	861	0	861	100.00%	100.00%	ARO:3000008	+	Kleborate	3.2.4	CARD	3.2.9	-	-	-	-	-	-	-	-	-	-	-	-
KP_NORM_BLD_13382	SHV	p.Leu35Gln	Protein variant detected	penicillin beta-lactam	KP_NORM_BLD_13382__chr	5207570	2687606	2688467	861	0	861	100.00%	100.00%	ARO:3000008	+	Kleborate	3.2.4	CARD	3.2.9	-	-	-	-	-	-	-	-	-	-	-	-
KP_NORM_BLD_13383	SHV-108	-	Gene presence detected	penicillin beta-lactam	KP_NORM_BLD_13383__chr	5383757	2687154	2688015	861	0	861	99.77%	100.00%	ARO:3000008	+	Kleborate	3.2.4	CARD	3.2.9	-	-	-	-	-	-	-	-	-	-	-	-
KP_NORM_BLD_13383	SHV	p.Leu35Gln	Protein variant detected	penicillin beta-lactam	KP_NORM_BLD_13383__chr	5383757	2687154	2688015	861	0	861	99.77%	100.00%	ARO:3000008	+	Kleborate	3.2.4	CARD	3.2.9	-	-	-	-	-	-	-	-	-	-	-	-
KP_NORM_BLD_1339	LEN-16	-	Gene presence detected	penicillin beta-lactam	KP_NORM_BLD_1339__chr	5527376	2731365	2732225	861	0	861	99.77%	100.00%	ARO:3000008	+	Kleborate	3.2.4	CARD	3.2.9	-	-	-	-	-	-	-	-	-	-	-	-
KP_NORM_BLD_1339	OmpK36	p.Ala183fs	Inactivating mutation detected	-	KP_NORM_BLD_1339__chr	5527376	1528712	1529804	1104	0	1104	94.75%	98.91%	-	+	Kleborate	3.2.4	CARD	3.2.9	-	-	-	-	-	-	-	-	-	-	-	-
KP_NORM_BLD_1347	sul2	-	Gene presence detected	sulfonamide antibiotic	KP_NORM_BLD_1347__pl_1	104258	2058	2874	816	0	816	100.00%	100.00%	ARO:3000282	-	Kleborate	3.2.4	CARD	3.2.9	-	-	-	-	-	-	-	-	-	-	-	-
KP_NORM_BLD_1347	tet(D)	-	Gene presence detected	Tetracycline antibiotic	KP_NORM_BLD_1347__pl_1	104258	99815	101000	1185	0	1185	100.00%	100.00%	ARO:3000050	-	Kleborate	3.2.4	CARD	3.2.9	-	-	-	-	-	-	-	-	-	-	-	-
KP_NORM_BLD_1347	SHV-11	-	Gene presence detected	penicillin beta-lactam	KP_NORM_BLD_1347__chr	5304565	2762897	2763758	861	0	861	99.65%	100.00%	ARO:3000008	+	Kleborate	3.2.4	CARD	3.2.9	-	-	-	-	-	-	-	-	-	-	-	-
KP_NORM_BLD_1347	SHV	p.Leu35Gln	Protein variant detected	penicillin beta-lactam	KP_NORM_BLD_1347__chr	5304565	2762897	2763758	861	0	861	99.65%	100.00%	ARO:3000008	+	Kleborate	3.2.4	CARD	3.2.9	-	-	-	-	-	-	-	-	-	-	-	-
KP_NORM_BLD_1348	LEN-30	-	Gene presence detected	penicillin beta-lactam	KP_NORM_BLD_1348__chr	5395428	2711088	2711949	861	0	861	100.00%	100.00%	ARO:3000008	+	Kleborate	3.2.4	CARD	3.2.9	-	-	-	-	-	-	-	-	-	-	-	-
KP_NORM_BLD_1348	OmpK36	p.Ala183fs	Inactivating mutation detected	-	KP_NORM_BLD_1348__chr	5395428	1507382	1508474	1104	0	1104	94.57%	98.91%	-	+	Kleborate	3.2.4	CARD	3.2.9	-	-	-	-	-	-	-	-	-	-	-	-
KP_NORM_BLD_13534	SHV-28	-	Gene presence detected	penicillin beta-lactam	KP_NORM_BLD_13534__chr	5308841	2712644	2713505	861	0	861	99.88%	100.00%	ARO:3000008	+	Kleborate	3.2.4	CARD	3.2.9	-	-	-	-	-	-	-	-	-	-	-	-
KP_NORM_BLD_13738	SHV-40	-	Gene presence detected	penicillin beta-lactam	KP_NORM_BLD_13738__chr	5320172	2765500	2766361	861	0	861	100.00%	100.00%	ARO:3000008	+	Kleborate	3.2.4	CARD	3.2.9	-	-	-	-	-	-	-	-	-	-	-	-
KP_NORM_BLD_13738	SHV	p.Leu35Gln	Protein variant detected	penicillin beta-lactam	KP_NORM_BLD_13738__chr	5320172	2765500	2766361	861	0	861	100.00%	100.00%	ARO:3000008	+	Kleborate	3.2.4	CARD	3.2.9	-	-	-	-	-	-	-	-	-	-	-	-
KP_NORM_BLD_13748	SHV-1	-	Gene presence detected	penicillin beta-lactam	KP_NORM_BLD_13748__chr	5284064	2677920	2678781	861	0	861	100.00%	100.00%	ARO:3000008	+	Kleborate	3.2.4	CARD	3.2.9	-	-	-	-	-	-	-	-	-	-	-	-
KP_NORM_BLD_13757	OKP-B-45	-	Gene presence detected	penicillin beta-lactam	KP_NORM_BLD_13757__chr	5172975	2645579	2646440	861	0	861	100.00%	100.00%	ARO:3000008	+	Kleborate	3.2.4	CARD	3.2.9	-	-	-	-	-	-	-	-	-	-	-	-
KP_NORM_BLD_13757	OmpK36	p.Ala183fs	Inactivating mutation detected	-	KP_NORM_BLD_13757__chr	5172975	1496745	1497837	1104	0	1104	95.38%	98.91%	-	+	Kleborate	3.2.4	CARD	3.2.9	-	-	-	-	-	-	-	-	-	-	-	-
KP_NORM_BLD_13880	SHV-116	-	Gene presence detected	penicillin beta-lactam	KP_NORM_BLD_13880__chr	5450082	2784231	2785092	861	0	861	100.00%	100.00%	ARO:3000008	+	Kleborate	3.2.4	CARD	3.2.9	-	-	-	-	-	-	-	-	-	-	-	-
KP_NORM_BLD_13886	fosA7	-	Gene presence detected	phosphonic acid antibiotic	KP_NORM_BLD_13886__chr	5530897	4896653	4897076	423	0	423	91.73%	100.00%	ARO:3007149	-	Kleborate	3.2.4	CARD	3.2.9	-	-	-	-	-	-	-	-	-	-	-	-
KP_NORM_BLD_13886	LEN-16	-	Gene presence detected	penicillin beta-lactam	KP_NORM_BLD_13886__chr	5530897	2793911	2794772	861	0	861	99.88%	100.00%	ARO:3000008	+	Kleborate	3.2.4	CARD	3.2.9	-	-	-	-	-	-	-	-	-	-	-	-
KP_NORM_BLD_13886	OmpK36	p.Ala183fs	Inactivating mutation detected	-	KP_NORM_BLD_13886__chr	5530897	1561839	1562931	1104	0	1104	94.66%	98.91%	-	+	Kleborate	3.2.4	CARD	3.2.9	-	-	-	-	-	-	-	-	-	-	-	-
KP_NORM_BLD_13889	SHV-14	-	Gene presence detected	penicillin beta-lactam	KP_NORM_BLD_13889__chr	5125844	2616358	2617219	861	0	861	99.88%	100.00%	ARO:3000008	+	Kleborate	3.2.4	CARD	3.2.9	-	-	-	-	-	-	-	-	-	-	-	-
KP_NORM_BLD_14164	OKP-B-16	-	Gene presence detected	penicillin beta-lactam	KP_NORM_BLD_14164__chr	5229386	2650288	2651149	861	0	861	99.77%	100.00%	ARO:3000008	+	Kleborate	3.2.4	CARD	3.2.9	-	-	-	-	-	-	-	-	-	-	-	-
KP_NORM_BLD_14164	OmpK36	p.Ala183fs	Inactivating mutation detected	-	KP_NORM_BLD_14164__chr	5229386	1517270	1518362	1104	0	1104	95.56%	98.91%	-	+	Kleborate	3.2.4	CARD	3.2.9	-	-	-	-	-	-	-	-	-	-	-	-
KP_NORM_BLD_14177	SHV-36	-	Gene presence detected	penicillin beta-lactam	KP_NORM_BLD_14177__chr	5346999	2648597	2649458	861	0	861	100.00%	100.00%	ARO:3000008	-	Kleborate	3.2.4	CARD	3.2.9	-	-	-	-	-	-	-	-	-	-	-	-
KP_NORM_BLD_14177	SHV	p.Leu35Gln	Protein variant detected	penicillin beta-lactam	KP_NORM_BLD_14177__chr	5346999	2648597	2649458	861	0	861	100.00%	100.00%	ARO:3000008	-	Kleborate	3.2.4	CARD	3.2.9	-	-	-	-	-	-	-	-	-	-	-	-
KP_NORM_BLD_14179	SHV-1	-	Gene presence detected	penicillin beta-lactam	KP_NORM_BLD_14179__chr	5150123	2565593	2566454	861	0	861	99.88%	100.00%	ARO:3000008	+	Kleborate	3.2.4	CARD	3.2.9	-	-	-	-	-	-	-	-	-	-	-	-
KP_NORM_BLD_14222	SHV-71	-	Gene presence detected	penicillin beta-lactam	KP_NORM_BLD_14222__chr	5249680	2679174	2680035	861	0	861	100.00%	100.00%	ARO:3000008	+	Kleborate	3.2.4	CARD	3.2.9	-	-	-	-	-	-	-	-	-	-	-	-
KP_NORM_BLD_14222	SHV	p.Ala146Val	Protein variant detected	penicillin beta-lactam	KP_NORM_BLD_14222__chr	5249680	2679174	2680035	861	0	861	100.00%	100.00%	ARO:3000008	+	Kleborate	3.2.4	CARD	3.2.9	-	-	-	-	-	-	-	-	-	-	-	-
KP_NORM_BLD_1692	SHV-32	-	Gene presence detected	penicillin beta-lactam	KP_NORM_BLD_1692__chr	5207251	2680037	2680898	861	0	861	100.00%	100.00%	ARO:3000008	+	Kleborate	3.2.4	CARD	3.2.9	-	-	-	-	-	-	-	-	-	-	-	-
KP_NORM_BLD_1692	SHV	p.Gly156Asp	Protein variant detected	penicillin beta-lactam	KP_NORM_BLD_1692__chr	5207251	2680037	2680898	861	0	861	100.00%	100.00%	ARO:3000008	+	Kleborate	3.2.4	CARD	3.2.9	-	-	-	-	-	-	-	-	-	-	-	-
KP_NORM_BLD_1883	SHV-36	-	Gene presence detected	penicillin beta-lactam	KP_NORM_BLD_1883__chr	5239635	2753159	2754020	861	0	861	100.00%	100.00%	ARO:3000008	+	Kleborate	3.2.4	CARD	3.2.9	-	-	-	-	-	-	-	-	-	-	-	-
KP_NORM_BLD_1883	SHV	p.Leu35Gln	Protein variant detected	penicillin beta-lactam	KP_NORM_BLD_1883__chr	5239635	2753159	2754020	861	0	861	100.00%	100.00%	ARO:3000008	+	Kleborate	3.2.4	CARD	3.2.9	-	-	-	-	-	-	-	-	-	-	-	-
KP_NORM_BLD_2005_1167	SHV-12	-	Gene presence detected	third-generation cephalosporin	KP_NORM_BLD_2005_1167__pl_4	43071	20680	21541	861	0	861	100.00%	100.00%	ARO:3009107	-	Kleborate	3.2.4	CARD	3.2.9	-	-	-	-	-	-	-	-	-	-	-	-
KP_NORM_BLD_2005_1167	SHV-33	-	Gene presence detected	penicillin beta-lactam	KP_NORM_BLD_2005_1167__chr	5366933	2796981	2797842	861	0	861	99.88%	100.00%	ARO:3000008	+	Kleborate	3.2.4	CARD	3.2.9	-	-	-	-	-	-	-	-	-	-	-	-
KP_NORM_BLD_2005_1167	SHV	p.Leu35Gln	Protein variant detected	penicillin beta-lactam	KP_NORM_BLD_2005_1167__pl_4	43071	20680	21541	861	0	861	100.00%	100.00%	ARO:3000008	-	Kleborate	3.2.4	CARD	3.2.9	-	-	-	-	-	-	-	-	-	-	-	-
KP_NORM_BLD_2005_1167	SHV	p.Gly238Ser	Protein variant detected	penicillin beta-lactam	KP_NORM_BLD_2005_1167__pl_4	43071	20680	21541	861	0	861	100.00%	100.00%	ARO:3000008	-	Kleborate	3.2.4	CARD	3.2.9	-	-	-	-	-	-	-	-	-	-	-	-
KP_NORM_BLD_2005_1167	SHV	p.Glu240Lys	Protein variant detected	penicillin beta-lactam	KP_NORM_BLD_2005_1167__pl_4	43071	20680	21541	861	0	861	100.00%	100.00%	ARO:3000008	-	Kleborate	3.2.4	CARD	3.2.9	-	-	-	-	-	-	-	-	-	-	-	-
KP_NORM_BLD_2005_1167	SHV	p.Leu35Gln	Protein variant detected	penicillin beta-lactam	KP_NORM_BLD_2005_1167__pl_4	43071	20680	21541	861	0	861	100.00%	100.00%	ARO:3000008	-	Kleborate	3.2.4	CARD	3.2.9	-	-	-	-	-	-	-	-	-	-	-	-
KP_NORM_BLD_2006_36504	aac(3)-IIa.v1	-	Gene presence detected	aminoglycoside antibiotic	KP_NORM_BLD_2006_36504__pl_1	172255	87445	88306	861	0	861	99.77%	100.00%	ARO:0000016	+	Kleborate	3.2.4	CARD	3.2.9	-	-	-	-	-	-	-	-	-	-	-	-
KP_NORM_BLD_2006_36504	strB.v1	-	Gene presence detected	aminoglycoside antibiotic	KP_NORM_BLD_2006_36504__pl_1	172255	98737	99574	837	0	837	100.00%	100.00%	ARO:0000016	-	Kleborate	3.2.4	CARD	3.2.9	-	-	-	-	-	-	-	-	-	-	-	-
KP_NORM_BLD_2006_36504	strA.v1	-	Gene presence detected	aminoglycoside antibiotic	KP_NORM_BLD_2006_36504__pl_1	172255	99573	100377	804	0	804	99.88%	100.00%	ARO:0000016	-	Kleborate	3.2.4	CARD	3.2.9	-	-	-	-	-	-	-	-	-	-	-	-
KP_NORM_BLD_2006_36504	aac(6)-Ib-cr.v2	-	Gene presence detected	aminoglycoside antibiotic	KP_NORM_BLD_2006_36504__pl_1	172255	71636	72236	600	0	600	100.00%	100.00%	ARO:0000016	-	Kleborate	3.2.4	CARD	3.2.9	-	-	-	-	-	-	-	-	-	-	-	-
KP_NORM_BLD_2006_36504	qnrB1.v2	-	Gene presence detected	Fluoroquinolone antibiotic	KP_NORM_BLD_2006_36504__pl_1	172255	85082	85762	681	0	681	99.85%	100.00%	ARO:0000001	+	Kleborate	3.2.4	CARD	3.2.9	-	-	-	-	-	-	-	-	-	-	-	-
KP_NORM_BLD_2006_36504	aac(6)-Ib-cr.v2	-	Gene presence detected	Fluoroquinolone antibiotic	KP_NORM_BLD_2006_36504__pl_1	172255	71636	72236	600	0	600	100.00%	100.00%	ARO:0000016	-	Kleborate	3.2.4	CARD	3.2.9	-	-	-	-	-	-	-	-	-	-	-	-
KP_NORM_BLD_2006_36504	sul2	-	Gene presence detected	sulfonamide antibiotic	KP_NORM_BLD_2006_36504__pl_1	172255	100437	101253	816	0	816	100.00%	100.00%	ARO:3000282	-	Kleborate	3.2.4	CARD	3.2.9	-	-	-	-	-	-	-	-	-	-	-	-
KP_NORM_BLD_2006_36504	tet(A).v1	-	Gene presence detected	Tetracycline antibiotic	KP_NORM_BLD_2006_36504__pl_1	172255	75615	76890	1275	0	1275	100.00%	100.00%	ARO:3000050	+	Kleborate	3.2.4	CARD	3.2.9	-	-	-	-	-	-	-	-	-	-	-	-
KP_NORM_BLD_2006_36504	dfrA14.v2	-	Gene presence detected	Diaminopyrimidine antibiotic	KP_NORM_BLD_2006_36504__pl_1	172255	67151	67634	483	0	483	99.79%	100.00%	ARO:3000171	-	Kleborate	3.2.4	CARD	3.2.9	-	-	-	-	-	-	-	-	-	-	-	-
KP_NORM_BLD_2006_36504	OXA-1	-	Gene presence detected	penicillin beta-lactam	KP_NORM_BLD_2006_36504__pl_1	172255	70675	71506	831	0	831	100.00%	100.00%	ARO:3000008	-	Kleborate	3.2.4	CARD	3.2.9	-	-	-	-	-	-	-	-	-	-	-	-
KP_NORM_BLD_2006_36504	CTX-M-15	-	Gene presence detected	third-generation cephalosporin	KP_NORM_BLD_2006_36504__pl_1	172255	93459	94335	876	0	876	100.00%	100.00%	ARO:3009107	-	Kleborate	3.2.4	CARD	3.2.9	-	-	-	-	-	-	-	-	-	-	-	-
KP_NORM_BLD_2006_36504	SHV-1	-	Gene presence detected	penicillin beta-lactam	KP_NORM_BLD_2006_36504__chr	5299847	2732158	2733019	861	0	861	99.88%	100.00%	ARO:3000008	+	Kleborate	3.2.4	CARD	3.2.9	-	-	-	-	-	-	-	-	-	-	-	-
KP_NORM_BLD_2006_36504	catB3.v1	-	Gene presence detected	phenicol antibiotic	KP_NORM_BLD_2006_36504__pl_1	172255	70096	70538	633	0	442	100.00%	69.83%	ARO:3000387	-	Kleborate	3.2.4	CARD	3.2.9	-	-	-	-	-	-	-	-	-	-	-	-
KP_NORM_BLD_2006_37102	strB.v1	-	Gene presence detected	aminoglycoside antibiotic	KP_NORM_BLD_2006_37102__pl_2	58182	23685	24522	837	0	837	100.00%	100.00%	ARO:0000016	-	Kleborate	3.2.4	CARD	3.2.9	-	-	-	-	-	-	-	-	-	-	-	-
KP_NORM_BLD_2006_37102	strB.v1	-	Gene presence detected	aminoglycoside antibiotic	KP_NORM_BLD_2006_37102__pl_2	58182	23685	24522	837	0	837	100.00%	100.00%	ARO:0000016	-	Kleborate	3.2.4	CARD	3.2.9	-	-	-	-	-	-	-	-	-	-	-	-
KP_NORM_BLD_2006_37102	aph3-Ia.v1	-	Gene presence detected	aminoglycoside antibiotic	KP_NORM_BLD_2006_37102__pl_2	58182	18720	19536	816	0	816	99.88%	100.00%	ARO:0000016	+	Kleborate	3.2.4	CARD	3.2.9	-	-	-	-	-	-	-	-	-	-	-	-
KP_NORM_BLD_2006_37102	strA.v1	-	Gene presence detected	aminoglycoside antibiotic	KP_NORM_BLD_2006_37102__pl_2	58182	24521	25325	804	0	804	100.00%	100.00%	ARO:0000016	-	Kleborate	3.2.4	CARD	3.2.9	-	-	-	-	-	-	-	-	-	-	-	-
KP_NORM_BLD_2006_37102	strA.v1	-	Gene presence detected	aminoglycoside antibiotic	KP_NORM_BLD_2006_37102__pl_2	58182	24521	25325	804	0	804	100.00%	100.00%	ARO:0000016	-	Kleborate	3.2.4	CARD	3.2.9	-	-	-	-	-	-	-	-	-	-	-	-
KP_NORM_BLD_2006_37102	aadA2	-	Gene presence detected	aminoglycoside antibiotic	KP_NORM_BLD_2006_37102__pl_2	58182	4890	5670	780	0	780	99.87%	100.00%	ARO:0000016	-	Kleborate	3.2.4	CARD	3.2.9	-	-	-	-	-	-	-	-	-	-	-	-
KP_NORM_BLD_2006_37102	Mrx	-	Gene presence detected	Macrolide antibiotic	KP_NORM_BLD_2006_37102__pl_2	58182	56414	57653	1239	0	1239	100.00%	100.00%	ARO:0000000	+	Kleborate	3.2.4	CARD	3.2.9	-	-	-	-	-	-	-	-	-	-	-	-
KP_NORM_BLD_2006_37102	mphA	-	Gene presence detected	Macrolide antibiotic	KP_NORM_BLD_2006_37102__pl_2	58182	55512	56418	906	0	906	100.00%	100.00%	ARO:0000000	+	Kleborate	3.2.4	CARD	3.2.9	-	-	-	-	-	-	-	-	-	-	-	-
KP_NORM_BLD_2006_37102	catII.2	-	Gene presence detected	phenicol antibiotic	KP_NORM_BLD_2006_37102__pl_2	58182	17080	17722	642	0	642	96.11%	100.00%	ARO:3000387	+	Kleborate	3.2.4	CARD	3.2.9	-	-	-	-	-	-	-	-	-	-	-	-
KP_NORM_BLD_2006_37102	sul1	-	Gene presence detected	sulfonamide antibiotic	KP_NORM_BLD_2006_37102__pl_2	58182	3546	4386	840	0	840	100.00%	100.00%	ARO:3000282	-	Kleborate	3.2.4	CARD	3.2.9	-	-	-	-	-	-	-	-	-	-	-	-
KP_NORM_BLD_2006_37102	sul2	-	Gene presence detected	sulfonamide antibiotic	KP_NORM_BLD_2006_37102__pl_2	58182	10972	11788	816	0	816	100.00%	100.00%	ARO:3000282	+	Kleborate	3.2.4	CARD	3.2.9	-	-	-	-	-	-	-	-	-	-	-	-
KP_NORM_BLD_2006_37102	dfrA12	-	Gene presence detected	Diaminopyrimidine antibiotic	KP_NORM_BLD_2006_37102__pl_2	58182	6089	6587	498	0	498	100.00%	100.00%	ARO:3000171	-	Kleborate	3.2.4	CARD	3.2.9	-	-	-	-	-	-	-	-	-	-	-	-
KP_NORM_BLD_2006_37102	CTX-M-24	-	Gene presence detected	third-generation cephalosporin	KP_NORM_BLD_2006_37102__pl_1	100973	43937	44813	876	0	876	100.00%	100.00%	ARO:3009107	+	Kleborate	3.2.4	CARD	3.2.9	-	-	-	-	-	-	-	-	-	-	-	-
KP_NORM_BLD_2006_37102	CTX-M-24	-	Gene presence detected	third-generation cephalosporin	KP_NORM_BLD_2006_37102__pl_1	100973	43937	44813	876	0	876	100.00%	100.00%	ARO:3009107	+	Kleborate	3.2.4	CARD	3.2.9	-	-	-	-	-	-	-	-	-	-	-	-
KP_NORM_BLD_2006_37102	SHV-121	-	Gene presence detected	penicillin beta-lactam	KP_NORM_BLD_2006_37102__chr	5302131	2655953	2656814	861	0	861	100.00%	100.00%	ARO:3000008	+	Kleborate	3.2.4	CARD	3.2.9	-	-	-	-	-	-	-	-	-	-	-	-
KP_NORM_BLD_2006_37102	SHV	p.Leu35Gln	Protein variant detected	penicillin beta-lactam	KP_NORM_BLD_2006_37102__chr	5302131	2655953	2656814	861	0	861	100.00%	100.00%	ARO:3000008	+	Kleborate	3.2.4	CARD	3.2.9	-	-	-	-	-	-	-	-	-	-	-	-
KP_NORM_BLD_2006_37102	GyrA	p.Ser83Tyr	Protein variant detected	fluoroquinolone antibiotic	KP_NORM_BLD_2006_37102__chr	5302131	1562851	1563211	360	0	360	99.44%	100.00%	ARO:0000001	+	Kleborate	3.2.4	CARD	3.2.9	-	-	-	-	-	-	-	-	-	-	-	-
KP_NORM_BLD_2006_37102	GyrA	p.Asp87Ala	Protein variant detected	fluoroquinolone antibiotic	KP_NORM_BLD_2006_37102__chr	5302131	1562851	1563211	360	0	360	99.44%	100.00%	ARO:0000001	+	Kleborate	3.2.4	CARD	3.2.9	-	-	-	-	-	-	-	-	-	-	-	-
KP_NORM_BLD_2006_37102	ParC	p.Ser80Ile	Protein variant detected	fluoroquinolone antibiotic	KP_NORM_BLD_2006_37102__chr	5302131	718936	719296	360	0	360	99.44%	100.00%	ARO:0000001	+	Kleborate	3.2.4	CARD	3.2.9	-	-	-	-	-	-	-	-	-	-	-	-
KP_NORM_BLD_2007_46696	aadA	-	Gene presence detected	aminoglycoside antibiotic	KP_NORM_BLD_2007_46696__pl_1	217097	147107	148072	972	0	972	99.28%	100.00%	ARO:0000016	-	Kleborate	3.2.4	CARD	3.2.9	-	-	-	-	-	-	-	-	-	-	-	-
KP_NORM_BLD_2007_46696	sul1	-	Gene presence detected	sulfonamide antibiotic	KP_NORM_BLD_2007_46696__pl_1	217097	145763	146603	840	0	840	100.00%	100.00%	ARO:3000282	-	Kleborate	3.2.4	CARD	3.2.9	-	-	-	-	-	-	-	-	-	-	-	-
KP_NORM_BLD_2007_46696	tet(D)	-	Gene presence detected	Tetracycline antibiotic	KP_NORM_BLD_2007_46696__pl_1	217097	140778	141963	1185	0	1185	100.00%	100.00%	ARO:3000050	-	Kleborate	3.2.4	CARD	3.2.9	-	-	-	-	-	-	-	-	-	-	-	-
KP_NORM_BLD_2007_46696	SHV-2	-	Gene presence detected	third-generation cephalosporin	KP_NORM_BLD_2007_46696__chr	5270700	1058004	1058865	861	0	861	100.00%	100.00%	ARO:3009107	+	Kleborate	3.2.4	CARD	3.2.9	-	-	-	-	-	-	-	-	-	-	-	-
KP_NORM_BLD_2007_46696	SHV-2	-	Gene presence detected	third-generation cephalosporin	KP_NORM_BLD_2007_46696__chr	5270700	1058004	1058865	861	0	861	100.00%	100.00%	ARO:3009107	+	Kleborate	3.2.4	CARD	3.2.9	-	-	-	-	-	-	-	-	-	-	-	-
KP_NORM_BLD_2007_46696	SHV-2	-	Gene presence detected	third-generation cephalosporin	KP_NORM_BLD_2007_46696__chr	5270700	1058004	1058865	861	0	861	100.00%	100.00%	ARO:3009107	+	Kleborate	3.2.4	CARD	3.2.9	-	-	-	-	-	-	-	-	-	-	-	-
KP_NORM_BLD_2007_46696	SHV-2	-	Gene presence detected	third-generation cephalosporin	KP_NORM_BLD_2007_46696__chr	5270700	1058004	1058865	861	0	861	100.00%	100.00%	ARO:3009107	+	Kleborate	3.2.4	CARD	3.2.9	-	-	-	-	-	-	-	-	-	-	-	-
KP_NORM_BLD_2007_46696	SHV-103	-	Gene presence detected	penicillin beta-lactam	KP_NORM_BLD_2007_46696__chr	5270700	2697950	2698811	861	0	861	99.77%	100.00%	ARO:3000008	+	Kleborate	3.2.4	CARD	3.2.9	-	-	-	-	-	-	-	-	-	-	-	-
KP_NORM_BLD_2007_46696	SHV	p.Gly238Ser	Protein variant detected	penicillin beta-lactam	KP_NORM_BLD_2007_46696__chr	5270700	1058004	1058865	861	0	861	100.00%	100.00%	ARO:3000008	+	Kleborate	3.2.4	CARD	3.2.9	-	-	-	-	-	-	-	-	-	-	-	-
KP_NORM_BLD_2007_46696	SHV	p.Gly238Ser	Protein variant detected	penicillin beta-lactam	KP_NORM_BLD_2007_46696__chr	5270700	1058004	1058865	861	0	861	100.00%	100.00%	ARO:3000008	+	Kleborate	3.2.4	CARD	3.2.9	-	-	-	-	-	-	-	-	-	-	-	-
KP_NORM_BLD_2007_46696	SHV	p.Gly238Ser	Protein variant detected	penicillin beta-lactam	KP_NORM_BLD_2007_46696__chr	5270700	1058004	1058865	861	0	861	100.00%	100.00%	ARO:3000008	+	Kleborate	3.2.4	CARD	3.2.9	-	-	-	-	-	-	-	-	-	-	-	-
KP_NORM_BLD_2007_46696	SHV	p.Gly238Ser	Protein variant detected	penicillin beta-lactam	KP_NORM_BLD_2007_46696__chr	5270700	1058004	1058865	861	0	861	100.00%	100.00%	ARO:3000008	+	Kleborate	3.2.4	CARD	3.2.9	-	-	-	-	-	-	-	-	-	-	-	-
KP_NORM_BLD_2007_46696	SHV	p.Leu35Gln	Protein variant detected	penicillin beta-lactam	KP_NORM_BLD_2007_46696__chr	5270700	2697950	2698811	861	0	861	99.77%	100.00%	ARO:3000008	+	Kleborate	3.2.4	CARD	3.2.9	-	-	-	-	-	-	-	-	-	-	-	-
KP_NORM_BLD_2007_48102	tet(D)	-	Gene presence detected	Tetracycline antibiotic	KP_NORM_BLD_2007_48102__pl_1	204238	51566	52751	1185	0	1185	100.00%	100.00%	ARO:3000050	+	Kleborate	3.2.4	CARD	3.2.9	-	-	-	-	-	-	-	-	-	-	-	-
KP_NORM_BLD_2007_48102	SHV-1	-	Gene presence detected	penicillin beta-lactam	KP_NORM_BLD_2007_48102__chr	5313537	2773954	2774815	861	0	861	100.00%	100.00%	ARO:3000008	+	Kleborate	3.2.4	CARD	3.2.9	-	-	-	-	-	-	-	-	-	-	-	-
KP_NORM_BLD_2007_48102	SHV-1	-	Gene presence detected	penicillin beta-lactam	KP_NORM_BLD_2007_48102__chr	5313537	2773954	2774815	861	0	861	100.00%	100.00%	ARO:3000008	+	Kleborate	3.2.4	CARD	3.2.9	-	-	-	-	-	-	-	-	-	-	-	-
KP_NORM_BLD_2007_48102	SHV-1	-	Gene presence detected	penicillin beta-lactam	KP_NORM_BLD_2007_48102__chr	5313537	2773954	2774815	861	0	861	100.00%	100.00%	ARO:3000008	+	Kleborate	3.2.4	CARD	3.2.9	-	-	-	-	-	-	-	-	-	-	-	-
KP_NORM_BLD_2007_48114	SHV-11	-	Gene presence detected	penicillin beta-lactam	KP_NORM_BLD_2007_48114__chr	5315965	2668915	2669776	861	0	861	99.88%	100.00%	ARO:3000008	+	Kleborate	3.2.4	CARD	3.2.9	-	-	-	-	-	-	-	-	-	-	-	-
KP_NORM_BLD_2007_48114	SHV	p.Leu35Gln	Protein variant detected	penicillin beta-lactam	KP_NORM_BLD_2007_48114__chr	5315965	2668915	2669776	861	0	861	99.88%	100.00%	ARO:3000008	+	Kleborate	3.2.4	CARD	3.2.9	-	-	-	-	-	-	-	-	-	-	-	-
KP_NORM_BLD_2008_54367	aac(3)-IId	-	Gene presence detected	aminoglycoside antibiotic	KP_NORM_BLD_2008_54367__pl_1	129374	114815	115676	861	0	861	99.88%	100.00%	ARO:0000016	-	Kleborate	3.2.4	CARD	3.2.9	-	-	-	-	-	-	-	-	-	-	-	-
KP_NORM_BLD_2008_54367	aadA	-	Gene presence detected	aminoglycoside antibiotic	KP_NORM_BLD_2008_54367__pl_2	102004	58739	59531	792	0	792	99.75%	100.00%	ARO:0000016	-	Kleborate	3.2.4	CARD	3.2.9	-	-	-	-	-	-	-	-	-	-	-	-
KP_NORM_BLD_2008_54367	aac(6)-Ip	-	Gene presence detected	aminoglycoside antibiotic	KP_NORM_BLD_2008_54367__pl_2	102004	59620	60143	522	0	522	99.62%	100.00%	ARO:0000016	-	Kleborate	3.2.4	CARD	3.2.9	-	-	-	-	-	-	-	-	-	-	-	-
KP_NORM_BLD_2008_54367	qnrA1	-	Gene presence detected	Fluoroquinolone antibiotic	KP_NORM_BLD_2008_54367__pl_2	102004	52624	53281	657	0	657	100.00%	100.00%	ARO:0000001	-	Kleborate	3.2.4	CARD	3.2.9	-	-	-	-	-	-	-	-	-	-	-	-
KP_NORM_BLD_2008_54367	sul1	-	Gene presence detected	sulfonamide antibiotic	KP_NORM_BLD_2008_54367__pl_2	102004	55557	56397	840	0	840	100.00%	100.00%	ARO:3000282	-	Kleborate	3.2.4	CARD	3.2.9	-	-	-	-	-	-	-	-	-	-	-	-
KP_NORM_BLD_2008_54367	sul1	-	Gene presence detected	sulfonamide antibiotic	KP_NORM_BLD_2008_54367__pl_2	102004	55557	56397	840	0	840	100.00%	100.00%	ARO:3000282	-	Kleborate	3.2.4	CARD	3.2.9	-	-	-	-	-	-	-	-	-	-	-	-
KP_NORM_BLD_2008_54367	tet(D)	-	Gene presence detected	Tetracycline antibiotic	KP_NORM_BLD_2008_54367__pl_1	129374	107319	108504	1185	0	1185	100.00%	100.00%	ARO:3000050	+	Kleborate	3.2.4	CARD	3.2.9	-	-	-	-	-	-	-	-	-	-	-	-
KP_NORM_BLD_2008_54367	dfrA14.v2	-	Gene presence detected	Diaminopyrimidine antibiotic	KP_NORM_BLD_2008_54367__pl_2	102004	20346	20829	483	0	483	99.79%	100.00%	ARO:3000171	+	Kleborate	3.2.4	CARD	3.2.9	-	-	-	-	-	-	-	-	-	-	-	-
KP_NORM_BLD_2008_54367	SHV-12	-	Gene presence detected	third-generation cephalosporin	KP_NORM_BLD_2008_54367__pl_1	129374	101411	102272	861	0	861	100.00%	100.00%	ARO:3009107	+	Kleborate	3.2.4	CARD	3.2.9	-	-	-	-	-	-	-	-	-	-	-	-
KP_NORM_BLD_2008_54367	SHV-12	-	Gene presence detected	third-generation cephalosporin	KP_NORM_BLD_2008_54367__pl_1	129374	101411	102272	861	0	861	100.00%	100.00%	ARO:3009107	+	Kleborate	3.2.4	CARD	3.2.9	-	-	-	-	-	-	-	-	-	-	-	-
KP_NORM_BLD_2008_54367	SHV-1	-	Gene presence detected	penicillin beta-lactam	KP_NORM_BLD_2008_54367__chr	5313767	2756455	2757316	861	0	861	99.88%	100.00%	ARO:3000008	+	Kleborate	3.2.4	CARD	3.2.9	-	-	-	-	-	-	-	-	-	-	-	-
KP_NORM_BLD_2008_54367	SHV	p.Leu35Gln	Protein variant detected	penicillin beta-lactam	KP_NORM_BLD_2008_54367__pl_1	129374	101411	102272	861	0	861	100.00%	100.00%	ARO:3000008	+	Kleborate	3.2.4	CARD	3.2.9	-	-	-	-	-	-	-	-	-	-	-	-
KP_NORM_BLD_2008_54367	SHV	p.Gly238Ser	Protein variant detected	penicillin beta-lactam	KP_NORM_BLD_2008_54367__pl_1	129374	101411	102272	861	0	861	100.00%	100.00%	ARO:3000008	+	Kleborate	3.2.4	CARD	3.2.9	-	-	-	-	-	-	-	-	-	-	-	-
KP_NORM_BLD_2008_54367	SHV	p.Glu240Lys	Protein variant detected	penicillin beta-lactam	KP_NORM_BLD_2008_54367__pl_1	129374	101411	102272	861	0	861	100.00%	100.00%	ARO:3000008	+	Kleborate	3.2.4	CARD	3.2.9	-	-	-	-	-	-	-	-	-	-	-	-
KP_NORM_BLD_2008_54367	SHV	p.Leu35Gln	Protein variant detected	penicillin beta-lactam	KP_NORM_BLD_2008_54367__pl_1	129374	101411	102272	861	0	861	100.00%	100.00%	ARO:3000008	+	Kleborate	3.2.4	CARD	3.2.9	-	-	-	-	-	-	-	-	-	-	-	-
KP_NORM_BLD_2008_54367	SHV	p.Gly238Ser	Protein variant detected	penicillin beta-lactam	KP_NORM_BLD_2008_54367__pl_1	129374	101411	102272	861	0	861	100.00%	100.00%	ARO:3000008	+	Kleborate	3.2.4	CARD	3.2.9	-	-	-	-	-	-	-	-	-	-	-	-
KP_NORM_BLD_2008_54367	SHV	p.Glu240Lys	Protein variant detected	penicillin beta-lactam	KP_NORM_BLD_2008_54367__pl_1	129374	101411	102272	861	0	861	100.00%	100.00%	ARO:3000008	+	Kleborate	3.2.4	CARD	3.2.9	-	-	-	-	-	-	-	-	-	-	-	-
KP_NORM_BLD_2008_54367	GyrA	p.Ser83Ile	Protein variant detected	fluoroquinolone antibiotic	KP_NORM_BLD_2008_54367__chr	5313767	1524593	1524953	360	0	360	99.44%	100.00%	ARO:0000001	+	Kleborate	3.2.4	CARD	3.2.9	-	-	-	-	-	-	-	-	-	-	-	-
KP_NORM_BLD_2008_54367	ParC	p.Ser80Ile	Protein variant detected	fluoroquinolone antibiotic	KP_NORM_BLD_2008_54367__chr	5313767	703608	703968	360	0	360	99.44%	100.00%	ARO:0000001	+	Kleborate	3.2.4	CARD	3.2.9	-	-	-	-	-	-	-	-	-	-	-	-
KP_NORM_BLD_2008_54823	aph3-Ia.v1	-	Gene presence detected	aminoglycoside antibiotic	KP_NORM_BLD_2008_54823__pl_1	206151	28070	28886	816	0	816	99.88%	100.00%	ARO:0000016	+	Kleborate	3.2.4	CARD	3.2.9	-	-	-	-	-	-	-	-	-	-	-	-
KP_NORM_BLD_2008_54823	aadA2	-	Gene presence detected	aminoglycoside antibiotic	KP_NORM_BLD_2008_54823__pl_1	206151	18754	19534	780	0	780	99.87%	100.00%	ARO:0000016	+	Kleborate	3.2.4	CARD	3.2.9	-	-	-	-	-	-	-	-	-	-	-	-
KP_NORM_BLD_2008_54823	aac(6)-Ib.v1	-	Gene presence detected	aminoglycoside antibiotic	KP_NORM_BLD_2008_54823__pl_4	13841	8445	9051	606	0	606	100.00%	100.00%	ARO:0000016	-	Kleborate	3.2.4	CARD	3.2.9	-	-	-	-	-	-	-	-	-	-	-	-
KP_NORM_BLD_2008_54823	Mrx	-	Gene presence detected	Macrolide antibiotic	KP_NORM_BLD_2008_54823__pl_1	206151	24953	26192	1239	0	1239	100.00%	100.00%	ARO:0000000	-	Kleborate	3.2.4	CARD	3.2.9	-	-	-	-	-	-	-	-	-	-	-	-
KP_NORM_BLD_2008_54823	mphA	-	Gene presence detected	Macrolide antibiotic	KP_NORM_BLD_2008_54823__pl_1	206151	26188	27094	906	0	906	100.00%	100.00%	ARO:0000000	-	Kleborate	3.2.4	CARD	3.2.9	-	-	-	-	-	-	-	-	-	-	-	-
KP_NORM_BLD_2008_54823	catA1	-	Gene presence detected	phenicol antibiotic	KP_NORM_BLD_2008_54823__pl_1	206151	11167	11827	660	0	660	99.85%	100.00%	ARO:3000387	+	Kleborate	3.2.4	CARD	3.2.9	-	-	-	-	-	-	-	-	-	-	-	-
KP_NORM_BLD_2008_54823	sul1	-	Gene presence detected	sulfonamide antibiotic	KP_NORM_BLD_2008_54823__pl_1	206151	20038	20878	840	0	840	100.00%	100.00%	ARO:3000282	+	Kleborate	3.2.4	CARD	3.2.9	-	-	-	-	-	-	-	-	-	-	-	-
KP_NORM_BLD_2008_54823	dfrA12	-	Gene presence detected	Diaminopyrimidine antibiotic	KP_NORM_BLD_2008_54823__pl_1	206151	17837	18335	498	0	498	100.00%	100.00%	ARO:3000171	+	Kleborate	3.2.4	CARD	3.2.9	-	-	-	-	-	-	-	-	-	-	-	-
KP_NORM_BLD_2008_54823	SHV-12	-	Gene presence detected	third-generation cephalosporin	KP_NORM_BLD_2008_54823__pl_3	43382	20989	21850	861	0	861	100.00%	100.00%	ARO:3009107	-	Kleborate	3.2.4	CARD	3.2.9	-	-	-	-	-	-	-	-	-	-	-	-
KP_NORM_BLD_2008_54823	KPC-2	-	Gene presence detected	carbapenem	KP_NORM_BLD_2008_54823__pl_2	113639	22716	23598	882	0	882	100.00%	100.00%	ARO:0000020	+	Kleborate	3.2.4	CARD	3.2.9	-	-	-	-	-	-	-	-	-	-	-	-
KP_NORM_BLD_2008_54823	SHV-11	-	Gene presence detected	penicillin beta-lactam	KP_NORM_BLD_2008_54823__chr	5384962	2805854	2806715	861	0	861	100.00%	100.00%	ARO:3000008	-	Kleborate	3.2.4	CARD	3.2.9	-	-	-	-	-	-	-	-	-	-	-	-
KP_NORM_BLD_2008_54823	OXA-9.v1	-	Gene presence detected	penicillin beta-lactam	KP_NORM_BLD_2008_54823__pl_2	113639	33244	34084	840	0	840	99.88%	100.00%	ARO:3000008	+	Kleborate	3.2.4	CARD	3.2.9	-	-	-	-	-	-	-	-	-	-	-	-
KP_NORM_BLD_2008_54823	SHV	p.Leu35Gln	Protein variant detected	penicillin beta-lactam	KP_NORM_BLD_2008_54823__chr	5384962	2805854	2806715	861	0	861	100.00%	100.00%	ARO:3000008	-	Kleborate	3.2.4	CARD	3.2.9	-	-	-	-	-	-	-	-	-	-	-	-
KP_NORM_BLD_2008_54823	SHV	p.Leu35Gln	Protein variant detected	penicillin beta-lactam	KP_NORM_BLD_2008_54823__chr	5384962	2805854	2806715	861	0	861	100.00%	100.00%	ARO:3000008	-	Kleborate	3.2.4	CARD	3.2.9	-	-	-	-	-	-	-	-	-	-	-	-
KP_NORM_BLD_2008_54823	SHV	p.Gly238Ser	Protein variant detected	penicillin beta-lactam	KP_NORM_BLD_2008_54823__pl_3	43382	20989	21850	861	0	861	100.00%	100.00%	ARO:3000008	-	Kleborate	3.2.4	CARD	3.2.9	-	-	-	-	-	-	-	-	-	-	-	-
KP_NORM_BLD_2008_54823	SHV	p.Glu240Lys	Protein variant detected	penicillin beta-lactam	KP_NORM_BLD_2008_54823__pl_3	43382	20989	21850	861	0	861	100.00%	100.00%	ARO:3000008	-	Kleborate	3.2.4	CARD	3.2.9	-	-	-	-	-	-	-	-	-	-	-	-
KP_NORM_BLD_2008_54823	OmpK35	p.Glu42fs	Inactivating mutation detected	-	KP_NORM_BLD_2008_54823__chr	5384962	2105569	2106650	1080	0	1080	99.91%	24.51%	-	-	Kleborate	3.2.4	CARD	3.2.9	-	-	-	-	-	-	-	-	-	-	-	-
KP_NORM_BLD_2008_54823	GyrA	p.Ser83Ile	Protein variant detected	fluoroquinolone antibiotic	KP_NORM_BLD_2008_54823__chr	5384962	3946924	3947284	360	0	360	99.44%	100.00%	ARO:0000001	-	Kleborate	3.2.4	CARD	3.2.9	-	-	-	-	-	-	-	-	-	-	-	-
KP_NORM_BLD_2008_54823	ParC	p.Ser80Ile	Protein variant detected	fluoroquinolone antibiotic	KP_NORM_BLD_2008_54823__chr	5384962	4837574	4837934	360	0	360	99.72%	100.00%	ARO:0000001	-	Kleborate	3.2.4	CARD	3.2.9	-	-	-	-	-	-	-	-	-	-	-	-
KP_NORM_BLD_2008_54824	strB.v1	-	Gene presence detected	aminoglycoside antibiotic	KP_NORM_BLD_2008_54824__pl_1	203765	120577	121414	837	0	837	100.00%	100.00%	ARO:0000016	-	Kleborate	3.2.4	CARD	3.2.9	-	-	-	-	-	-	-	-	-	-	-	-
KP_NORM_BLD_2008_54824	strA.v1	-	Gene presence detected	aminoglycoside antibiotic	KP_NORM_BLD_2008_54824__pl_1	203765	121413	122217	804	0	804	100.00%	100.00%	ARO:0000016	-	Kleborate	3.2.4	CARD	3.2.9	-	-	-	-	-	-	-	-	-	-	-	-
KP_NORM_BLD_2008_54824	catA1	-	Gene presence detected	phenicol antibiotic	KP_NORM_BLD_2008_54824__pl_1	203765	109746	110406	660	0	660	99.55%	100.00%	ARO:3000387	+	Kleborate	3.2.4	CARD	3.2.9	-	-	-	-	-	-	-	-	-	-	-	-
KP_NORM_BLD_2008_54824	sul1	-	Gene presence detected	sulfonamide antibiotic	KP_NORM_BLD_2008_54824__pl_1	203765	133622	134462	840	0	840	100.00%	100.00%	ARO:3000282	+	Kleborate	3.2.4	CARD	3.2.9	-	-	-	-	-	-	-	-	-	-	-	-
KP_NORM_BLD_2008_54824	sul2	-	Gene presence detected	sulfonamide antibiotic	KP_NORM_BLD_2008_54824__pl_1	203765	115098	115914	816	0	816	100.00%	100.00%	ARO:3000282	-	Kleborate	3.2.4	CARD	3.2.9	-	-	-	-	-	-	-	-	-	-	-	-
KP_NORM_BLD_2008_54824	tet(A).v1	-	Gene presence detected	Tetracycline antibiotic	KP_NORM_BLD_2008_54824__pl_1	203765	143811	145086	1275	0	1275	100.00%	100.00%	ARO:3000050	+	Kleborate	3.2.4	CARD	3.2.9	-	-	-	-	-	-	-	-	-	-	-	-
KP_NORM_BLD_2008_54824	dfrA5	-	Gene presence detected	Diaminopyrimidine antibiotic	KP_NORM_BLD_2008_54824__pl_1	203765	132624	133098	474	0	474	100.00%	100.00%	ARO:3000171	+	Kleborate	3.2.4	CARD	3.2.9	-	-	-	-	-	-	-	-	-	-	-	-
KP_NORM_BLD_2008_54824	SHV-11	-	Gene presence detected	penicillin beta-lactam	KP_NORM_BLD_2008_54824__pl_1	203765	127438	128299	861	0	861	99.88%	100.00%	ARO:3000008	-	Kleborate	3.2.4	CARD	3.2.9	-	-	-	-	-	-	-	-	-	-	-	-
KP_NORM_BLD_2008_54824	SHV-1	-	Gene presence detected	penicillin beta-lactam	KP_NORM_BLD_2008_54824__chr	5304252	2733440	2734301	861	0	861	99.77%	100.00%	ARO:3000008	+	Kleborate	3.2.4	CARD	3.2.9	-	-	-	-	-	-	-	-	-	-	-	-
KP_NORM_BLD_2008_54824	SHV	p.Leu35Gln	Protein variant detected	penicillin beta-lactam	KP_NORM_BLD_2008_54824__pl_1	203765	127438	128299	861	0	861	99.88%	100.00%	ARO:3000008	-	Kleborate	3.2.4	CARD	3.2.9	-	-	-	-	-	-	-	-	-	-	-	-
KP_NORM_BLD_2008_55014	dfrA14.v2	-	Gene presence detected	Diaminopyrimidine antibiotic	KP_NORM_BLD_2008_55014__pl_2	46761	30900	31383	483	0	483	99.79%	100.00%	ARO:3000171	-	Kleborate	3.2.4	CARD	3.2.9	-	-	-	-	-	-	-	-	-	-	-	-
KP_NORM_BLD_2008_55014	CTX-M-3	-	Gene presence detected	third-generation cephalosporin	KP_NORM_BLD_2008_55014__pl_2	46761	10185	11061	876	0	876	100.00%	100.00%	ARO:3009107	+	Kleborate	3.2.4	CARD	3.2.9	-	-	-	-	-	-	-	-	-	-	-	-
KP_NORM_BLD_2008_55014	SHV-27	-	Gene presence detected	penicillin beta-lactam	KP_NORM_BLD_2008_55014__chr	5231607	2641799	2642660	861	0	861	99.88%	100.00%	ARO:3000008	+	Kleborate	3.2.4	CARD	3.2.9	-	-	-	-	-	-	-	-	-	-	-	-
KP_NORM_BLD_2008_55014	SHV	p.Gly156Asp	Protein variant detected	penicillin beta-lactam	KP_NORM_BLD_2008_55014__chr	5231607	2641799	2642660	861	0	861	99.88%	100.00%	ARO:3000008	+	Kleborate	3.2.4	CARD	3.2.9	-	-	-	-	-	-	-	-	-	-	-	-
KP_NORM_BLD_2008_55014	GyrA	p.Ser83Tyr	Protein variant detected	fluoroquinolone antibiotic	KP_NORM_BLD_2008_55014__chr	5231607	1503391	1503751	360	0	360	99.72%	100.00%	ARO:0000001	+	Kleborate	3.2.4	CARD	3.2.9	-	-	-	-	-	-	-	-	-	-	-	-
KP_NORM_BLD_2008_55153	aac(3)-IIa.v1	-	Gene presence detected	aminoglycoside antibiotic	KP_NORM_BLD_2008_55153__pl_1	322368	18957	19759	861	0	802	100.00%	93.15%	ARO:0000016	+	Kleborate	3.2.4	CARD	3.2.9	-	-	-	-	-	-	-	-	-	-	-	-
KP_NORM_BLD_2008_55153	sul1	-	Gene presence detected	sulfonamide antibiotic	KP_NORM_BLD_2008_55153__pl_1	322368	8647	9487	840	0	840	100.00%	100.00%	ARO:3000282	-	Kleborate	3.2.4	CARD	3.2.9	-	-	-	-	-	-	-	-	-	-	-	-
KP_NORM_BLD_2008_55153	dfrB3	-	Gene presence detected	Diaminopyrimidine antibiotic	KP_NORM_BLD_2008_55153__pl_1	322368	10359	10596	237	0	237	100.00%	100.00%	ARO:3000171	-	Kleborate	3.2.4	CARD	3.2.9	-	-	-	-	-	-	-	-	-	-	-	-
KP_NORM_BLD_2008_55153	TEM-3	-	Gene presence detected	third-generation cephalosporin	KP_NORM_BLD_2008_55153__pl_1	322368	17915	18776	861	0	861	100.00%	100.00%	ARO:3009107	+	Kleborate	3.2.4	CARD	3.2.9	-	-	-	-	-	-	-	-	-	-	-	-
KP_NORM_BLD_2008_55153	SHV-40	-	Gene presence detected	penicillin beta-lactam	KP_NORM_BLD_2008_55153__chr	5195711	2637987	2638848	861	0	861	100.00%	100.00%	ARO:3000008	+	Kleborate	3.2.4	CARD	3.2.9	-	-	-	-	-	-	-	-	-	-	-	-
KP_NORM_BLD_2008_55153	SHV	p.Leu35Gln	Protein variant detected	penicillin beta-lactam	KP_NORM_BLD_2008_55153__chr	5195711	2637987	2638848	861	0	861	100.00%	100.00%	ARO:3000008	+	Kleborate	3.2.4	CARD	3.2.9	-	-	-	-	-	-	-	-	-	-	-	-
KP_NORM_BLD_2008_55153	GyrA	p.Ser83Phe	Protein variant detected	fluoroquinolone antibiotic	KP_NORM_BLD_2008_55153__chr	5195711	1482549	1482909	360	0	360	99.72%	100.00%	ARO:0000001	+	Kleborate	3.2.4	CARD	3.2.9	-	-	-	-	-	-	-	-	-	-	-	-
KP_NORM_BLD_2009_61298	strB.v1	-	Gene presence detected	aminoglycoside antibiotic	KP_NORM_BLD_2009_61298__pl_1	159298	123156	123993	837	0	837	100.00%	100.00%	ARO:0000016	-	Kleborate	3.2.4	CARD	3.2.9	-	-	-	-	-	-	-	-	-	-	-	-
KP_NORM_BLD_2009_61298	strA.v1	-	Gene presence detected	aminoglycoside antibiotic	KP_NORM_BLD_2009_61298__pl_1	159298	123992	124796	804	0	804	99.88%	100.00%	ARO:0000016	-	Kleborate	3.2.4	CARD	3.2.9	-	-	-	-	-	-	-	-	-	-	-	-
KP_NORM_BLD_2009_61298	aac(6)-Ib-cr.v2	-	Gene presence detected	aminoglycoside antibiotic	KP_NORM_BLD_2009_61298__pl_1	159298	112281	112881	600	0	600	100.00%	100.00%	ARO:0000016	+	Kleborate	3.2.4	CARD	3.2.9	-	-	-	-	-	-	-	-	-	-	-	-
KP_NORM_BLD_2009_61298	qnrB1.v2	-	Gene presence detected	Fluoroquinolone antibiotic	KP_NORM_BLD_2009_61298__pl_1	159298	98739	99419	681	0	681	99.85%	100.00%	ARO:0000001	-	Kleborate	3.2.4	CARD	3.2.9	-	-	-	-	-	-	-	-	-	-	-	-
KP_NORM_BLD_2009_61298	aac(6)-Ib-cr.v2	-	Gene presence detected	Fluoroquinolone antibiotic	KP_NORM_BLD_2009_61298__pl_1	159298	112281	112881	600	0	600	100.00%	100.00%	ARO:0000016	+	Kleborate	3.2.4	CARD	3.2.9	-	-	-	-	-	-	-	-	-	-	-	-
KP_NORM_BLD_2009_61298	sul2	-	Gene presence detected	sulfonamide antibiotic	KP_NORM_BLD_2009_61298__pl_1	159298	124856	125672	816	0	816	100.00%	100.00%	ARO:3000282	-	Kleborate	3.2.4	CARD	3.2.9	-	-	-	-	-	-	-	-	-	-	-	-
KP_NORM_BLD_2009_61298	tet(A).v1	-	Gene presence detected	Tetracycline antibiotic	KP_NORM_BLD_2009_61298__pl_1	159298	107611	108886	1275	0	1275	100.00%	100.00%	ARO:3000050	-	Kleborate	3.2.4	CARD	3.2.9	-	-	-	-	-	-	-	-	-	-	-	-
KP_NORM_BLD_2009_61298	dfrA14.v2	-	Gene presence detected	Diaminopyrimidine antibiotic	KP_NORM_BLD_2009_61298__pl_1	159298	94974	95457	483	0	483	99.79%	100.00%	ARO:3000171	-	Kleborate	3.2.4	CARD	3.2.9	-	-	-	-	-	-	-	-	-	-	-	-
KP_NORM_BLD_2009_61298	OXA-1	-	Gene presence detected	penicillin beta-lactam	KP_NORM_BLD_2009_61298__pl_1	159298	113011	113842	831	0	831	100.00%	100.00%	ARO:3000008	+	Kleborate	3.2.4	CARD	3.2.9	-	-	-	-	-	-	-	-	-	-	-	-
KP_NORM_BLD_2009_61298	CTX-M-15	-	Gene presence detected	third-generation cephalosporin	KP_NORM_BLD_2009_61298__pl_1	159298	117878	118754	876	0	876	100.00%	100.00%	ARO:3009107	-	Kleborate	3.2.4	CARD	3.2.9	-	-	-	-	-	-	-	-	-	-	-	-
KP_NORM_BLD_2009_61298	SHV-28	-	Gene presence detected	penicillin beta-lactam	KP_NORM_BLD_2009_61298__chr	5221833	2739260	2740121	861	0	861	99.88%	100.00%	ARO:3000008	+	Kleborate	3.2.4	CARD	3.2.9	-	-	-	-	-	-	-	-	-	-	-	-
KP_NORM_BLD_2009_61298	catB3.v1	-	Gene presence detected	phenicol antibiotic	KP_NORM_BLD_2009_61298__pl_1	159298	113979	114421	633	0	442	100.00%	69.83%	ARO:3000387	+	Kleborate	3.2.4	CARD	3.2.9	-	-	-	-	-	-	-	-	-	-	-	-
KP_NORM_BLD_2009_61895	aac(3)-IId	-	Gene presence detected	aminoglycoside antibiotic	KP_NORM_BLD_2009_61895__pl_3	84099	4990	5851	861	0	861	99.88%	100.00%	ARO:0000016	-	Kleborate	3.2.4	CARD	3.2.9	-	-	-	-	-	-	-	-	-	-	-	-
KP_NORM_BLD_2009_61895	strB.v1	-	Gene presence detected	aminoglycoside antibiotic	KP_NORM_BLD_2009_61895__pl_3	84099	48763	49600	837	0	837	99.88%	100.00%	ARO:0000016	+	Kleborate	3.2.4	CARD	3.2.9	-	-	-	-	-	-	-	-	-	-	-	-
KP_NORM_BLD_2009_61895	strA.v1	-	Gene presence detected	aminoglycoside antibiotic	KP_NORM_BLD_2009_61895__pl_3	84099	47960	48764	804	0	804	99.75%	100.00%	ARO:0000016	+	Kleborate	3.2.4	CARD	3.2.9	-	-	-	-	-	-	-	-	-	-	-	-
KP_NORM_BLD_2009_61895	aadA	-	Gene presence detected	aminoglycoside antibiotic	KP_NORM_BLD_2009_61895__pl_3	84099	13748	14537	792	0	792	99.37%	100.00%	ARO:0000016	+	Kleborate	3.2.4	CARD	3.2.9	-	-	-	-	-	-	-	-	-	-	-	-
KP_NORM_BLD_2009_61895	aac(6)-Ib.v1	-	Gene presence detected	aminoglycoside antibiotic	KP_NORM_BLD_2009_61895__pl_3	84099	13073	13679	606	0	606	100.00%	100.00%	ARO:0000016	+	Kleborate	3.2.4	CARD	3.2.9	-	-	-	-	-	-	-	-	-	-	-	-
KP_NORM_BLD_2009_61895	qnrB1.v1	-	Gene presence detected	Fluoroquinolone antibiotic	KP_NORM_BLD_2009_61895__pl_3	84099	82170	82851	681	0	681	100.00%	100.00%	ARO:0000001	+	Kleborate	3.2.4	CARD	3.2.9	-	-	-	-	-	-	-	-	-	-	-	-
KP_NORM_BLD_2009_61895	sul2	-	Gene presence detected	sulfonamide antibiotic	KP_NORM_BLD_2009_61895__pl_3	84099	47084	47900	816	0	816	100.00%	100.00%	ARO:3000282	+	Kleborate	3.2.4	CARD	3.2.9	-	-	-	-	-	-	-	-	-	-	-	-
KP_NORM_BLD_2009_61895	dfrA14.v2	-	Gene presence detected	Diaminopyrimidine antibiotic	KP_NORM_BLD_2009_61895__pl_3	84099	58081	58564	483	0	483	99.79%	100.00%	ARO:3000171	-	Kleborate	3.2.4	CARD	3.2.9	-	-	-	-	-	-	-	-	-	-	-	-
KP_NORM_BLD_2009_61895	OXA-9.v1	-	Gene presence detected	penicillin beta-lactam	KP_NORM_BLD_2009_61895__pl_3	84099	14581	15421	840	0	840	100.00%	100.00%	ARO:3000008	+	Kleborate	3.2.4	CARD	3.2.9	-	-	-	-	-	-	-	-	-	-	-	-
KP_NORM_BLD_2009_61895	CTX-M-15	-	Gene presence detected	third-generation cephalosporin	KP_NORM_BLD_2009_61895__pl_3	84099	9376	10252	876	0	876	100.00%	100.00%	ARO:3009107	-	Kleborate	3.2.4	CARD	3.2.9	-	-	-	-	-	-	-	-	-	-	-	-
KP_NORM_BLD_2009_61895	SHV-28	-	Gene presence detected	penicillin beta-lactam	KP_NORM_BLD_2009_61895__chr	5325221	2778236	2779097	861	0	861	99.88%	100.00%	ARO:3000008	+	Kleborate	3.2.4	CARD	3.2.9	-	-	-	-	-	-	-	-	-	-	-	-
KP_NORM_BLD_2009_61895	SHV-11	-	Gene presence detected	penicillin beta-lactam	KP_NORM_BLD_2009_61895__pl_3	84099	74570	75431	861	0	861	99.77%	100.00%	ARO:3000008	+	Kleborate	3.2.4	CARD	3.2.9	-	-	-	-	-	-	-	-	-	-	-	-
KP_NORM_BLD_2009_61895	TEM-150	-	Gene presence detected	penicillin beta-lactam	KP_NORM_BLD_2009_61895__pl_3	84099	32948	33524	861	285	861	100.00%	66.90%	ARO:3000008	-	Kleborate	3.2.4	CARD	3.2.9	-	-	-	-	-	-	-	-	-	-	-	-
KP_NORM_BLD_2009_61895	SHV	p.Leu35Gln	Protein variant detected	penicillin beta-lactam	KP_NORM_BLD_2009_61895__pl_3	84099	74570	75431	861	0	861	99.77%	100.00%	ARO:3000008	+	Kleborate	3.2.4	CARD	3.2.9	-	-	-	-	-	-	-	-	-	-	-	-
KP_NORM_BLD_2009_61895	GyrA	p.Ser83Phe	Protein variant detected	fluoroquinolone antibiotic	KP_NORM_BLD_2009_61895__chr	5325221	1551685	1552045	360	0	360	99.44%	100.00%	ARO:0000001	+	Kleborate	3.2.4	CARD	3.2.9	-	-	-	-	-	-	-	-	-	-	-	-
KP_NORM_BLD_2009_61895	GyrA	p.Asp87Ala	Protein variant detected	fluoroquinolone antibiotic	KP_NORM_BLD_2009_61895__chr	5325221	1551685	1552045	360	0	360	99.44%	100.00%	ARO:0000001	+	Kleborate	3.2.4	CARD	3.2.9	-	-	-	-	-	-	-	-	-	-	-	-
KP_NORM_BLD_2009_61895	ParC	p.Ser80Ile	Protein variant detected	fluoroquinolone antibiotic	KP_NORM_BLD_2009_61895__chr	5325221	733385	733745	360	0	360	99.44%	100.00%	ARO:0000001	+	Kleborate	3.2.4	CARD	3.2.9	-	-	-	-	-	-	-	-	-	-	-	-
KP_NORM_BLD_2009_62172	aac(3)-IId	-	Gene presence detected	aminoglycoside antibiotic	KP_NORM_BLD_2009_62172__pl_3	65947	29002	29863	861	0	861	99.88%	100.00%	ARO:0000016	+	Kleborate	3.2.4	CARD	3.2.9	-	-	-	-	-	-	-	-	-	-	-	-
KP_NORM_BLD_2009_62172	strB.v1	-	Gene presence detected	aminoglycoside antibiotic	KP_NORM_BLD_2009_62172__pl_1	218732	207750	208587	837	0	837	100.00%	100.00%	ARO:0000016	-	Kleborate	3.2.4	CARD	3.2.9	-	-	-	-	-	-	-	-	-	-	-	-
KP_NORM_BLD_2009_62172	aadA16	-	Gene presence detected	aminoglycoside antibiotic	KP_NORM_BLD_2009_62172__pl_3	65947	59557	60403	846	0	846	99.65%	100.00%	ARO:0000016	-	Kleborate	3.2.4	CARD	3.2.9	-	-	-	-	-	-	-	-	-	-	-	-
KP_NORM_BLD_2009_62172	aph3-Ia.v1	-	Gene presence detected	aminoglycoside antibiotic	KP_NORM_BLD_2009_62172__pl_1	218732	206019	206835	816	0	816	99.88%	100.00%	ARO:0000016	-	Kleborate	3.2.4	CARD	3.2.9	-	-	-	-	-	-	-	-	-	-	-	-
KP_NORM_BLD_2009_62172	strA.v1	-	Gene presence detected	aminoglycoside antibiotic	KP_NORM_BLD_2009_62172__pl_1	218732	208586	209390	804	0	804	99.88%	100.00%	ARO:0000016	-	Kleborate	3.2.4	CARD	3.2.9	-	-	-	-	-	-	-	-	-	-	-	-
KP_NORM_BLD_2009_62172	aac(6)-Ib-cr.v2	-	Gene presence detected	aminoglycoside antibiotic	KP_NORM_BLD_2009_62172__pl_2	149375	130745	131345	600	0	600	100.00%	100.00%	ARO:0000016	-	Kleborate	3.2.4	CARD	3.2.9	-	-	-	-	-	-	-	-	-	-	-	-
KP_NORM_BLD_2009_62172	aac(6)-Ib-cr.v2	-	Gene presence detected	aminoglycoside antibiotic	KP_NORM_BLD_2009_62172__pl_2	149375	130745	131345	600	0	600	100.00%	100.00%	ARO:0000016	-	Kleborate	3.2.4	CARD	3.2.9	-	-	-	-	-	-	-	-	-	-	-	-
KP_NORM_BLD_2009_62172	qnrB6	-	Gene presence detected	Fluoroquinolone antibiotic	KP_NORM_BLD_2009_62172__pl_3	65947	54169	54850	681	0	681	99.85%	100.00%	ARO:0000001	+	Kleborate	3.2.4	CARD	3.2.9	-	-	-	-	-	-	-	-	-	-	-	-
KP_NORM_BLD_2009_62172	aac(6)-Ib-cr.v2	-	Gene presence detected	Fluoroquinolone antibiotic	KP_NORM_BLD_2009_62172__pl_2	149375	130745	131345	600	0	600	100.00%	100.00%	ARO:0000016	-	Kleborate	3.2.4	CARD	3.2.9	-	-	-	-	-	-	-	-	-	-	-	-
KP_NORM_BLD_2009_62172	aac(6)-Ib-cr.v2	-	Gene presence detected	Fluoroquinolone antibiotic	KP_NORM_BLD_2009_62172__pl_2	149375	130745	131345	600	0	600	100.00%	100.00%	ARO:0000016	-	Kleborate	3.2.4	CARD	3.2.9	-	-	-	-	-	-	-	-	-	-	-	-
KP_NORM_BLD_2009_62172	arr-3	-	Gene presence detected	Rifamycin antibiotic	KP_NORM_BLD_2009_62172__pl_2	149375	130196	130649	453	0	453	100.00%	100.00%	ARO:3000157	-	Kleborate	3.2.4	CARD	3.2.9	-	-	-	-	-	-	-	-	-	-	-	-
KP_NORM_BLD_2009_62172	sul1	-	Gene presence detected	sulfonamide antibiotic	KP_NORM_BLD_2009_62172__pl_3	65947	58260	59100	840	0	840	100.00%	100.00%	ARO:3000282	-	Kleborate	3.2.4	CARD	3.2.9	-	-	-	-	-	-	-	-	-	-	-	-
KP_NORM_BLD_2009_62172	sul1	-	Gene presence detected	sulfonamide antibiotic	KP_NORM_BLD_2009_62172__pl_3	65947	58260	59100	840	0	840	100.00%	100.00%	ARO:3000282	-	Kleborate	3.2.4	CARD	3.2.9	-	-	-	-	-	-	-	-	-	-	-	-
KP_NORM_BLD_2009_62172	sul2	-	Gene presence detected	sulfonamide antibiotic	KP_NORM_BLD_2009_62172__pl_1	218732	209450	210266	816	0	816	99.63%	100.00%	ARO:3000282	-	Kleborate	3.2.4	CARD	3.2.9	-	-	-	-	-	-	-	-	-	-	-	-
KP_NORM_BLD_2009_62172	tet(A).v1	-	Gene presence detected	Tetracycline antibiotic	KP_NORM_BLD_2009_62172__pl_2	149375	6549	7824	1275	0	1275	99.37%	100.00%	ARO:3000050	+	Kleborate	3.2.4	CARD	3.2.9	-	-	-	-	-	-	-	-	-	-	-	-
KP_NORM_BLD_2009_62172	dfrA14.v2	-	Gene presence detected	Diaminopyrimidine antibiotic	KP_NORM_BLD_2009_62172__pl_1	218732	216411	216894	483	0	483	99.79%	100.00%	ARO:3000171	-	Kleborate	3.2.4	CARD	3.2.9	-	-	-	-	-	-	-	-	-	-	-	-
KP_NORM_BLD_2009_62172	OXA-1	-	Gene presence detected	penicillin beta-lactam	KP_NORM_BLD_2009_62172__pl_3	65947	3398	4229	831	0	831	100.00%	100.00%	ARO:3000008	-	Kleborate	3.2.4	CARD	3.2.9	-	-	-	-	-	-	-	-	-	-	-	-
KP_NORM_BLD_2009_62172	CTX-M-15	-	Gene presence detected	third-generation cephalosporin	KP_NORM_BLD_2009_62172__pl_3	65947	64433	65309	876	0	876	100.00%	100.00%	ARO:3009107	+	Kleborate	3.2.4	CARD	3.2.9	-	-	-	-	-	-	-	-	-	-	-	-
KP_NORM_BLD_2009_62172	SHV-1	-	Gene presence detected	penicillin beta-lactam	KP_NORM_BLD_2009_62172__chr	5309067	2716621	2717482	861	0	861	99.88%	100.00%	ARO:3000008	+	Kleborate	3.2.4	CARD	3.2.9	-	-	-	-	-	-	-	-	-	-	-	-
KP_NORM_BLD_2009_62172	catB3.v1	-	Gene presence detected	phenicol antibiotic	KP_NORM_BLD_2009_62172__pl_3	65947	2819	3261	633	0	442	100.00%	69.83%	ARO:3000387	-	Kleborate	3.2.4	CARD	3.2.9	-	-	-	-	-	-	-	-	-	-	-	-
KP_NORM_BLD_2009_62172	dfrA27	-	Gene presence detected	Diaminopyrimidine antibiotic	KP_NORM_BLD_2009_62172__pl_2	149375	129700	130064	474	0	364	100.00%	76.79%	ARO:3000171	-	Kleborate	3.2.4	CARD	3.2.9	-	-	-	-	-	-	-	-	-	-	-	-
KP_NORM_BLD_2009_62172	GyrA	p.Ser83Ile	Protein variant detected	fluoroquinolone antibiotic	KP_NORM_BLD_2009_62172__chr	5309067	1484037	1484397	360	0	360	99.44%	100.00%	ARO:0000001	+	Kleborate	3.2.4	CARD	3.2.9	-	-	-	-	-	-	-	-	-	-	-	-
KP_NORM_BLD_2009_62172	ParC	p.Ser80Ile	Protein variant detected	fluoroquinolone antibiotic	KP_NORM_BLD_2009_62172__chr	5309067	698921	699281	360	0	360	99.44%	100.00%	ARO:0000001	+	Kleborate	3.2.4	CARD	3.2.9	-	-	-	-	-	-	-	-	-	-	-	-
KP_NORM_BLD_2009_62777	strB.v1	-	Gene presence detected	aminoglycoside antibiotic	KP_NORM_BLD_2009_62777__pl_1	160118	107059	107896	837	0	837	100.00%	100.00%	ARO:0000016	+	Kleborate	3.2.4	CARD	3.2.9	-	-	-	-	-	-	-	-	-	-	-	-
KP_NORM_BLD_2009_62777	strA.v1	-	Gene presence detected	aminoglycoside antibiotic	KP_NORM_BLD_2009_62777__pl_1	160118	106256	107060	804	0	804	99.88%	100.00%	ARO:0000016	+	Kleborate	3.2.4	CARD	3.2.9	-	-	-	-	-	-	-	-	-	-	-	-
KP_NORM_BLD_2009_62777	aac(6)-Ib-cr.v2	-	Gene presence detected	aminoglycoside antibiotic	KP_NORM_BLD_2009_62777__pl_1	160118	94578	95178	600	0	600	100.00%	100.00%	ARO:0000016	+	Kleborate	3.2.4	CARD	3.2.9	-	-	-	-	-	-	-	-	-	-	-	-
KP_NORM_BLD_2009_62777	qnrB1.v2	-	Gene presence detected	Fluoroquinolone antibiotic	KP_NORM_BLD_2009_62777__pl_1	160118	81036	81716	681	0	681	99.85%	100.00%	ARO:0000001	-	Kleborate	3.2.4	CARD	3.2.9	-	-	-	-	-	-	-	-	-	-	-	-
KP_NORM_BLD_2009_62777	aac(6)-Ib-cr.v2	-	Gene presence detected	Fluoroquinolone antibiotic	KP_NORM_BLD_2009_62777__pl_1	160118	94578	95178	600	0	600	100.00%	100.00%	ARO:0000016	+	Kleborate	3.2.4	CARD	3.2.9	-	-	-	-	-	-	-	-	-	-	-	-
KP_NORM_BLD_2009_62777	sul2	-	Gene presence detected	sulfonamide antibiotic	KP_NORM_BLD_2009_62777__pl_1	160118	105380	106196	816	0	816	100.00%	100.00%	ARO:3000282	+	Kleborate	3.2.4	CARD	3.2.9	-	-	-	-	-	-	-	-	-	-	-	-
KP_NORM_BLD_2009_62777	tet(A).v1	-	Gene presence detected	Tetracycline antibiotic	KP_NORM_BLD_2009_62777__pl_1	160118	89908	91183	1275	0	1275	100.00%	100.00%	ARO:3000050	-	Kleborate	3.2.4	CARD	3.2.9	-	-	-	-	-	-	-	-	-	-	-	-
KP_NORM_BLD_2009_62777	dfrA14.v2	-	Gene presence detected	Diaminopyrimidine antibiotic	KP_NORM_BLD_2009_62777__pl_1	160118	77279	77762	483	0	483	99.79%	100.00%	ARO:3000171	-	Kleborate	3.2.4	CARD	3.2.9	-	-	-	-	-	-	-	-	-	-	-	-
KP_NORM_BLD_2009_62777	OXA-1	-	Gene presence detected	penicillin beta-lactam	KP_NORM_BLD_2009_62777__pl_1	160118	95308	96139	831	0	831	100.00%	100.00%	ARO:3000008	+	Kleborate	3.2.4	CARD	3.2.9	-	-	-	-	-	-	-	-	-	-	-	-
KP_NORM_BLD_2009_62777	CTX-M-15	-	Gene presence detected	third-generation cephalosporin	KP_NORM_BLD_2009_62777__pl_1	160118	100175	101051	876	0	876	100.00%	100.00%	ARO:3009107	-	Kleborate	3.2.4	CARD	3.2.9	-	-	-	-	-	-	-	-	-	-	-	-
KP_NORM_BLD_2009_62777	SHV-28	-	Gene presence detected	penicillin beta-lactam	KP_NORM_BLD_2009_62777__chr	5221832	2739259	2740120	861	0	861	99.88%	100.00%	ARO:3000008	+	Kleborate	3.2.4	CARD	3.2.9	-	-	-	-	-	-	-	-	-	-	-	-
KP_NORM_BLD_2009_62777	catB3.v1	-	Gene presence detected	phenicol antibiotic	KP_NORM_BLD_2009_62777__pl_1	160118	96276	96718	633	0	442	100.00%	69.83%	ARO:3000387	+	Kleborate	3.2.4	CARD	3.2.9	-	-	-	-	-	-	-	-	-	-	-	-
KP_NORM_BLD_2009_63475	aadA	-	Gene presence detected	aminoglycoside antibiotic	KP_NORM_BLD_2009_63475__pl_1	327108	118466	119434	972	0	972	99.59%	100.00%	ARO:0000016	+	Kleborate	3.2.4	CARD	3.2.9	-	-	-	-	-	-	-	-	-	-	-	-
KP_NORM_BLD_2009_63475	aadA	-	Gene presence detected	aminoglycoside antibiotic	KP_NORM_BLD_2009_63475__pl_1	327108	118466	119434	972	0	972	99.59%	100.00%	ARO:0000016	+	Kleborate	3.2.4	CARD	3.2.9	-	-	-	-	-	-	-	-	-	-	-	-
KP_NORM_BLD_2009_63475	sul1	-	Gene presence detected	sulfonamide antibiotic	KP_NORM_BLD_2009_63475__pl_3	118006	12625	13465	840	0	840	100.00%	100.00%	ARO:3000282	+	Kleborate	3.2.4	CARD	3.2.9	-	-	-	-	-	-	-	-	-	-	-	-
KP_NORM_BLD_2009_63475	sul1	-	Gene presence detected	sulfonamide antibiotic	KP_NORM_BLD_2009_63475__pl_3	118006	12625	13465	840	0	840	100.00%	100.00%	ARO:3000282	+	Kleborate	3.2.4	CARD	3.2.9	-	-	-	-	-	-	-	-	-	-	-	-
KP_NORM_BLD_2009_63475	SHV-2	-	Gene presence detected	third-generation cephalosporin	KP_NORM_BLD_2009_63475__pl_3	118006	19207	20068	861	0	861	99.88%	100.00%	ARO:3009107	+	Kleborate	3.2.4	CARD	3.2.9	-	-	-	-	-	-	-	-	-	-	-	-
KP_NORM_BLD_2009_63475	SHV-2	-	Gene presence detected	third-generation cephalosporin	KP_NORM_BLD_2009_63475__pl_3	118006	19207	20068	861	0	861	99.88%	100.00%	ARO:3009107	+	Kleborate	3.2.4	CARD	3.2.9	-	-	-	-	-	-	-	-	-	-	-	-
KP_NORM_BLD_2009_63475	SHV-33	-	Gene presence detected	penicillin beta-lactam	KP_NORM_BLD_2009_63475__chr	5286108	2727609	2728470	861	0	861	99.88%	100.00%	ARO:3000008	+	Kleborate	3.2.4	CARD	3.2.9	-	-	-	-	-	-	-	-	-	-	-	-
KP_NORM_BLD_2009_63475	SHV	p.Gly238Ser	Protein variant detected	penicillin beta-lactam	KP_NORM_BLD_2009_63475__pl_3	118006	19207	20068	861	0	861	99.88%	100.00%	ARO:3000008	+	Kleborate	3.2.4	CARD	3.2.9	-	-	-	-	-	-	-	-	-	-	-	-
KP_NORM_BLD_2009_63475	SHV	p.Gly238Ser	Protein variant detected	penicillin beta-lactam	KP_NORM_BLD_2009_63475__pl_3	118006	19207	20068	861	0	861	99.88%	100.00%	ARO:3000008	+	Kleborate	3.2.4	CARD	3.2.9	-	-	-	-	-	-	-	-	-	-	-	-
KP_NORM_BLD_2009_63807	Mrx	-	Gene presence detected	Macrolide antibiotic	KP_NORM_BLD_2009_63807__pl_1	216460	94878	96117	1239	0	1239	100.00%	100.00%	ARO:0000000	-	Kleborate	3.2.4	CARD	3.2.9	-	-	-	-	-	-	-	-	-	-	-	-
KP_NORM_BLD_2009_63807	mphA	-	Gene presence detected	Macrolide antibiotic	KP_NORM_BLD_2009_63807__pl_1	216460	96113	97019	906	0	906	100.00%	100.00%	ARO:0000000	-	Kleborate	3.2.4	CARD	3.2.9	-	-	-	-	-	-	-	-	-	-	-	-
KP_NORM_BLD_2009_63807	dfrA14.v2	-	Gene presence detected	Diaminopyrimidine antibiotic	KP_NORM_BLD_2009_63807__pl_1	216460	91925	92408	483	0	483	99.79%	100.00%	ARO:3000171	+	Kleborate	3.2.4	CARD	3.2.9	-	-	-	-	-	-	-	-	-	-	-	-
KP_NORM_BLD_2009_63807	CTX-M-15	-	Gene presence detected	third-generation cephalosporin	KP_NORM_BLD_2009_63807__chr	5192135	4973477	4974353	876	0	876	100.00%	100.00%	ARO:3009107	-	Kleborate	3.2.4	CARD	3.2.9	-	-	-	-	-	-	-	-	-	-	-	-
KP_NORM_BLD_2009_63807	SHV-11	-	Gene presence detected	penicillin beta-lactam	KP_NORM_BLD_2009_63807__chr	5192135	2724002	2724863	861	0	861	99.77%	100.00%	ARO:3000008	+	Kleborate	3.2.4	CARD	3.2.9	-	-	-	-	-	-	-	-	-	-	-	-
KP_NORM_BLD_2009_63807	SHV	p.Leu35Gln	Protein variant detected	penicillin beta-lactam	KP_NORM_BLD_2009_63807__chr	5192135	2724002	2724863	861	0	861	99.77%	100.00%	ARO:3000008	+	Kleborate	3.2.4	CARD	3.2.9	-	-	-	-	-	-	-	-	-	-	-	-
KP_NORM_BLD_2009_63807	GyrA	p.Ser83Tyr	Protein variant detected	fluoroquinolone antibiotic	KP_NORM_BLD_2009_63807__chr	5192135	1593216	1593576	360	0	360	99.72%	100.00%	ARO:0000001	+	Kleborate	3.2.4	CARD	3.2.9	-	-	-	-	-	-	-	-	-	-	-	-
KP_NORM_BLD_2010_70236	aac(3)-IIa.v1	-	Gene presence detected	aminoglycoside antibiotic	KP_NORM_BLD_2010_70236__pl_1	195784	57844	58705	861	0	861	99.77%	100.00%	ARO:0000016	+	Kleborate	3.2.4	CARD	3.2.9	-	-	-	-	-	-	-	-	-	-	-	-
KP_NORM_BLD_2010_70236	strB.v1	-	Gene presence detected	aminoglycoside antibiotic	KP_NORM_BLD_2010_70236__pl_1	195784	69136	69973	837	0	837	100.00%	100.00%	ARO:0000016	-	Kleborate	3.2.4	CARD	3.2.9	-	-	-	-	-	-	-	-	-	-	-	-
KP_NORM_BLD_2010_70236	strA.v1	-	Gene presence detected	aminoglycoside antibiotic	KP_NORM_BLD_2010_70236__pl_1	195784	69972	70776	804	0	804	99.88%	100.00%	ARO:0000016	-	Kleborate	3.2.4	CARD	3.2.9	-	-	-	-	-	-	-	-	-	-	-	-
KP_NORM_BLD_2010_70236	aac(6)-Ib-cr.v2	-	Gene presence detected	aminoglycoside antibiotic	KP_NORM_BLD_2010_70236__pl_1	195784	54841	55441	600	0	600	100.00%	100.00%	ARO:0000016	+	Kleborate	3.2.4	CARD	3.2.9	-	-	-	-	-	-	-	-	-	-	-	-
KP_NORM_BLD_2010_70236	qnrB1.v2	-	Gene presence detected	Fluoroquinolone antibiotic	KP_NORM_BLD_2010_70236__pl_1	195784	41315	41995	681	0	681	99.85%	100.00%	ARO:0000001	-	Kleborate	3.2.4	CARD	3.2.9	-	-	-	-	-	-	-	-	-	-	-	-
KP_NORM_BLD_2010_70236	aac(6)-Ib-cr.v2	-	Gene presence detected	Fluoroquinolone antibiotic	KP_NORM_BLD_2010_70236__pl_1	195784	54841	55441	600	0	600	100.00%	100.00%	ARO:0000016	+	Kleborate	3.2.4	CARD	3.2.9	-	-	-	-	-	-	-	-	-	-	-	-
KP_NORM_BLD_2010_70236	sul2	-	Gene presence detected	sulfonamide antibiotic	KP_NORM_BLD_2010_70236__pl_1	195784	70836	71652	816	0	816	100.00%	100.00%	ARO:3000282	-	Kleborate	3.2.4	CARD	3.2.9	-	-	-	-	-	-	-	-	-	-	-	-
KP_NORM_BLD_2010_70236	tet(A).v1	-	Gene presence detected	Tetracycline antibiotic	KP_NORM_BLD_2010_70236__pl_1	195784	50187	51462	1275	0	1275	100.00%	100.00%	ARO:3000050	-	Kleborate	3.2.4	CARD	3.2.9	-	-	-	-	-	-	-	-	-	-	-	-
KP_NORM_BLD_2010_70236	dfrA14.v2	-	Gene presence detected	Diaminopyrimidine antibiotic	KP_NORM_BLD_2010_70236__pl_1	195784	37550	38033	483	0	483	99.79%	100.00%	ARO:3000171	-	Kleborate	3.2.4	CARD	3.2.9	-	-	-	-	-	-	-	-	-	-	-	-
KP_NORM_BLD_2010_70236	OXA-1	-	Gene presence detected	penicillin beta-lactam	KP_NORM_BLD_2010_70236__pl_1	195784	55571	56402	831	0	831	100.00%	100.00%	ARO:3000008	+	Kleborate	3.2.4	CARD	3.2.9	-	-	-	-	-	-	-	-	-	-	-	-
KP_NORM_BLD_2010_70236	CTX-M-15	-	Gene presence detected	third-generation cephalosporin	KP_NORM_BLD_2010_70236__pl_1	195784	63858	64734	876	0	876	100.00%	100.00%	ARO:3009107	-	Kleborate	3.2.4	CARD	3.2.9	-	-	-	-	-	-	-	-	-	-	-	-
KP_NORM_BLD_2010_70236	SHV-32	-	Gene presence detected	penicillin beta-lactam	KP_NORM_BLD_2010_70236__chr	5315892	2772720	2773581	861	0	861	100.00%	100.00%	ARO:3000008	+	Kleborate	3.2.4	CARD	3.2.9	-	-	-	-	-	-	-	-	-	-	-	-
KP_NORM_BLD_2010_70236	catB3.v1	-	Gene presence detected	phenicol antibiotic	KP_NORM_BLD_2010_70236__pl_1	195784	56539	56981	633	0	442	100.00%	69.83%	ARO:3000387	+	Kleborate	3.2.4	CARD	3.2.9	-	-	-	-	-	-	-	-	-	-	-	-
KP_NORM_BLD_2010_70236	SHV	p.Gly156Asp	Protein variant detected	penicillin beta-lactam	KP_NORM_BLD_2010_70236__chr	5315892	2772720	2773581	861	0	861	100.00%	100.00%	ARO:3000008	+	Kleborate	3.2.4	CARD	3.2.9	-	-	-	-	-	-	-	-	-	-	-	-
KP_NORM_BLD_2010_70364	aac(3)-IIa.v1	-	Gene presence detected	aminoglycoside antibiotic	KP_NORM_BLD_2010_70364__pl_1	191062	84301	85162	861	0	861	99.77%	100.00%	ARO:0000016	-	Kleborate	3.2.4	CARD	3.2.9	-	-	-	-	-	-	-	-	-	-	-	-
KP_NORM_BLD_2010_70364	strB.v1	-	Gene presence detected	aminoglycoside antibiotic	KP_NORM_BLD_2010_70364__pl_1	191062	112002	112839	837	0	837	100.00%	100.00%	ARO:0000016	-	Kleborate	3.2.4	CARD	3.2.9	-	-	-	-	-	-	-	-	-	-	-	-
KP_NORM_BLD_2010_70364	strA.v1	-	Gene presence detected	aminoglycoside antibiotic	KP_NORM_BLD_2010_70364__pl_1	191062	112838	113642	804	0	804	99.88%	100.00%	ARO:0000016	-	Kleborate	3.2.4	CARD	3.2.9	-	-	-	-	-	-	-	-	-	-	-	-
KP_NORM_BLD_2010_70364	aac(6)-Ib-cr.v2	-	Gene presence detected	aminoglycoside antibiotic	KP_NORM_BLD_2010_70364__pl_1	191062	87565	88165	600	0	600	100.00%	100.00%	ARO:0000016	-	Kleborate	3.2.4	CARD	3.2.9	-	-	-	-	-	-	-	-	-	-	-	-
KP_NORM_BLD_2010_70364	qnrB1.v2	-	Gene presence detected	Fluoroquinolone antibiotic	KP_NORM_BLD_2010_70364__pl_1	191062	93663	94343	681	0	681	99.85%	100.00%	ARO:0000001	+	Kleborate	3.2.4	CARD	3.2.9	-	-	-	-	-	-	-	-	-	-	-	-
KP_NORM_BLD_2010_70364	aac(6)-Ib-cr.v2	-	Gene presence detected	Fluoroquinolone antibiotic	KP_NORM_BLD_2010_70364__pl_1	191062	87565	88165	600	0	600	100.00%	100.00%	ARO:0000016	-	Kleborate	3.2.4	CARD	3.2.9	-	-	-	-	-	-	-	-	-	-	-	-
KP_NORM_BLD_2010_70364	sul2	-	Gene presence detected	sulfonamide antibiotic	KP_NORM_BLD_2010_70364__pl_1	191062	113702	114518	816	0	816	100.00%	100.00%	ARO:3000282	-	Kleborate	3.2.4	CARD	3.2.9	-	-	-	-	-	-	-	-	-	-	-	-
KP_NORM_BLD_2010_70364	dfrA14.v2	-	Gene presence detected	Diaminopyrimidine antibiotic	KP_NORM_BLD_2010_70364__pl_1	191062	97625	98108	483	0	483	99.79%	100.00%	ARO:3000171	+	Kleborate	3.2.4	CARD	3.2.9	-	-	-	-	-	-	-	-	-	-	-	-
KP_NORM_BLD_2010_70364	OXA-1	-	Gene presence detected	penicillin beta-lactam	KP_NORM_BLD_2010_70364__pl_1	191062	86604	87435	831	0	831	100.00%	100.00%	ARO:3000008	-	Kleborate	3.2.4	CARD	3.2.9	-	-	-	-	-	-	-	-	-	-	-	-
KP_NORM_BLD_2010_70364	CTX-M-15	-	Gene presence detected	third-generation cephalosporin	KP_NORM_BLD_2010_70364__pl_1	191062	106724	107600	876	0	876	100.00%	100.00%	ARO:3009107	-	Kleborate	3.2.4	CARD	3.2.9	-	-	-	-	-	-	-	-	-	-	-	-
KP_NORM_BLD_2010_70364	SHV-11	-	Gene presence detected	penicillin beta-lactam	KP_NORM_BLD_2010_70364__chr	5231088	2689910	2690771	861	0	861	99.88%	100.00%	ARO:3000008	+	Kleborate	3.2.4	CARD	3.2.9	-	-	-	-	-	-	-	-	-	-	-	-
KP_NORM_BLD_2010_70364	catB3.v1	-	Gene presence detected	phenicol antibiotic	KP_NORM_BLD_2010_70364__pl_1	191062	86025	86467	633	0	442	100.00%	69.83%	ARO:3000387	-	Kleborate	3.2.4	CARD	3.2.9	-	-	-	-	-	-	-	-	-	-	-	-
KP_NORM_BLD_2010_70364	SHV	p.Leu35Gln	Protein variant detected	penicillin beta-lactam	KP_NORM_BLD_2010_70364__chr	5231088	2689910	2690771	861	0	861	99.88%	100.00%	ARO:3000008	+	Kleborate	3.2.4	CARD	3.2.9	-	-	-	-	-	-	-	-	-	-	-	-
KP_NORM_BLD_2010_71621	aac(3)-IId	-	Gene presence detected	aminoglycoside antibiotic	KP_NORM_BLD_2010_71621__pl_2	82998	15363	16224	861	0	861	99.88%	100.00%	ARO:0000016	-	Kleborate	3.2.4	CARD	3.2.9	-	-	-	-	-	-	-	-	-	-	-	-
KP_NORM_BLD_2010_71621	strB.v1	-	Gene presence detected	aminoglycoside antibiotic	KP_NORM_BLD_2010_71621__pl_2	82998	25967	26804	837	0	837	100.00%	100.00%	ARO:0000016	+	Kleborate	3.2.4	CARD	3.2.9	-	-	-	-	-	-	-	-	-	-	-	-
KP_NORM_BLD_2010_71621	strA.v1	-	Gene presence detected	aminoglycoside antibiotic	KP_NORM_BLD_2010_71621__pl_2	82998	25164	25968	804	0	804	100.00%	100.00%	ARO:0000016	+	Kleborate	3.2.4	CARD	3.2.9	-	-	-	-	-	-	-	-	-	-	-	-
KP_NORM_BLD_2010_71621	qnrS1	-	Gene presence detected	Fluoroquinolone antibiotic	KP_NORM_BLD_2010_71621__pl_2	82998	73720	74377	657	0	657	100.00%	100.00%	ARO:0000001	+	Kleborate	3.2.4	CARD	3.2.9	-	-	-	-	-	-	-	-	-	-	-	-
KP_NORM_BLD_2010_71621	tet(A).v1	-	Gene presence detected	Tetracycline antibiotic	KP_NORM_BLD_2010_71621__pl_2	82998	28693	29968	1275	0	1275	100.00%	100.00%	ARO:3000050	+	Kleborate	3.2.4	CARD	3.2.9	-	-	-	-	-	-	-	-	-	-	-	-
KP_NORM_BLD_2010_71621	dfrA14.v2	-	Gene presence detected	Diaminopyrimidine antibiotic	KP_NORM_BLD_2010_71621__pl_2	82998	71830	72313	483	0	483	99.79%	100.00%	ARO:3000171	+	Kleborate	3.2.4	CARD	3.2.9	-	-	-	-	-	-	-	-	-	-	-	-
KP_NORM_BLD_2010_71621	SHV-12	-	Gene presence detected	third-generation cephalosporin	KP_NORM_BLD_2010_71621__pl_2	82998	7465	8326	861	0	861	100.00%	100.00%	ARO:3009107	+	Kleborate	3.2.4	CARD	3.2.9	-	-	-	-	-	-	-	-	-	-	-	-
KP_NORM_BLD_2010_71621	SHV-11	-	Gene presence detected	penicillin beta-lactam	KP_NORM_BLD_2010_71621__chr	5316617	2691422	2692283	861	0	861	99.88%	100.00%	ARO:3000008	+	Kleborate	3.2.4	CARD	3.2.9	-	-	-	-	-	-	-	-	-	-	-	-
KP_NORM_BLD_2010_71621	SHV	p.Leu35Gln	Protein variant detected	penicillin beta-lactam	KP_NORM_BLD_2010_71621__pl_2	82998	7465	8326	861	0	861	100.00%	100.00%	ARO:3000008	+	Kleborate	3.2.4	CARD	3.2.9	-	-	-	-	-	-	-	-	-	-	-	-
KP_NORM_BLD_2010_71621	SHV	p.Gly238Ser	Protein variant detected	penicillin beta-lactam	KP_NORM_BLD_2010_71621__pl_2	82998	7465	8326	861	0	861	100.00%	100.00%	ARO:3000008	+	Kleborate	3.2.4	CARD	3.2.9	-	-	-	-	-	-	-	-	-	-	-	-
KP_NORM_BLD_2010_71621	SHV	p.Glu240Lys	Protein variant detected	penicillin beta-lactam	KP_NORM_BLD_2010_71621__pl_2	82998	7465	8326	861	0	861	100.00%	100.00%	ARO:3000008	+	Kleborate	3.2.4	CARD	3.2.9	-	-	-	-	-	-	-	-	-	-	-	-
KP_NORM_BLD_2010_71621	SHV	p.Leu35Gln	Protein variant detected	penicillin beta-lactam	KP_NORM_BLD_2010_71621__pl_2	82998	7465	8326	861	0	861	100.00%	100.00%	ARO:3000008	+	Kleborate	3.2.4	CARD	3.2.9	-	-	-	-	-	-	-	-	-	-	-	-
KP_NORM_BLD_2010_71621	GyrA	p.Ser83Ile	Protein variant detected	fluoroquinolone antibiotic	KP_NORM_BLD_2010_71621__chr	5316617	1592250	1592610	360	0	360	99.44%	100.00%	ARO:0000001	+	Kleborate	3.2.4	CARD	3.2.9	-	-	-	-	-	-	-	-	-	-	-	-
KP_NORM_BLD_2010_71621	ParC	p.Ser80Ile	Protein variant detected	fluoroquinolone antibiotic	KP_NORM_BLD_2010_71621__chr	5316617	706318	706678	360	0	360	99.72%	100.00%	ARO:0000001	+	Kleborate	3.2.4	CARD	3.2.9	-	-	-	-	-	-	-	-	-	-	-	-
KP_NORM_BLD_2011_74838	aac(3)-IId	-	Gene presence detected	aminoglycoside antibiotic	KP_NORM_BLD_2011_74838__pl_3	62059	50159	51020	861	0	861	99.88%	100.00%	ARO:0000016	+	Kleborate	3.2.4	CARD	3.2.9	-	-	-	-	-	-	-	-	-	-	-	-
KP_NORM_BLD_2011_74838	qnrS1	-	Gene presence detected	Fluoroquinolone antibiotic	KP_NORM_BLD_2011_74838__pl_3	62059	58255	58912	657	0	657	100.00%	100.00%	ARO:0000001	-	Kleborate	3.2.4	CARD	3.2.9	-	-	-	-	-	-	-	-	-	-	-	-
KP_NORM_BLD_2011_74838	SHV-12	-	Gene presence detected	third-generation cephalosporin	KP_NORM_BLD_2011_74838__pl_3	62059	40224	41085	861	0	861	100.00%	100.00%	ARO:3009107	+	Kleborate	3.2.4	CARD	3.2.9	-	-	-	-	-	-	-	-	-	-	-	-
KP_NORM_BLD_2011_74838	SHV-1	-	Gene presence detected	penicillin beta-lactam	KP_NORM_BLD_2011_74838__chr	5233598	2731863	2732724	861	0	861	100.00%	100.00%	ARO:3000008	+	Kleborate	3.2.4	CARD	3.2.9	-	-	-	-	-	-	-	-	-	-	-	-
KP_NORM_BLD_2011_74838	SHV	p.Leu35Gln	Protein variant detected	penicillin beta-lactam	KP_NORM_BLD_2011_74838__pl_3	62059	40224	41085	861	0	861	100.00%	100.00%	ARO:3000008	+	Kleborate	3.2.4	CARD	3.2.9	-	-	-	-	-	-	-	-	-	-	-	-
KP_NORM_BLD_2011_74838	SHV	p.Gly238Ser	Protein variant detected	penicillin beta-lactam	KP_NORM_BLD_2011_74838__pl_3	62059	40224	41085	861	0	861	100.00%	100.00%	ARO:3000008	+	Kleborate	3.2.4	CARD	3.2.9	-	-	-	-	-	-	-	-	-	-	-	-
KP_NORM_BLD_2011_74838	SHV	p.Glu240Lys	Protein variant detected	penicillin beta-lactam	KP_NORM_BLD_2011_74838__pl_3	62059	40224	41085	861	0	861	100.00%	100.00%	ARO:3000008	+	Kleborate	3.2.4	CARD	3.2.9	-	-	-	-	-	-	-	-	-	-	-	-
KP_NORM_BLD_2011_75117	aac(3)-IIa.v1	-	Gene presence detected	aminoglycoside antibiotic	KP_NORM_BLD_2011_75117__pl_2	203961	199277	200138	861	0	861	100.00%	100.00%	ARO:0000016	-	Kleborate	3.2.4	CARD	3.2.9	-	-	-	-	-	-	-	-	-	-	-	-
KP_NORM_BLD_2011_75117	aph(3)-Ia	-	Gene presence detected	aminoglycoside antibiotic	KP_NORM_BLD_2011_75117__pl_2	203961	192186	193002	816	0	816	99.51%	100.00%	ARO:0000016	-	Kleborate	3.2.4	CARD	3.2.9	-	-	-	-	-	-	-	-	-	-	-	-
KP_NORM_BLD_2011_75117	aadA	-	Gene presence detected	aminoglycoside antibiotic	KP_NORM_BLD_2011_75117__pl_2	203961	62220	63012	792	0	792	99.75%	100.00%	ARO:0000016	-	Kleborate	3.2.4	CARD	3.2.9	-	-	-	-	-	-	-	-	-	-	-	-
KP_NORM_BLD_2011_75117	qnrA1	-	Gene presence detected	Fluoroquinolone antibiotic	KP_NORM_BLD_2011_75117__pl_2	203961	58010	58667	657	0	657	99.85%	100.00%	ARO:0000001	-	Kleborate	3.2.4	CARD	3.2.9	-	-	-	-	-	-	-	-	-	-	-	-
KP_NORM_BLD_2011_75117	floR.v2	-	Gene presence detected	phenicol antibiotic	KP_NORM_BLD_2011_75117__pl_2	203961	146079	147294	1215	0	1215	99.92%	100.00%	ARO:3000387	-	Kleborate	3.2.4	CARD	3.2.9	-	-	-	-	-	-	-	-	-	-	-	-
KP_NORM_BLD_2011_75117	catA1	-	Gene presence detected	phenicol antibiotic	KP_NORM_BLD_2011_75117__pl_2	203961	11365	12025	660	0	660	99.55%	100.00%	ARO:3000387	-	Kleborate	3.2.4	CARD	3.2.9	-	-	-	-	-	-	-	-	-	-	-	-
KP_NORM_BLD_2011_75117	arr-2	-	Gene presence detected	Rifamycin antibiotic	KP_NORM_BLD_2011_75117__pl_2	203961	64124	64577	453	0	453	100.00%	100.00%	ARO:3000157	-	Kleborate	3.2.4	CARD	3.2.9	-	-	-	-	-	-	-	-	-	-	-	-
KP_NORM_BLD_2011_75117	sul1	-	Gene presence detected	sulfonamide antibiotic	KP_NORM_BLD_2011_75117__pl_2	203961	55519	56359	840	0	840	100.00%	100.00%	ARO:3000282	-	Kleborate	3.2.4	CARD	3.2.9	-	-	-	-	-	-	-	-	-	-	-	-
KP_NORM_BLD_2011_75117	sul1	-	Gene presence detected	sulfonamide antibiotic	KP_NORM_BLD_2011_75117__pl_2	203961	55519	56359	840	0	840	100.00%	100.00%	ARO:3000282	-	Kleborate	3.2.4	CARD	3.2.9	-	-	-	-	-	-	-	-	-	-	-	-
KP_NORM_BLD_2011_75117	sul1	-	Gene presence detected	sulfonamide antibiotic	KP_NORM_BLD_2011_75117__pl_2	203961	55519	56359	840	0	840	100.00%	100.00%	ARO:3000282	-	Kleborate	3.2.4	CARD	3.2.9	-	-	-	-	-	-	-	-	-	-	-	-
KP_NORM_BLD_2011_75117	sul1	-	Gene presence detected	sulfonamide antibiotic	KP_NORM_BLD_2011_75117__pl_2	203961	55519	56359	840	0	840	100.00%	100.00%	ARO:3000282	-	Kleborate	3.2.4	CARD	3.2.9	-	-	-	-	-	-	-	-	-	-	-	-
KP_NORM_BLD_2011_75117	sul2	-	Gene presence detected	sulfonamide antibiotic	KP_NORM_BLD_2011_75117__pl_2	203961	142761	143577	816	0	816	100.00%	100.00%	ARO:3000282	+	Kleborate	3.2.4	CARD	3.2.9	-	-	-	-	-	-	-	-	-	-	-	-
KP_NORM_BLD_2011_75117	tet(D)	-	Gene presence detected	Tetracycline antibiotic	KP_NORM_BLD_2011_75117__pl_1	216544	69486	70671	1185	0	1185	100.00%	100.00%	ARO:3000050	-	Kleborate	3.2.4	CARD	3.2.9	-	-	-	-	-	-	-	-	-	-	-	-
KP_NORM_BLD_2011_75117	tet(D)	-	Gene presence detected	Tetracycline antibiotic	KP_NORM_BLD_2011_75117__pl_1	216544	69486	70671	1185	0	1185	100.00%	100.00%	ARO:3000050	-	Kleborate	3.2.4	CARD	3.2.9	-	-	-	-	-	-	-	-	-	-	-	-
KP_NORM_BLD_2011_75117	dfrA14.v2	-	Gene presence detected	Diaminopyrimidine antibiotic	KP_NORM_BLD_2011_75117__pl_2	203961	64687	65170	483	0	483	99.79%	100.00%	ARO:3000171	-	Kleborate	3.2.4	CARD	3.2.9	-	-	-	-	-	-	-	-	-	-	-	-
KP_NORM_BLD_2011_75117	dfrA5	-	Gene presence detected	Diaminopyrimidine antibiotic	KP_NORM_BLD_2011_75117__pl_2	203961	6573	7047	474	0	474	100.00%	100.00%	ARO:3000171	-	Kleborate	3.2.4	CARD	3.2.9	-	-	-	-	-	-	-	-	-	-	-	-
KP_NORM_BLD_2011_75117	dfrA7	-	Gene presence detected	Diaminopyrimidine antibiotic	KP_NORM_BLD_2011_75117__pl_1	216544	58036	58510	474	0	474	100.00%	100.00%	ARO:3000171	+	Kleborate	3.2.4	CARD	3.2.9	-	-	-	-	-	-	-	-	-	-	-	-
KP_NORM_BLD_2011_75117	SCO-1	-	Gene presence detected	penicillin beta-lactam	KP_NORM_BLD_2011_75117__pl_2	203961	48259	49126	867	0	867	100.00%	100.00%	ARO:3000008	+	Kleborate	3.2.4	CARD	3.2.9	-	-	-	-	-	-	-	-	-	-	-	-
KP_NORM_BLD_2011_75117	OXA-10	-	Gene presence detected	penicillin beta-lactam	KP_NORM_BLD_2011_75117__pl_2	203961	63028	63829	801	0	801	100.00%	100.00%	ARO:3000008	-	Kleborate	3.2.4	CARD	3.2.9	-	-	-	-	-	-	-	-	-	-	-	-
KP_NORM_BLD_2011_75117	CTX-M-15	-	Gene presence detected	third-generation cephalosporin	KP_NORM_BLD_2011_75117__pl_2	203961	0	876	876	0	876	100.00%	100.00%	ARO:3009107	+	Kleborate	3.2.4	CARD	3.2.9	-	-	-	-	-	-	-	-	-	-	-	-
KP_NORM_BLD_2011_75117	SHV-1	-	Gene presence detected	penicillin beta-lactam	KP_NORM_BLD_2011_75117__chr	5472811	2770414	2771275	861	0	861	100.00%	100.00%	ARO:3000008	+	Kleborate	3.2.4	CARD	3.2.9	-	-	-	-	-	-	-	-	-	-	-	-
KP_NORM_BLD_2011_75117	SHV-1	-	Gene presence detected	penicillin beta-lactam	KP_NORM_BLD_2011_75117__chr	5472811	2770414	2771275	861	0	861	100.00%	100.00%	ARO:3000008	+	Kleborate	3.2.4	CARD	3.2.9	-	-	-	-	-	-	-	-	-	-	-	-
KP_NORM_BLD_2011_75461	strB.v1	-	Gene presence detected	aminoglycoside antibiotic	KP_NORM_BLD_2011_75461__pl_1	353478	184055	184892	837	0	837	100.00%	100.00%	ARO:0000016	-	Kleborate	3.2.4	CARD	3.2.9	-	-	-	-	-	-	-	-	-	-	-	-
KP_NORM_BLD_2011_75461	aph3-Ia.v1	-	Gene presence detected	aminoglycoside antibiotic	KP_NORM_BLD_2011_75461__pl_1	353478	87025	87841	816	0	816	99.88%	100.00%	ARO:0000016	+	Kleborate	3.2.4	CARD	3.2.9	-	-	-	-	-	-	-	-	-	-	-	-
KP_NORM_BLD_2011_75461	aac(3)-IIg	-	Gene presence detected	aminoglycoside antibiotic	KP_NORM_BLD_2011_75461__pl_1	353478	22376	23186	810	0	810	100.00%	100.00%	ARO:0000016	+	Kleborate	3.2.4	CARD	3.2.9	-	-	-	-	-	-	-	-	-	-	-	-
KP_NORM_BLD_2011_75461	strA.v1	-	Gene presence detected	aminoglycoside antibiotic	KP_NORM_BLD_2011_75461__pl_1	353478	184891	185695	804	0	804	100.00%	100.00%	ARO:0000016	-	Kleborate	3.2.4	CARD	3.2.9	-	-	-	-	-	-	-	-	-	-	-	-
KP_NORM_BLD_2011_75461	aadA	-	Gene presence detected	aminoglycoside antibiotic	KP_NORM_BLD_2011_75461__pl_3	49136	7090	7882	792	0	792	99.75%	100.00%	ARO:0000016	+	Kleborate	3.2.4	CARD	3.2.9	-	-	-	-	-	-	-	-	-	-	-	-
KP_NORM_BLD_2011_75461	aadA2	-	Gene presence detected	aminoglycoside antibiotic	KP_NORM_BLD_2011_75461__pl_3	49136	4697	5477	780	0	780	100.00%	100.00%	ARO:0000016	+	Kleborate	3.2.4	CARD	3.2.9	-	-	-	-	-	-	-	-	-	-	-	-
KP_NORM_BLD_2011_75461	aac(6)-Ib-cr.v2	-	Gene presence detected	aminoglycoside antibiotic	KP_NORM_BLD_2011_75461__pl_1	353478	75562	76162	600	0	600	99.83%	100.00%	ARO:0000016	+	Kleborate	3.2.4	CARD	3.2.9	-	-	-	-	-	-	-	-	-	-	-	-
KP_NORM_BLD_2011_75461	aac(6)-Ib-cr.v2	-	Gene presence detected	aminoglycoside antibiotic	KP_NORM_BLD_2011_75461__pl_1	353478	75562	76162	600	0	600	99.83%	100.00%	ARO:0000016	+	Kleborate	3.2.4	CARD	3.2.9	-	-	-	-	-	-	-	-	-	-	-	-
KP_NORM_BLD_2011_75461	aac(6)-Ib-cr.v2	-	Gene presence detected	aminoglycoside antibiotic	KP_NORM_BLD_2011_75461__pl_1	353478	75562	76162	600	0	600	99.83%	100.00%	ARO:0000016	+	Kleborate	3.2.4	CARD	3.2.9	-	-	-	-	-	-	-	-	-	-	-	-
KP_NORM_BLD_2011_75461	aac(6)-IIc	-	Gene presence detected	aminoglycoside antibiotic	KP_NORM_BLD_2011_75461__pl_1	353478	19710	20292	582	0	582	100.00%	100.00%	ARO:0000016	+	Kleborate	3.2.4	CARD	3.2.9	-	-	-	-	-	-	-	-	-	-	-	-
KP_NORM_BLD_2011_75461	mcr-9.1	-	Gene presence detected	peptide antibiotic	KP_NORM_BLD_2011_75461__pl_1	353478	172541	174161	1620	0	1620	100.00%	100.00%	ARO:3000053	+	Kleborate	3.2.4	CARD	3.2.9	-	-	-	-	-	-	-	-	-	-	-	-
KP_NORM_BLD_2011_75461	qnrB4	-	Gene presence detected	Fluoroquinolone antibiotic	KP_NORM_BLD_2011_75461__pl_1	353478	35728	36376	648	0	648	100.00%	100.00%	ARO:0000001	-	Kleborate	3.2.4	CARD	3.2.9	-	-	-	-	-	-	-	-	-	-	-	-
KP_NORM_BLD_2011_75461	aac(6)-Ib-cr.v2	-	Gene presence detected	Fluoroquinolone antibiotic	KP_NORM_BLD_2011_75461__pl_1	353478	75562	76162	600	0	600	99.83%	100.00%	ARO:0000016	+	Kleborate	3.2.4	CARD	3.2.9	-	-	-	-	-	-	-	-	-	-	-	-
KP_NORM_BLD_2011_75461	aac(6)-Ib-cr.v2	-	Gene presence detected	Fluoroquinolone antibiotic	KP_NORM_BLD_2011_75461__pl_1	353478	75562	76162	600	0	600	99.83%	100.00%	ARO:0000016	+	Kleborate	3.2.4	CARD	3.2.9	-	-	-	-	-	-	-	-	-	-	-	-
KP_NORM_BLD_2011_75461	aac(6)-Ib-cr.v2	-	Gene presence detected	Fluoroquinolone antibiotic	KP_NORM_BLD_2011_75461__pl_1	353478	75562	76162	600	0	600	99.83%	100.00%	ARO:0000016	+	Kleborate	3.2.4	CARD	3.2.9	-	-	-	-	-	-	-	-	-	-	-	-
KP_NORM_BLD_2011_75461	Mrx	-	Gene presence detected	Macrolide antibiotic	KP_NORM_BLD_2011_75461__pl_1	353478	83908	85147	1239	0	1239	100.00%	100.00%	ARO:0000000	-	Kleborate	3.2.4	CARD	3.2.9	-	-	-	-	-	-	-	-	-	-	-	-
KP_NORM_BLD_2011_75461	mphA	-	Gene presence detected	Macrolide antibiotic	KP_NORM_BLD_2011_75461__pl_1	353478	85143	86049	906	0	906	100.00%	100.00%	ARO:0000000	-	Kleborate	3.2.4	CARD	3.2.9	-	-	-	-	-	-	-	-	-	-	-	-
KP_NORM_BLD_2011_75461	cmlA1	-	Gene presence detected	phenicol antibiotic	KP_NORM_BLD_2011_75461__pl_3	49136	5738	6998	1260	0	1260	99.92%	100.00%	ARO:3000387	+	Kleborate	3.2.4	CARD	3.2.9	-	-	-	-	-	-	-	-	-	-	-	-
KP_NORM_BLD_2011_75461	catB3.v2	-	Gene presence detected	phenicol antibiotic	KP_NORM_BLD_2011_75461__pl_1	353478	59370	60003	633	0	633	100.00%	100.00%	ARO:3000387	+	Kleborate	3.2.4	CARD	3.2.9	-	-	-	-	-	-	-	-	-	-	-	-
KP_NORM_BLD_2011_75461	catB3.v2	-	Gene presence detected	phenicol antibiotic	KP_NORM_BLD_2011_75461__pl_1	353478	59370	60003	633	0	633	100.00%	100.00%	ARO:3000387	+	Kleborate	3.2.4	CARD	3.2.9	-	-	-	-	-	-	-	-	-	-	-	-
KP_NORM_BLD_2011_75461	catB3.v2	-	Gene presence detected	phenicol antibiotic	KP_NORM_BLD_2011_75461__pl_1	353478	59370	60003	633	0	633	100.00%	100.00%	ARO:3000387	+	Kleborate	3.2.4	CARD	3.2.9	-	-	-	-	-	-	-	-	-	-	-	-
KP_NORM_BLD_2011_75461	arr-3	-	Gene presence detected	Rifamycin antibiotic	KP_NORM_BLD_2011_75461__pl_1	353478	77977	78430	453	0	453	100.00%	100.00%	ARO:3000157	+	Kleborate	3.2.4	CARD	3.2.9	-	-	-	-	-	-	-	-	-	-	-	-
KP_NORM_BLD_2011_75461	arr-3	-	Gene presence detected	Rifamycin antibiotic	KP_NORM_BLD_2011_75461__pl_1	353478	77977	78430	453	0	453	100.00%	100.00%	ARO:3000157	+	Kleborate	3.2.4	CARD	3.2.9	-	-	-	-	-	-	-	-	-	-	-	-
KP_NORM_BLD_2011_75461	arr-3	-	Gene presence detected	Rifamycin antibiotic	KP_NORM_BLD_2011_75461__pl_1	353478	77977	78430	453	0	453	100.00%	100.00%	ARO:3000157	+	Kleborate	3.2.4	CARD	3.2.9	-	-	-	-	-	-	-	-	-	-	-	-
KP_NORM_BLD_2011_75461	sul1	-	Gene presence detected	sulfonamide antibiotic	KP_NORM_BLD_2011_75461__pl_1	353478	43212	44052	840	0	840	100.00%	100.00%	ARO:3000282	+	Kleborate	3.2.4	CARD	3.2.9	-	-	-	-	-	-	-	-	-	-	-	-
KP_NORM_BLD_2011_75461	sul1	-	Gene presence detected	sulfonamide antibiotic	KP_NORM_BLD_2011_75461__pl_1	353478	43212	44052	840	0	840	100.00%	100.00%	ARO:3000282	+	Kleborate	3.2.4	CARD	3.2.9	-	-	-	-	-	-	-	-	-	-	-	-
KP_NORM_BLD_2011_75461	sul1	-	Gene presence detected	sulfonamide antibiotic	KP_NORM_BLD_2011_75461__pl_1	353478	43212	44052	840	0	840	100.00%	100.00%	ARO:3000282	+	Kleborate	3.2.4	CARD	3.2.9	-	-	-	-	-	-	-	-	-	-	-	-
KP_NORM_BLD_2011_75461	sul1	-	Gene presence detected	sulfonamide antibiotic	KP_NORM_BLD_2011_75461__pl_1	353478	43212	44052	840	0	840	100.00%	100.00%	ARO:3000282	+	Kleborate	3.2.4	CARD	3.2.9	-	-	-	-	-	-	-	-	-	-	-	-
KP_NORM_BLD_2011_75461	sul1	-	Gene presence detected	sulfonamide antibiotic	KP_NORM_BLD_2011_75461__pl_1	353478	43212	44052	840	0	840	100.00%	100.00%	ARO:3000282	+	Kleborate	3.2.4	CARD	3.2.9	-	-	-	-	-	-	-	-	-	-	-	-
KP_NORM_BLD_2011_75461	sul1	-	Gene presence detected	sulfonamide antibiotic	KP_NORM_BLD_2011_75461__pl_1	353478	43212	44052	840	0	840	100.00%	100.00%	ARO:3000282	+	Kleborate	3.2.4	CARD	3.2.9	-	-	-	-	-	-	-	-	-	-	-	-
KP_NORM_BLD_2011_75461	tet(A).v1	-	Gene presence detected	Tetracycline antibiotic	KP_NORM_BLD_2011_75461__pl_3	49136	29231	30506	1275	0	1275	99.37%	100.00%	ARO:3000050	-	Kleborate	3.2.4	CARD	3.2.9	-	-	-	-	-	-	-	-	-	-	-	-
KP_NORM_BLD_2011_75461	dfrA19	-	Gene presence detected	Diaminopyrimidine antibiotic	KP_NORM_BLD_2011_75461__pl_1	353478	187468	188038	570	0	570	99.82%	100.00%	ARO:3000171	-	Kleborate	3.2.4	CARD	3.2.9	-	-	-	-	-	-	-	-	-	-	-	-
KP_NORM_BLD_2011_75461	DHA-7	-	Gene presence detected	penicillin beta-lactam	KP_NORM_BLD_2011_75461__pl_1	353478	40496	41636	1140	0	1140	100.00%	100.00%	ARO:3000008	-	Kleborate	3.2.4	CARD	3.2.9	-	-	-	-	-	-	-	-	-	-	-	-
KP_NORM_BLD_2011_75461	OXA-1	-	Gene presence detected	penicillin beta-lactam	KP_NORM_BLD_2011_75461__pl_1	353478	76292	77123	831	0	831	100.00%	100.00%	ARO:3000008	+	Kleborate	3.2.4	CARD	3.2.9	-	-	-	-	-	-	-	-	-	-	-	-
KP_NORM_BLD_2011_75461	OXA-1	-	Gene presence detected	penicillin beta-lactam	KP_NORM_BLD_2011_75461__pl_1	353478	76292	77123	831	0	831	100.00%	100.00%	ARO:3000008	+	Kleborate	3.2.4	CARD	3.2.9	-	-	-	-	-	-	-	-	-	-	-	-
KP_NORM_BLD_2011_75461	OXA-1	-	Gene presence detected	penicillin beta-lactam	KP_NORM_BLD_2011_75461__pl_1	353478	76292	77123	831	0	831	100.00%	100.00%	ARO:3000008	+	Kleborate	3.2.4	CARD	3.2.9	-	-	-	-	-	-	-	-	-	-	-	-
KP_NORM_BLD_2011_75461	SHV-12	-	Gene presence detected	third-generation cephalosporin	KP_NORM_BLD_2011_75461__pl_1	353478	49039	49900	861	0	861	100.00%	100.00%	ARO:3009107	-	Kleborate	3.2.4	CARD	3.2.9	-	-	-	-	-	-	-	-	-	-	-	-
KP_NORM_BLD_2011_75461	SHV-12	-	Gene presence detected	third-generation cephalosporin	KP_NORM_BLD_2011_75461__pl_1	353478	49039	49900	861	0	861	100.00%	100.00%	ARO:3009107	-	Kleborate	3.2.4	CARD	3.2.9	-	-	-	-	-	-	-	-	-	-	-	-
KP_NORM_BLD_2011_75461	SHV-12	-	Gene presence detected	third-generation cephalosporin	KP_NORM_BLD_2011_75461__pl_1	353478	49039	49900	861	0	861	100.00%	100.00%	ARO:3009107	-	Kleborate	3.2.4	CARD	3.2.9	-	-	-	-	-	-	-	-	-	-	-	-
KP_NORM_BLD_2011_75461	SHV-11	-	Gene presence detected	penicillin beta-lactam	KP_NORM_BLD_2011_75461__chr	5172910	2634897	2635758	861	0	861	99.88%	100.00%	ARO:3000008	+	Kleborate	3.2.4	CARD	3.2.9	-	-	-	-	-	-	-	-	-	-	-	-
KP_NORM_BLD_2011_75461	ereA2	-	Gene presence detected	Macrolide antibiotic	KP_NORM_BLD_2011_75461__pl_1	353478	24605	25648	1227	184	1227	100.00%	85.00%	ARO:0000000	+	Kleborate	3.2.4	CARD	3.2.9	-	-	-	-	-	-	-	-	-	-	-	-
KP_NORM_BLD_2011_75461	aac(6)-Ib7	-	Gene presence detected	aminoglycoside antibiotic	KP_NORM_BLD_2011_75461__pl_1	353478	192682	193484	786	0	786	98.00%	100.00%	ARO:0000016	-	Kleborate	3.2.4	CARD	3.2.9	-	-	-	-	-	-	-	-	-	-	-	-
KP_NORM_BLD_2011_75461	SHV	p.Leu35Gln	Protein variant detected	penicillin beta-lactam	KP_NORM_BLD_2011_75461__pl_1	353478	49039	49900	861	0	861	100.00%	100.00%	ARO:3000008	-	Kleborate	3.2.4	CARD	3.2.9	-	-	-	-	-	-	-	-	-	-	-	-
KP_NORM_BLD_2011_75461	SHV	p.Gly238Ser	Protein variant detected	penicillin beta-lactam	KP_NORM_BLD_2011_75461__pl_1	353478	49039	49900	861	0	861	100.00%	100.00%	ARO:3000008	-	Kleborate	3.2.4	CARD	3.2.9	-	-	-	-	-	-	-	-	-	-	-	-
KP_NORM_BLD_2011_75461	SHV	p.Glu240Lys	Protein variant detected	penicillin beta-lactam	KP_NORM_BLD_2011_75461__pl_1	353478	49039	49900	861	0	861	100.00%	100.00%	ARO:3000008	-	Kleborate	3.2.4	CARD	3.2.9	-	-	-	-	-	-	-	-	-	-	-	-
KP_NORM_BLD_2011_75461	SHV	p.Leu35Gln	Protein variant detected	penicillin beta-lactam	KP_NORM_BLD_2011_75461__pl_1	353478	49039	49900	861	0	861	100.00%	100.00%	ARO:3000008	-	Kleborate	3.2.4	CARD	3.2.9	-	-	-	-	-	-	-	-	-	-	-	-
KP_NORM_BLD_2011_75461	SHV	p.Gly238Ser	Protein variant detected	penicillin beta-lactam	KP_NORM_BLD_2011_75461__pl_1	353478	49039	49900	861	0	861	100.00%	100.00%	ARO:3000008	-	Kleborate	3.2.4	CARD	3.2.9	-	-	-	-	-	-	-	-	-	-	-	-
KP_NORM_BLD_2011_75461	SHV	p.Glu240Lys	Protein variant detected	penicillin beta-lactam	KP_NORM_BLD_2011_75461__pl_1	353478	49039	49900	861	0	861	100.00%	100.00%	ARO:3000008	-	Kleborate	3.2.4	CARD	3.2.9	-	-	-	-	-	-	-	-	-	-	-	-
KP_NORM_BLD_2011_75461	SHV	p.Leu35Gln	Protein variant detected	penicillin beta-lactam	KP_NORM_BLD_2011_75461__pl_1	353478	49039	49900	861	0	861	100.00%	100.00%	ARO:3000008	-	Kleborate	3.2.4	CARD	3.2.9	-	-	-	-	-	-	-	-	-	-	-	-
KP_NORM_BLD_2011_75461	SHV	p.Gly238Ser	Protein variant detected	penicillin beta-lactam	KP_NORM_BLD_2011_75461__pl_1	353478	49039	49900	861	0	861	100.00%	100.00%	ARO:3000008	-	Kleborate	3.2.4	CARD	3.2.9	-	-	-	-	-	-	-	-	-	-	-	-
KP_NORM_BLD_2011_75461	SHV	p.Glu240Lys	Protein variant detected	penicillin beta-lactam	KP_NORM_BLD_2011_75461__pl_1	353478	49039	49900	861	0	861	100.00%	100.00%	ARO:3000008	-	Kleborate	3.2.4	CARD	3.2.9	-	-	-	-	-	-	-	-	-	-	-	-
KP_NORM_BLD_2011_75461	SHV	p.Leu35Gln	Protein variant detected	penicillin beta-lactam	KP_NORM_BLD_2011_75461__pl_1	353478	49039	49900	861	0	861	100.00%	100.00%	ARO:3000008	-	Kleborate	3.2.4	CARD	3.2.9	-	-	-	-	-	-	-	-	-	-	-	-
KP_NORM_BLD_2012_85054	aac(3)-IIa.v1	-	Gene presence detected	aminoglycoside antibiotic	KP_NORM_BLD_2012_85054__pl_1	247177	200866	201727	861	0	861	99.77%	100.00%	ARO:0000016	-	Kleborate	3.2.4	CARD	3.2.9	-	-	-	-	-	-	-	-	-	-	-	-
KP_NORM_BLD_2012_85054	strB.v1	-	Gene presence detected	aminoglycoside antibiotic	KP_NORM_BLD_2012_85054__pl_1	247177	235915	236752	837	0	837	100.00%	100.00%	ARO:0000016	-	Kleborate	3.2.4	CARD	3.2.9	-	-	-	-	-	-	-	-	-	-	-	-
KP_NORM_BLD_2012_85054	strA.v1	-	Gene presence detected	aminoglycoside antibiotic	KP_NORM_BLD_2012_85054__pl_1	247177	236751	237555	804	0	804	99.88%	100.00%	ARO:0000016	-	Kleborate	3.2.4	CARD	3.2.9	-	-	-	-	-	-	-	-	-	-	-	-
KP_NORM_BLD_2012_85054	aac(6)-Ib-cr.v2	-	Gene presence detected	aminoglycoside antibiotic	KP_NORM_BLD_2012_85054__pl_1	247177	204130	204730	600	0	600	100.00%	100.00%	ARO:0000016	-	Kleborate	3.2.4	CARD	3.2.9	-	-	-	-	-	-	-	-	-	-	-	-
KP_NORM_BLD_2012_85054	qnrB1.v2	-	Gene presence detected	Fluoroquinolone antibiotic	KP_NORM_BLD_2012_85054__pl_1	247177	217576	218256	681	0	681	99.85%	100.00%	ARO:0000001	+	Kleborate	3.2.4	CARD	3.2.9	-	-	-	-	-	-	-	-	-	-	-	-
KP_NORM_BLD_2012_85054	aac(6)-Ib-cr.v2	-	Gene presence detected	Fluoroquinolone antibiotic	KP_NORM_BLD_2012_85054__pl_1	247177	204130	204730	600	0	600	100.00%	100.00%	ARO:0000016	-	Kleborate	3.2.4	CARD	3.2.9	-	-	-	-	-	-	-	-	-	-	-	-
KP_NORM_BLD_2012_85054	sul2	-	Gene presence detected	sulfonamide antibiotic	KP_NORM_BLD_2012_85054__pl_1	247177	237615	238431	816	0	816	100.00%	100.00%	ARO:3000282	-	Kleborate	3.2.4	CARD	3.2.9	-	-	-	-	-	-	-	-	-	-	-	-
KP_NORM_BLD_2012_85054	tet(A).v1	-	Gene presence detected	Tetracycline antibiotic	KP_NORM_BLD_2012_85054__pl_1	247177	208109	209384	1275	0	1275	100.00%	100.00%	ARO:3000050	+	Kleborate	3.2.4	CARD	3.2.9	-	-	-	-	-	-	-	-	-	-	-	-
KP_NORM_BLD_2012_85054	dfrA14.v2	-	Gene presence detected	Diaminopyrimidine antibiotic	KP_NORM_BLD_2012_85054__pl_1	247177	221538	222021	483	0	483	99.79%	100.00%	ARO:3000171	+	Kleborate	3.2.4	CARD	3.2.9	-	-	-	-	-	-	-	-	-	-	-	-
KP_NORM_BLD_2012_85054	TEM-206	-	Gene presence detected	penicillin beta-lactam	KP_NORM_BLD_2012_85054__pl_1	247177	234334	235195	861	0	861	100.00%	100.00%	ARO:3000008	+	Kleborate	3.2.4	CARD	3.2.9	-	-	-	-	-	-	-	-	-	-	-	-
KP_NORM_BLD_2012_85054	OXA-1	-	Gene presence detected	penicillin beta-lactam	KP_NORM_BLD_2012_85054__pl_1	247177	203169	204000	831	0	831	100.00%	100.00%	ARO:3000008	-	Kleborate	3.2.4	CARD	3.2.9	-	-	-	-	-	-	-	-	-	-	-	-
KP_NORM_BLD_2012_85054	CTX-M-15	-	Gene presence detected	third-generation cephalosporin	KP_NORM_BLD_2012_85054__pl_1	247177	230637	231513	876	0	876	100.00%	100.00%	ARO:3009107	-	Kleborate	3.2.4	CARD	3.2.9	-	-	-	-	-	-	-	-	-	-	-	-
KP_NORM_BLD_2012_85054	SHV-28	-	Gene presence detected	penicillin beta-lactam	KP_NORM_BLD_2012_85054__chr	5280684	2672234	2673095	861	0	861	99.88%	100.00%	ARO:3000008	+	Kleborate	3.2.4	CARD	3.2.9	-	-	-	-	-	-	-	-	-	-	-	-
KP_NORM_BLD_2012_85054	catB3.v1	-	Gene presence detected	phenicol antibiotic	KP_NORM_BLD_2012_85054__pl_1	247177	202590	203032	633	0	442	100.00%	69.83%	ARO:3000387	-	Kleborate	3.2.4	CARD	3.2.9	-	-	-	-	-	-	-	-	-	-	-	-
KP_NORM_BLD_2012_85054	GyrA	p.Ser83Ile	Protein variant detected	fluoroquinolone antibiotic	KP_NORM_BLD_2012_85054__chr	5280684	1566076	1566436	360	0	360	99.44%	100.00%	ARO:0000001	+	Kleborate	3.2.4	CARD	3.2.9	-	-	-	-	-	-	-	-	-	-	-	-
KP_NORM_BLD_2012_85054	ParC	p.Ser80Ile	Protein variant detected	fluoroquinolone antibiotic	KP_NORM_BLD_2012_85054__chr	5280684	689083	689443	360	0	360	99.44%	100.00%	ARO:0000001	+	Kleborate	3.2.4	CARD	3.2.9	-	-	-	-	-	-	-	-	-	-	-	-
KP_NORM_BLD_2012_85408	aph3-Ia.v1	-	Gene presence detected	aminoglycoside antibiotic	KP_NORM_BLD_2012_85408__pl_2	114752	71265	72081	816	0	816	99.88%	100.00%	ARO:0000016	-	Kleborate	3.2.4	CARD	3.2.9	-	-	-	-	-	-	-	-	-	-	-	-
KP_NORM_BLD_2012_85408	aadA	-	Gene presence detected	aminoglycoside antibiotic	KP_NORM_BLD_2012_85408__pl_2	114752	78616	79408	792	0	792	99.75%	100.00%	ARO:0000016	+	Kleborate	3.2.4	CARD	3.2.9	-	-	-	-	-	-	-	-	-	-	-	-
KP_NORM_BLD_2012_85408	aadA2	-	Gene presence detected	aminoglycoside antibiotic	KP_NORM_BLD_2012_85408__pl_2	114752	76223	77003	780	0	780	100.00%	100.00%	ARO:0000016	+	Kleborate	3.2.4	CARD	3.2.9	-	-	-	-	-	-	-	-	-	-	-	-
KP_NORM_BLD_2012_85408	aadA2	-	Gene presence detected	aminoglycoside antibiotic	KP_NORM_BLD_2012_85408__pl_2	114752	76223	77003	780	0	780	100.00%	100.00%	ARO:0000016	+	Kleborate	3.2.4	CARD	3.2.9	-	-	-	-	-	-	-	-	-	-	-	-
KP_NORM_BLD_2012_85408	aph(3)-VIa	-	Gene presence detected	aminoglycoside antibiotic	KP_NORM_BLD_2012_85408__pl_3	10974	9447	10227	780	0	780	98.46%	100.00%	ARO:0000016	+	Kleborate	3.2.4	CARD	3.2.9	-	-	-	-	-	-	-	-	-	-	-	-
KP_NORM_BLD_2012_85408	qnrB19	-	Gene presence detected	Fluoroquinolone antibiotic	KP_NORM_BLD_2012_85408__pl_5	2989	255	936	681	0	681	99.12%	100.00%	ARO:0000001	+	Kleborate	3.2.4	CARD	3.2.9	-	-	-	-	-	-	-	-	-	-	-	-
KP_NORM_BLD_2012_85408	cmlA1	-	Gene presence detected	phenicol antibiotic	KP_NORM_BLD_2012_85408__pl_2	114752	77264	78524	1260	0	1260	99.84%	100.00%	ARO:3000387	+	Kleborate	3.2.4	CARD	3.2.9	-	-	-	-	-	-	-	-	-	-	-	-
KP_NORM_BLD_2012_85408	sul1	-	Gene presence detected	sulfonamide antibiotic	KP_NORM_BLD_2012_85408__pl_1	167682	64499	65339	840	0	840	100.00%	100.00%	ARO:3000282	-	Kleborate	3.2.4	CARD	3.2.9	-	-	-	-	-	-	-	-	-	-	-	-
KP_NORM_BLD_2012_85408	sul3	-	Gene presence detected	sulfonamide antibiotic	KP_NORM_BLD_2012_85408__pl_2	114752	81089	81881	792	0	792	100.00%	100.00%	ARO:3000282	-	Kleborate	3.2.4	CARD	3.2.9	-	-	-	-	-	-	-	-	-	-	-	-
KP_NORM_BLD_2012_85408	dfrA12	-	Gene presence detected	Diaminopyrimidine antibiotic	KP_NORM_BLD_2012_85408__pl_1	167682	67042	67540	498	0	498	100.00%	100.00%	ARO:3000171	-	Kleborate	3.2.4	CARD	3.2.9	-	-	-	-	-	-	-	-	-	-	-	-
KP_NORM_BLD_2012_85408	KPC-2	-	Gene presence detected	carbapenem	KP_NORM_BLD_2012_85408__pl_3	10974	1553	2435	882	0	882	100.00%	100.00%	ARO:0000020	-	Kleborate	3.2.4	CARD	3.2.9	-	-	-	-	-	-	-	-	-	-	-	-
KP_NORM_BLD_2012_85408	SHV-11	-	Gene presence detected	penicillin beta-lactam	KP_NORM_BLD_2012_85408__chr	5216010	2675098	2675959	861	0	861	100.00%	100.00%	ARO:3000008	+	Kleborate	3.2.4	CARD	3.2.9	-	-	-	-	-	-	-	-	-	-	-	-
KP_NORM_BLD_2012_85408	SHV	p.Leu35Gln	Protein variant detected	penicillin beta-lactam	KP_NORM_BLD_2012_85408__chr	5216010	2675098	2675959	861	0	861	100.00%	100.00%	ARO:3000008	+	Kleborate	3.2.4	CARD	3.2.9	-	-	-	-	-	-	-	-	-	-	-	-
KP_NORM_BLD_2012_85408	GyrA	p.Ser83Ile	Protein variant detected	fluoroquinolone antibiotic	KP_NORM_BLD_2012_85408__chr	5216010	1557432	1557792	360	0	360	99.44%	100.00%	ARO:0000001	+	Kleborate	3.2.4	CARD	3.2.9	-	-	-	-	-	-	-	-	-	-	-	-
KP_NORM_BLD_2012_85408	ParC	p.Ser80Ile	Protein variant detected	fluoroquinolone antibiotic	KP_NORM_BLD_2012_85408__chr	5216010	708747	709107	360	0	360	99.72%	100.00%	ARO:0000001	+	Kleborate	3.2.4	CARD	3.2.9	-	-	-	-	-	-	-	-	-	-	-	-
KP_NORM_BLD_2012_86925	aadA	-	Gene presence detected	aminoglycoside antibiotic	KP_NORM_BLD_2012_86925__pl_1	184454	46460	47252	792	0	792	100.00%	100.00%	ARO:0000016	-	Kleborate	3.2.4	CARD	3.2.9	-	-	-	-	-	-	-	-	-	-	-	-
KP_NORM_BLD_2012_86925	sul1	-	Gene presence detected	sulfonamide antibiotic	KP_NORM_BLD_2012_86925__pl_1	184454	45116	45956	840	0	840	100.00%	100.00%	ARO:3000282	-	Kleborate	3.2.4	CARD	3.2.9	-	-	-	-	-	-	-	-	-	-	-	-
KP_NORM_BLD_2012_86925	tet(A).v1	-	Gene presence detected	Tetracycline antibiotic	KP_NORM_BLD_2012_86925__pl_1	184454	36358	37633	1275	0	1275	100.00%	100.00%	ARO:3000050	-	Kleborate	3.2.4	CARD	3.2.9	-	-	-	-	-	-	-	-	-	-	-	-
KP_NORM_BLD_2012_86925	dfrA1.v2	-	Gene presence detected	Diaminopyrimidine antibiotic	KP_NORM_BLD_2012_86925__pl_1	184454	47344	47818	474	0	474	100.00%	100.00%	ARO:3000171	-	Kleborate	3.2.4	CARD	3.2.9	-	-	-	-	-	-	-	-	-	-	-	-
KP_NORM_BLD_2012_86925	SHV-2A	-	Gene presence detected	third-generation cephalosporin	KP_NORM_BLD_2012_86925__pl_1	184454	53845	54706	861	0	861	99.88%	100.00%	ARO:3009107	-	Kleborate	3.2.4	CARD	3.2.9	-	-	-	-	-	-	-	-	-	-	-	-
KP_NORM_BLD_2012_86925	SHV-65	-	Gene presence detected	penicillin beta-lactam	KP_NORM_BLD_2012_86925__chr	5183370	2640607	2641468	861	0	861	100.00%	100.00%	ARO:3000008	+	Kleborate	3.2.4	CARD	3.2.9	-	-	-	-	-	-	-	-	-	-	-	-
KP_NORM_BLD_2012_86925	SHV	p.Leu35Gln	Protein variant detected	penicillin beta-lactam	KP_NORM_BLD_2012_86925__pl_1	184454	53845	54706	861	0	861	99.88%	100.00%	ARO:3000008	-	Kleborate	3.2.4	CARD	3.2.9	-	-	-	-	-	-	-	-	-	-	-	-
KP_NORM_BLD_2012_86925	SHV	p.Gly238Ser	Protein variant detected	penicillin beta-lactam	KP_NORM_BLD_2012_86925__pl_1	184454	53845	54706	861	0	861	99.88%	100.00%	ARO:3000008	-	Kleborate	3.2.4	CARD	3.2.9	-	-	-	-	-	-	-	-	-	-	-	-
KP_NORM_BLD_2012_86962	aac(3)-IIa.v1	-	Gene presence detected	aminoglycoside antibiotic	KP_NORM_BLD_2012_86962__pl_1	183627	117859	118720	861	0	861	99.77%	100.00%	ARO:0000016	+	Kleborate	3.2.4	CARD	3.2.9	-	-	-	-	-	-	-	-	-	-	-	-
KP_NORM_BLD_2012_86962	aac(6)-Ib-cr.v2	-	Gene presence detected	aminoglycoside antibiotic	KP_NORM_BLD_2012_86962__pl_1	183627	114856	115456	600	0	600	100.00%	100.00%	ARO:0000016	+	Kleborate	3.2.4	CARD	3.2.9	-	-	-	-	-	-	-	-	-	-	-	-
KP_NORM_BLD_2012_86962	qnrB1.v2	-	Gene presence detected	Fluoroquinolone antibiotic	KP_NORM_BLD_2012_86962__pl_1	183627	101330	102010	681	0	681	99.85%	100.00%	ARO:0000001	-	Kleborate	3.2.4	CARD	3.2.9	-	-	-	-	-	-	-	-	-	-	-	-
KP_NORM_BLD_2012_86962	aac(6)-Ib-cr.v2	-	Gene presence detected	Fluoroquinolone antibiotic	KP_NORM_BLD_2012_86962__pl_1	183627	114856	115456	600	0	600	100.00%	100.00%	ARO:0000016	+	Kleborate	3.2.4	CARD	3.2.9	-	-	-	-	-	-	-	-	-	-	-	-
KP_NORM_BLD_2012_86962	tet(A).v1	-	Gene presence detected	Tetracycline antibiotic	KP_NORM_BLD_2012_86962__pl_1	183627	110202	111477	1275	0	1275	100.00%	100.00%	ARO:3000050	-	Kleborate	3.2.4	CARD	3.2.9	-	-	-	-	-	-	-	-	-	-	-	-
KP_NORM_BLD_2012_86962	dfrA14.v2	-	Gene presence detected	Diaminopyrimidine antibiotic	KP_NORM_BLD_2012_86962__pl_1	183627	97565	98048	483	0	483	99.79%	100.00%	ARO:3000171	-	Kleborate	3.2.4	CARD	3.2.9	-	-	-	-	-	-	-	-	-	-	-	-
KP_NORM_BLD_2012_86962	OXA-1	-	Gene presence detected	penicillin beta-lactam	KP_NORM_BLD_2012_86962__pl_1	183627	115586	116417	831	0	831	100.00%	100.00%	ARO:3000008	+	Kleborate	3.2.4	CARD	3.2.9	-	-	-	-	-	-	-	-	-	-	-	-
KP_NORM_BLD_2012_86962	CTX-M-15	-	Gene presence detected	third-generation cephalosporin	KP_NORM_BLD_2012_86962__pl_1	183627	123873	124749	876	0	876	100.00%	100.00%	ARO:3009107	-	Kleborate	3.2.4	CARD	3.2.9	-	-	-	-	-	-	-	-	-	-	-	-
KP_NORM_BLD_2012_86962	SHV-32	-	Gene presence detected	penicillin beta-lactam	KP_NORM_BLD_2012_86962__chr	5316981	2772710	2773571	861	0	861	100.00%	100.00%	ARO:3000008	+	Kleborate	3.2.4	CARD	3.2.9	-	-	-	-	-	-	-	-	-	-	-	-
KP_NORM_BLD_2012_86962	catB3.v1	-	Gene presence detected	phenicol antibiotic	KP_NORM_BLD_2012_86962__pl_1	183627	116554	116996	633	0	442	100.00%	69.83%	ARO:3000387	+	Kleborate	3.2.4	CARD	3.2.9	-	-	-	-	-	-	-	-	-	-	-	-
KP_NORM_BLD_2012_86962	SHV	p.Gly156Asp	Protein variant detected	penicillin beta-lactam	KP_NORM_BLD_2012_86962__chr	5316981	2772710	2773571	861	0	861	100.00%	100.00%	ARO:3000008	+	Kleborate	3.2.4	CARD	3.2.9	-	-	-	-	-	-	-	-	-	-	-	-
KP_NORM_BLD_2013_88977	aadA2	-	Gene presence detected	aminoglycoside antibiotic	KP_NORM_BLD_2013_88977__chr	5425881	2285243	2286023	780	0	780	100.00%	100.00%	ARO:0000016	+	Kleborate	3.2.4	CARD	3.2.9	-	-	-	-	-	-	-	-	-	-	-	-
KP_NORM_BLD_2013_88977	aac(6)-Ib.v1	-	Gene presence detected	aminoglycoside antibiotic	KP_NORM_BLD_2013_88977__pl_3	13096	7700	8306	606	0	606	100.00%	100.00%	ARO:0000016	-	Kleborate	3.2.4	CARD	3.2.9	-	-	-	-	-	-	-	-	-	-	-	-
KP_NORM_BLD_2013_88977	sul1	-	Gene presence detected	sulfonamide antibiotic	KP_NORM_BLD_2013_88977__chr	5425881	2286527	2287367	840	0	840	100.00%	100.00%	ARO:3000282	+	Kleborate	3.2.4	CARD	3.2.9	-	-	-	-	-	-	-	-	-	-	-	-
KP_NORM_BLD_2013_88977	KPC-3	-	Gene presence detected	carbapenem	KP_NORM_BLD_2013_88977__pl_2	53292	24878	25760	882	0	882	100.00%	100.00%	ARO:0000020	-	Kleborate	3.2.4	CARD	3.2.9	-	-	-	-	-	-	-	-	-	-	-	-
KP_NORM_BLD_2013_88977	SHV-11	-	Gene presence detected	penicillin beta-lactam	KP_NORM_BLD_2013_88977__pl_2	53292	38566	39427	861	0	861	100.00%	100.00%	ARO:3000008	-	Kleborate	3.2.4	CARD	3.2.9	-	-	-	-	-	-	-	-	-	-	-	-
KP_NORM_BLD_2013_88977	SHV-11	-	Gene presence detected	penicillin beta-lactam	KP_NORM_BLD_2013_88977__pl_2	53292	38566	39427	861	0	861	100.00%	100.00%	ARO:3000008	-	Kleborate	3.2.4	CARD	3.2.9	-	-	-	-	-	-	-	-	-	-	-	-
KP_NORM_BLD_2013_88977	SHV	p.Leu35Gln	Protein variant detected	penicillin beta-lactam	KP_NORM_BLD_2013_88977__pl_2	53292	38566	39427	861	0	861	100.00%	100.00%	ARO:3000008	-	Kleborate	3.2.4	CARD	3.2.9	-	-	-	-	-	-	-	-	-	-	-	-
KP_NORM_BLD_2013_88977	SHV	p.Leu35Gln	Protein variant detected	penicillin beta-lactam	KP_NORM_BLD_2013_88977__pl_2	53292	38566	39427	861	0	861	100.00%	100.00%	ARO:3000008	-	Kleborate	3.2.4	CARD	3.2.9	-	-	-	-	-	-	-	-	-	-	-	-
KP_NORM_BLD_2013_88977	OmpK35	p.Glu42fs	Inactivating mutation detected	-	KP_NORM_BLD_2013_88977__chr	5425881	1894909	1895990	1080	0	1080	99.91%	24.51%	-	-	Kleborate	3.2.4	CARD	3.2.9	-	-	-	-	-	-	-	-	-	-	-	-
KP_NORM_BLD_2013_88977	mgrb	c.A133del	Inactivating mutation detected	peptide antibiotic	KP_NORM_BLD_2013_88977__chr	5425881	3386875	3387008	144	0	133	100.00%	93.62%	ARO:3000053	-	Kleborate	3.2.4	CARD	3.2.9	-	-	-	-	-	-	-	-	-	-	-	-
KP_NORM_BLD_2013_88977	pmrb	p.Leu213fs	Inactivating mutation detected	peptide antibiotic	KP_NORM_BLD_2013_88977__chr	5425881	1677820	1678905	1098	0	1098	98.45%	58.63%	ARO:3000053	-	Kleborate	3.2.4	CARD	3.2.9	-	-	-	-	-	-	-	-	-	-	-	-
KP_NORM_BLD_2013_88977	GyrA	p.Ser83Ile	Protein variant detected	fluoroquinolone antibiotic	KP_NORM_BLD_2013_88977__chr	5425881	3762256	3762616	360	0	360	99.44%	100.00%	ARO:0000001	-	Kleborate	3.2.4	CARD	3.2.9	-	-	-	-	-	-	-	-	-	-	-	-
KP_NORM_BLD_2013_88977	ParC	p.Ser80Ile	Protein variant detected	fluoroquinolone antibiotic	KP_NORM_BLD_2013_88977__chr	5425881	4666803	4667163	360	0	360	99.72%	100.00%	ARO:0000001	-	Kleborate	3.2.4	CARD	3.2.9	-	-	-	-	-	-	-	-	-	-	-	-
KP_NORM_BLD_2013_90851	SHV-27	-	Gene presence detected	penicillin beta-lactam	KP_NORM_BLD_2013_90851__pl_2	14150	1635	2496	861	0	861	99.88%	100.00%	ARO:3000008	+	Kleborate	3.2.4	CARD	3.2.9	-	-	-	-	-	-	-	-	-	-	-	-
KP_NORM_BLD_2013_90851	SHV-27	-	Gene presence detected	penicillin beta-lactam	KP_NORM_BLD_2013_90851__pl_2	14150	1635	2496	861	0	861	99.88%	100.00%	ARO:3000008	+	Kleborate	3.2.4	CARD	3.2.9	-	-	-	-	-	-	-	-	-	-	-	-
KP_NORM_BLD_2013_90851	SHV-27	-	Gene presence detected	penicillin beta-lactam	KP_NORM_BLD_2013_90851__pl_2	14150	1635	2496	861	0	861	99.88%	100.00%	ARO:3000008	+	Kleborate	3.2.4	CARD	3.2.9	-	-	-	-	-	-	-	-	-	-	-	-
KP_NORM_BLD_2013_90851	SHV-27	-	Gene presence detected	penicillin beta-lactam	KP_NORM_BLD_2013_90851__pl_2	14150	1635	2496	861	0	861	99.88%	100.00%	ARO:3000008	+	Kleborate	3.2.4	CARD	3.2.9	-	-	-	-	-	-	-	-	-	-	-	-
KP_NORM_BLD_2013_90851	SHV-27	-	Gene presence detected	penicillin beta-lactam	KP_NORM_BLD_2013_90851__pl_2	14150	1635	2496	861	0	861	99.88%	100.00%	ARO:3000008	+	Kleborate	3.2.4	CARD	3.2.9	-	-	-	-	-	-	-	-	-	-	-	-
KP_NORM_BLD_2013_90851	SHV-27	-	Gene presence detected	penicillin beta-lactam	KP_NORM_BLD_2013_90851__pl_2	14150	1635	2496	861	0	861	99.88%	100.00%	ARO:3000008	+	Kleborate	3.2.4	CARD	3.2.9	-	-	-	-	-	-	-	-	-	-	-	-
KP_NORM_BLD_2013_90851	SHV-27	-	Gene presence detected	penicillin beta-lactam	KP_NORM_BLD_2013_90851__pl_2	14150	1635	2496	861	0	861	99.88%	100.00%	ARO:3000008	+	Kleborate	3.2.4	CARD	3.2.9	-	-	-	-	-	-	-	-	-	-	-	-
KP_NORM_BLD_2013_90851	SHV-27	-	Gene presence detected	penicillin beta-lactam	KP_NORM_BLD_2013_90851__pl_2	14150	1635	2496	861	0	861	99.88%	100.00%	ARO:3000008	+	Kleborate	3.2.4	CARD	3.2.9	-	-	-	-	-	-	-	-	-	-	-	-
KP_NORM_BLD_2013_90851	SHV-27	-	Gene presence detected	penicillin beta-lactam	KP_NORM_BLD_2013_90851__pl_2	14150	1635	2496	861	0	861	99.88%	100.00%	ARO:3000008	+	Kleborate	3.2.4	CARD	3.2.9	-	-	-	-	-	-	-	-	-	-	-	-
KP_NORM_BLD_2013_90851	SHV-27	-	Gene presence detected	penicillin beta-lactam	KP_NORM_BLD_2013_90851__pl_2	14150	1635	2496	861	0	861	99.88%	100.00%	ARO:3000008	+	Kleborate	3.2.4	CARD	3.2.9	-	-	-	-	-	-	-	-	-	-	-	-
KP_NORM_BLD_2013_90851	SHV-27	-	Gene presence detected	penicillin beta-lactam	KP_NORM_BLD_2013_90851__pl_2	14150	1635	2496	861	0	861	99.88%	100.00%	ARO:3000008	+	Kleborate	3.2.4	CARD	3.2.9	-	-	-	-	-	-	-	-	-	-	-	-
KP_NORM_BLD_2013_90851	SHV-27	-	Gene presence detected	penicillin beta-lactam	KP_NORM_BLD_2013_90851__pl_2	14150	1635	2496	861	0	861	99.88%	100.00%	ARO:3000008	+	Kleborate	3.2.4	CARD	3.2.9	-	-	-	-	-	-	-	-	-	-	-	-
KP_NORM_BLD_2013_90851	SHV-27	-	Gene presence detected	penicillin beta-lactam	KP_NORM_BLD_2013_90851__pl_2	14150	1635	2496	861	0	861	99.88%	100.00%	ARO:3000008	+	Kleborate	3.2.4	CARD	3.2.9	-	-	-	-	-	-	-	-	-	-	-	-
KP_NORM_BLD_2013_90851	SHV-27	-	Gene presence detected	penicillin beta-lactam	KP_NORM_BLD_2013_90851__pl_2	14150	1635	2496	861	0	861	99.88%	100.00%	ARO:3000008	+	Kleborate	3.2.4	CARD	3.2.9	-	-	-	-	-	-	-	-	-	-	-	-
KP_NORM_BLD_2013_90851	SHV-27	-	Gene presence detected	penicillin beta-lactam	KP_NORM_BLD_2013_90851__pl_2	14150	1635	2496	861	0	861	99.88%	100.00%	ARO:3000008	+	Kleborate	3.2.4	CARD	3.2.9	-	-	-	-	-	-	-	-	-	-	-	-
KP_NORM_BLD_2013_90851	fosA7.5	-	Gene presence detected	phosphonic acid antibiotic	KP_NORM_BLD_2013_90851__chr	5213805	4568165	4568443	423	144	423	93.57%	65.96%	ARO:3007149	-	Kleborate	3.2.4	CARD	3.2.9	-	-	-	-	-	-	-	-	-	-	-	-
KP_NORM_BLD_2013_90851	SHV	p.Gly156Asp	Protein variant detected	penicillin beta-lactam	KP_NORM_BLD_2013_90851__pl_2	14150	1635	2496	861	0	861	99.88%	100.00%	ARO:3000008	+	Kleborate	3.2.4	CARD	3.2.9	-	-	-	-	-	-	-	-	-	-	-	-
KP_NORM_BLD_2013_90851	SHV	p.Gly156Asp	Protein variant detected	penicillin beta-lactam	KP_NORM_BLD_2013_90851__pl_2	14150	1635	2496	861	0	861	99.88%	100.00%	ARO:3000008	+	Kleborate	3.2.4	CARD	3.2.9	-	-	-	-	-	-	-	-	-	-	-	-
KP_NORM_BLD_2013_90851	SHV	p.Gly156Asp	Protein variant detected	penicillin beta-lactam	KP_NORM_BLD_2013_90851__pl_2	14150	1635	2496	861	0	861	99.88%	100.00%	ARO:3000008	+	Kleborate	3.2.4	CARD	3.2.9	-	-	-	-	-	-	-	-	-	-	-	-
KP_NORM_BLD_2013_90851	SHV	p.Gly156Asp	Protein variant detected	penicillin beta-lactam	KP_NORM_BLD_2013_90851__pl_2	14150	1635	2496	861	0	861	99.88%	100.00%	ARO:3000008	+	Kleborate	3.2.4	CARD	3.2.9	-	-	-	-	-	-	-	-	-	-	-	-
KP_NORM_BLD_2013_90851	SHV	p.Gly156Asp	Protein variant detected	penicillin beta-lactam	KP_NORM_BLD_2013_90851__pl_2	14150	1635	2496	861	0	861	99.88%	100.00%	ARO:3000008	+	Kleborate	3.2.4	CARD	3.2.9	-	-	-	-	-	-	-	-	-	-	-	-
KP_NORM_BLD_2013_90851	SHV	p.Gly156Asp	Protein variant detected	penicillin beta-lactam	KP_NORM_BLD_2013_90851__pl_2	14150	1635	2496	861	0	861	99.88%	100.00%	ARO:3000008	+	Kleborate	3.2.4	CARD	3.2.9	-	-	-	-	-	-	-	-	-	-	-	-
KP_NORM_BLD_2013_90851	SHV	p.Gly156Asp	Protein variant detected	penicillin beta-lactam	KP_NORM_BLD_2013_90851__pl_2	14150	1635	2496	861	0	861	99.88%	100.00%	ARO:3000008	+	Kleborate	3.2.4	CARD	3.2.9	-	-	-	-	-	-	-	-	-	-	-	-
KP_NORM_BLD_2013_90851	SHV	p.Gly156Asp	Protein variant detected	penicillin beta-lactam	KP_NORM_BLD_2013_90851__pl_2	14150	1635	2496	861	0	861	99.88%	100.00%	ARO:3000008	+	Kleborate	3.2.4	CARD	3.2.9	-	-	-	-	-	-	-	-	-	-	-	-
KP_NORM_BLD_2013_90851	SHV	p.Gly156Asp	Protein variant detected	penicillin beta-lactam	KP_NORM_BLD_2013_90851__pl_2	14150	1635	2496	861	0	861	99.88%	100.00%	ARO:3000008	+	Kleborate	3.2.4	CARD	3.2.9	-	-	-	-	-	-	-	-	-	-	-	-
KP_NORM_BLD_2013_90851	SHV	p.Gly156Asp	Protein variant detected	penicillin beta-lactam	KP_NORM_BLD_2013_90851__pl_2	14150	1635	2496	861	0	861	99.88%	100.00%	ARO:3000008	+	Kleborate	3.2.4	CARD	3.2.9	-	-	-	-	-	-	-	-	-	-	-	-
KP_NORM_BLD_2013_90851	SHV	p.Gly156Asp	Protein variant detected	penicillin beta-lactam	KP_NORM_BLD_2013_90851__pl_2	14150	1635	2496	861	0	861	99.88%	100.00%	ARO:3000008	+	Kleborate	3.2.4	CARD	3.2.9	-	-	-	-	-	-	-	-	-	-	-	-
KP_NORM_BLD_2013_90851	SHV	p.Gly156Asp	Protein variant detected	penicillin beta-lactam	KP_NORM_BLD_2013_90851__pl_2	14150	1635	2496	861	0	861	99.88%	100.00%	ARO:3000008	+	Kleborate	3.2.4	CARD	3.2.9	-	-	-	-	-	-	-	-	-	-	-	-
KP_NORM_BLD_2013_90851	SHV	p.Gly156Asp	Protein variant detected	penicillin beta-lactam	KP_NORM_BLD_2013_90851__pl_2	14150	1635	2496	861	0	861	99.88%	100.00%	ARO:3000008	+	Kleborate	3.2.4	CARD	3.2.9	-	-	-	-	-	-	-	-	-	-	-	-
KP_NORM_BLD_2013_90851	SHV	p.Gly156Asp	Protein variant detected	penicillin beta-lactam	KP_NORM_BLD_2013_90851__pl_2	14150	1635	2496	861	0	861	99.88%	100.00%	ARO:3000008	+	Kleborate	3.2.4	CARD	3.2.9	-	-	-	-	-	-	-	-	-	-	-	-
KP_NORM_BLD_2013_90851	SHV	p.Gly156Asp	Protein variant detected	penicillin beta-lactam	KP_NORM_BLD_2013_90851__pl_2	14150	1635	2496	861	0	861	99.88%	100.00%	ARO:3000008	+	Kleborate	3.2.4	CARD	3.2.9	-	-	-	-	-	-	-	-	-	-	-	-
KP_NORM_BLD_2013_91198	strB.v1	-	Gene presence detected	aminoglycoside antibiotic	KP_NORM_BLD_2013_91198__pl_1	220888	29094	29931	837	0	837	100.00%	100.00%	ARO:0000016	+	Kleborate	3.2.4	CARD	3.2.9	-	-	-	-	-	-	-	-	-	-	-	-
KP_NORM_BLD_2013_91198	aph3-Ia.v1	-	Gene presence detected	aminoglycoside antibiotic	KP_NORM_BLD_2013_91198__pl_1	220888	30846	31662	816	0	816	99.88%	100.00%	ARO:0000016	+	Kleborate	3.2.4	CARD	3.2.9	-	-	-	-	-	-	-	-	-	-	-	-
KP_NORM_BLD_2013_91198	strA.v1	-	Gene presence detected	aminoglycoside antibiotic	KP_NORM_BLD_2013_91198__pl_1	220888	28291	29095	804	0	804	99.88%	100.00%	ARO:0000016	+	Kleborate	3.2.4	CARD	3.2.9	-	-	-	-	-	-	-	-	-	-	-	-
KP_NORM_BLD_2013_91198	sul2	-	Gene presence detected	sulfonamide antibiotic	KP_NORM_BLD_2013_91198__pl_1	220888	27415	28231	816	0	816	99.63%	100.00%	ARO:3000282	+	Kleborate	3.2.4	CARD	3.2.9	-	-	-	-	-	-	-	-	-	-	-	-
KP_NORM_BLD_2013_91198	dfrA14.v2	-	Gene presence detected	Diaminopyrimidine antibiotic	KP_NORM_BLD_2013_91198__pl_1	220888	20787	21270	483	0	483	99.79%	100.00%	ARO:3000171	+	Kleborate	3.2.4	CARD	3.2.9	-	-	-	-	-	-	-	-	-	-	-	-
KP_NORM_BLD_2013_91198	SHV-1	-	Gene presence detected	penicillin beta-lactam	KP_NORM_BLD_2013_91198__chr	5310972	2716611	2717472	861	0	861	99.88%	100.00%	ARO:3000008	+	Kleborate	3.2.4	CARD	3.2.9	-	-	-	-	-	-	-	-	-	-	-	-
KP_NORM_BLD_2013_91198	GyrA	p.Ser83Ile	Protein variant detected	fluoroquinolone antibiotic	KP_NORM_BLD_2013_91198__chr	5310972	1484039	1484399	360	0	360	99.44%	100.00%	ARO:0000001	+	Kleborate	3.2.4	CARD	3.2.9	-	-	-	-	-	-	-	-	-	-	-	-
KP_NORM_BLD_2013_91198	ParC	p.Ser80Ile	Protein variant detected	fluoroquinolone antibiotic	KP_NORM_BLD_2013_91198__chr	5310972	698921	699281	360	0	360	99.44%	100.00%	ARO:0000001	+	Kleborate	3.2.4	CARD	3.2.9	-	-	-	-	-	-	-	-	-	-	-	-
KP_NORM_BLD_2013_91444	aac(3)-IIa.v1	-	Gene presence detected	aminoglycoside antibiotic	KP_NORM_BLD_2013_91444__pl_2	160343	130176	131037	861	0	861	99.77%	100.00%	ARO:0000016	+	Kleborate	3.2.4	CARD	3.2.9	-	-	-	-	-	-	-	-	-	-	-	-
KP_NORM_BLD_2013_91444	strB.v1	-	Gene presence detected	aminoglycoside antibiotic	KP_NORM_BLD_2013_91444__pl_2	160343	117555	118392	837	0	837	100.00%	100.00%	ARO:0000016	+	Kleborate	3.2.4	CARD	3.2.9	-	-	-	-	-	-	-	-	-	-	-	-
KP_NORM_BLD_2013_91444	aph3-Ia.v1	-	Gene presence detected	aminoglycoside antibiotic	KP_NORM_BLD_2013_91444__pl_1	176360	160601	161417	816	0	816	99.88%	100.00%	ARO:0000016	+	Kleborate	3.2.4	CARD	3.2.9	-	-	-	-	-	-	-	-	-	-	-	-
KP_NORM_BLD_2013_91444	strA.v1	-	Gene presence detected	aminoglycoside antibiotic	KP_NORM_BLD_2013_91444__pl_2	160343	116752	117556	804	0	804	99.88%	100.00%	ARO:0000016	+	Kleborate	3.2.4	CARD	3.2.9	-	-	-	-	-	-	-	-	-	-	-	-
KP_NORM_BLD_2013_91444	aadA2	-	Gene presence detected	aminoglycoside antibiotic	KP_NORM_BLD_2013_91444__chr	5280692	3013794	3014574	780	0	780	100.00%	100.00%	ARO:0000016	-	Kleborate	3.2.4	CARD	3.2.9	-	-	-	-	-	-	-	-	-	-	-	-
KP_NORM_BLD_2013_91444	aadA2	-	Gene presence detected	aminoglycoside antibiotic	KP_NORM_BLD_2013_91444__chr	5280692	3013794	3014574	780	0	780	100.00%	100.00%	ARO:0000016	-	Kleborate	3.2.4	CARD	3.2.9	-	-	-	-	-	-	-	-	-	-	-	-
KP_NORM_BLD_2013_91444	aac(6)-Ib-cr.v2	-	Gene presence detected	aminoglycoside antibiotic	KP_NORM_BLD_2013_91444__pl_2	160343	127173	127773	600	0	600	100.00%	100.00%	ARO:0000016	+	Kleborate	3.2.4	CARD	3.2.9	-	-	-	-	-	-	-	-	-	-	-	-
KP_NORM_BLD_2013_91444	qnrB1.v2	-	Gene presence detected	Fluoroquinolone antibiotic	KP_NORM_BLD_2013_91444__pl_2	160343	99123	99803	681	0	681	99.85%	100.00%	ARO:0000001	-	Kleborate	3.2.4	CARD	3.2.9	-	-	-	-	-	-	-	-	-	-	-	-
KP_NORM_BLD_2013_91444	aac(6)-Ib-cr.v2	-	Gene presence detected	Fluoroquinolone antibiotic	KP_NORM_BLD_2013_91444__pl_2	160343	127173	127773	600	0	600	100.00%	100.00%	ARO:0000016	+	Kleborate	3.2.4	CARD	3.2.9	-	-	-	-	-	-	-	-	-	-	-	-
KP_NORM_BLD_2013_91444	Mrx	-	Gene presence detected	Macrolide antibiotic	KP_NORM_BLD_2013_91444__pl_1	176360	157484	158723	1239	0	1239	100.00%	100.00%	ARO:0000000	-	Kleborate	3.2.4	CARD	3.2.9	-	-	-	-	-	-	-	-	-	-	-	-
KP_NORM_BLD_2013_91444	mphA	-	Gene presence detected	Macrolide antibiotic	KP_NORM_BLD_2013_91444__pl_1	176360	158719	159625	906	0	906	100.00%	100.00%	ARO:0000000	-	Kleborate	3.2.4	CARD	3.2.9	-	-	-	-	-	-	-	-	-	-	-	-
KP_NORM_BLD_2013_91444	sul1	-	Gene presence detected	sulfonamide antibiotic	KP_NORM_BLD_2013_91444__chr	5280692	3012450	3013290	840	0	840	100.00%	100.00%	ARO:3000282	-	Kleborate	3.2.4	CARD	3.2.9	-	-	-	-	-	-	-	-	-	-	-	-
KP_NORM_BLD_2013_91444	sul1	-	Gene presence detected	sulfonamide antibiotic	KP_NORM_BLD_2013_91444__chr	5280692	3012450	3013290	840	0	840	100.00%	100.00%	ARO:3000282	-	Kleborate	3.2.4	CARD	3.2.9	-	-	-	-	-	-	-	-	-	-	-	-
KP_NORM_BLD_2013_91444	sul2	-	Gene presence detected	sulfonamide antibiotic	KP_NORM_BLD_2013_91444__pl_2	160343	115876	116692	816	0	816	100.00%	100.00%	ARO:3000282	+	Kleborate	3.2.4	CARD	3.2.9	-	-	-	-	-	-	-	-	-	-	-	-
KP_NORM_BLD_2013_91444	tet(A).v1	-	Gene presence detected	Tetracycline antibiotic	KP_NORM_BLD_2013_91444__pl_2	160343	90871	92146	1275	0	1275	100.00%	100.00%	ARO:3000050	+	Kleborate	3.2.4	CARD	3.2.9	-	-	-	-	-	-	-	-	-	-	-	-
KP_NORM_BLD_2013_91444	dfrA12	-	Gene presence detected	Diaminopyrimidine antibiotic	KP_NORM_BLD_2013_91444__pl_1	176360	149041	149539	498	0	498	100.00%	100.00%	ARO:3000171	+	Kleborate	3.2.4	CARD	3.2.9	-	-	-	-	-	-	-	-	-	-	-	-
KP_NORM_BLD_2013_91444	dfrA14.v2	-	Gene presence detected	Diaminopyrimidine antibiotic	KP_NORM_BLD_2013_91444__pl_2	160343	105128	105611	483	0	483	99.79%	100.00%	ARO:3000171	+	Kleborate	3.2.4	CARD	3.2.9	-	-	-	-	-	-	-	-	-	-	-	-
KP_NORM_BLD_2013_91444	OXA-1	-	Gene presence detected	penicillin beta-lactam	KP_NORM_BLD_2013_91444__pl_2	160343	127903	128734	831	0	831	100.00%	100.00%	ARO:3000008	+	Kleborate	3.2.4	CARD	3.2.9	-	-	-	-	-	-	-	-	-	-	-	-
KP_NORM_BLD_2013_91444	CTX-M-15	-	Gene presence detected	third-generation cephalosporin	KP_NORM_BLD_2013_91444__pl_2	160343	122794	123670	876	0	876	100.00%	100.00%	ARO:3009107	+	Kleborate	3.2.4	CARD	3.2.9	-	-	-	-	-	-	-	-	-	-	-	-
KP_NORM_BLD_2013_91444	SHV-11	-	Gene presence detected	penicillin beta-lactam	KP_NORM_BLD_2013_91444__chr	5280692	2696535	2697396	861	0	861	100.00%	100.00%	ARO:3000008	+	Kleborate	3.2.4	CARD	3.2.9	-	-	-	-	-	-	-	-	-	-	-	-
KP_NORM_BLD_2013_91444	catB3.v1	-	Gene presence detected	phenicol antibiotic	KP_NORM_BLD_2013_91444__pl_2	160343	128871	129313	633	0	442	100.00%	69.83%	ARO:3000387	+	Kleborate	3.2.4	CARD	3.2.9	-	-	-	-	-	-	-	-	-	-	-	-
KP_NORM_BLD_2013_91444	SHV	p.Leu35Gln	Protein variant detected	penicillin beta-lactam	KP_NORM_BLD_2013_91444__chr	5280692	2696535	2697396	861	0	861	100.00%	100.00%	ARO:3000008	+	Kleborate	3.2.4	CARD	3.2.9	-	-	-	-	-	-	-	-	-	-	-	-
KP_NORM_BLD_2013_91444	GyrA	p.Ser83Ile	Protein variant detected	fluoroquinolone antibiotic	KP_NORM_BLD_2013_91444__chr	5280692	1577860	1578220	360	0	360	99.44%	100.00%	ARO:0000001	+	Kleborate	3.2.4	CARD	3.2.9	-	-	-	-	-	-	-	-	-	-	-	-
KP_NORM_BLD_2013_91444	ParC	p.Ser80Ile	Protein variant detected	fluoroquinolone antibiotic	KP_NORM_BLD_2013_91444__chr	5280692	706317	706677	360	0	360	99.72%	100.00%	ARO:0000001	+	Kleborate	3.2.4	CARD	3.2.9	-	-	-	-	-	-	-	-	-	-	-	-
KP_NORM_BLD_2013_92328	CTX-M-15	-	Gene presence detected	third-generation cephalosporin	KP_NORM_BLD_2013_92328__pl_2	13149	3183	4059	876	0	876	100.00%	100.00%	ARO:3009107	+	Kleborate	3.2.4	CARD	3.2.9	-	-	-	-	-	-	-	-	-	-	-	-
KP_NORM_BLD_2013_92328	SHV-1	-	Gene presence detected	penicillin beta-lactam	KP_NORM_BLD_2013_92328__chr	5397762	2810776	2811637	861	0	861	100.00%	100.00%	ARO:3000008	+	Kleborate	3.2.4	CARD	3.2.9	-	-	-	-	-	-	-	-	-	-	-	-
KP_NORM_BLD_2014_100833	aadA2	-	Gene presence detected	aminoglycoside antibiotic	KP_NORM_BLD_2014_100833__pl_1	226270	224986	225766	780	0	780	99.87%	100.00%	ARO:0000016	+	Kleborate	3.2.4	CARD	3.2.9	-	-	-	-	-	-	-	-	-	-	-	-
KP_NORM_BLD_2014_100833	aac(6)-Ib-cr.v2	-	Gene presence detected	aminoglycoside antibiotic	KP_NORM_BLD_2014_100833__pl_2	51054	37860	38460	600	0	600	100.00%	100.00%	ARO:0000016	+	Kleborate	3.2.4	CARD	3.2.9	-	-	-	-	-	-	-	-	-	-	-	-
KP_NORM_BLD_2014_100833	aac(6)-Ib-cr.v2	-	Gene presence detected	Fluoroquinolone antibiotic	KP_NORM_BLD_2014_100833__pl_2	51054	37860	38460	600	0	600	100.00%	100.00%	ARO:0000016	+	Kleborate	3.2.4	CARD	3.2.9	-	-	-	-	-	-	-	-	-	-	-	-
KP_NORM_BLD_2014_100833	Mrx	-	Gene presence detected	Macrolide antibiotic	KP_NORM_BLD_2014_100833__pl_1	226270	4915	6154	1239	0	1239	100.00%	100.00%	ARO:0000000	-	Kleborate	3.2.4	CARD	3.2.9	-	-	-	-	-	-	-	-	-	-	-	-
KP_NORM_BLD_2014_100833	mphA	-	Gene presence detected	Macrolide antibiotic	KP_NORM_BLD_2014_100833__pl_1	226270	6150	7056	906	0	906	100.00%	100.00%	ARO:0000000	-	Kleborate	3.2.4	CARD	3.2.9	-	-	-	-	-	-	-	-	-	-	-	-
KP_NORM_BLD_2014_100833	sul1	-	Gene presence detected	sulfonamide antibiotic	KP_NORM_BLD_2014_100833__pl_1	226270	0	840	840	0	840	100.00%	100.00%	ARO:3000282	+	Kleborate	3.2.4	CARD	3.2.9	-	-	-	-	-	-	-	-	-	-	-	-
KP_NORM_BLD_2014_100833	tet(A).v1	-	Gene presence detected	Tetracycline antibiotic	KP_NORM_BLD_2014_100833__pl_2	51054	33206	34481	1275	0	1275	100.00%	100.00%	ARO:3000050	-	Kleborate	3.2.4	CARD	3.2.9	-	-	-	-	-	-	-	-	-	-	-	-
KP_NORM_BLD_2014_100833	dfrA12	-	Gene presence detected	Diaminopyrimidine antibiotic	KP_NORM_BLD_2014_100833__pl_1	226270	224069	224567	498	0	498	100.00%	100.00%	ARO:3000171	+	Kleborate	3.2.4	CARD	3.2.9	-	-	-	-	-	-	-	-	-	-	-	-
KP_NORM_BLD_2014_100833	OXA-1	-	Gene presence detected	penicillin beta-lactam	KP_NORM_BLD_2014_100833__pl_2	51054	38590	39421	831	0	831	100.00%	100.00%	ARO:3000008	+	Kleborate	3.2.4	CARD	3.2.9	-	-	-	-	-	-	-	-	-	-	-	-
KP_NORM_BLD_2014_100833	CTX-M-15	-	Gene presence detected	third-generation cephalosporin	KP_NORM_BLD_2014_100833__pl_2	51054	43457	44333	876	0	876	100.00%	100.00%	ARO:3009107	-	Kleborate	3.2.4	CARD	3.2.9	-	-	-	-	-	-	-	-	-	-	-	-
KP_NORM_BLD_2014_100833	SHV-11	-	Gene presence detected	penicillin beta-lactam	KP_NORM_BLD_2014_100833__chr	5375683	2780768	2781629	861	0	861	100.00%	100.00%	ARO:3000008	+	Kleborate	3.2.4	CARD	3.2.9	-	-	-	-	-	-	-	-	-	-	-	-
KP_NORM_BLD_2014_100833	catB3.v1	-	Gene presence detected	phenicol antibiotic	KP_NORM_BLD_2014_100833__pl_2	51054	39558	40000	633	0	442	100.00%	69.83%	ARO:3000387	+	Kleborate	3.2.4	CARD	3.2.9	-	-	-	-	-	-	-	-	-	-	-	-
KP_NORM_BLD_2014_100833	catA1	-	Gene presence detected	phenicol antibiotic	KP_NORM_BLD_2014_100833__pl_1	226270	14528	14819	660	369	660	99.66%	44.09%	ARO:3000387	-	Kleborate	3.2.4	CARD	3.2.9	-	-	-	-	-	-	-	-	-	-	-	-
KP_NORM_BLD_2014_100833	SHV	p.Leu35Gln	Protein variant detected	penicillin beta-lactam	KP_NORM_BLD_2014_100833__chr	5375683	2780768	2781629	861	0	861	100.00%	100.00%	ARO:3000008	+	Kleborate	3.2.4	CARD	3.2.9	-	-	-	-	-	-	-	-	-	-	-	-
KP_NORM_BLD_2014_100833	OmpK36	p.Gln286fs	Inactivating mutation detected	-	KP_NORM_BLD_2014_100833__chr	5375683	1628010	1629113	1104	0	1104	99.91%	85.83%	-	+	Kleborate	3.2.4	CARD	3.2.9	-	-	-	-	-	-	-	-	-	-	-	-
KP_NORM_BLD_2014_100833	GyrA	p.Ser83Ile	Protein variant detected	fluoroquinolone antibiotic	KP_NORM_BLD_2014_100833__chr	5375683	1618265	1618625	360	0	360	99.44%	100.00%	ARO:0000001	+	Kleborate	3.2.4	CARD	3.2.9	-	-	-	-	-	-	-	-	-	-	-	-
KP_NORM_BLD_2014_100833	ParC	p.Ser80Ile	Protein variant detected	fluoroquinolone antibiotic	KP_NORM_BLD_2014_100833__chr	5375683	708485	708845	360	0	360	99.72%	100.00%	ARO:0000001	+	Kleborate	3.2.4	CARD	3.2.9	-	-	-	-	-	-	-	-	-	-	-	-
KP_NORM_BLD_2014_100848	aac(3)-IIa.v1	-	Gene presence detected	aminoglycoside antibiotic	KP_NORM_BLD_2014_100848__pl_1	246725	147765	148626	861	0	861	99.77%	100.00%	ARO:0000016	-	Kleborate	3.2.4	CARD	3.2.9	-	-	-	-	-	-	-	-	-	-	-	-
KP_NORM_BLD_2014_100848	strB.v1	-	Gene presence detected	aminoglycoside antibiotic	KP_NORM_BLD_2014_100848__pl_1	246725	128393	129230	837	0	837	100.00%	100.00%	ARO:0000016	+	Kleborate	3.2.4	CARD	3.2.9	-	-	-	-	-	-	-	-	-	-	-	-
KP_NORM_BLD_2014_100848	strA.v1	-	Gene presence detected	aminoglycoside antibiotic	KP_NORM_BLD_2014_100848__pl_1	246725	127590	128394	804	0	804	99.88%	100.00%	ARO:0000016	+	Kleborate	3.2.4	CARD	3.2.9	-	-	-	-	-	-	-	-	-	-	-	-
KP_NORM_BLD_2014_100848	aac(6)-Ib-cr.v2	-	Gene presence detected	aminoglycoside antibiotic	KP_NORM_BLD_2014_100848__pl_1	246725	149535	150135	600	0	600	100.00%	100.00%	ARO:0000016	+	Kleborate	3.2.4	CARD	3.2.9	-	-	-	-	-	-	-	-	-	-	-	-
KP_NORM_BLD_2014_100848	qnrB1.v2	-	Gene presence detected	Fluoroquinolone antibiotic	KP_NORM_BLD_2014_100848__pl_1	246725	164475	165155	681	0	681	99.85%	100.00%	ARO:0000001	+	Kleborate	3.2.4	CARD	3.2.9	-	-	-	-	-	-	-	-	-	-	-	-
KP_NORM_BLD_2014_100848	aac(6)-Ib-cr.v2	-	Gene presence detected	Fluoroquinolone antibiotic	KP_NORM_BLD_2014_100848__pl_1	246725	149535	150135	600	0	600	100.00%	100.00%	ARO:0000016	+	Kleborate	3.2.4	CARD	3.2.9	-	-	-	-	-	-	-	-	-	-	-	-
KP_NORM_BLD_2014_100848	sul2	-	Gene presence detected	sulfonamide antibiotic	KP_NORM_BLD_2014_100848__pl_1	246725	126714	127530	816	0	816	100.00%	100.00%	ARO:3000282	+	Kleborate	3.2.4	CARD	3.2.9	-	-	-	-	-	-	-	-	-	-	-	-
KP_NORM_BLD_2014_100848	tet(A).v1	-	Gene presence detected	Tetracycline antibiotic	KP_NORM_BLD_2014_100848__pl_1	246725	155008	156283	1275	0	1275	100.00%	100.00%	ARO:3000050	+	Kleborate	3.2.4	CARD	3.2.9	-	-	-	-	-	-	-	-	-	-	-	-
KP_NORM_BLD_2014_100848	dfrA14.v2	-	Gene presence detected	Diaminopyrimidine antibiotic	KP_NORM_BLD_2014_100848__pl_1	246725	143124	143607	483	0	483	99.79%	100.00%	ARO:3000171	-	Kleborate	3.2.4	CARD	3.2.9	-	-	-	-	-	-	-	-	-	-	-	-
KP_NORM_BLD_2014_100848	OXA-1	-	Gene presence detected	penicillin beta-lactam	KP_NORM_BLD_2014_100848__pl_1	246725	150265	151096	831	0	831	100.00%	100.00%	ARO:3000008	+	Kleborate	3.2.4	CARD	3.2.9	-	-	-	-	-	-	-	-	-	-	-	-
KP_NORM_BLD_2014_100848	CTX-M-15	-	Gene presence detected	third-generation cephalosporin	KP_NORM_BLD_2014_100848__pl_1	246725	133632	134508	876	0	876	100.00%	100.00%	ARO:3009107	+	Kleborate	3.2.4	CARD	3.2.9	-	-	-	-	-	-	-	-	-	-	-	-
KP_NORM_BLD_2014_100848	SHV-28	-	Gene presence detected	penicillin beta-lactam	KP_NORM_BLD_2014_100848__chr	5261421	2719642	2720503	861	0	861	99.88%	100.00%	ARO:3000008	+	Kleborate	3.2.4	CARD	3.2.9	-	-	-	-	-	-	-	-	-	-	-	-
KP_NORM_BLD_2014_100848	catB3.v1	-	Gene presence detected	phenicol antibiotic	KP_NORM_BLD_2014_100848__pl_1	246725	151233	151675	633	0	442	100.00%	69.83%	ARO:3000387	+	Kleborate	3.2.4	CARD	3.2.9	-	-	-	-	-	-	-	-	-	-	-	-
KP_NORM_BLD_2014_100848	GyrA	p.Ser83Ile	Protein variant detected	fluoroquinolone antibiotic	KP_NORM_BLD_2014_100848__chr	5261421	1566081	1566441	360	0	360	99.44%	100.00%	ARO:0000001	+	Kleborate	3.2.4	CARD	3.2.9	-	-	-	-	-	-	-	-	-	-	-	-
KP_NORM_BLD_2014_100848	ParC	p.Ser80Ile	Protein variant detected	fluoroquinolone antibiotic	KP_NORM_BLD_2014_100848__chr	5261421	689080	689440	360	0	360	99.44%	100.00%	ARO:0000001	+	Kleborate	3.2.4	CARD	3.2.9	-	-	-	-	-	-	-	-	-	-	-	-
KP_NORM_BLD_2014_101320	aac(3)-IIa.v1	-	Gene presence detected	aminoglycoside antibiotic	KP_NORM_BLD_2014_101320__pl_1	221089	130773	131634	861	0	861	99.77%	100.00%	ARO:0000016	+	Kleborate	3.2.4	CARD	3.2.9	-	-	-	-	-	-	-	-	-	-	-	-
KP_NORM_BLD_2014_101320	strB.v1	-	Gene presence detected	aminoglycoside antibiotic	KP_NORM_BLD_2014_101320__pl_1	221089	150169	151006	837	0	837	100.00%	100.00%	ARO:0000016	-	Kleborate	3.2.4	CARD	3.2.9	-	-	-	-	-	-	-	-	-	-	-	-
KP_NORM_BLD_2014_101320	aph3-Ia.v1	-	Gene presence detected	aminoglycoside antibiotic	KP_NORM_BLD_2014_101320__pl_1	221089	17594	18410	816	0	816	99.88%	100.00%	ARO:0000016	+	Kleborate	3.2.4	CARD	3.2.9	-	-	-	-	-	-	-	-	-	-	-	-
KP_NORM_BLD_2014_101320	strA.v1	-	Gene presence detected	aminoglycoside antibiotic	KP_NORM_BLD_2014_101320__pl_1	221089	151005	151809	804	0	804	99.88%	100.00%	ARO:0000016	-	Kleborate	3.2.4	CARD	3.2.9	-	-	-	-	-	-	-	-	-	-	-	-
KP_NORM_BLD_2014_101320	aac(6)-Ib-cr.v2	-	Gene presence detected	aminoglycoside antibiotic	KP_NORM_BLD_2014_101320__pl_1	221089	14568	15168	600	0	600	100.00%	100.00%	ARO:0000016	+	Kleborate	3.2.4	CARD	3.2.9	-	-	-	-	-	-	-	-	-	-	-	-
KP_NORM_BLD_2014_101320	qnrB1.v2	-	Gene presence detected	Fluoroquinolone antibiotic	KP_NORM_BLD_2014_101320__pl_1	221089	128483	129163	681	0	681	99.85%	100.00%	ARO:0000001	+	Kleborate	3.2.4	CARD	3.2.9	-	-	-	-	-	-	-	-	-	-	-	-
KP_NORM_BLD_2014_101320	aac(6)-Ib-cr.v2	-	Gene presence detected	Fluoroquinolone antibiotic	KP_NORM_BLD_2014_101320__pl_1	221089	14568	15168	600	0	600	100.00%	100.00%	ARO:0000016	+	Kleborate	3.2.4	CARD	3.2.9	-	-	-	-	-	-	-	-	-	-	-	-
KP_NORM_BLD_2014_101320	sul2	-	Gene presence detected	sulfonamide antibiotic	KP_NORM_BLD_2014_101320__pl_1	221089	151869	152685	816	0	816	100.00%	100.00%	ARO:3000282	-	Kleborate	3.2.4	CARD	3.2.9	-	-	-	-	-	-	-	-	-	-	-	-
KP_NORM_BLD_2014_101320	tet(A).v1	-	Gene presence detected	Tetracycline antibiotic	KP_NORM_BLD_2014_101320__pl_1	221089	119016	120291	1275	0	1275	100.00%	100.00%	ARO:3000050	+	Kleborate	3.2.4	CARD	3.2.9	-	-	-	-	-	-	-	-	-	-	-	-
KP_NORM_BLD_2014_101320	dfrA14.v2	-	Gene presence detected	Diaminopyrimidine antibiotic	KP_NORM_BLD_2014_101320__pl_1	221089	135792	136275	483	0	483	99.79%	100.00%	ARO:3000171	+	Kleborate	3.2.4	CARD	3.2.9	-	-	-	-	-	-	-	-	-	-	-	-
KP_NORM_BLD_2014_101320	OXA-1	-	Gene presence detected	penicillin beta-lactam	KP_NORM_BLD_2014_101320__pl_1	221089	15298	16129	831	0	831	100.00%	100.00%	ARO:3000008	+	Kleborate	3.2.4	CARD	3.2.9	-	-	-	-	-	-	-	-	-	-	-	-
KP_NORM_BLD_2014_101320	CTX-M-15	-	Gene presence detected	third-generation cephalosporin	KP_NORM_BLD_2014_101320__pl_1	221089	144891	145767	876	0	876	100.00%	100.00%	ARO:3009107	-	Kleborate	3.2.4	CARD	3.2.9	-	-	-	-	-	-	-	-	-	-	-	-
KP_NORM_BLD_2014_101320	SHV-28	-	Gene presence detected	penicillin beta-lactam	KP_NORM_BLD_2014_101320__chr	5292296	2711676	2712537	861	0	861	99.88%	100.00%	ARO:3000008	+	Kleborate	3.2.4	CARD	3.2.9	-	-	-	-	-	-	-	-	-	-	-	-
KP_NORM_BLD_2014_101320	catB3.v1	-	Gene presence detected	phenicol antibiotic	KP_NORM_BLD_2014_101320__pl_1	221089	16266	16708	633	0	442	100.00%	69.83%	ARO:3000387	+	Kleborate	3.2.4	CARD	3.2.9	-	-	-	-	-	-	-	-	-	-	-	-
KP_NORM_BLD_2014_101320	GyrA	p.Ser83Ile	Protein variant detected	fluoroquinolone antibiotic	KP_NORM_BLD_2014_101320__chr	5292296	1605619	1605979	360	0	360	99.44%	100.00%	ARO:0000001	+	Kleborate	3.2.4	CARD	3.2.9	-	-	-	-	-	-	-	-	-	-	-	-
KP_NORM_BLD_2014_101320	ParC	p.Ser80Ile	Protein variant detected	fluoroquinolone antibiotic	KP_NORM_BLD_2014_101320__chr	5292296	689084	689444	360	0	360	99.44%	100.00%	ARO:0000001	+	Kleborate	3.2.4	CARD	3.2.9	-	-	-	-	-	-	-	-	-	-	-	-
KP_NORM_BLD_2014_101821	aac(3)-IIa.v1	-	Gene presence detected	aminoglycoside antibiotic	KP_NORM_BLD_2014_101821__pl_1	76319	38819	39680	861	0	861	99.77%	100.00%	ARO:0000016	+	Kleborate	3.2.4	CARD	3.2.9	-	-	-	-	-	-	-	-	-	-	-	-
KP_NORM_BLD_2014_101821	aadA	-	Gene presence detected	aminoglycoside antibiotic	KP_NORM_BLD_2014_101821__pl_1	76319	25974	26766	792	0	792	99.75%	100.00%	ARO:0000016	+	Kleborate	3.2.4	CARD	3.2.9	-	-	-	-	-	-	-	-	-	-	-	-
KP_NORM_BLD_2014_101821	aadA	-	Gene presence detected	aminoglycoside antibiotic	KP_NORM_BLD_2014_101821__pl_1	76319	25974	26766	792	0	792	99.75%	100.00%	ARO:0000016	+	Kleborate	3.2.4	CARD	3.2.9	-	-	-	-	-	-	-	-	-	-	-	-
KP_NORM_BLD_2014_101821	aac(6)-Ib.v1	-	Gene presence detected	aminoglycoside antibiotic	KP_NORM_BLD_2014_101821__pl_1	76319	48530	49136	606	0	606	100.00%	100.00%	ARO:0000016	+	Kleborate	3.2.4	CARD	3.2.9	-	-	-	-	-	-	-	-	-	-	-	-
KP_NORM_BLD_2014_101821	aac(6)-Ib-cr.v2	-	Gene presence detected	aminoglycoside antibiotic	KP_NORM_BLD_2014_101821__pl_1	76319	35815	36415	600	0	600	100.00%	100.00%	ARO:0000016	+	Kleborate	3.2.4	CARD	3.2.9	-	-	-	-	-	-	-	-	-	-	-	-
KP_NORM_BLD_2014_101821	aac(6)-Ib-cr.v2	-	Gene presence detected	Fluoroquinolone antibiotic	KP_NORM_BLD_2014_101821__pl_1	76319	35815	36415	600	0	600	100.00%	100.00%	ARO:0000016	+	Kleborate	3.2.4	CARD	3.2.9	-	-	-	-	-	-	-	-	-	-	-	-
KP_NORM_BLD_2014_101821	ereA2	-	Gene presence detected	Macrolide antibiotic	KP_NORM_BLD_2014_101821__pl_1	76319	24662	25889	1227	0	1227	95.11%	100.00%	ARO:0000000	+	Kleborate	3.2.4	CARD	3.2.9	-	-	-	-	-	-	-	-	-	-	-	-
KP_NORM_BLD_2014_101821	cmlA5	-	Gene presence detected	phenicol antibiotic	KP_NORM_BLD_2014_101821__pl_1	76319	26987	28247	1260	0	1260	100.00%	100.00%	ARO:3000387	+	Kleborate	3.2.4	CARD	3.2.9	-	-	-	-	-	-	-	-	-	-	-	-
KP_NORM_BLD_2014_101821	arr-2	-	Gene presence detected	Rifamycin antibiotic	KP_NORM_BLD_2014_101821__pl_1	76319	23934	24387	453	0	453	100.00%	100.00%	ARO:3000157	+	Kleborate	3.2.4	CARD	3.2.9	-	-	-	-	-	-	-	-	-	-	-	-
KP_NORM_BLD_2014_101821	sul1	-	Gene presence detected	sulfonamide antibiotic	KP_NORM_BLD_2014_101821__pl_1	76319	28779	29619	840	0	840	99.88%	100.00%	ARO:3000282	+	Kleborate	3.2.4	CARD	3.2.9	-	-	-	-	-	-	-	-	-	-	-	-
KP_NORM_BLD_2014_101821	OXA-1	-	Gene presence detected	penicillin beta-lactam	KP_NORM_BLD_2014_101821__pl_1	76319	36545	37376	831	0	831	100.00%	100.00%	ARO:3000008	+	Kleborate	3.2.4	CARD	3.2.9	-	-	-	-	-	-	-	-	-	-	-	-
KP_NORM_BLD_2014_101821	CTX-M-15	-	Gene presence detected	third-generation cephalosporin	KP_NORM_BLD_2014_101821__pl_1	76319	44833	45709	876	0	876	100.00%	100.00%	ARO:3009107	-	Kleborate	3.2.4	CARD	3.2.9	-	-	-	-	-	-	-	-	-	-	-	-
KP_NORM_BLD_2014_101821	SHV-11	-	Gene presence detected	penicillin beta-lactam	KP_NORM_BLD_2014_101821__chr	5498474	2883983	2884844	861	0	861	99.77%	100.00%	ARO:3000008	+	Kleborate	3.2.4	CARD	3.2.9	-	-	-	-	-	-	-	-	-	-	-	-
KP_NORM_BLD_2014_101821	OXA-9.v1	-	Gene presence detected	penicillin beta-lactam	KP_NORM_BLD_2014_101821__pl_1	76319	50038	50878	840	0	840	99.88%	100.00%	ARO:3000008	+	Kleborate	3.2.4	CARD	3.2.9	-	-	-	-	-	-	-	-	-	-	-	-
KP_NORM_BLD_2014_101821	catB3.v1	-	Gene presence detected	phenicol antibiotic	KP_NORM_BLD_2014_101821__pl_1	76319	37513	37955	633	0	442	100.00%	69.83%	ARO:3000387	+	Kleborate	3.2.4	CARD	3.2.9	-	-	-	-	-	-	-	-	-	-	-	-
KP_NORM_BLD_2014_101821	SHV	p.Leu35Gln	Protein variant detected	penicillin beta-lactam	KP_NORM_BLD_2014_101821__chr	5498474	2883983	2884844	861	0	861	99.77%	100.00%	ARO:3000008	+	Kleborate	3.2.4	CARD	3.2.9	-	-	-	-	-	-	-	-	-	-	-	-
KP_NORM_BLD_2014_101821	GyrA	p.Ser83Tyr	Protein variant detected	fluoroquinolone antibiotic	KP_NORM_BLD_2014_101821__chr	5498474	1675900	1676260	360	0	360	99.44%	100.00%	ARO:0000001	+	Kleborate	3.2.4	CARD	3.2.9	-	-	-	-	-	-	-	-	-	-	-	-
KP_NORM_BLD_2014_101821	GyrA	p.Asp87Ala	Protein variant detected	fluoroquinolone antibiotic	KP_NORM_BLD_2014_101821__chr	5498474	1675900	1676260	360	0	360	99.44%	100.00%	ARO:0000001	+	Kleborate	3.2.4	CARD	3.2.9	-	-	-	-	-	-	-	-	-	-	-	-
KP_NORM_BLD_2014_101821	ParC	p.Ser80Ile	Protein variant detected	fluoroquinolone antibiotic	KP_NORM_BLD_2014_101821__chr	5498474	729078	729438	360	0	360	99.44%	100.00%	ARO:0000001	+	Kleborate	3.2.4	CARD	3.2.9	-	-	-	-	-	-	-	-	-	-	-	-
KP_NORM_BLD_2014_102946	aac(3)-IIa.v1	-	Gene presence detected	aminoglycoside antibiotic	KP_NORM_BLD_2014_102946__pl_1	250665	105778	106639	861	0	861	99.77%	100.00%	ARO:0000016	-	Kleborate	3.2.4	CARD	3.2.9	-	-	-	-	-	-	-	-	-	-	-	-
KP_NORM_BLD_2014_102946	strB.v1	-	Gene presence detected	aminoglycoside antibiotic	KP_NORM_BLD_2014_102946__pl_1	250665	118423	119260	837	0	837	100.00%	100.00%	ARO:0000016	-	Kleborate	3.2.4	CARD	3.2.9	-	-	-	-	-	-	-	-	-	-	-	-
KP_NORM_BLD_2014_102946	strA.v1	-	Gene presence detected	aminoglycoside antibiotic	KP_NORM_BLD_2014_102946__pl_1	250665	119259	120063	804	0	804	99.88%	100.00%	ARO:0000016	-	Kleborate	3.2.4	CARD	3.2.9	-	-	-	-	-	-	-	-	-	-	-	-
KP_NORM_BLD_2014_102946	aac(6)-Ib-cr.v2	-	Gene presence detected	aminoglycoside antibiotic	KP_NORM_BLD_2014_102946__pl_1	250665	109042	109642	600	0	600	100.00%	100.00%	ARO:0000016	-	Kleborate	3.2.4	CARD	3.2.9	-	-	-	-	-	-	-	-	-	-	-	-
KP_NORM_BLD_2014_102946	qnrB1.v2	-	Gene presence detected	Fluoroquinolone antibiotic	KP_NORM_BLD_2014_102946__pl_1	250665	134970	135650	681	0	681	99.85%	100.00%	ARO:0000001	-	Kleborate	3.2.4	CARD	3.2.9	-	-	-	-	-	-	-	-	-	-	-	-
KP_NORM_BLD_2014_102946	aac(6)-Ib-cr.v2	-	Gene presence detected	Fluoroquinolone antibiotic	KP_NORM_BLD_2014_102946__pl_1	250665	109042	109642	600	0	600	100.00%	100.00%	ARO:0000016	-	Kleborate	3.2.4	CARD	3.2.9	-	-	-	-	-	-	-	-	-	-	-	-
KP_NORM_BLD_2014_102946	sul2	-	Gene presence detected	sulfonamide antibiotic	KP_NORM_BLD_2014_102946__pl_1	250665	120123	120939	816	0	816	100.00%	100.00%	ARO:3000282	-	Kleborate	3.2.4	CARD	3.2.9	-	-	-	-	-	-	-	-	-	-	-	-
KP_NORM_BLD_2014_102946	tet(A).v1	-	Gene presence detected	Tetracycline antibiotic	KP_NORM_BLD_2014_102946__pl_1	250665	143842	145117	1275	0	1275	100.00%	100.00%	ARO:3000050	-	Kleborate	3.2.4	CARD	3.2.9	-	-	-	-	-	-	-	-	-	-	-	-
KP_NORM_BLD_2014_102946	dfrA14.v2	-	Gene presence detected	Diaminopyrimidine antibiotic	KP_NORM_BLD_2014_102946__pl_1	250665	131205	131688	483	0	483	99.79%	100.00%	ARO:3000171	-	Kleborate	3.2.4	CARD	3.2.9	-	-	-	-	-	-	-	-	-	-	-	-
KP_NORM_BLD_2014_102946	OXA-1	-	Gene presence detected	penicillin beta-lactam	KP_NORM_BLD_2014_102946__pl_1	250665	108081	108912	831	0	831	99.88%	100.00%	ARO:3000008	-	Kleborate	3.2.4	CARD	3.2.9	-	-	-	-	-	-	-	-	-	-	-	-
KP_NORM_BLD_2014_102946	CTX-M-15	-	Gene presence detected	third-generation cephalosporin	KP_NORM_BLD_2014_102946__pl_1	250665	113145	114021	876	0	876	100.00%	100.00%	ARO:3009107	-	Kleborate	3.2.4	CARD	3.2.9	-	-	-	-	-	-	-	-	-	-	-	-
KP_NORM_BLD_2014_102946	SHV-28	-	Gene presence detected	penicillin beta-lactam	KP_NORM_BLD_2014_102946__chr	5336499	2803542	2804403	861	0	861	99.88%	100.00%	ARO:3000008	+	Kleborate	3.2.4	CARD	3.2.9	-	-	-	-	-	-	-	-	-	-	-	-
KP_NORM_BLD_2014_102946	catB3.v1	-	Gene presence detected	phenicol antibiotic	KP_NORM_BLD_2014_102946__pl_1	250665	107502	107944	633	0	442	100.00%	69.83%	ARO:3000387	-	Kleborate	3.2.4	CARD	3.2.9	-	-	-	-	-	-	-	-	-	-	-	-
KP_NORM_BLD_2014_102946	GyrA	p.Ser83Phe	Protein variant detected	fluoroquinolone antibiotic	KP_NORM_BLD_2014_102946__chr	5336499	1581030	1581390	360	0	360	99.44%	100.00%	ARO:0000001	+	Kleborate	3.2.4	CARD	3.2.9	-	-	-	-	-	-	-	-	-	-	-	-
KP_NORM_BLD_2014_102946	GyrA	p.Asp87Ala	Protein variant detected	fluoroquinolone antibiotic	KP_NORM_BLD_2014_102946__chr	5336499	1581030	1581390	360	0	360	99.44%	100.00%	ARO:0000001	+	Kleborate	3.2.4	CARD	3.2.9	-	-	-	-	-	-	-	-	-	-	-	-
KP_NORM_BLD_2014_102946	ParC	p.Ser80Ile	Protein variant detected	fluoroquinolone antibiotic	KP_NORM_BLD_2014_102946__chr	5336499	728727	729087	360	0	360	99.44%	100.00%	ARO:0000001	+	Kleborate	3.2.4	CARD	3.2.9	-	-	-	-	-	-	-	-	-	-	-	-
KP_NORM_BLD_2014_103381	aac(3)-IIa.v1	-	Gene presence detected	aminoglycoside antibiotic	KP_NORM_BLD_2014_103381__pl_1	194051	3806	4667	861	0	861	99.77%	100.00%	ARO:0000016	+	Kleborate	3.2.4	CARD	3.2.9	-	-	-	-	-	-	-	-	-	-	-	-
KP_NORM_BLD_2014_103381	strB.v1	-	Gene presence detected	aminoglycoside antibiotic	KP_NORM_BLD_2014_103381__pl_1	194051	15098	15935	837	0	837	100.00%	100.00%	ARO:0000016	-	Kleborate	3.2.4	CARD	3.2.9	-	-	-	-	-	-	-	-	-	-	-	-
KP_NORM_BLD_2014_103381	strA.v1	-	Gene presence detected	aminoglycoside antibiotic	KP_NORM_BLD_2014_103381__pl_1	194051	15934	16738	804	0	804	99.88%	100.00%	ARO:0000016	-	Kleborate	3.2.4	CARD	3.2.9	-	-	-	-	-	-	-	-	-	-	-	-
KP_NORM_BLD_2014_103381	aac(6)-Ib-cr.v2	-	Gene presence detected	aminoglycoside antibiotic	KP_NORM_BLD_2014_103381__pl_1	194051	803	1403	600	0	600	100.00%	100.00%	ARO:0000016	+	Kleborate	3.2.4	CARD	3.2.9	-	-	-	-	-	-	-	-	-	-	-	-
KP_NORM_BLD_2014_103381	qnrB1.v2	-	Gene presence detected	Fluoroquinolone antibiotic	KP_NORM_BLD_2014_103381__pl_1	194051	180500	181180	681	0	681	99.85%	100.00%	ARO:0000001	-	Kleborate	3.2.4	CARD	3.2.9	-	-	-	-	-	-	-	-	-	-	-	-
KP_NORM_BLD_2014_103381	aac(6)-Ib-cr.v2	-	Gene presence detected	Fluoroquinolone antibiotic	KP_NORM_BLD_2014_103381__pl_1	194051	803	1403	600	0	600	100.00%	100.00%	ARO:0000016	+	Kleborate	3.2.4	CARD	3.2.9	-	-	-	-	-	-	-	-	-	-	-	-
KP_NORM_BLD_2014_103381	sul2	-	Gene presence detected	sulfonamide antibiotic	KP_NORM_BLD_2014_103381__pl_1	194051	16798	17614	816	0	816	100.00%	100.00%	ARO:3000282	-	Kleborate	3.2.4	CARD	3.2.9	-	-	-	-	-	-	-	-	-	-	-	-
KP_NORM_BLD_2014_103381	tet(A).v1	-	Gene presence detected	Tetracycline antibiotic	KP_NORM_BLD_2014_103381__pl_1	194051	189372	190647	1275	0	1275	100.00%	100.00%	ARO:3000050	-	Kleborate	3.2.4	CARD	3.2.9	-	-	-	-	-	-	-	-	-	-	-	-
KP_NORM_BLD_2014_103381	dfrA14.v2	-	Gene presence detected	Diaminopyrimidine antibiotic	KP_NORM_BLD_2014_103381__pl_1	194051	176735	177218	483	0	483	99.79%	100.00%	ARO:3000171	-	Kleborate	3.2.4	CARD	3.2.9	-	-	-	-	-	-	-	-	-	-	-	-
KP_NORM_BLD_2014_103381	OXA-1	-	Gene presence detected	penicillin beta-lactam	KP_NORM_BLD_2014_103381__pl_1	194051	1533	2364	831	0	831	100.00%	100.00%	ARO:3000008	+	Kleborate	3.2.4	CARD	3.2.9	-	-	-	-	-	-	-	-	-	-	-	-
KP_NORM_BLD_2014_103381	CTX-M-15	-	Gene presence detected	third-generation cephalosporin	KP_NORM_BLD_2014_103381__pl_1	194051	9820	10696	876	0	876	100.00%	100.00%	ARO:3009107	-	Kleborate	3.2.4	CARD	3.2.9	-	-	-	-	-	-	-	-	-	-	-	-
KP_NORM_BLD_2014_103381	SHV-28	-	Gene presence detected	penicillin beta-lactam	KP_NORM_BLD_2014_103381__chr	5287605	2710455	2711316	861	0	861	99.88%	100.00%	ARO:3000008	+	Kleborate	3.2.4	CARD	3.2.9	-	-	-	-	-	-	-	-	-	-	-	-
KP_NORM_BLD_2014_103381	catB3.v1	-	Gene presence detected	phenicol antibiotic	KP_NORM_BLD_2014_103381__pl_1	194051	2501	2943	633	0	442	100.00%	69.83%	ARO:3000387	+	Kleborate	3.2.4	CARD	3.2.9	-	-	-	-	-	-	-	-	-	-	-	-
KP_NORM_BLD_2014_103381	GyrA	p.Ser83Ile	Protein variant detected	fluoroquinolone antibiotic	KP_NORM_BLD_2014_103381__chr	5287605	1605604	1605964	360	0	360	99.44%	100.00%	ARO:0000001	+	Kleborate	3.2.4	CARD	3.2.9	-	-	-	-	-	-	-	-	-	-	-	-
KP_NORM_BLD_2014_103381	ParC	p.Ser80Ile	Protein variant detected	fluoroquinolone antibiotic	KP_NORM_BLD_2014_103381__chr	5287605	689083	689443	360	0	360	99.44%	100.00%	ARO:0000001	+	Kleborate	3.2.4	CARD	3.2.9	-	-	-	-	-	-	-	-	-	-	-	-
KP_NORM_BLD_2014_104014	aadA	-	Gene presence detected	aminoglycoside antibiotic	KP_NORM_BLD_2014_104014__pl_1	345775	33915	34883	972	0	972	99.59%	100.00%	ARO:0000016	-	Kleborate	3.2.4	CARD	3.2.9	-	-	-	-	-	-	-	-	-	-	-	-
KP_NORM_BLD_2014_104014	aac(3)-IIa.v1	-	Gene presence detected	aminoglycoside antibiotic	KP_NORM_BLD_2014_104014__pl_1	345775	186394	187255	861	0	861	100.00%	100.00%	ARO:0000016	-	Kleborate	3.2.4	CARD	3.2.9	-	-	-	-	-	-	-	-	-	-	-	-
KP_NORM_BLD_2014_104014	aph(3)-Ia	-	Gene presence detected	aminoglycoside antibiotic	KP_NORM_BLD_2014_104014__pl_1	345775	195801	196617	816	0	816	100.00%	100.00%	ARO:0000016	+	Kleborate	3.2.4	CARD	3.2.9	-	-	-	-	-	-	-	-	-	-	-	-
KP_NORM_BLD_2014_104014	aac(6)-Ib-cr.v2	-	Gene presence detected	aminoglycoside antibiotic	KP_NORM_BLD_2014_104014__pl_3	76757	9404	10004	600	0	600	100.00%	100.00%	ARO:0000016	-	Kleborate	3.2.4	CARD	3.2.9	-	-	-	-	-	-	-	-	-	-	-	-
KP_NORM_BLD_2014_104014	sat-2	-	Gene presence detected	aminoglycoside antibiotic	KP_NORM_BLD_2014_104014__pl_1	345775	328000	328525	525	0	525	100.00%	100.00%	ARO:0000016	+	Kleborate	3.2.4	CARD	3.2.9	-	-	-	-	-	-	-	-	-	-	-	-
KP_NORM_BLD_2014_104014	aac(6)-Ib-cr.v2	-	Gene presence detected	Fluoroquinolone antibiotic	KP_NORM_BLD_2014_104014__pl_3	76757	9404	10004	600	0	600	100.00%	100.00%	ARO:0000016	-	Kleborate	3.2.4	CARD	3.2.9	-	-	-	-	-	-	-	-	-	-	-	-
KP_NORM_BLD_2014_104014	catA1	-	Gene presence detected	phenicol antibiotic	KP_NORM_BLD_2014_104014__chr	5319653	3743749	3744409	660	0	660	99.85%	100.00%	ARO:3000387	-	Kleborate	3.2.4	CARD	3.2.9	-	-	-	-	-	-	-	-	-	-	-	-
KP_NORM_BLD_2014_104014	sul1	-	Gene presence detected	sulfonamide antibiotic	KP_NORM_BLD_2014_104014__pl_1	345775	32571	33411	840	0	840	100.00%	100.00%	ARO:3000282	-	Kleborate	3.2.4	CARD	3.2.9	-	-	-	-	-	-	-	-	-	-	-	-
KP_NORM_BLD_2014_104014	dfrA1.v1	-	Gene presence detected	Diaminopyrimidine antibiotic	KP_NORM_BLD_2014_104014__pl_1	345775	327432	327906	474	0	474	100.00%	100.00%	ARO:3000171	+	Kleborate	3.2.4	CARD	3.2.9	-	-	-	-	-	-	-	-	-	-	-	-
KP_NORM_BLD_2014_104014	OXA-1	-	Gene presence detected	penicillin beta-lactam	KP_NORM_BLD_2014_104014__pl_3	76757	8443	9274	831	0	831	100.00%	100.00%	ARO:3000008	-	Kleborate	3.2.4	CARD	3.2.9	-	-	-	-	-	-	-	-	-	-	-	-
KP_NORM_BLD_2014_104014	CTX-M-15	-	Gene presence detected	third-generation cephalosporin	KP_NORM_BLD_2014_104014__chr	5319653	4190185	4191061	876	0	876	100.00%	100.00%	ARO:3009107	-	Kleborate	3.2.4	CARD	3.2.9	-	-	-	-	-	-	-	-	-	-	-	-
KP_NORM_BLD_2014_104014	CTX-M-15	-	Gene presence detected	third-generation cephalosporin	KP_NORM_BLD_2014_104014__chr	5319653	4190185	4191061	876	0	876	100.00%	100.00%	ARO:3009107	-	Kleborate	3.2.4	CARD	3.2.9	-	-	-	-	-	-	-	-	-	-	-	-
KP_NORM_BLD_2014_104014	SHV-5	-	Gene presence detected	third-generation cephalosporin	KP_NORM_BLD_2014_104014__pl_1	345775	25968	26829	861	0	861	100.00%	100.00%	ARO:3009107	-	Kleborate	3.2.4	CARD	3.2.9	-	-	-	-	-	-	-	-	-	-	-	-
KP_NORM_BLD_2014_104014	SHV-28	-	Gene presence detected	penicillin beta-lactam	KP_NORM_BLD_2014_104014__chr	5319653	2768384	2769245	861	0	861	99.88%	100.00%	ARO:3000008	+	Kleborate	3.2.4	CARD	3.2.9	-	-	-	-	-	-	-	-	-	-	-	-
KP_NORM_BLD_2014_104014	SHV	p.Gly238Ser	Protein variant detected	penicillin beta-lactam	KP_NORM_BLD_2014_104014__pl_1	345775	25968	26829	861	0	861	100.00%	100.00%	ARO:3000008	-	Kleborate	3.2.4	CARD	3.2.9	-	-	-	-	-	-	-	-	-	-	-	-
KP_NORM_BLD_2014_104014	SHV	p.Glu240Lys	Protein variant detected	penicillin beta-lactam	KP_NORM_BLD_2014_104014__pl_1	345775	25968	26829	861	0	861	100.00%	100.00%	ARO:3000008	-	Kleborate	3.2.4	CARD	3.2.9	-	-	-	-	-	-	-	-	-	-	-	-
KP_NORM_BLD_2014_104014	OmpK36	p.134_135insGlyAsp	Protein variant detected	-	KP_NORM_BLD_2014_104014__chr	5319653	1597029	1598139	1104	0	1104	99.37%	100.54%	-	+	Kleborate	3.2.4	CARD	3.2.9	-	-	-	-	-	-	-	-	-	-	-	-
KP_NORM_BLD_2014_104014	OmpK35	c.T76del	Inactivating mutation detected	-	KP_NORM_BLD_2014_104014__chr	5319653	3451941	3452017	1080	0	76	100.00%	6.96%	-	+	Kleborate	3.2.4	CARD	3.2.9	-	-	-	-	-	-	-	-	-	-	-	-
KP_NORM_BLD_2014_104014	GyrA	p.Ser83Phe	Protein variant detected	fluoroquinolone antibiotic	KP_NORM_BLD_2014_104014__chr	5319653	1587283	1587643	360	0	360	99.44%	100.00%	ARO:0000001	+	Kleborate	3.2.4	CARD	3.2.9	-	-	-	-	-	-	-	-	-	-	-	-
KP_NORM_BLD_2014_104014	GyrA	p.Asp87Ala	Protein variant detected	fluoroquinolone antibiotic	KP_NORM_BLD_2014_104014__chr	5319653	1587283	1587643	360	0	360	99.44%	100.00%	ARO:0000001	+	Kleborate	3.2.4	CARD	3.2.9	-	-	-	-	-	-	-	-	-	-	-	-
KP_NORM_BLD_2014_104014	ParC	p.Ser80Ile	Protein variant detected	fluoroquinolone antibiotic	KP_NORM_BLD_2014_104014__chr	5319653	735757	736117	360	0	360	99.44%	100.00%	ARO:0000001	+	Kleborate	3.2.4	CARD	3.2.9	-	-	-	-	-	-	-	-	-	-	-	-
KP_NORM_BLD_2014_104302	strB.v1	-	Gene presence detected	aminoglycoside antibiotic	KP_NORM_BLD_2014_104302__pl_1	280779	135466	136303	837	0	837	100.00%	100.00%	ARO:0000016	+	Kleborate	3.2.4	CARD	3.2.9	-	-	-	-	-	-	-	-	-	-	-	-
KP_NORM_BLD_2014_104302	strA.v1	-	Gene presence detected	aminoglycoside antibiotic	KP_NORM_BLD_2014_104302__pl_1	280779	134663	135467	804	0	804	99.88%	100.00%	ARO:0000016	+	Kleborate	3.2.4	CARD	3.2.9	-	-	-	-	-	-	-	-	-	-	-	-
KP_NORM_BLD_2014_104302	qnrB1.v2	-	Gene presence detected	Fluoroquinolone antibiotic	KP_NORM_BLD_2014_104302__pl_1	280779	153962	154642	681	0	681	99.85%	100.00%	ARO:0000001	-	Kleborate	3.2.4	CARD	3.2.9	-	-	-	-	-	-	-	-	-	-	-	-
KP_NORM_BLD_2014_104302	sul2	-	Gene presence detected	sulfonamide antibiotic	KP_NORM_BLD_2014_104302__pl_1	280779	133787	134603	816	0	816	100.00%	100.00%	ARO:3000282	+	Kleborate	3.2.4	CARD	3.2.9	-	-	-	-	-	-	-	-	-	-	-	-
KP_NORM_BLD_2014_104302	tet(A).v1	-	Gene presence detected	Tetracycline antibiotic	KP_NORM_BLD_2014_104302__pl_1	280779	125764	127039	1275	0	1275	100.00%	100.00%	ARO:3000050	+	Kleborate	3.2.4	CARD	3.2.9	-	-	-	-	-	-	-	-	-	-	-	-
KP_NORM_BLD_2014_104302	dfrA14.v2	-	Gene presence detected	Diaminopyrimidine antibiotic	KP_NORM_BLD_2014_104302__pl_1	280779	150197	150680	483	0	483	99.79%	100.00%	ARO:3000171	-	Kleborate	3.2.4	CARD	3.2.9	-	-	-	-	-	-	-	-	-	-	-	-
KP_NORM_BLD_2014_104302	CTX-M-15	-	Gene presence detected	third-generation cephalosporin	KP_NORM_BLD_2014_104302__pl_1	280779	140705	141581	876	0	876	100.00%	100.00%	ARO:3009107	+	Kleborate	3.2.4	CARD	3.2.9	-	-	-	-	-	-	-	-	-	-	-	-
KP_NORM_BLD_2014_104302	SHV-28	-	Gene presence detected	penicillin beta-lactam	KP_NORM_BLD_2014_104302__chr	5235327	2739241	2740102	861	0	861	99.88%	100.00%	ARO:3000008	+	Kleborate	3.2.4	CARD	3.2.9	-	-	-	-	-	-	-	-	-	-	-	-
KP_NORM_BLD_2014_96855	aac(3)-IIa.v1	-	Gene presence detected	aminoglycoside antibiotic	KP_NORM_BLD_2014_96855__pl_2	115132	17874	18735	861	0	861	99.77%	100.00%	ARO:0000016	-	Kleborate	3.2.4	CARD	3.2.9	-	-	-	-	-	-	-	-	-	-	-	-
KP_NORM_BLD_2014_96855	aadA	-	Gene presence detected	aminoglycoside antibiotic	KP_NORM_BLD_2014_96855__pl_2	115132	22831	23623	792	0	792	99.75%	100.00%	ARO:0000016	+	Kleborate	3.2.4	CARD	3.2.9	-	-	-	-	-	-	-	-	-	-	-	-
KP_NORM_BLD_2014_96855	aac(6)-Ib-cr.v2	-	Gene presence detected	aminoglycoside antibiotic	KP_NORM_BLD_2014_96855__pl_2	115132	32672	33272	600	0	600	100.00%	100.00%	ARO:0000016	+	Kleborate	3.2.4	CARD	3.2.9	-	-	-	-	-	-	-	-	-	-	-	-
KP_NORM_BLD_2014_96855	aac(6)-Ib-cr.v2	-	Gene presence detected	Fluoroquinolone antibiotic	KP_NORM_BLD_2014_96855__pl_2	115132	32672	33272	600	0	600	100.00%	100.00%	ARO:0000016	+	Kleborate	3.2.4	CARD	3.2.9	-	-	-	-	-	-	-	-	-	-	-	-
KP_NORM_BLD_2014_96855	ereA2	-	Gene presence detected	Macrolide antibiotic	KP_NORM_BLD_2014_96855__pl_2	115132	21519	22746	1227	0	1227	95.11%	100.00%	ARO:0000000	+	Kleborate	3.2.4	CARD	3.2.9	-	-	-	-	-	-	-	-	-	-	-	-
KP_NORM_BLD_2014_96855	cmlA5	-	Gene presence detected	phenicol antibiotic	KP_NORM_BLD_2014_96855__pl_2	115132	23844	25104	1260	0	1260	100.00%	100.00%	ARO:3000387	+	Kleborate	3.2.4	CARD	3.2.9	-	-	-	-	-	-	-	-	-	-	-	-
KP_NORM_BLD_2014_96855	arr-2	-	Gene presence detected	Rifamycin antibiotic	KP_NORM_BLD_2014_96855__pl_2	115132	20791	21244	453	0	453	100.00%	100.00%	ARO:3000157	+	Kleborate	3.2.4	CARD	3.2.9	-	-	-	-	-	-	-	-	-	-	-	-
KP_NORM_BLD_2014_96855	sul1	-	Gene presence detected	sulfonamide antibiotic	KP_NORM_BLD_2014_96855__pl_2	115132	25636	26476	840	0	840	99.88%	100.00%	ARO:3000282	+	Kleborate	3.2.4	CARD	3.2.9	-	-	-	-	-	-	-	-	-	-	-	-
KP_NORM_BLD_2014_96855	OXA-1	-	Gene presence detected	penicillin beta-lactam	KP_NORM_BLD_2014_96855__pl_2	115132	33402	34233	831	0	831	100.00%	100.00%	ARO:3000008	+	Kleborate	3.2.4	CARD	3.2.9	-	-	-	-	-	-	-	-	-	-	-	-
KP_NORM_BLD_2014_96855	CTX-M-15	-	Gene presence detected	third-generation cephalosporin	KP_NORM_BLD_2014_96855__pl_2	115132	38269	39145	876	0	876	100.00%	100.00%	ARO:3009107	-	Kleborate	3.2.4	CARD	3.2.9	-	-	-	-	-	-	-	-	-	-	-	-
KP_NORM_BLD_2014_96855	SHV-75	-	Gene presence detected	penicillin beta-lactam	KP_NORM_BLD_2014_96855__chr	5222179	2700706	2701567	861	0	861	100.00%	100.00%	ARO:3000008	+	Kleborate	3.2.4	CARD	3.2.9	-	-	-	-	-	-	-	-	-	-	-	-
KP_NORM_BLD_2014_96855	catB3.v1	-	Gene presence detected	phenicol antibiotic	KP_NORM_BLD_2014_96855__pl_2	115132	34370	34812	633	0	442	100.00%	69.83%	ARO:3000387	+	Kleborate	3.2.4	CARD	3.2.9	-	-	-	-	-	-	-	-	-	-	-	-
KP_NORM_BLD_2015_108843	strB.v1	-	Gene presence detected	aminoglycoside antibiotic	KP_NORM_BLD_2015_108843__pl_2	119925	113378	114215	837	0	837	100.00%	100.00%	ARO:0000016	+	Kleborate	3.2.4	CARD	3.2.9	-	-	-	-	-	-	-	-	-	-	-	-
KP_NORM_BLD_2015_108843	strB.v1	-	Gene presence detected	aminoglycoside antibiotic	KP_NORM_BLD_2015_108843__pl_2	119925	113378	114215	837	0	837	100.00%	100.00%	ARO:0000016	+	Kleborate	3.2.4	CARD	3.2.9	-	-	-	-	-	-	-	-	-	-	-	-
KP_NORM_BLD_2015_108843	strA.v1	-	Gene presence detected	aminoglycoside antibiotic	KP_NORM_BLD_2015_108843__pl_2	119925	84341	85145	804	0	804	100.00%	100.00%	ARO:0000016	-	Kleborate	3.2.4	CARD	3.2.9	-	-	-	-	-	-	-	-	-	-	-	-
KP_NORM_BLD_2015_108843	strA.v1	-	Gene presence detected	aminoglycoside antibiotic	KP_NORM_BLD_2015_108843__pl_2	119925	84341	85145	804	0	804	100.00%	100.00%	ARO:0000016	-	Kleborate	3.2.4	CARD	3.2.9	-	-	-	-	-	-	-	-	-	-	-	-
KP_NORM_BLD_2015_108843	armA	-	Gene presence detected	aminoglycoside antibiotic	KP_NORM_BLD_2015_108843__pl_2	119925	68867	69641	774	0	774	100.00%	100.00%	ARO:0000016	+	Kleborate	3.2.4	CARD	3.2.9	-	-	-	-	-	-	-	-	-	-	-	-
KP_NORM_BLD_2015_108843	aac(6)-Ib7	-	Gene presence detected	aminoglycoside antibiotic	KP_NORM_BLD_2015_108843__pl_2	119925	63379	64174	786	0	786	93.03%	100.00%	ARO:0000016	+	Kleborate	3.2.4	CARD	3.2.9	-	-	-	-	-	-	-	-	-	-	-	-
KP_NORM_BLD_2015_108843	msrE	-	Gene presence detected	Macrolide antibiotic	KP_NORM_BLD_2015_108843__pl_2	119925	71939	73415	1476	0	1476	99.93%	100.00%	ARO:0000000	+	Kleborate	3.2.4	CARD	3.2.9	-	-	-	-	-	-	-	-	-	-	-	-
KP_NORM_BLD_2015_108843	mphE.v2	-	Gene presence detected	Macrolide antibiotic	KP_NORM_BLD_2015_108843__pl_2	119925	73470	74355	885	0	885	100.00%	100.00%	ARO:0000000	+	Kleborate	3.2.4	CARD	3.2.9	-	-	-	-	-	-	-	-	-	-	-	-
KP_NORM_BLD_2015_108843	sul1	-	Gene presence detected	sulfonamide antibiotic	KP_NORM_BLD_2015_108843__pl_2	119925	64683	65523	840	0	840	100.00%	100.00%	ARO:3000282	+	Kleborate	3.2.4	CARD	3.2.9	-	-	-	-	-	-	-	-	-	-	-	-
KP_NORM_BLD_2015_108843	sul2	-	Gene presence detected	sulfonamide antibiotic	KP_NORM_BLD_2015_108843__pl_2	119925	80703	81519	816	0	816	100.00%	100.00%	ARO:3000282	-	Kleborate	3.2.4	CARD	3.2.9	-	-	-	-	-	-	-	-	-	-	-	-
KP_NORM_BLD_2015_108843	CMY-4.v1	-	Gene presence detected	penicillin beta-lactam	KP_NORM_BLD_2015_108843__pl_6	6925	0	1146	1146	0	1146	100.00%	100.00%	ARO:3000008	+	Kleborate	3.2.4	CARD	3.2.9	-	-	-	-	-	-	-	-	-	-	-	-
KP_NORM_BLD_2015_108843	OXA-48	-	Gene presence detected	carbapenem	KP_NORM_BLD_2015_108843__pl_3	61749	48980	49778	798	0	798	100.00%	100.00%	ARO:0000020	-	Kleborate	3.2.4	CARD	3.2.9	-	-	-	-	-	-	-	-	-	-	-	-
KP_NORM_BLD_2015_108843	SHV-28	-	Gene presence detected	penicillin beta-lactam	KP_NORM_BLD_2015_108843__chr	5414952	2802882	2803743	861	0	861	99.88%	100.00%	ARO:3000008	+	Kleborate	3.2.4	CARD	3.2.9	-	-	-	-	-	-	-	-	-	-	-	-
KP_NORM_BLD_2015_108843	GyrA	p.Ser83Phe	Protein variant detected	fluoroquinolone antibiotic	KP_NORM_BLD_2015_108843__chr	5414952	3982385	3982745	360	0	360	99.72%	100.00%	ARO:0000001	-	Kleborate	3.2.4	CARD	3.2.9	-	-	-	-	-	-	-	-	-	-	-	-
KP_NORM_BLD_2015_111587	aac(3)-IIa.v1	-	Gene presence detected	aminoglycoside antibiotic	KP_NORM_BLD_2015_111587__pl_1	189723	165957	166818	861	0	861	99.77%	100.00%	ARO:0000016	+	Kleborate	3.2.4	CARD	3.2.9	-	-	-	-	-	-	-	-	-	-	-	-
KP_NORM_BLD_2015_111587	strB.v1	-	Gene presence detected	aminoglycoside antibiotic	KP_NORM_BLD_2015_111587__pl_2	85165	71610	72447	837	0	837	100.00%	100.00%	ARO:0000016	+	Kleborate	3.2.4	CARD	3.2.9	-	-	-	-	-	-	-	-	-	-	-	-
KP_NORM_BLD_2015_111587	aph3-Ia.v1	-	Gene presence detected	aminoglycoside antibiotic	KP_NORM_BLD_2015_111587__pl_1	189723	0	816	816	0	816	99.88%	100.00%	ARO:0000016	+	Kleborate	3.2.4	CARD	3.2.9	-	-	-	-	-	-	-	-	-	-	-	-
KP_NORM_BLD_2015_111587	strA.v1	-	Gene presence detected	aminoglycoside antibiotic	KP_NORM_BLD_2015_111587__pl_2	85165	70807	71611	804	0	804	99.88%	100.00%	ARO:0000016	+	Kleborate	3.2.4	CARD	3.2.9	-	-	-	-	-	-	-	-	-	-	-	-
KP_NORM_BLD_2015_111587	aadA2	-	Gene presence detected	aminoglycoside antibiotic	KP_NORM_BLD_2015_111587__pl_1	189723	179080	179860	780	0	780	99.87%	100.00%	ARO:0000016	+	Kleborate	3.2.4	CARD	3.2.9	-	-	-	-	-	-	-	-	-	-	-	-
KP_NORM_BLD_2015_111587	aac(6)-Ib-cr.v2	-	Gene presence detected	aminoglycoside antibiotic	KP_NORM_BLD_2015_111587__pl_1	189723	162954	163554	600	0	600	100.00%	100.00%	ARO:0000016	+	Kleborate	3.2.4	CARD	3.2.9	-	-	-	-	-	-	-	-	-	-	-	-
KP_NORM_BLD_2015_111587	qnrS1	-	Gene presence detected	Fluoroquinolone antibiotic	KP_NORM_BLD_2015_111587__pl_2	85165	3544	4201	657	0	657	100.00%	100.00%	ARO:0000001	+	Kleborate	3.2.4	CARD	3.2.9	-	-	-	-	-	-	-	-	-	-	-	-
KP_NORM_BLD_2015_111587	aac(6)-Ib-cr.v2	-	Gene presence detected	Fluoroquinolone antibiotic	KP_NORM_BLD_2015_111587__pl_1	189723	162954	163554	600	0	600	100.00%	100.00%	ARO:0000016	+	Kleborate	3.2.4	CARD	3.2.9	-	-	-	-	-	-	-	-	-	-	-	-
KP_NORM_BLD_2015_111587	Mrx	-	Gene presence detected	Macrolide antibiotic	KP_NORM_BLD_2015_111587__pl_1	189723	186606	187845	1239	0	1239	100.00%	100.00%	ARO:0000000	-	Kleborate	3.2.4	CARD	3.2.9	-	-	-	-	-	-	-	-	-	-	-	-
KP_NORM_BLD_2015_111587	mphA	-	Gene presence detected	Macrolide antibiotic	KP_NORM_BLD_2015_111587__pl_1	189723	187841	188747	906	0	906	100.00%	100.00%	ARO:0000000	-	Kleborate	3.2.4	CARD	3.2.9	-	-	-	-	-	-	-	-	-	-	-	-
KP_NORM_BLD_2015_111587	floR.v1	-	Gene presence detected	phenicol antibiotic	KP_NORM_BLD_2015_111587__pl_2	85165	73402	74617	1215	0	1215	99.84%	100.00%	ARO:3000387	-	Kleborate	3.2.4	CARD	3.2.9	-	-	-	-	-	-	-	-	-	-	-	-
KP_NORM_BLD_2015_111587	sul1	-	Gene presence detected	sulfonamide antibiotic	KP_NORM_BLD_2015_111587__pl_1	189723	180364	181204	840	0	840	100.00%	100.00%	ARO:3000282	+	Kleborate	3.2.4	CARD	3.2.9	-	-	-	-	-	-	-	-	-	-	-	-
KP_NORM_BLD_2015_111587	sul2	-	Gene presence detected	sulfonamide antibiotic	KP_NORM_BLD_2015_111587__pl_2	85165	69931	70747	816	0	816	100.00%	100.00%	ARO:3000282	+	Kleborate	3.2.4	CARD	3.2.9	-	-	-	-	-	-	-	-	-	-	-	-
KP_NORM_BLD_2015_111587	tet(A).v1	-	Gene presence detected	Tetracycline antibiotic	KP_NORM_BLD_2015_111587__pl_2	85165	80605	81880	1275	0	1275	100.00%	100.00%	ARO:3000050	+	Kleborate	3.2.4	CARD	3.2.9	-	-	-	-	-	-	-	-	-	-	-	-
KP_NORM_BLD_2015_111587	dfrA12	-	Gene presence detected	Diaminopyrimidine antibiotic	KP_NORM_BLD_2015_111587__pl_1	189723	178163	178661	498	0	498	100.00%	100.00%	ARO:3000171	+	Kleborate	3.2.4	CARD	3.2.9	-	-	-	-	-	-	-	-	-	-	-	-
KP_NORM_BLD_2015_111587	LAP-2	-	Gene presence detected	penicillin beta-lactam	KP_NORM_BLD_2015_111587__pl_2	85165	1090	1948	858	0	858	100.00%	100.00%	ARO:3000008	+	Kleborate	3.2.4	CARD	3.2.9	-	-	-	-	-	-	-	-	-	-	-	-
KP_NORM_BLD_2015_111587	OXA-1	-	Gene presence detected	penicillin beta-lactam	KP_NORM_BLD_2015_111587__pl_1	189723	163684	164515	831	0	831	100.00%	100.00%	ARO:3000008	+	Kleborate	3.2.4	CARD	3.2.9	-	-	-	-	-	-	-	-	-	-	-	-
KP_NORM_BLD_2015_111587	CTX-M-15	-	Gene presence detected	third-generation cephalosporin	KP_NORM_BLD_2015_111587__pl_1	189723	171971	172847	876	0	876	100.00%	100.00%	ARO:3009107	-	Kleborate	3.2.4	CARD	3.2.9	-	-	-	-	-	-	-	-	-	-	-	-
KP_NORM_BLD_2015_111587	SHV-11	-	Gene presence detected	penicillin beta-lactam	KP_NORM_BLD_2015_111587__chr	5284210	2663329	2664190	861	0	861	100.00%	100.00%	ARO:3000008	-	Kleborate	3.2.4	CARD	3.2.9	-	-	-	-	-	-	-	-	-	-	-	-
KP_NORM_BLD_2015_111587	catB3.v1	-	Gene presence detected	phenicol antibiotic	KP_NORM_BLD_2015_111587__pl_1	189723	164652	165094	633	0	442	100.00%	69.83%	ARO:3000387	+	Kleborate	3.2.4	CARD	3.2.9	-	-	-	-	-	-	-	-	-	-	-	-
KP_NORM_BLD_2015_111587	SHV	p.Leu35Gln	Protein variant detected	penicillin beta-lactam	KP_NORM_BLD_2015_111587__chr	5284210	2663329	2664190	861	0	861	100.00%	100.00%	ARO:3000008	-	Kleborate	3.2.4	CARD	3.2.9	-	-	-	-	-	-	-	-	-	-	-	-
KP_NORM_BLD_2015_111587	GyrA	p.Ser83Ile	Protein variant detected	fluoroquinolone antibiotic	KP_NORM_BLD_2015_111587__chr	5284210	1560241	1560601	360	0	360	99.44%	100.00%	ARO:0000001	+	Kleborate	3.2.4	CARD	3.2.9	-	-	-	-	-	-	-	-	-	-	-	-
KP_NORM_BLD_2015_111587	ParC	p.Ser80Ile	Protein variant detected	fluoroquinolone antibiotic	KP_NORM_BLD_2015_111587__chr	5284210	708715	709075	360	0	360	99.72%	100.00%	ARO:0000001	+	Kleborate	3.2.4	CARD	3.2.9	-	-	-	-	-	-	-	-	-	-	-	-
KP_NORM_BLD_2015_112126	aac(3)-IIa.v1	-	Gene presence detected	aminoglycoside antibiotic	KP_NORM_BLD_2015_112126__pl_1	299188	165548	166409	861	0	861	100.00%	100.00%	ARO:0000016	-	Kleborate	3.2.4	CARD	3.2.9	-	-	-	-	-	-	-	-	-	-	-	-
KP_NORM_BLD_2015_112126	aac(6)-Ib-cr.v2	-	Gene presence detected	aminoglycoside antibiotic	KP_NORM_BLD_2015_112126__pl_3	89709	59085	59685	600	0	600	100.00%	100.00%	ARO:0000016	+	Kleborate	3.2.4	CARD	3.2.9	-	-	-	-	-	-	-	-	-	-	-	-
KP_NORM_BLD_2015_112126	aac(6)-Ib-cr.v2	-	Gene presence detected	Fluoroquinolone antibiotic	KP_NORM_BLD_2015_112126__pl_3	89709	59085	59685	600	0	600	100.00%	100.00%	ARO:0000016	+	Kleborate	3.2.4	CARD	3.2.9	-	-	-	-	-	-	-	-	-	-	-	-
KP_NORM_BLD_2015_112126	catA1	-	Gene presence detected	phenicol antibiotic	KP_NORM_BLD_2015_112126__chr	5284191	3709160	3709820	660	0	660	99.85%	100.00%	ARO:3000387	-	Kleborate	3.2.4	CARD	3.2.9	-	-	-	-	-	-	-	-	-	-	-	-
KP_NORM_BLD_2015_112126	tet(A).v1	-	Gene presence detected	Tetracycline antibiotic	KP_NORM_BLD_2015_112126__pl_3	89709	54431	55706	1275	0	1275	100.00%	100.00%	ARO:3000050	-	Kleborate	3.2.4	CARD	3.2.9	-	-	-	-	-	-	-	-	-	-	-	-
KP_NORM_BLD_2015_112126	OXA-1	-	Gene presence detected	penicillin beta-lactam	KP_NORM_BLD_2015_112126__pl_3	89709	59815	60646	831	0	831	100.00%	100.00%	ARO:3000008	+	Kleborate	3.2.4	CARD	3.2.9	-	-	-	-	-	-	-	-	-	-	-	-
KP_NORM_BLD_2015_112126	CTX-M-15	-	Gene presence detected	third-generation cephalosporin	KP_NORM_BLD_2015_112126__pl_3	89709	65416	66292	876	0	876	100.00%	100.00%	ARO:3009107	+	Kleborate	3.2.4	CARD	3.2.9	-	-	-	-	-	-	-	-	-	-	-	-
KP_NORM_BLD_2015_112126	SHV-28	-	Gene presence detected	penicillin beta-lactam	KP_NORM_BLD_2015_112126__chr	5284191	2733801	2734662	861	0	861	99.88%	100.00%	ARO:3000008	+	Kleborate	3.2.4	CARD	3.2.9	-	-	-	-	-	-	-	-	-	-	-	-
KP_NORM_BLD_2015_112126	catB3.v1	-	Gene presence detected	phenicol antibiotic	KP_NORM_BLD_2015_112126__pl_3	89709	60783	61225	633	0	442	100.00%	69.83%	ARO:3000387	+	Kleborate	3.2.4	CARD	3.2.9	-	-	-	-	-	-	-	-	-	-	-	-
KP_NORM_BLD_2015_112126	OmpK36	p.134_135insGlyAsp	Protein variant detected	-	KP_NORM_BLD_2015_112126__chr	5284191	1561223	1562333	1104	0	1104	99.28%	100.54%	-	+	Kleborate	3.2.4	CARD	3.2.9	-	-	-	-	-	-	-	-	-	-	-	-
KP_NORM_BLD_2015_112126	GyrA	p.Ser83Phe	Protein variant detected	fluoroquinolone antibiotic	KP_NORM_BLD_2015_112126__chr	5284191	1551477	1551837	360	0	360	99.44%	100.00%	ARO:0000001	+	Kleborate	3.2.4	CARD	3.2.9	-	-	-	-	-	-	-	-	-	-	-	-
KP_NORM_BLD_2015_112126	GyrA	p.Asp87Ala	Protein variant detected	fluoroquinolone antibiotic	KP_NORM_BLD_2015_112126__chr	5284191	1551477	1551837	360	0	360	99.44%	100.00%	ARO:0000001	+	Kleborate	3.2.4	CARD	3.2.9	-	-	-	-	-	-	-	-	-	-	-	-
KP_NORM_BLD_2015_112126	ParC	p.Ser80Ile	Protein variant detected	fluoroquinolone antibiotic	KP_NORM_BLD_2015_112126__chr	5284191	734675	735035	360	0	360	99.44%	100.00%	ARO:0000001	+	Kleborate	3.2.4	CARD	3.2.9	-	-	-	-	-	-	-	-	-	-	-	-
KP_NORM_BLD_2015_115359	CTX-M-1	-	Gene presence detected	third-generation cephalosporin	KP_NORM_BLD_2015_115359__pl_2	40128	27671	28547	876	0	876	100.00%	100.00%	ARO:3009107	-	Kleborate	3.2.4	CARD	3.2.9	-	-	-	-	-	-	-	-	-	-	-	-
KP_NORM_BLD_2015_115359	SHV-1	-	Gene presence detected	penicillin beta-lactam	KP_NORM_BLD_2015_115359__chr	5278596	2713938	2714799	861	0	861	100.00%	100.00%	ARO:3000008	+	Kleborate	3.2.4	CARD	3.2.9	-	-	-	-	-	-	-	-	-	-	-	-
KP_NORM_BLD_2247	SHV-1	-	Gene presence detected	penicillin beta-lactam	KP_NORM_BLD_2247__chr	5185857	2730522	2731383	861	0	861	100.00%	100.00%	ARO:3000008	+	Kleborate	3.2.4	CARD	3.2.9	-	-	-	-	-	-	-	-	-	-	-	-
KP_NORM_BLD_2254	SHV-1	-	Gene presence detected	penicillin beta-lactam	KP_NORM_BLD_2254__chr	5204006	2669433	2670300	867	0	867	99.88%	100.00%	ARO:3000008	+	Kleborate	3.2.4	CARD	3.2.9	-	-	-	-	-	-	-	-	-	-	-	-
KP_NORM_BLD_225	aadA2	-	Gene presence detected	aminoglycoside antibiotic	KP_NORM_BLD_225__pl_2	70109	46396	47176	780	0	780	100.00%	100.00%	ARO:0000016	+	Kleborate	3.2.4	CARD	3.2.9	-	-	-	-	-	-	-	-	-	-	-	-
KP_NORM_BLD_225	qnrS1	-	Gene presence detected	Fluoroquinolone antibiotic	KP_NORM_BLD_225__pl_1	106698	44340	44997	657	0	657	100.00%	100.00%	ARO:0000001	-	Kleborate	3.2.4	CARD	3.2.9	-	-	-	-	-	-	-	-	-	-	-	-
KP_NORM_BLD_225	sul1	-	Gene presence detected	sulfonamide antibiotic	KP_NORM_BLD_225__pl_2	70109	47680	48520	840	0	840	100.00%	100.00%	ARO:3000282	+	Kleborate	3.2.4	CARD	3.2.9	-	-	-	-	-	-	-	-	-	-	-	-
KP_NORM_BLD_225	LAP-2	-	Gene presence detected	penicillin beta-lactam	KP_NORM_BLD_225__pl_1	106698	46593	47451	858	0	858	100.00%	100.00%	ARO:3000008	-	Kleborate	3.2.4	CARD	3.2.9	-	-	-	-	-	-	-	-	-	-	-	-
KP_NORM_BLD_225	SHV-11	-	Gene presence detected	penicillin beta-lactam	KP_NORM_BLD_225__chr	5308943	2679423	2680284	861	0	861	99.88%	100.00%	ARO:3000008	+	Kleborate	3.2.4	CARD	3.2.9	-	-	-	-	-	-	-	-	-	-	-	-
KP_NORM_BLD_225	SHV	p.Leu35Gln	Protein variant detected	penicillin beta-lactam	KP_NORM_BLD_225__chr	5308943	2679423	2680284	861	0	861	99.88%	100.00%	ARO:3000008	+	Kleborate	3.2.4	CARD	3.2.9	-	-	-	-	-	-	-	-	-	-	-	-
KP_NORM_BLD_228	SHV-1	-	Gene presence detected	penicillin beta-lactam	KP_NORM_BLD_228__chr	5152033	140134	140995	861	0	861	99.88%	100.00%	ARO:3000008	+	Kleborate	3.2.4	CARD	3.2.9	-	-	-	-	-	-	-	-	-	-	-	-
KP_NORM_BLD_228	SHV-1	-	Gene presence detected	penicillin beta-lactam	KP_NORM_BLD_228__chr	5152033	140134	140995	861	0	861	99.88%	100.00%	ARO:3000008	+	Kleborate	3.2.4	CARD	3.2.9	-	-	-	-	-	-	-	-	-	-	-	-
KP_NORM_BLD_228	OmpK36	p.Asn175fs	Inactivating mutation detected	-	KP_NORM_BLD_228__chr	5152033	1568119	1569234	1104	0	1104	93.09%	55.04%	-	+	Kleborate	3.2.4	CARD	3.2.9	-	-	-	-	-	-	-	-	-	-	-	-
KP_NORM_BLD_228	GyrA	p.Asp87Gly	Protein variant detected	fluoroquinolone antibiotic	KP_NORM_BLD_228__chr	5152033	1558365	1558725	360	0	360	99.72%	100.00%	ARO:0000001	+	Kleborate	3.2.4	CARD	3.2.9	-	-	-	-	-	-	-	-	-	-	-	-
KP_NORM_BLD_231	SHV-14	-	Gene presence detected	penicillin beta-lactam	KP_NORM_BLD_231__chr	5218152	2635781	2636642	861	0	861	99.88%	100.00%	ARO:3000008	+	Kleborate	3.2.4	CARD	3.2.9	-	-	-	-	-	-	-	-	-	-	-	-
KP_NORM_BLD_2395	qnrS1	-	Gene presence detected	Fluoroquinolone antibiotic	KP_NORM_BLD_2395__pl_1	139805	114217	114874	657	0	657	100.00%	100.00%	ARO:0000001	+	Kleborate	3.2.4	CARD	3.2.9	-	-	-	-	-	-	-	-	-	-	-	-
KP_NORM_BLD_2395	sul2	-	Gene presence detected	sulfonamide antibiotic	KP_NORM_BLD_2395__pl_1	139805	99876	100692	816	0	816	100.00%	100.00%	ARO:3000282	+	Kleborate	3.2.4	CARD	3.2.9	-	-	-	-	-	-	-	-	-	-	-	-
KP_NORM_BLD_2395	tet(A).v1	-	Gene presence detected	Tetracycline antibiotic	KP_NORM_BLD_2395__pl_1	139805	106113	107388	1275	0	1275	100.00%	100.00%	ARO:3000050	+	Kleborate	3.2.4	CARD	3.2.9	-	-	-	-	-	-	-	-	-	-	-	-
KP_NORM_BLD_2395	dfrA14.v2	-	Gene presence detected	Diaminopyrimidine antibiotic	KP_NORM_BLD_2395__pl_1	139805	96735	97218	483	0	483	99.79%	100.00%	ARO:3000171	+	Kleborate	3.2.4	CARD	3.2.9	-	-	-	-	-	-	-	-	-	-	-	-
KP_NORM_BLD_2395	LAP-2	-	Gene presence detected	penicillin beta-lactam	KP_NORM_BLD_2395__pl_1	139805	111763	112621	858	0	858	100.00%	100.00%	ARO:3000008	+	Kleborate	3.2.4	CARD	3.2.9	-	-	-	-	-	-	-	-	-	-	-	-
KP_NORM_BLD_2395	SHV-1	-	Gene presence detected	penicillin beta-lactam	KP_NORM_BLD_2395__chr	5327342	2656861	2657722	861	0	861	99.88%	100.00%	ARO:3000008	+	Kleborate	3.2.4	CARD	3.2.9	-	-	-	-	-	-	-	-	-	-	-	-
KP_NORM_BLD_2497	strB.v1	-	Gene presence detected	aminoglycoside antibiotic	KP_NORM_BLD_2497__pl_1	203618	102773	103610	837	0	837	100.00%	100.00%	ARO:0000016	+	Kleborate	3.2.4	CARD	3.2.9	-	-	-	-	-	-	-	-	-	-	-	-
KP_NORM_BLD_2497	strA.v1	-	Gene presence detected	aminoglycoside antibiotic	KP_NORM_BLD_2497__pl_1	203618	101970	102774	804	0	804	100.00%	100.00%	ARO:0000016	+	Kleborate	3.2.4	CARD	3.2.9	-	-	-	-	-	-	-	-	-	-	-	-
KP_NORM_BLD_2497	tet(B).v2	-	Gene presence detected	Tetracycline antibiotic	KP_NORM_BLD_2497__pl_1	203618	95180	96386	1206	0	1206	99.83%	100.00%	ARO:3000050	-	Kleborate	3.2.4	CARD	3.2.9	-	-	-	-	-	-	-	-	-	-	-	-
KP_NORM_BLD_2497	tetR	-	Gene presence detected	Tetracycline antibiotic	KP_NORM_BLD_2497__pl_1	203618	96464	97091	627	0	627	100.00%	100.00%	ARO:3000050	+	Kleborate	3.2.4	CARD	3.2.9	-	-	-	-	-	-	-	-	-	-	-	-
KP_NORM_BLD_2497	SHV-1	-	Gene presence detected	penicillin beta-lactam	KP_NORM_BLD_2497__chr	5198494	2684098	2684959	861	0	861	99.88%	100.00%	ARO:3000008	+	Kleborate	3.2.4	CARD	3.2.9	-	-	-	-	-	-	-	-	-	-	-	-
KP_NORM_BLD_2508	SHV-1	-	Gene presence detected	penicillin beta-lactam	KP_NORM_BLD_2508__chr	5179889	2644995	2645856	861	0	861	99.77%	100.00%	ARO:3000008	+	Kleborate	3.2.4	CARD	3.2.9	-	-	-	-	-	-	-	-	-	-	-	-
KP_NORM_BLD_2799	SHV-33	-	Gene presence detected	penicillin beta-lactam	KP_NORM_BLD_2799__chr	5447815	2788952	2789813	861	0	861	100.00%	100.00%	ARO:3000008	+	Kleborate	3.2.4	CARD	3.2.9	-	-	-	-	-	-	-	-	-	-	-	-
KP_NORM_BLD_3074	SHV-60	-	Gene presence detected	penicillin beta-lactam	KP_NORM_BLD_3074__chr	5374805	2829646	2830507	861	0	861	100.00%	100.00%	ARO:3000008	+	Kleborate	3.2.4	CARD	3.2.9	-	-	-	-	-	-	-	-	-	-	-	-
KP_NORM_BLD_3074	SHV	p.Leu35Gln	Protein variant detected	penicillin beta-lactam	KP_NORM_BLD_3074__chr	5374805	2829646	2830507	861	0	861	100.00%	100.00%	ARO:3000008	+	Kleborate	3.2.4	CARD	3.2.9	-	-	-	-	-	-	-	-	-	-	-	-
KP_NORM_BLD_60429	SHV-36	-	Gene presence detected	penicillin beta-lactam	KP_NORM_BLD_60429__chr	5291908	2701904	2702765	861	0	861	100.00%	100.00%	ARO:3000008	+	Kleborate	3.2.4	CARD	3.2.9	-	-	-	-	-	-	-	-	-	-	-	-
KP_NORM_BLD_60429	SHV	p.Leu35Gln	Protein variant detected	penicillin beta-lactam	KP_NORM_BLD_60429__chr	5291908	2701904	2702765	861	0	861	100.00%	100.00%	ARO:3000008	+	Kleborate	3.2.4	CARD	3.2.9	-	-	-	-	-	-	-	-	-	-	-	-
KP_NORM_BLD_60562	sul1	-	Gene presence detected	sulfonamide antibiotic	KP_NORM_BLD_60562__pl_2	112621	5839	6679	840	0	840	100.00%	100.00%	ARO:3000282	-	Kleborate	3.2.4	CARD	3.2.9	-	-	-	-	-	-	-	-	-	-	-	-
KP_NORM_BLD_60562	dfrA21	-	Gene presence detected	Diaminopyrimidine antibiotic	KP_NORM_BLD_60562__pl_2	112621	7206	7704	498	0	498	100.00%	100.00%	ARO:3000171	-	Kleborate	3.2.4	CARD	3.2.9	-	-	-	-	-	-	-	-	-	-	-	-
KP_NORM_BLD_60562	LEN-16	-	Gene presence detected	penicillin beta-lactam	KP_NORM_BLD_60562__chr	5426211	2774171	2775032	861	0	861	99.88%	100.00%	ARO:3000008	+	Kleborate	3.2.4	CARD	3.2.9	-	-	-	-	-	-	-	-	-	-	-	-
KP_NORM_BLD_60562	OmpK36	p.Ala183fs	Inactivating mutation detected	-	KP_NORM_BLD_60562__chr	5426211	1573150	1574242	1104	0	1104	94.47%	98.91%	-	+	Kleborate	3.2.4	CARD	3.2.9	-	-	-	-	-	-	-	-	-	-	-	-
KP_NORM_BLD_60723	SHV-11	-	Gene presence detected	penicillin beta-lactam	KP_NORM_BLD_60723__chr	5303313	2724971	2725832	861	0	861	99.88%	100.00%	ARO:3000008	+	Kleborate	3.2.4	CARD	3.2.9	-	-	-	-	-	-	-	-	-	-	-	-
KP_NORM_BLD_60723	SHV	p.Leu35Gln	Protein variant detected	penicillin beta-lactam	KP_NORM_BLD_60723__chr	5303313	2724971	2725832	861	0	861	99.88%	100.00%	ARO:3000008	+	Kleborate	3.2.4	CARD	3.2.9	-	-	-	-	-	-	-	-	-	-	-	-
KP_NORM_BLD_60778	LEN-2	-	Gene presence detected	penicillin beta-lactam	KP_NORM_BLD_60778__chr	5429164	2780876	2781737	861	0	861	99.88%	100.00%	ARO:3000008	+	Kleborate	3.2.4	CARD	3.2.9	-	-	-	-	-	-	-	-	-	-	-	-
KP_NORM_BLD_60778	OmpK36	p.Ala183fs	Inactivating mutation detected	-	KP_NORM_BLD_60778__chr	5429164	1556663	1557755	1104	0	1104	94.75%	98.91%	-	+	Kleborate	3.2.4	CARD	3.2.9	-	-	-	-	-	-	-	-	-	-	-	-
KP_NORM_BLD_60803	OKP-A-8	-	Gene presence detected	penicillin beta-lactam	KP_NORM_BLD_60803__chr	5339445	2645469	2646330	861	0	861	99.77%	100.00%	ARO:3000008	+	Kleborate	3.2.4	CARD	3.2.9	-	-	-	-	-	-	-	-	-	-	-	-
KP_NORM_BLD_60803	OmpK36	p.Ala183fs	Inactivating mutation detected	-	KP_NORM_BLD_60803__chr	5339445	1502653	1503745	1104	0	1104	95.20%	98.91%	-	+	Kleborate	3.2.4	CARD	3.2.9	-	-	-	-	-	-	-	-	-	-	-	-
KP_NORM_BLD_60874	SHV-115	-	Gene presence detected	penicillin beta-lactam	KP_NORM_BLD_60874__chr	5252942	3028174	3029035	861	0	861	99.65%	100.00%	ARO:3000008	+	Kleborate	3.2.4	CARD	3.2.9	-	-	-	-	-	-	-	-	-	-	-	-
KP_NORM_BLD_60874	fosA7	-	Gene presence detected	phosphonic acid antibiotic	KP_NORM_BLD_60874__chr	5252942	4612569	4612848	423	144	423	91.76%	65.96%	ARO:3007149	-	Kleborate	3.2.4	CARD	3.2.9	-	-	-	-	-	-	-	-	-	-	-	-
KP_NORM_BLD_60874	SHV	p.Gly156Ser	Protein variant detected	penicillin beta-lactam	KP_NORM_BLD_60874__chr	5252942	3028174	3029035	861	0	861	99.65%	100.00%	ARO:3000008	+	Kleborate	3.2.4	CARD	3.2.9	-	-	-	-	-	-	-	-	-	-	-	-
KP_NORM_BLD_61273	OKP-A-11	-	Gene presence detected	penicillin beta-lactam	KP_NORM_BLD_61273__chr	5199578	2636958	2637819	861	0	861	99.77%	100.00%	ARO:3000008	+	Kleborate	3.2.4	CARD	3.2.9	-	-	-	-	-	-	-	-	-	-	-	-
KP_NORM_BLD_61295	SHV-1	-	Gene presence detected	penicillin beta-lactam	KP_NORM_BLD_61295__chr	5279307	2718878	2719739	861	0	861	99.88%	100.00%	ARO:3000008	+	Kleborate	3.2.4	CARD	3.2.9	-	-	-	-	-	-	-	-	-	-	-	-
KP_NORM_BLD_61295	fosA7	-	Gene presence detected	phosphonic acid antibiotic	KP_NORM_BLD_61295__chr	5279307	4647249	4647672	423	0	423	90.78%	100.00%	ARO:3007149	-	Kleborate	3.2.4	CARD	3.2.9	-	-	-	-	-	-	-	-	-	-	-	-
KP_NORM_BLD_61295	GyrA	p.Ser83Tyr	Protein variant detected	fluoroquinolone antibiotic	KP_NORM_BLD_61295__chr	5279307	1560297	1560657	360	0	360	99.72%	100.00%	ARO:0000001	+	Kleborate	3.2.4	CARD	3.2.9	-	-	-	-	-	-	-	-	-	-	-	-
KP_NORM_BLD_61439	SHV-1	-	Gene presence detected	penicillin beta-lactam	KP_NORM_BLD_61439__chr	5442266	2802555	2803422	867	0	867	99.54%	100.00%	ARO:3000008	+	Kleborate	3.2.4	CARD	3.2.9	-	-	-	-	-	-	-	-	-	-	-	-
KP_NORM_BLD_61444	LEN-13	-	Gene presence detected	penicillin beta-lactam	KP_NORM_BLD_61444__chr	5560656	2858724	2859585	861	0	861	99.88%	100.00%	ARO:3000008	+	Kleborate	3.2.4	CARD	3.2.9	-	-	-	-	-	-	-	-	-	-	-	-
KP_NORM_BLD_61444	OmpK36	p.Ala183fs	Inactivating mutation detected	-	KP_NORM_BLD_61444__chr	5560656	1552228	1553320	1104	0	1104	94.75%	98.91%	-	+	Kleborate	3.2.4	CARD	3.2.9	-	-	-	-	-	-	-	-	-	-	-	-
KP_NORM_BLD_61459	SHV-11	-	Gene presence detected	penicillin beta-lactam	KP_NORM_BLD_61459__chr	5285305	2691246	2692107	861	0	861	99.88%	100.00%	ARO:3000008	+	Kleborate	3.2.4	CARD	3.2.9	-	-	-	-	-	-	-	-	-	-	-	-
KP_NORM_BLD_61459	SHV	p.Leu35Gln	Protein variant detected	penicillin beta-lactam	KP_NORM_BLD_61459__chr	5285305	2691246	2692107	861	0	861	99.88%	100.00%	ARO:3000008	+	Kleborate	3.2.4	CARD	3.2.9	-	-	-	-	-	-	-	-	-	-	-	-
KP_NORM_BLD_61886	LEN-17	-	Gene presence detected	penicillin beta-lactam	KP_NORM_BLD_61886__chr	5454094	2776523	2777384	861	0	861	99.88%	100.00%	ARO:3000008	+	Kleborate	3.2.4	CARD	3.2.9	-	-	-	-	-	-	-	-	-	-	-	-
KP_NORM_BLD_61886	OmpK36	p.Ala183fs	Inactivating mutation detected	-	KP_NORM_BLD_61886__chr	5454094	1550125	1551217	1104	0	1104	94.66%	98.91%	-	+	Kleborate	3.2.4	CARD	3.2.9	-	-	-	-	-	-	-	-	-	-	-	-
KP_NORM_BLD_61894	strB.v1	-	Gene presence detected	aminoglycoside antibiotic	KP_NORM_BLD_61894__chr	5322844	2650797	2651634	837	0	837	100.00%	100.00%	ARO:0000016	-	Kleborate	3.2.4	CARD	3.2.9	-	-	-	-	-	-	-	-	-	-	-	-
KP_NORM_BLD_61894	strA.v1	-	Gene presence detected	aminoglycoside antibiotic	KP_NORM_BLD_61894__chr	5322844	2651633	2652437	804	0	804	99.88%	100.00%	ARO:0000016	-	Kleborate	3.2.4	CARD	3.2.9	-	-	-	-	-	-	-	-	-	-	-	-
KP_NORM_BLD_61894	tet(A).v1	-	Gene presence detected	Tetracycline antibiotic	KP_NORM_BLD_61894__chr	5322844	2644776	2646051	1275	0	1275	99.45%	100.00%	ARO:3000050	+	Kleborate	3.2.4	CARD	3.2.9	-	-	-	-	-	-	-	-	-	-	-	-
KP_NORM_BLD_61894	SHV-11	-	Gene presence detected	penicillin beta-lactam	KP_NORM_BLD_61894__chr	5322844	2697500	2698361	861	0	861	99.88%	100.00%	ARO:3000008	+	Kleborate	3.2.4	CARD	3.2.9	-	-	-	-	-	-	-	-	-	-	-	-
KP_NORM_BLD_61894	SHV	p.Leu35Gln	Protein variant detected	penicillin beta-lactam	KP_NORM_BLD_61894__chr	5322844	2697500	2698361	861	0	861	99.88%	100.00%	ARO:3000008	+	Kleborate	3.2.4	CARD	3.2.9	-	-	-	-	-	-	-	-	-	-	-	-
KP_NORM_BLD_62164	strB.v1	-	Gene presence detected	aminoglycoside antibiotic	KP_NORM_BLD_62164__pl_1	6768	944	1781	837	0	837	100.00%	100.00%	ARO:0000016	-	Kleborate	3.2.4	CARD	3.2.9	-	-	-	-	-	-	-	-	-	-	-	-
KP_NORM_BLD_62164	sul2	-	Gene presence detected	sulfonamide antibiotic	KP_NORM_BLD_62164__pl_1	6768	3212	4028	816	0	816	100.00%	100.00%	ARO:3000282	-	Kleborate	3.2.4	CARD	3.2.9	-	-	-	-	-	-	-	-	-	-	-	-
KP_NORM_BLD_62164	tet(A).v1	-	Gene presence detected	Tetracycline antibiotic	KP_NORM_BLD_62164__chr	5226802	2976415	2977690	1275	0	1275	100.00%	100.00%	ARO:3000050	+	Kleborate	3.2.4	CARD	3.2.9	-	-	-	-	-	-	-	-	-	-	-	-
KP_NORM_BLD_62164	tet(A).v1	-	Gene presence detected	Tetracycline antibiotic	KP_NORM_BLD_62164__chr	5226802	2976415	2977690	1275	0	1275	100.00%	100.00%	ARO:3000050	+	Kleborate	3.2.4	CARD	3.2.9	-	-	-	-	-	-	-	-	-	-	-	-
KP_NORM_BLD_62164	dfrA14.v2	-	Gene presence detected	Diaminopyrimidine antibiotic	KP_NORM_BLD_62164__pl_1	6768	2130	2613	483	0	483	100.00%	100.00%	ARO:3000171	-	Kleborate	3.2.4	CARD	3.2.9	-	-	-	-	-	-	-	-	-	-	-	-
KP_NORM_BLD_62164	SHV-11	-	Gene presence detected	penicillin beta-lactam	KP_NORM_BLD_62164__chr	5226802	2639394	2640255	861	0	861	99.77%	100.00%	ARO:3000008	+	Kleborate	3.2.4	CARD	3.2.9	-	-	-	-	-	-	-	-	-	-	-	-
KP_NORM_BLD_62164	strA.v1	-	Gene presence detected	aminoglycoside antibiotic	KP_NORM_BLD_62164__pl_1	6768	2623	3152	804	0	529	99.81%	65.80%	ARO:0000016	-	Kleborate	3.2.4	CARD	3.2.9	-	-	-	-	-	-	-	-	-	-	-	-
KP_NORM_BLD_62164	SHV	p.Leu35Gln	Protein variant detected	penicillin beta-lactam	KP_NORM_BLD_62164__chr	5226802	2639394	2640255	861	0	861	99.77%	100.00%	ARO:3000008	+	Kleborate	3.2.4	CARD	3.2.9	-	-	-	-	-	-	-	-	-	-	-	-
KP_NORM_BLD_62486	LEN-18	-	Gene presence detected	penicillin beta-lactam	KP_NORM_BLD_62486__chr	5562745	2830066	2830927	861	0	861	99.88%	100.00%	ARO:3000008	+	Kleborate	3.2.4	CARD	3.2.9	-	-	-	-	-	-	-	-	-	-	-	-
KP_NORM_BLD_62486	OmpK36	p.Ala183fs	Inactivating mutation detected	-	KP_NORM_BLD_62486__chr	5562745	1550671	1551763	1104	0	1104	94.57%	98.91%	-	+	Kleborate	3.2.4	CARD	3.2.9	-	-	-	-	-	-	-	-	-	-	-	-
KP_NORM_BLD_62504	SHV-1	-	Gene presence detected	penicillin beta-lactam	KP_NORM_BLD_62504__chr	5104501	2589380	2590241	861	0	861	99.88%	100.00%	ARO:3000008	+	Kleborate	3.2.4	CARD	3.2.9	-	-	-	-	-	-	-	-	-	-	-	-
KP_NORM_BLD_62512	LEN-2	-	Gene presence detected	penicillin beta-lactam	KP_NORM_BLD_62512__chr	5473564	2817656	2818517	861	0	861	99.65%	100.00%	ARO:3000008	+	Kleborate	3.2.4	CARD	3.2.9	-	-	-	-	-	-	-	-	-	-	-	-
KP_NORM_BLD_62512	OmpK36	p.Ala183fs	Inactivating mutation detected	-	KP_NORM_BLD_62512__chr	5473564	1531479	1532571	1104	0	1104	94.75%	98.91%	-	+	Kleborate	3.2.4	CARD	3.2.9	-	-	-	-	-	-	-	-	-	-	-	-
KP_NORM_BLD_62638	SHV-60	-	Gene presence detected	penicillin beta-lactam	KP_NORM_BLD_62638__chr	5297684	2735546	2736407	861	0	861	100.00%	100.00%	ARO:3000008	+	Kleborate	3.2.4	CARD	3.2.9	-	-	-	-	-	-	-	-	-	-	-	-
KP_NORM_BLD_62638	SHV	p.Leu35Gln	Protein variant detected	penicillin beta-lactam	KP_NORM_BLD_62638__chr	5297684	2735546	2736407	861	0	861	100.00%	100.00%	ARO:3000008	+	Kleborate	3.2.4	CARD	3.2.9	-	-	-	-	-	-	-	-	-	-	-	-
KP_NORM_BLD_62649	SHV-1	-	Gene presence detected	penicillin beta-lactam	KP_NORM_BLD_62649__chr	5235031	2678702	2679569	867	0	867	99.88%	100.00%	ARO:3000008	+	Kleborate	3.2.4	CARD	3.2.9	-	-	-	-	-	-	-	-	-	-	-	-
KP_NORM_BLD_62649	OmpK36	p.Gly182fs	Inactivating mutation detected	-	KP_NORM_BLD_62649__chr	5235031	1497296	1498416	1104	0	1104	92.36%	60.76%	-	+	Kleborate	3.2.4	CARD	3.2.9	-	-	-	-	-	-	-	-	-	-	-	-
KP_NORM_BLD_62912	tet(A).v1	-	Gene presence detected	Tetracycline antibiotic	KP_NORM_BLD_62912__pl_1	176482	133094	134369	1275	0	1275	100.00%	100.00%	ARO:3000050	-	Kleborate	3.2.4	CARD	3.2.9	-	-	-	-	-	-	-	-	-	-	-	-
KP_NORM_BLD_62912	SHV-27	-	Gene presence detected	penicillin beta-lactam	KP_NORM_BLD_62912__chr	5375009	2839885	2840746	861	0	861	100.00%	100.00%	ARO:3000008	+	Kleborate	3.2.4	CARD	3.2.9	-	-	-	-	-	-	-	-	-	-	-	-
KP_NORM_BLD_62912	SHV	p.Gly156Asp	Protein variant detected	penicillin beta-lactam	KP_NORM_BLD_62912__chr	5375009	2839885	2840746	861	0	861	100.00%	100.00%	ARO:3000008	+	Kleborate	3.2.4	CARD	3.2.9	-	-	-	-	-	-	-	-	-	-	-	-
KP_NORM_BLD_62914	strB.v1	-	Gene presence detected	aminoglycoside antibiotic	KP_NORM_BLD_62914__pl_1	167986	36669	37506	837	0	837	99.88%	100.00%	ARO:0000016	+	Kleborate	3.2.4	CARD	3.2.9	-	-	-	-	-	-	-	-	-	-	-	-
KP_NORM_BLD_62914	strA.v1	-	Gene presence detected	aminoglycoside antibiotic	KP_NORM_BLD_62914__pl_1	167986	35866	36670	804	0	804	99.75%	100.00%	ARO:0000016	+	Kleborate	3.2.4	CARD	3.2.9	-	-	-	-	-	-	-	-	-	-	-	-
KP_NORM_BLD_62914	Mrx	-	Gene presence detected	Macrolide antibiotic	KP_NORM_BLD_62914__pl_1	167986	24599	25838	1239	0	1239	100.00%	100.00%	ARO:0000000	-	Kleborate	3.2.4	CARD	3.2.9	-	-	-	-	-	-	-	-	-	-	-	-
KP_NORM_BLD_62914	mphA	-	Gene presence detected	Macrolide antibiotic	KP_NORM_BLD_62914__pl_1	167986	25834	26740	906	0	906	100.00%	100.00%	ARO:0000000	-	Kleborate	3.2.4	CARD	3.2.9	-	-	-	-	-	-	-	-	-	-	-	-
KP_NORM_BLD_62914	sul2	-	Gene presence detected	sulfonamide antibiotic	KP_NORM_BLD_62914__pl_1	167986	34990	35806	816	0	816	100.00%	100.00%	ARO:3000282	+	Kleborate	3.2.4	CARD	3.2.9	-	-	-	-	-	-	-	-	-	-	-	-
KP_NORM_BLD_62914	tet(A).v1	-	Gene presence detected	Tetracycline antibiotic	KP_NORM_BLD_62914__pl_1	167986	143985	145260	1275	0	1275	100.00%	100.00%	ARO:3000050	+	Kleborate	3.2.4	CARD	3.2.9	-	-	-	-	-	-	-	-	-	-	-	-
KP_NORM_BLD_62914	dfrA14.v2	-	Gene presence detected	Diaminopyrimidine antibiotic	KP_NORM_BLD_62914__pl_1	167986	8195	8678	483	0	483	99.79%	100.00%	ARO:3000171	-	Kleborate	3.2.4	CARD	3.2.9	-	-	-	-	-	-	-	-	-	-	-	-
KP_NORM_BLD_62914	SHV-27	-	Gene presence detected	penicillin beta-lactam	KP_NORM_BLD_62914__chr	5263689	2679111	2679972	861	0	861	100.00%	100.00%	ARO:3000008	+	Kleborate	3.2.4	CARD	3.2.9	-	-	-	-	-	-	-	-	-	-	-	-
KP_NORM_BLD_62914	SHV	p.Gly156Asp	Protein variant detected	penicillin beta-lactam	KP_NORM_BLD_62914__chr	5263689	2679111	2679972	861	0	861	100.00%	100.00%	ARO:3000008	+	Kleborate	3.2.4	CARD	3.2.9	-	-	-	-	-	-	-	-	-	-	-	-
KP_NORM_BLD_62920	SHV-108	-	Gene presence detected	penicillin beta-lactam	KP_NORM_BLD_62920__chr	5305663	2685716	2686577	861	0	861	100.00%	100.00%	ARO:3000008	+	Kleborate	3.2.4	CARD	3.2.9	-	-	-	-	-	-	-	-	-	-	-	-
KP_NORM_BLD_62920	SHV	p.Leu35Gln	Protein variant detected	penicillin beta-lactam	KP_NORM_BLD_62920__chr	5305663	2685716	2686577	861	0	861	100.00%	100.00%	ARO:3000008	+	Kleborate	3.2.4	CARD	3.2.9	-	-	-	-	-	-	-	-	-	-	-	-
KP_NORM_BLD_62922	SHV-11	-	Gene presence detected	penicillin beta-lactam	KP_NORM_BLD_62922__chr	5260057	2689213	2690074	861	0	861	99.77%	100.00%	ARO:3000008	+	Kleborate	3.2.4	CARD	3.2.9	-	-	-	-	-	-	-	-	-	-	-	-
KP_NORM_BLD_62922	SHV	p.Leu35Gln	Protein variant detected	penicillin beta-lactam	KP_NORM_BLD_62922__chr	5260057	2689213	2690074	861	0	861	99.77%	100.00%	ARO:3000008	+	Kleborate	3.2.4	CARD	3.2.9	-	-	-	-	-	-	-	-	-	-	-	-
KP_NORM_BLD_62926	SHV-1	-	Gene presence detected	penicillin beta-lactam	KP_NORM_BLD_62926__chr	5194611	2649670	2650537	867	0	867	99.65%	100.00%	ARO:3000008	+	Kleborate	3.2.4	CARD	3.2.9	-	-	-	-	-	-	-	-	-	-	-	-
KP_NORM_BLD_62934	SHV-80	-	Gene presence detected	penicillin beta-lactam	KP_NORM_BLD_62934__chr	5301360	2722732	2723593	861	0	861	100.00%	100.00%	ARO:3000008	+	Kleborate	3.2.4	CARD	3.2.9	-	-	-	-	-	-	-	-	-	-	-	-
KP_NORM_BLD_62934	SHV	p.Leu35Gln	Protein variant detected	penicillin beta-lactam	KP_NORM_BLD_62934__chr	5301360	2722732	2723593	861	0	861	100.00%	100.00%	ARO:3000008	+	Kleborate	3.2.4	CARD	3.2.9	-	-	-	-	-	-	-	-	-	-	-	-
KP_NORM_BLD_62934	SHV	p.Ala146Thr	Protein variant detected	penicillin beta-lactam	KP_NORM_BLD_62934__chr	5301360	2722732	2723593	861	0	861	100.00%	100.00%	ARO:3000008	+	Kleborate	3.2.4	CARD	3.2.9	-	-	-	-	-	-	-	-	-	-	-	-
KP_NORM_BLD_63395	SHV-36	-	Gene presence detected	penicillin beta-lactam	KP_NORM_BLD_63395__chr	5239359	2668340	2669201	861	0	861	100.00%	100.00%	ARO:3000008	+	Kleborate	3.2.4	CARD	3.2.9	-	-	-	-	-	-	-	-	-	-	-	-
KP_NORM_BLD_63395	SHV	p.Leu35Gln	Protein variant detected	penicillin beta-lactam	KP_NORM_BLD_63395__chr	5239359	2668340	2669201	861	0	861	100.00%	100.00%	ARO:3000008	+	Kleborate	3.2.4	CARD	3.2.9	-	-	-	-	-	-	-	-	-	-	-	-
KP_NORM_BLD_63801	SHV-1	-	Gene presence detected	penicillin beta-lactam	KP_NORM_BLD_63801__chr	5251650	2709337	2710198	861	0	861	100.00%	100.00%	ARO:3000008	+	Kleborate	3.2.4	CARD	3.2.9	-	-	-	-	-	-	-	-	-	-	-	-
KP_NORM_BLD_63815	SHV-62	-	Gene presence detected	penicillin beta-lactam	KP_NORM_BLD_63815__chr	5356615	2364706	2365567	861	0	861	99.77%	100.00%	ARO:3000008	-	Kleborate	3.2.4	CARD	3.2.9	-	-	-	-	-	-	-	-	-	-	-	-
KP_NORM_BLD_63815	SHV	p.Leu35Gln	Protein variant detected	penicillin beta-lactam	KP_NORM_BLD_63815__chr	5356615	2364706	2365567	861	0	861	99.77%	100.00%	ARO:3000008	-	Kleborate	3.2.4	CARD	3.2.9	-	-	-	-	-	-	-	-	-	-	-	-
KP_NORM_BLD_63839	SHV-11	-	Gene presence detected	penicillin beta-lactam	KP_NORM_BLD_63839__chr	5126950	2667971	2668832	861	0	861	99.88%	100.00%	ARO:3000008	+	Kleborate	3.2.4	CARD	3.2.9	-	-	-	-	-	-	-	-	-	-	-	-
KP_NORM_BLD_63839	SHV	p.Leu35Gln	Protein variant detected	penicillin beta-lactam	KP_NORM_BLD_63839__chr	5126950	2667971	2668832	861	0	861	99.88%	100.00%	ARO:3000008	+	Kleborate	3.2.4	CARD	3.2.9	-	-	-	-	-	-	-	-	-	-	-	-
KP_NORM_BLD_63842	SHV-1	-	Gene presence detected	penicillin beta-lactam	KP_NORM_BLD_63842__chr	5217078	2702517	2703384	867	0	867	99.88%	100.00%	ARO:3000008	+	Kleborate	3.2.4	CARD	3.2.9	-	-	-	-	-	-	-	-	-	-	-	-
KP_NORM_BLD_70	aadA2	-	Gene presence detected	aminoglycoside antibiotic	KP_NORM_BLD_70__pl_2	99187	32603	33383	780	0	780	100.00%	100.00%	ARO:0000016	+	Kleborate	3.2.4	CARD	3.2.9	-	-	-	-	-	-	-	-	-	-	-	-
KP_NORM_BLD_70	sul1	-	Gene presence detected	sulfonamide antibiotic	KP_NORM_BLD_70__pl_2	99187	33887	34727	840	0	840	100.00%	100.00%	ARO:3000282	+	Kleborate	3.2.4	CARD	3.2.9	-	-	-	-	-	-	-	-	-	-	-	-
KP_NORM_BLD_70	SHV-11	-	Gene presence detected	penicillin beta-lactam	KP_NORM_BLD_70__chr	5267487	2670461	2671322	861	0	861	99.88%	100.00%	ARO:3000008	+	Kleborate	3.2.4	CARD	3.2.9	-	-	-	-	-	-	-	-	-	-	-	-
KP_NORM_BLD_70	fosA7	-	Gene presence detected	phosphonic acid antibiotic	KP_NORM_BLD_70__chr	5267487	4636551	4636974	423	0	423	90.54%	100.00%	ARO:3007149	-	Kleborate	3.2.4	CARD	3.2.9	-	-	-	-	-	-	-	-	-	-	-	-
KP_NORM_BLD_70	SHV	p.Leu35Gln	Protein variant detected	penicillin beta-lactam	KP_NORM_BLD_70__chr	5267487	2670461	2671322	861	0	861	99.88%	100.00%	ARO:3000008	+	Kleborate	3.2.4	CARD	3.2.9	-	-	-	-	-	-	-	-	-	-	-	-
KP_NORM_URN_106487	fosA7	-	Gene presence detected	phosphonic acid antibiotic	KP_NORM_URN_106487__chr	5745911	4866090	4866513	423	0	423	91.73%	100.00%	ARO:3007149	-	Kleborate	3.2.4	CARD	3.2.9	-	-	-	-	-	-	-	-	-	-	-	-
KP_NORM_URN_106487	LEN-55	-	Gene presence detected	penicillin beta-lactam	KP_NORM_URN_106487__chr	5745911	2826651	2827512	861	0	861	99.77%	100.00%	ARO:3000008	+	Kleborate	3.2.4	CARD	3.2.9	-	-	-	-	-	-	-	-	-	-	-	-
KP_NORM_URN_106487	LEN-55	-	Gene presence detected	penicillin beta-lactam	KP_NORM_URN_106487__chr	5745911	2826651	2827512	861	0	861	99.77%	100.00%	ARO:3000008	+	Kleborate	3.2.4	CARD	3.2.9	-	-	-	-	-	-	-	-	-	-	-	-
KP_NORM_URN_106487	OmpK36	p.Ala183fs	Inactivating mutation detected	-	KP_NORM_URN_106487__chr	5745911	1528834	1529926	1104	0	1104	95.02%	98.91%	-	+	Kleborate	3.2.4	CARD	3.2.9	-	-	-	-	-	-	-	-	-	-	-	-
KP_NORM_URN_106847	strB.v1	-	Gene presence detected	aminoglycoside antibiotic	KP_NORM_URN_106847__pl_1	218680	31539	32376	837	0	837	100.00%	100.00%	ARO:0000016	+	Kleborate	3.2.4	CARD	3.2.9	-	-	-	-	-	-	-	-	-	-	-	-
KP_NORM_URN_106847	strA.v1	-	Gene presence detected	aminoglycoside antibiotic	KP_NORM_URN_106847__pl_1	218680	30736	31540	804	0	804	99.88%	100.00%	ARO:0000016	+	Kleborate	3.2.4	CARD	3.2.9	-	-	-	-	-	-	-	-	-	-	-	-
KP_NORM_URN_106847	Mrx	-	Gene presence detected	Macrolide antibiotic	KP_NORM_URN_106847__pl_1	218680	22232	23471	1239	0	1239	100.00%	100.00%	ARO:0000000	-	Kleborate	3.2.4	CARD	3.2.9	-	-	-	-	-	-	-	-	-	-	-	-
KP_NORM_URN_106847	mphA	-	Gene presence detected	Macrolide antibiotic	KP_NORM_URN_106847__pl_1	218680	23467	24373	906	0	906	100.00%	100.00%	ARO:0000000	-	Kleborate	3.2.4	CARD	3.2.9	-	-	-	-	-	-	-	-	-	-	-	-
KP_NORM_URN_106847	sul2	-	Gene presence detected	sulfonamide antibiotic	KP_NORM_URN_106847__pl_1	218680	29860	30676	816	0	816	99.63%	100.00%	ARO:3000282	+	Kleborate	3.2.4	CARD	3.2.9	-	-	-	-	-	-	-	-	-	-	-	-
KP_NORM_URN_106847	dfrA14.v2	-	Gene presence detected	Diaminopyrimidine antibiotic	KP_NORM_URN_106847__pl_1	218680	19279	19762	483	0	483	99.79%	100.00%	ARO:3000171	+	Kleborate	3.2.4	CARD	3.2.9	-	-	-	-	-	-	-	-	-	-	-	-
KP_NORM_URN_106847	SHV-11	-	Gene presence detected	penicillin beta-lactam	KP_NORM_URN_106847__chr	5337720	2739468	2740329	861	0	861	99.77%	100.00%	ARO:3000008	+	Kleborate	3.2.4	CARD	3.2.9	-	-	-	-	-	-	-	-	-	-	-	-
KP_NORM_URN_106847	SHV	p.Leu35Gln	Protein variant detected	penicillin beta-lactam	KP_NORM_URN_106847__chr	5337720	2739468	2740329	861	0	861	99.77%	100.00%	ARO:3000008	+	Kleborate	3.2.4	CARD	3.2.9	-	-	-	-	-	-	-	-	-	-	-	-
KP_NORM_URN_107976	SHV-36	-	Gene presence detected	penicillin beta-lactam	KP_NORM_URN_107976__chr	5274835	2767714	2768575	861	0	861	100.00%	100.00%	ARO:3000008	+	Kleborate	3.2.4	CARD	3.2.9	-	-	-	-	-	-	-	-	-	-	-	-
KP_NORM_URN_107976	SHV	p.Leu35Gln	Protein variant detected	penicillin beta-lactam	KP_NORM_URN_107976__chr	5274835	2767714	2768575	861	0	861	100.00%	100.00%	ARO:3000008	+	Kleborate	3.2.4	CARD	3.2.9	-	-	-	-	-	-	-	-	-	-	-	-
KP_NORM_URN_109342	LEN-2	-	Gene presence detected	penicillin beta-lactam	KP_NORM_URN_109342__chr	5531309	2853802	2854663	861	0	861	99.77%	100.00%	ARO:3000008	+	Kleborate	3.2.4	CARD	3.2.9	-	-	-	-	-	-	-	-	-	-	-	-
KP_NORM_URN_109342	OmpK36	p.Ala183fs	Inactivating mutation detected	-	KP_NORM_URN_109342__chr	5531309	1529270	1530362	1104	0	1104	94.57%	98.91%	-	+	Kleborate	3.2.4	CARD	3.2.9	-	-	-	-	-	-	-	-	-	-	-	-
KP_NORM_URN_113027	SHV-11	-	Gene presence detected	penicillin beta-lactam	KP_NORM_URN_113027__chr	5230001	2631023	2631884	861	0	861	99.77%	100.00%	ARO:3000008	+	Kleborate	3.2.4	CARD	3.2.9	-	-	-	-	-	-	-	-	-	-	-	-
KP_NORM_URN_113027	SHV	p.Leu35Gln	Protein variant detected	penicillin beta-lactam	KP_NORM_URN_113027__chr	5230001	2631023	2631884	861	0	861	99.77%	100.00%	ARO:3000008	+	Kleborate	3.2.4	CARD	3.2.9	-	-	-	-	-	-	-	-	-	-	-	-
KP_NORM_URN_114421	SHV-1	-	Gene presence detected	penicillin beta-lactam	KP_NORM_URN_114421__chr	5368810	2821903	2822764	861	0	861	99.88%	100.00%	ARO:3000008	+	Kleborate	3.2.4	CARD	3.2.9	-	-	-	-	-	-	-	-	-	-	-	-
KP_NORM_URN_2012_81416	aac(3)-IId	-	Gene presence detected	aminoglycoside antibiotic	KP_NORM_URN_2012_81416__pl_1	269660	238075	238936	861	0	861	99.88%	100.00%	ARO:0000016	+	Kleborate	3.2.4	CARD	3.2.9	-	-	-	-	-	-	-	-	-	-	-	-
KP_NORM_URN_2012_81416	strB.v1	-	Gene presence detected	aminoglycoside antibiotic	KP_NORM_URN_2012_81416__pl_1	269660	44934	45771	837	0	837	100.00%	100.00%	ARO:0000016	-	Kleborate	3.2.4	CARD	3.2.9	-	-	-	-	-	-	-	-	-	-	-	-
KP_NORM_URN_2012_81416	strA.v1	-	Gene presence detected	aminoglycoside antibiotic	KP_NORM_URN_2012_81416__pl_1	269660	45770	46574	804	0	804	99.88%	100.00%	ARO:0000016	-	Kleborate	3.2.4	CARD	3.2.9	-	-	-	-	-	-	-	-	-	-	-	-
KP_NORM_URN_2012_81416	qnrS1	-	Gene presence detected	Fluoroquinolone antibiotic	KP_NORM_URN_2012_81416__pl_1	269660	246276	246933	657	0	657	100.00%	100.00%	ARO:0000001	+	Kleborate	3.2.4	CARD	3.2.9	-	-	-	-	-	-	-	-	-	-	-	-
KP_NORM_URN_2012_81416	sul1	-	Gene presence detected	sulfonamide antibiotic	KP_NORM_URN_2012_81416__pl_1	269660	30136	30976	840	0	840	100.00%	100.00%	ARO:3000282	+	Kleborate	3.2.4	CARD	3.2.9	-	-	-	-	-	-	-	-	-	-	-	-
KP_NORM_URN_2012_81416	sul2	-	Gene presence detected	sulfonamide antibiotic	KP_NORM_URN_2012_81416__pl_1	269660	46634	47450	816	0	816	100.00%	100.00%	ARO:3000282	-	Kleborate	3.2.4	CARD	3.2.9	-	-	-	-	-	-	-	-	-	-	-	-
KP_NORM_URN_2012_81416	tet(A).v1	-	Gene presence detected	Tetracycline antibiotic	KP_NORM_URN_2012_81416__pl_1	269660	26186	27461	1275	0	1275	100.00%	100.00%	ARO:3000050	-	Kleborate	3.2.4	CARD	3.2.9	-	-	-	-	-	-	-	-	-	-	-	-
KP_NORM_URN_2012_81416	tet(D)	-	Gene presence detected	Tetracycline antibiotic	KP_NORM_URN_2012_81416__pl_1	269660	35678	36863	1185	0	1185	100.00%	100.00%	ARO:3000050	-	Kleborate	3.2.4	CARD	3.2.9	-	-	-	-	-	-	-	-	-	-	-	-
KP_NORM_URN_2012_81416	dfrA1.v1	-	Gene presence detected	Diaminopyrimidine antibiotic	KP_NORM_URN_2012_81416__pl_1	269660	28618	29092	474	0	474	100.00%	100.00%	ARO:3000171	+	Kleborate	3.2.4	CARD	3.2.9	-	-	-	-	-	-	-	-	-	-	-	-
KP_NORM_URN_2012_81416	LAP-2	-	Gene presence detected	penicillin beta-lactam	KP_NORM_URN_2012_81416__pl_1	269660	243822	244680	858	0	858	100.00%	100.00%	ARO:3000008	+	Kleborate	3.2.4	CARD	3.2.9	-	-	-	-	-	-	-	-	-	-	-	-
KP_NORM_URN_2012_81416	CTX-M-14	-	Gene presence detected	third-generation cephalosporin	KP_NORM_URN_2012_81416__pl_1	269660	230052	230928	876	0	876	100.00%	100.00%	ARO:3009107	+	Kleborate	3.2.4	CARD	3.2.9	-	-	-	-	-	-	-	-	-	-	-	-
KP_NORM_URN_2012_81416	SHV-142	-	Gene presence detected	penicillin beta-lactam	KP_NORM_URN_2012_81416__chr	5301067	2720594	2721455	861	0	861	100.00%	100.00%	ARO:3000008	+	Kleborate	3.2.4	CARD	3.2.9	-	-	-	-	-	-	-	-	-	-	-	-
KP_NORM_URN_2012_81416	SHV	p.Leu35Gln	Protein variant detected	penicillin beta-lactam	KP_NORM_URN_2012_81416__chr	5301067	2720594	2721455	861	0	861	100.00%	100.00%	ARO:3000008	+	Kleborate	3.2.4	CARD	3.2.9	-	-	-	-	-	-	-	-	-	-	-	-
KP_NORM_URN_2012_81428	aac(3)-IIa.v1	-	Gene presence detected	aminoglycoside antibiotic	KP_NORM_URN_2012_81428__pl_1	224330	154758	155619	861	0	861	99.77%	100.00%	ARO:0000016	-	Kleborate	3.2.4	CARD	3.2.9	-	-	-	-	-	-	-	-	-	-	-	-
KP_NORM_URN_2012_81428	strB.v1	-	Gene presence detected	aminoglycoside antibiotic	KP_NORM_URN_2012_81428__pl_1	224330	172797	173634	837	0	837	100.00%	100.00%	ARO:0000016	-	Kleborate	3.2.4	CARD	3.2.9	-	-	-	-	-	-	-	-	-	-	-	-
KP_NORM_URN_2012_81428	strA.v1	-	Gene presence detected	aminoglycoside antibiotic	KP_NORM_URN_2012_81428__pl_1	224330	173633	174437	804	0	804	99.88%	100.00%	ARO:0000016	-	Kleborate	3.2.4	CARD	3.2.9	-	-	-	-	-	-	-	-	-	-	-	-
KP_NORM_URN_2012_81428	sul2	-	Gene presence detected	sulfonamide antibiotic	KP_NORM_URN_2012_81428__pl_1	224330	174497	175313	816	0	816	100.00%	100.00%	ARO:3000282	-	Kleborate	3.2.4	CARD	3.2.9	-	-	-	-	-	-	-	-	-	-	-	-
KP_NORM_URN_2012_81428	dfrA14.v2	-	Gene presence detected	Diaminopyrimidine antibiotic	KP_NORM_URN_2012_81428__pl_1	224330	158420	158903	483	0	483	99.79%	100.00%	ARO:3000171	+	Kleborate	3.2.4	CARD	3.2.9	-	-	-	-	-	-	-	-	-	-	-	-
KP_NORM_URN_2012_81428	CTX-M-15	-	Gene presence detected	third-generation cephalosporin	KP_NORM_URN_2012_81428__pl_1	224330	167519	168395	876	0	876	100.00%	100.00%	ARO:3009107	-	Kleborate	3.2.4	CARD	3.2.9	-	-	-	-	-	-	-	-	-	-	-	-
KP_NORM_URN_2012_81428	SHV-28	-	Gene presence detected	penicillin beta-lactam	KP_NORM_URN_2012_81428__chr	5416588	2806178	2807039	861	0	861	99.88%	100.00%	ARO:3000008	+	Kleborate	3.2.4	CARD	3.2.9	-	-	-	-	-	-	-	-	-	-	-	-
KP_NORM_URN_2012_81428	GyrA	p.Ser83Ile	Protein variant detected	fluoroquinolone antibiotic	KP_NORM_URN_2012_81428__chr	5416588	1606718	1607078	360	0	360	99.44%	100.00%	ARO:0000001	+	Kleborate	3.2.4	CARD	3.2.9	-	-	-	-	-	-	-	-	-	-	-	-
KP_NORM_URN_2012_81428	ParC	p.Ser80Ile	Protein variant detected	fluoroquinolone antibiotic	KP_NORM_URN_2012_81428__chr	5416588	690183	690543	360	0	360	99.44%	100.00%	ARO:0000001	+	Kleborate	3.2.4	CARD	3.2.9	-	-	-	-	-	-	-	-	-	-	-	-
KP_NORM_URN_2013_95439	aac(3)-IIa.v1	-	Gene presence detected	aminoglycoside antibiotic	KP_NORM_URN_2013_95439__pl_3	50684	34200	35061	861	0	861	99.77%	100.00%	ARO:0000016	-	Kleborate	3.2.4	CARD	3.2.9	-	-	-	-	-	-	-	-	-	-	-	-
KP_NORM_URN_2013_95439	aac(6)-Ib-cr.v2	-	Gene presence detected	aminoglycoside antibiotic	KP_NORM_URN_2013_95439__pl_3	50684	35970	36570	600	0	600	100.00%	100.00%	ARO:0000016	+	Kleborate	3.2.4	CARD	3.2.9	-	-	-	-	-	-	-	-	-	-	-	-
KP_NORM_URN_2013_95439	qnrB1.v1	-	Gene presence detected	Fluoroquinolone antibiotic	KP_NORM_URN_2013_95439__pl_3	50684	22917	23598	681	0	681	100.00%	100.00%	ARO:0000001	-	Kleborate	3.2.4	CARD	3.2.9	-	-	-	-	-	-	-	-	-	-	-	-
KP_NORM_URN_2013_95439	aac(6)-Ib-cr.v2	-	Gene presence detected	Fluoroquinolone antibiotic	KP_NORM_URN_2013_95439__pl_3	50684	35970	36570	600	0	600	100.00%	100.00%	ARO:0000016	+	Kleborate	3.2.4	CARD	3.2.9	-	-	-	-	-	-	-	-	-	-	-	-
KP_NORM_URN_2013_95439	Mrx	-	Gene presence detected	Macrolide antibiotic	KP_NORM_URN_2013_95439__pl_2	182845	72130	73369	1239	0	1239	100.00%	100.00%	ARO:0000000	-	Kleborate	3.2.4	CARD	3.2.9	-	-	-	-	-	-	-	-	-	-	-	-
KP_NORM_URN_2013_95439	mphA	-	Gene presence detected	Macrolide antibiotic	KP_NORM_URN_2013_95439__pl_2	182845	73365	74271	906	0	906	100.00%	100.00%	ARO:0000000	-	Kleborate	3.2.4	CARD	3.2.9	-	-	-	-	-	-	-	-	-	-	-	-
KP_NORM_URN_2013_95439	OXA-1	-	Gene presence detected	penicillin beta-lactam	KP_NORM_URN_2013_95439__pl_3	50684	36700	37531	831	0	831	100.00%	100.00%	ARO:3000008	+	Kleborate	3.2.4	CARD	3.2.9	-	-	-	-	-	-	-	-	-	-	-	-
KP_NORM_URN_2013_95439	CTX-M-15	-	Gene presence detected	third-generation cephalosporin	KP_NORM_URN_2013_95439__pl_3	50684	28171	29047	876	0	876	100.00%	100.00%	ARO:3009107	+	Kleborate	3.2.4	CARD	3.2.9	-	-	-	-	-	-	-	-	-	-	-	-
KP_NORM_URN_2013_95439	SHV-11	-	Gene presence detected	penicillin beta-lactam	KP_NORM_URN_2013_95439__chr	5414642	2793748	2794609	861	0	861	99.77%	100.00%	ARO:3000008	+	Kleborate	3.2.4	CARD	3.2.9	-	-	-	-	-	-	-	-	-	-	-	-
KP_NORM_URN_2013_95439	catB3.v1	-	Gene presence detected	phenicol antibiotic	KP_NORM_URN_2013_95439__pl_3	50684	37668	38110	633	0	442	100.00%	69.83%	ARO:3000387	+	Kleborate	3.2.4	CARD	3.2.9	-	-	-	-	-	-	-	-	-	-	-	-
KP_NORM_URN_2013_95439	SHV	p.Leu35Gln	Protein variant detected	penicillin beta-lactam	KP_NORM_URN_2013_95439__chr	5414642	2793748	2794609	861	0	861	99.77%	100.00%	ARO:3000008	+	Kleborate	3.2.4	CARD	3.2.9	-	-	-	-	-	-	-	-	-	-	-	-
KP_NORM_URN_2013_95439	OmpK35	p.Ala234fs	Inactivating mutation detected	-	KP_NORM_URN_2013_95439__chr	5414642	3462845	3463925	1080	0	1080	99.81%	65.18%	-	+	Kleborate	3.2.4	CARD	3.2.9	-	-	-	-	-	-	-	-	-	-	-	-
KP_NORM_URN_2013_95439	GyrA	p.Ser83Ile	Protein variant detected	fluoroquinolone antibiotic	KP_NORM_URN_2013_95439__chr	5414642	1627313	1627673	360	0	360	99.44%	100.00%	ARO:0000001	+	Kleborate	3.2.4	CARD	3.2.9	-	-	-	-	-	-	-	-	-	-	-	-
KP_NORM_URN_2013_95439	ParC	p.Ser80Ile	Protein variant detected	fluoroquinolone antibiotic	KP_NORM_URN_2013_95439__chr	5414642	728301	728661	360	0	360	99.44%	100.00%	ARO:0000001	+	Kleborate	3.2.4	CARD	3.2.9	-	-	-	-	-	-	-	-	-	-	-	-
KP_NORM_URN_2013_95788	aac(3)-IId	-	Gene presence detected	aminoglycoside antibiotic	KP_NORM_URN_2013_95788__pl_2	48202	18355	19216	861	0	861	99.88%	100.00%	ARO:0000016	-	Kleborate	3.2.4	CARD	3.2.9	-	-	-	-	-	-	-	-	-	-	-	-
KP_NORM_URN_2013_95788	aadA2	-	Gene presence detected	aminoglycoside antibiotic	KP_NORM_URN_2013_95788__pl_1	217263	119883	120663	780	0	780	99.87%	100.00%	ARO:0000016	-	Kleborate	3.2.4	CARD	3.2.9	-	-	-	-	-	-	-	-	-	-	-	-
KP_NORM_URN_2013_95788	aac(6)-Ib-cr.v2	-	Gene presence detected	aminoglycoside antibiotic	KP_NORM_URN_2013_95788__pl_2	48202	22120	22720	600	0	600	100.00%	100.00%	ARO:0000016	-	Kleborate	3.2.4	CARD	3.2.9	-	-	-	-	-	-	-	-	-	-	-	-
KP_NORM_URN_2013_95788	aac(6)-Ib-cr.v2	-	Gene presence detected	Fluoroquinolone antibiotic	KP_NORM_URN_2013_95788__pl_2	48202	22120	22720	600	0	600	100.00%	100.00%	ARO:0000016	-	Kleborate	3.2.4	CARD	3.2.9	-	-	-	-	-	-	-	-	-	-	-	-
KP_NORM_URN_2013_95788	Mrx	-	Gene presence detected	Macrolide antibiotic	KP_NORM_URN_2013_95788__pl_1	217263	113225	114464	1239	0	1239	100.00%	100.00%	ARO:0000000	+	Kleborate	3.2.4	CARD	3.2.9	-	-	-	-	-	-	-	-	-	-	-	-
KP_NORM_URN_2013_95788	mphA	-	Gene presence detected	Macrolide antibiotic	KP_NORM_URN_2013_95788__pl_1	217263	112323	113229	906	0	906	100.00%	100.00%	ARO:0000000	+	Kleborate	3.2.4	CARD	3.2.9	-	-	-	-	-	-	-	-	-	-	-	-
KP_NORM_URN_2013_95788	sul1	-	Gene presence detected	sulfonamide antibiotic	KP_NORM_URN_2013_95788__pl_1	217263	118539	119379	840	0	840	100.00%	100.00%	ARO:3000282	-	Kleborate	3.2.4	CARD	3.2.9	-	-	-	-	-	-	-	-	-	-	-	-
KP_NORM_URN_2013_95788	tet(A).v1	-	Gene presence detected	Tetracycline antibiotic	KP_NORM_URN_2013_95788__pl_2	48202	27349	28624	1275	0	1275	100.00%	100.00%	ARO:3000050	+	Kleborate	3.2.4	CARD	3.2.9	-	-	-	-	-	-	-	-	-	-	-	-
KP_NORM_URN_2013_95788	dfrA12	-	Gene presence detected	Diaminopyrimidine antibiotic	KP_NORM_URN_2013_95788__pl_1	217263	121082	121580	498	0	498	100.00%	100.00%	ARO:3000171	-	Kleborate	3.2.4	CARD	3.2.9	-	-	-	-	-	-	-	-	-	-	-	-
KP_NORM_URN_2013_95788	OXA-1	-	Gene presence detected	penicillin beta-lactam	KP_NORM_URN_2013_95788__pl_2	48202	21159	21990	831	0	831	100.00%	100.00%	ARO:3000008	-	Kleborate	3.2.4	CARD	3.2.9	-	-	-	-	-	-	-	-	-	-	-	-
KP_NORM_URN_2013_95788	CTX-M-15	-	Gene presence detected	third-generation cephalosporin	KP_NORM_URN_2013_95788__pl_2	48202	42464	43340	876	0	876	100.00%	100.00%	ARO:3009107	-	Kleborate	3.2.4	CARD	3.2.9	-	-	-	-	-	-	-	-	-	-	-	-
KP_NORM_URN_2013_95788	SHV-11	-	Gene presence detected	penicillin beta-lactam	KP_NORM_URN_2013_95788__chr	5376150	2784979	2785840	861	0	861	100.00%	100.00%	ARO:3000008	+	Kleborate	3.2.4	CARD	3.2.9	-	-	-	-	-	-	-	-	-	-	-	-
KP_NORM_URN_2013_95788	catB3.v1	-	Gene presence detected	phenicol antibiotic	KP_NORM_URN_2013_95788__pl_2	48202	20580	21022	633	0	442	100.00%	69.83%	ARO:3000387	-	Kleborate	3.2.4	CARD	3.2.9	-	-	-	-	-	-	-	-	-	-	-	-
KP_NORM_URN_2013_95788	catA1	-	Gene presence detected	phenicol antibiotic	KP_NORM_URN_2013_95788__pl_1	217263	104560	104851	660	369	660	99.66%	44.09%	ARO:3000387	+	Kleborate	3.2.4	CARD	3.2.9	-	-	-	-	-	-	-	-	-	-	-	-
KP_NORM_URN_2013_95788	SHV	p.Leu35Gln	Protein variant detected	penicillin beta-lactam	KP_NORM_URN_2013_95788__chr	5376150	2784979	2785840	861	0	861	100.00%	100.00%	ARO:3000008	+	Kleborate	3.2.4	CARD	3.2.9	-	-	-	-	-	-	-	-	-	-	-	-
KP_NORM_URN_2013_95788	GyrA	p.Ser83Ile	Protein variant detected	fluoroquinolone antibiotic	KP_NORM_URN_2013_95788__chr	5376150	1620414	1620774	360	0	360	99.44%	100.00%	ARO:0000001	+	Kleborate	3.2.4	CARD	3.2.9	-	-	-	-	-	-	-	-	-	-	-	-
KP_NORM_URN_2013_95788	ParC	p.Ser80Ile	Protein variant detected	fluoroquinolone antibiotic	KP_NORM_URN_2013_95788__chr	5376150	711097	711457	360	0	360	99.72%	100.00%	ARO:0000001	+	Kleborate	3.2.4	CARD	3.2.9	-	-	-	-	-	-	-	-	-	-	-	-
KP_NORM_URN_2013_95819	strB.v1	-	Gene presence detected	aminoglycoside antibiotic	KP_NORM_URN_2013_95819__pl_1	194951	108856	109693	837	0	837	99.88%	100.00%	ARO:0000016	-	Kleborate	3.2.4	CARD	3.2.9	-	-	-	-	-	-	-	-	-	-	-	-
KP_NORM_URN_2013_95819	strA.v1	-	Gene presence detected	aminoglycoside antibiotic	KP_NORM_URN_2013_95819__pl_1	194951	109692	110496	804	0	804	99.75%	100.00%	ARO:0000016	-	Kleborate	3.2.4	CARD	3.2.9	-	-	-	-	-	-	-	-	-	-	-	-
KP_NORM_URN_2013_95819	Mrx	-	Gene presence detected	Macrolide antibiotic	KP_NORM_URN_2013_95819__pl_1	194951	99592	100831	1239	0	1239	100.00%	100.00%	ARO:0000000	+	Kleborate	3.2.4	CARD	3.2.9	-	-	-	-	-	-	-	-	-	-	-	-
KP_NORM_URN_2013_95819	mphA	-	Gene presence detected	Macrolide antibiotic	KP_NORM_URN_2013_95819__pl_1	194951	98690	99596	906	0	906	100.00%	100.00%	ARO:0000000	+	Kleborate	3.2.4	CARD	3.2.9	-	-	-	-	-	-	-	-	-	-	-	-
KP_NORM_URN_2013_95819	sul2	-	Gene presence detected	sulfonamide antibiotic	KP_NORM_URN_2013_95819__pl_1	194951	110556	111372	816	0	816	100.00%	100.00%	ARO:3000282	-	Kleborate	3.2.4	CARD	3.2.9	-	-	-	-	-	-	-	-	-	-	-	-
KP_NORM_URN_2013_95819	tet(A).v1	-	Gene presence detected	Tetracycline antibiotic	KP_NORM_URN_2013_95819__pl_1	194951	17693	18968	1275	0	1275	99.92%	100.00%	ARO:3000050	-	Kleborate	3.2.4	CARD	3.2.9	-	-	-	-	-	-	-	-	-	-	-	-
KP_NORM_URN_2013_95819	dfrA14.v2	-	Gene presence detected	Diaminopyrimidine antibiotic	KP_NORM_URN_2013_95819__pl_1	194951	103301	103784	483	0	483	99.79%	100.00%	ARO:3000171	-	Kleborate	3.2.4	CARD	3.2.9	-	-	-	-	-	-	-	-	-	-	-	-
KP_NORM_URN_2013_95819	CTX-M-15	-	Gene presence detected	third-generation cephalosporin	KP_NORM_URN_2013_95819__pl_2	47883	1518	2394	876	0	876	100.00%	100.00%	ARO:3009107	+	Kleborate	3.2.4	CARD	3.2.9	-	-	-	-	-	-	-	-	-	-	-	-
KP_NORM_URN_2013_95819	TEM-169	-	Gene presence detected	third-generation cephalosporin	KP_NORM_URN_2013_95819__pl_2	47883	45719	46580	861	0	861	99.88%	100.00%	ARO:3009107	-	Kleborate	3.2.4	CARD	3.2.9	-	-	-	-	-	-	-	-	-	-	-	-
KP_NORM_URN_2013_95819	SHV-11	-	Gene presence detected	penicillin beta-lactam	KP_NORM_URN_2013_95819__chr	5324568	2700019	2700880	861	0	861	99.88%	100.00%	ARO:3000008	+	Kleborate	3.2.4	CARD	3.2.9	-	-	-	-	-	-	-	-	-	-	-	-
KP_NORM_URN_2013_95819	SHV	p.Leu35Gln	Protein variant detected	penicillin beta-lactam	KP_NORM_URN_2013_95819__chr	5324568	2700019	2700880	861	0	861	99.88%	100.00%	ARO:3000008	+	Kleborate	3.2.4	CARD	3.2.9	-	-	-	-	-	-	-	-	-	-	-	-
KP_NORM_URN_2013_95951	strB.v1	-	Gene presence detected	aminoglycoside antibiotic	KP_NORM_URN_2013_95951__pl_2	56638	53793	54630	837	0	837	100.00%	100.00%	ARO:0000016	-	Kleborate	3.2.4	CARD	3.2.9	-	-	-	-	-	-	-	-	-	-	-	-
KP_NORM_URN_2013_95951	strA.v1	-	Gene presence detected	aminoglycoside antibiotic	KP_NORM_URN_2013_95951__pl_2	56638	54629	55433	804	0	804	99.88%	100.00%	ARO:0000016	-	Kleborate	3.2.4	CARD	3.2.9	-	-	-	-	-	-	-	-	-	-	-	-
KP_NORM_URN_2013_95951	qnrB1.v2	-	Gene presence detected	Fluoroquinolone antibiotic	KP_NORM_URN_2013_95951__pl_2	56638	35453	36133	681	0	681	99.85%	100.00%	ARO:0000001	+	Kleborate	3.2.4	CARD	3.2.9	-	-	-	-	-	-	-	-	-	-	-	-
KP_NORM_URN_2013_95951	Mrx	-	Gene presence detected	Macrolide antibiotic	KP_NORM_URN_2013_95951__chr	5133803	87938	89177	1239	0	1239	100.00%	100.00%	ARO:0000000	+	Kleborate	3.2.4	CARD	3.2.9	-	-	-	-	-	-	-	-	-	-	-	-
KP_NORM_URN_2013_95951	mphA	-	Gene presence detected	Macrolide antibiotic	KP_NORM_URN_2013_95951__chr	5133803	87036	87942	906	0	906	100.00%	100.00%	ARO:0000000	+	Kleborate	3.2.4	CARD	3.2.9	-	-	-	-	-	-	-	-	-	-	-	-
KP_NORM_URN_2013_95951	sul1	-	Gene presence detected	sulfonamide antibiotic	KP_NORM_URN_2013_95951__pl_1	158906	87690	88530	840	0	840	100.00%	100.00%	ARO:3000282	-	Kleborate	3.2.4	CARD	3.2.9	-	-	-	-	-	-	-	-	-	-	-	-
KP_NORM_URN_2013_95951	sul2	-	Gene presence detected	sulfonamide antibiotic	KP_NORM_URN_2013_95951__pl_2	56638	55493	56309	816	0	816	100.00%	100.00%	ARO:3000282	-	Kleborate	3.2.4	CARD	3.2.9	-	-	-	-	-	-	-	-	-	-	-	-
KP_NORM_URN_2013_95951	tet(A).v1	-	Gene presence detected	Tetracycline antibiotic	KP_NORM_URN_2013_95951__pl_1	158906	96000	97275	1275	0	1275	100.00%	100.00%	ARO:3000050	+	Kleborate	3.2.4	CARD	3.2.9	-	-	-	-	-	-	-	-	-	-	-	-
KP_NORM_URN_2013_95951	dfrA14.v2	-	Gene presence detected	Diaminopyrimidine antibiotic	KP_NORM_URN_2013_95951__pl_2	56638	39415	39898	483	0	483	99.79%	100.00%	ARO:3000171	+	Kleborate	3.2.4	CARD	3.2.9	-	-	-	-	-	-	-	-	-	-	-	-
KP_NORM_URN_2013_95951	dfrA7	-	Gene presence detected	Diaminopyrimidine antibiotic	KP_NORM_URN_2013_95951__pl_1	158906	89100	89574	474	0	474	100.00%	100.00%	ARO:3000171	-	Kleborate	3.2.4	CARD	3.2.9	-	-	-	-	-	-	-	-	-	-	-	-
KP_NORM_URN_2013_95951	CTX-M-15	-	Gene presence detected	third-generation cephalosporin	KP_NORM_URN_2013_95951__pl_2	56638	48514	49390	876	0	876	100.00%	100.00%	ARO:3009107	-	Kleborate	3.2.4	CARD	3.2.9	-	-	-	-	-	-	-	-	-	-	-	-
KP_NORM_URN_2013_95951	SHV-11	-	Gene presence detected	penicillin beta-lactam	KP_NORM_URN_2013_95951__chr	5133803	2712823	2713684	861	0	861	99.88%	100.00%	ARO:3000008	+	Kleborate	3.2.4	CARD	3.2.9	-	-	-	-	-	-	-	-	-	-	-	-
KP_NORM_URN_2013_95951	SHV	p.Leu35Gln	Protein variant detected	penicillin beta-lactam	KP_NORM_URN_2013_95951__chr	5133803	2712823	2713684	861	0	861	99.88%	100.00%	ARO:3000008	+	Kleborate	3.2.4	CARD	3.2.9	-	-	-	-	-	-	-	-	-	-	-	-
KP_NORM_URN_2013_96200	aac(3)-IIa.v1	-	Gene presence detected	aminoglycoside antibiotic	KP_NORM_URN_2013_96200__pl_1	154762	74741	75602	861	0	861	99.77%	100.00%	ARO:0000016	-	Kleborate	3.2.4	CARD	3.2.9	-	-	-	-	-	-	-	-	-	-	-	-
KP_NORM_URN_2013_96200	strB.v1	-	Gene presence detected	aminoglycoside antibiotic	KP_NORM_URN_2013_96200__pl_1	154762	55369	56206	837	0	837	100.00%	100.00%	ARO:0000016	+	Kleborate	3.2.4	CARD	3.2.9	-	-	-	-	-	-	-	-	-	-	-	-
KP_NORM_URN_2013_96200	strA.v1	-	Gene presence detected	aminoglycoside antibiotic	KP_NORM_URN_2013_96200__pl_1	154762	54566	55370	804	0	804	99.88%	100.00%	ARO:0000016	+	Kleborate	3.2.4	CARD	3.2.9	-	-	-	-	-	-	-	-	-	-	-	-
KP_NORM_URN_2013_96200	aac(6)-Ib-cr.v2	-	Gene presence detected	aminoglycoside antibiotic	KP_NORM_URN_2013_96200__pl_1	154762	76511	77111	600	0	600	100.00%	100.00%	ARO:0000016	+	Kleborate	3.2.4	CARD	3.2.9	-	-	-	-	-	-	-	-	-	-	-	-
KP_NORM_URN_2013_96200	qnrB1.v2	-	Gene presence detected	Fluoroquinolone antibiotic	KP_NORM_URN_2013_96200__pl_1	154762	91451	92131	681	0	681	99.85%	100.00%	ARO:0000001	+	Kleborate	3.2.4	CARD	3.2.9	-	-	-	-	-	-	-	-	-	-	-	-
KP_NORM_URN_2013_96200	aac(6)-Ib-cr.v2	-	Gene presence detected	Fluoroquinolone antibiotic	KP_NORM_URN_2013_96200__pl_1	154762	76511	77111	600	0	600	100.00%	100.00%	ARO:0000016	+	Kleborate	3.2.4	CARD	3.2.9	-	-	-	-	-	-	-	-	-	-	-	-
KP_NORM_URN_2013_96200	sul2	-	Gene presence detected	sulfonamide antibiotic	KP_NORM_URN_2013_96200__pl_1	154762	53690	54506	816	0	816	100.00%	100.00%	ARO:3000282	+	Kleborate	3.2.4	CARD	3.2.9	-	-	-	-	-	-	-	-	-	-	-	-
KP_NORM_URN_2013_96200	tet(A).v1	-	Gene presence detected	Tetracycline antibiotic	KP_NORM_URN_2013_96200__pl_1	154762	81984	83259	1275	0	1275	100.00%	100.00%	ARO:3000050	+	Kleborate	3.2.4	CARD	3.2.9	-	-	-	-	-	-	-	-	-	-	-	-
KP_NORM_URN_2013_96200	dfrA14.v2	-	Gene presence detected	Diaminopyrimidine antibiotic	KP_NORM_URN_2013_96200__pl_1	154762	70100	70583	483	0	483	99.79%	100.00%	ARO:3000171	-	Kleborate	3.2.4	CARD	3.2.9	-	-	-	-	-	-	-	-	-	-	-	-
KP_NORM_URN_2013_96200	OXA-1	-	Gene presence detected	penicillin beta-lactam	KP_NORM_URN_2013_96200__pl_1	154762	77241	78072	831	0	831	100.00%	100.00%	ARO:3000008	+	Kleborate	3.2.4	CARD	3.2.9	-	-	-	-	-	-	-	-	-	-	-	-
KP_NORM_URN_2013_96200	CTX-M-15	-	Gene presence detected	third-generation cephalosporin	KP_NORM_URN_2013_96200__pl_1	154762	60608	61484	876	0	876	100.00%	100.00%	ARO:3009107	+	Kleborate	3.2.4	CARD	3.2.9	-	-	-	-	-	-	-	-	-	-	-	-
KP_NORM_URN_2013_96200	SHV-28	-	Gene presence detected	penicillin beta-lactam	KP_NORM_URN_2013_96200__chr	5267004	2725534	2726395	861	0	861	99.88%	100.00%	ARO:3000008	+	Kleborate	3.2.4	CARD	3.2.9	-	-	-	-	-	-	-	-	-	-	-	-
KP_NORM_URN_2013_96200	catB3.v1	-	Gene presence detected	phenicol antibiotic	KP_NORM_URN_2013_96200__pl_1	154762	78209	78651	633	0	442	100.00%	69.83%	ARO:3000387	+	Kleborate	3.2.4	CARD	3.2.9	-	-	-	-	-	-	-	-	-	-	-	-
KP_NORM_URN_2013_96200	GyrA	p.Ser83Ile	Protein variant detected	fluoroquinolone antibiotic	KP_NORM_URN_2013_96200__chr	5267004	1619477	1619837	360	0	360	99.44%	100.00%	ARO:0000001	+	Kleborate	3.2.4	CARD	3.2.9	-	-	-	-	-	-	-	-	-	-	-	-
KP_NORM_URN_2013_96200	ParC	p.Ser80Ile	Protein variant detected	fluoroquinolone antibiotic	KP_NORM_URN_2013_96200__chr	5267004	689912	690272	360	0	360	99.44%	100.00%	ARO:0000001	+	Kleborate	3.2.4	CARD	3.2.9	-	-	-	-	-	-	-	-	-	-	-	-
KP_NORM_URN_2014_101205	strB.v1	-	Gene presence detected	aminoglycoside antibiotic	KP_NORM_URN_2014_101205__pl_1	231473	129404	130241	837	0	837	100.00%	100.00%	ARO:0000016	-	Kleborate	3.2.4	CARD	3.2.9	-	-	-	-	-	-	-	-	-	-	-	-
KP_NORM_URN_2014_101205	strA.v1	-	Gene presence detected	aminoglycoside antibiotic	KP_NORM_URN_2014_101205__pl_1	231473	130240	131044	804	0	804	99.88%	100.00%	ARO:0000016	-	Kleborate	3.2.4	CARD	3.2.9	-	-	-	-	-	-	-	-	-	-	-	-
KP_NORM_URN_2014_101205	aac(6)-Ib-cr.v2	-	Gene presence detected	aminoglycoside antibiotic	KP_NORM_URN_2014_101205__pl_1	231473	143197	143797	600	0	600	100.00%	100.00%	ARO:0000016	+	Kleborate	3.2.4	CARD	3.2.9	-	-	-	-	-	-	-	-	-	-	-	-
KP_NORM_URN_2014_101205	qnrB1.v2	-	Gene presence detected	Fluoroquinolone antibiotic	KP_NORM_URN_2014_101205__pl_1	231473	150525	151207	681	0	681	99.85%	100.00%	ARO:0000001	+	Kleborate	3.2.4	CARD	3.2.9	-	-	-	-	-	-	-	-	-	-	-	-
KP_NORM_URN_2014_101205	aac(6)-Ib-cr.v2	-	Gene presence detected	Fluoroquinolone antibiotic	KP_NORM_URN_2014_101205__pl_1	231473	143197	143797	600	0	600	100.00%	100.00%	ARO:0000016	+	Kleborate	3.2.4	CARD	3.2.9	-	-	-	-	-	-	-	-	-	-	-	-
KP_NORM_URN_2014_101205	sul2	-	Gene presence detected	sulfonamide antibiotic	KP_NORM_URN_2014_101205__pl_1	231473	131104	131920	816	0	816	99.63%	100.00%	ARO:3000282	-	Kleborate	3.2.4	CARD	3.2.9	-	-	-	-	-	-	-	-	-	-	-	-
KP_NORM_URN_2014_101205	dfrA14.v2	-	Gene presence detected	Diaminopyrimidine antibiotic	KP_NORM_URN_2014_101205__pl_1	231473	154797	155280	483	0	483	99.79%	100.00%	ARO:3000171	-	Kleborate	3.2.4	CARD	3.2.9	-	-	-	-	-	-	-	-	-	-	-	-
KP_NORM_URN_2014_101205	OXA-1	-	Gene presence detected	penicillin beta-lactam	KP_NORM_URN_2014_101205__pl_1	231473	143927	144758	831	0	831	100.00%	100.00%	ARO:3000008	+	Kleborate	3.2.4	CARD	3.2.9	-	-	-	-	-	-	-	-	-	-	-	-
KP_NORM_URN_2014_101205	CTX-M-15	-	Gene presence detected	third-generation cephalosporin	KP_NORM_URN_2014_101205__pl_1	231473	137239	138115	876	0	876	100.00%	100.00%	ARO:3009107	-	Kleborate	3.2.4	CARD	3.2.9	-	-	-	-	-	-	-	-	-	-	-	-
KP_NORM_URN_2014_101205	SHV-27	-	Gene presence detected	penicillin beta-lactam	KP_NORM_URN_2014_101205__chr	5256207	2750839	2751700	861	0	861	100.00%	100.00%	ARO:3000008	+	Kleborate	3.2.4	CARD	3.2.9	-	-	-	-	-	-	-	-	-	-	-	-
KP_NORM_URN_2014_101205	catB3.v1	-	Gene presence detected	phenicol antibiotic	KP_NORM_URN_2014_101205__pl_1	231473	144895	145337	633	0	442	100.00%	69.83%	ARO:3000387	+	Kleborate	3.2.4	CARD	3.2.9	-	-	-	-	-	-	-	-	-	-	-	-
KP_NORM_URN_2014_101205	SHV	p.Gly156Asp	Protein variant detected	penicillin beta-lactam	KP_NORM_URN_2014_101205__chr	5256207	2750839	2751700	861	0	861	100.00%	100.00%	ARO:3000008	+	Kleborate	3.2.4	CARD	3.2.9	-	-	-	-	-	-	-	-	-	-	-	-
KP_NORM_URN_2014_96612	aac(3)-IId	-	Gene presence detected	aminoglycoside antibiotic	KP_NORM_URN_2014_96612__pl_2	56806	35171	36032	861	0	861	99.88%	100.00%	ARO:0000016	+	Kleborate	3.2.4	CARD	3.2.9	-	-	-	-	-	-	-	-	-	-	-	-
KP_NORM_URN_2014_96612	aadA	-	Gene presence detected	aminoglycoside antibiotic	KP_NORM_URN_2014_96612__pl_2	56806	33090	33882	792	0	792	99.62%	100.00%	ARO:0000016	+	Kleborate	3.2.4	CARD	3.2.9	-	-	-	-	-	-	-	-	-	-	-	-
KP_NORM_URN_2014_96612	aadA2	-	Gene presence detected	aminoglycoside antibiotic	KP_NORM_URN_2014_96612__pl_1	226270	110668	111448	780	0	780	99.87%	100.00%	ARO:0000016	+	Kleborate	3.2.4	CARD	3.2.9	-	-	-	-	-	-	-	-	-	-	-	-
KP_NORM_URN_2014_96612	aac(6)-Ib-cr.v2	-	Gene presence detected	aminoglycoside antibiotic	KP_NORM_URN_2014_96612__pl_2	56806	8316	8916	600	0	600	100.00%	100.00%	ARO:0000016	-	Kleborate	3.2.4	CARD	3.2.9	-	-	-	-	-	-	-	-	-	-	-	-
KP_NORM_URN_2014_96612	aac(6)-Ib-cr.v2	-	Gene presence detected	Fluoroquinolone antibiotic	KP_NORM_URN_2014_96612__pl_2	56806	8316	8916	600	0	600	100.00%	100.00%	ARO:0000016	-	Kleborate	3.2.4	CARD	3.2.9	-	-	-	-	-	-	-	-	-	-	-	-
KP_NORM_URN_2014_96612	Mrx	-	Gene presence detected	Macrolide antibiotic	KP_NORM_URN_2014_96612__pl_1	226270	116867	118106	1239	0	1239	100.00%	100.00%	ARO:0000000	-	Kleborate	3.2.4	CARD	3.2.9	-	-	-	-	-	-	-	-	-	-	-	-
KP_NORM_URN_2014_96612	mphA	-	Gene presence detected	Macrolide antibiotic	KP_NORM_URN_2014_96612__pl_1	226270	118102	119008	906	0	906	100.00%	100.00%	ARO:0000000	-	Kleborate	3.2.4	CARD	3.2.9	-	-	-	-	-	-	-	-	-	-	-	-
KP_NORM_URN_2014_96612	arr-2	-	Gene presence detected	Rifamycin antibiotic	KP_NORM_URN_2014_96612__pl_2	56806	31525	31978	453	0	453	100.00%	100.00%	ARO:3000157	+	Kleborate	3.2.4	CARD	3.2.9	-	-	-	-	-	-	-	-	-	-	-	-
KP_NORM_URN_2014_96612	sul1	-	Gene presence detected	sulfonamide antibiotic	KP_NORM_URN_2014_96612__pl_1	226270	111952	112792	840	0	840	100.00%	100.00%	ARO:3000282	+	Kleborate	3.2.4	CARD	3.2.9	-	-	-	-	-	-	-	-	-	-	-	-
KP_NORM_URN_2014_96612	tet(A).v1	-	Gene presence detected	Tetracycline antibiotic	KP_NORM_URN_2014_96612__pl_2	56806	12295	13570	1275	0	1275	100.00%	100.00%	ARO:3000050	+	Kleborate	3.2.4	CARD	3.2.9	-	-	-	-	-	-	-	-	-	-	-	-
KP_NORM_URN_2014_96612	dfrA12	-	Gene presence detected	Diaminopyrimidine antibiotic	KP_NORM_URN_2014_96612__pl_1	226270	109751	110249	498	0	498	100.00%	100.00%	ARO:3000171	+	Kleborate	3.2.4	CARD	3.2.9	-	-	-	-	-	-	-	-	-	-	-	-
KP_NORM_URN_2014_96612	OXA-1	-	Gene presence detected	penicillin beta-lactam	KP_NORM_URN_2014_96612__pl_2	56806	7355	8186	831	0	831	100.00%	100.00%	ARO:3000008	-	Kleborate	3.2.4	CARD	3.2.9	-	-	-	-	-	-	-	-	-	-	-	-
KP_NORM_URN_2014_96612	OXA-10	-	Gene presence detected	penicillin beta-lactam	KP_NORM_URN_2014_96612__pl_2	56806	32273	33074	801	0	801	100.00%	100.00%	ARO:3000008	+	Kleborate	3.2.4	CARD	3.2.9	-	-	-	-	-	-	-	-	-	-	-	-
KP_NORM_URN_2014_96612	CTX-M-15	-	Gene presence detected	third-generation cephalosporin	KP_NORM_URN_2014_96612__pl_2	56806	2443	3319	876	0	876	100.00%	100.00%	ARO:3009107	+	Kleborate	3.2.4	CARD	3.2.9	-	-	-	-	-	-	-	-	-	-	-	-
KP_NORM_URN_2014_96612	SHV-11	-	Gene presence detected	penicillin beta-lactam	KP_NORM_URN_2014_96612__chr	5374377	2780768	2781629	861	0	861	100.00%	100.00%	ARO:3000008	+	Kleborate	3.2.4	CARD	3.2.9	-	-	-	-	-	-	-	-	-	-	-	-
KP_NORM_URN_2014_96612	catB3.v1	-	Gene presence detected	phenicol antibiotic	KP_NORM_URN_2014_96612__pl_2	56806	6776	7218	633	0	442	100.00%	69.83%	ARO:3000387	-	Kleborate	3.2.4	CARD	3.2.9	-	-	-	-	-	-	-	-	-	-	-	-
KP_NORM_URN_2014_96612	catA1	-	Gene presence detected	phenicol antibiotic	KP_NORM_URN_2014_96612__pl_1	226270	126480	126771	660	369	660	99.66%	44.09%	ARO:3000387	-	Kleborate	3.2.4	CARD	3.2.9	-	-	-	-	-	-	-	-	-	-	-	-
KP_NORM_URN_2014_96612	SHV	p.Leu35Gln	Protein variant detected	penicillin beta-lactam	KP_NORM_URN_2014_96612__chr	5374377	2780768	2781629	861	0	861	100.00%	100.00%	ARO:3000008	+	Kleborate	3.2.4	CARD	3.2.9	-	-	-	-	-	-	-	-	-	-	-	-
KP_NORM_URN_2014_96612	OmpK36	p.Gln286fs	Inactivating mutation detected	-	KP_NORM_URN_2014_96612__chr	5374377	1628010	1629113	1104	0	1104	99.91%	85.83%	-	+	Kleborate	3.2.4	CARD	3.2.9	-	-	-	-	-	-	-	-	-	-	-	-
KP_NORM_URN_2014_96612	GyrA	p.Ser83Ile	Protein variant detected	fluoroquinolone antibiotic	KP_NORM_URN_2014_96612__chr	5374377	1618265	1618625	360	0	360	99.44%	100.00%	ARO:0000001	+	Kleborate	3.2.4	CARD	3.2.9	-	-	-	-	-	-	-	-	-	-	-	-
KP_NORM_URN_2014_96612	ParC	p.Ser80Ile	Protein variant detected	fluoroquinolone antibiotic	KP_NORM_URN_2014_96612__chr	5374377	708485	708845	360	0	360	99.72%	100.00%	ARO:0000001	+	Kleborate	3.2.4	CARD	3.2.9	-	-	-	-	-	-	-	-	-	-	-	-
KP_NORM_URN_2014_97392	strB.v1	-	Gene presence detected	aminoglycoside antibiotic	KP_NORM_URN_2014_97392__pl_1	140457	72094	72931	837	0	837	100.00%	100.00%	ARO:0000016	-	Kleborate	3.2.4	CARD	3.2.9	-	-	-	-	-	-	-	-	-	-	-	-
KP_NORM_URN_2014_97392	strA.v1	-	Gene presence detected	aminoglycoside antibiotic	KP_NORM_URN_2014_97392__pl_1	140457	72930	73734	804	0	804	99.88%	100.00%	ARO:0000016	-	Kleborate	3.2.4	CARD	3.2.9	-	-	-	-	-	-	-	-	-	-	-	-
KP_NORM_URN_2014_97392	qnrB1.v2	-	Gene presence detected	Fluoroquinolone antibiotic	KP_NORM_URN_2014_97392__pl_1	140457	53755	54435	681	0	681	99.85%	100.00%	ARO:0000001	+	Kleborate	3.2.4	CARD	3.2.9	-	-	-	-	-	-	-	-	-	-	-	-
KP_NORM_URN_2014_97392	Mrx	-	Gene presence detected	Macrolide antibiotic	KP_NORM_URN_2014_97392__chr	5133847	87938	89177	1239	0	1239	100.00%	100.00%	ARO:0000000	+	Kleborate	3.2.4	CARD	3.2.9	-	-	-	-	-	-	-	-	-	-	-	-
KP_NORM_URN_2014_97392	mphA	-	Gene presence detected	Macrolide antibiotic	KP_NORM_URN_2014_97392__chr	5133847	87036	87942	906	0	906	100.00%	100.00%	ARO:0000000	+	Kleborate	3.2.4	CARD	3.2.9	-	-	-	-	-	-	-	-	-	-	-	-
KP_NORM_URN_2014_97392	sul1	-	Gene presence detected	sulfonamide antibiotic	KP_NORM_URN_2014_97392__pl_1	140457	102369	103209	840	0	840	100.00%	100.00%	ARO:3000282	-	Kleborate	3.2.4	CARD	3.2.9	-	-	-	-	-	-	-	-	-	-	-	-
KP_NORM_URN_2014_97392	sul2	-	Gene presence detected	sulfonamide antibiotic	KP_NORM_URN_2014_97392__pl_1	140457	73794	74610	816	0	816	100.00%	100.00%	ARO:3000282	-	Kleborate	3.2.4	CARD	3.2.9	-	-	-	-	-	-	-	-	-	-	-	-
KP_NORM_URN_2014_97392	dfrA14.v2	-	Gene presence detected	Diaminopyrimidine antibiotic	KP_NORM_URN_2014_97392__pl_1	140457	57717	58200	483	0	483	99.79%	100.00%	ARO:3000171	+	Kleborate	3.2.4	CARD	3.2.9	-	-	-	-	-	-	-	-	-	-	-	-
KP_NORM_URN_2014_97392	dfrA7	-	Gene presence detected	Diaminopyrimidine antibiotic	KP_NORM_URN_2014_97392__pl_1	140457	103779	104253	474	0	474	100.00%	100.00%	ARO:3000171	-	Kleborate	3.2.4	CARD	3.2.9	-	-	-	-	-	-	-	-	-	-	-	-
KP_NORM_URN_2014_97392	CTX-M-15	-	Gene presence detected	third-generation cephalosporin	KP_NORM_URN_2014_97392__pl_1	140457	66816	67692	876	0	876	100.00%	100.00%	ARO:3009107	-	Kleborate	3.2.4	CARD	3.2.9	-	-	-	-	-	-	-	-	-	-	-	-
KP_NORM_URN_2014_97392	SHV-11	-	Gene presence detected	penicillin beta-lactam	KP_NORM_URN_2014_97392__chr	5133847	2712866	2713727	861	0	861	99.88%	100.00%	ARO:3000008	+	Kleborate	3.2.4	CARD	3.2.9	-	-	-	-	-	-	-	-	-	-	-	-
KP_NORM_URN_2014_97392	SHV	p.Leu35Gln	Protein variant detected	penicillin beta-lactam	KP_NORM_URN_2014_97392__chr	5133847	2712866	2713727	861	0	861	99.88%	100.00%	ARO:3000008	+	Kleborate	3.2.4	CARD	3.2.9	-	-	-	-	-	-	-	-	-	-	-	-
KP_NORM_URN_2014_97411	CTX-M-15	-	Gene presence detected	third-generation cephalosporin	KP_NORM_URN_2014_97411__chr	5305302	495655	496531	876	0	876	100.00%	100.00%	ARO:3009107	-	Kleborate	3.2.4	CARD	3.2.9	-	-	-	-	-	-	-	-	-	-	-	-
KP_NORM_URN_2014_97411	SHV-14	-	Gene presence detected	penicillin beta-lactam	KP_NORM_URN_2014_97411__chr	5305302	2721478	2722339	861	0	861	99.77%	100.00%	ARO:3000008	+	Kleborate	3.2.4	CARD	3.2.9	-	-	-	-	-	-	-	-	-	-	-	-
KP_NORM_URN_2014_97411	mgrb	p.Val7fs	Inactivating mutation detected	peptide antibiotic	KP_NORM_URN_2014_97411__chr	5305302	1944471	1944614	144	0	144	99.31%	17.02%	ARO:3000053	+	Kleborate	3.2.4	CARD	3.2.9	-	-	-	-	-	-	-	-	-	-	-	-
KP_NORM_URN_2014_97671	Mrx	-	Gene presence detected	Macrolide antibiotic	KP_NORM_URN_2014_97671__pl_2	76678	48086	49325	1239	0	1239	100.00%	100.00%	ARO:0000000	+	Kleborate	3.2.4	CARD	3.2.9	-	-	-	-	-	-	-	-	-	-	-	-
KP_NORM_URN_2014_97671	mphA	-	Gene presence detected	Macrolide antibiotic	KP_NORM_URN_2014_97671__pl_2	76678	47184	48090	906	0	906	100.00%	100.00%	ARO:0000000	+	Kleborate	3.2.4	CARD	3.2.9	-	-	-	-	-	-	-	-	-	-	-	-
KP_NORM_URN_2014_97671	SHV-12	-	Gene presence detected	third-generation cephalosporin	KP_NORM_URN_2014_97671__pl_2	76678	56040	56901	861	0	861	100.00%	100.00%	ARO:3009107	-	Kleborate	3.2.4	CARD	3.2.9	-	-	-	-	-	-	-	-	-	-	-	-
KP_NORM_URN_2014_97671	SHV-1	-	Gene presence detected	penicillin beta-lactam	KP_NORM_URN_2014_97671__chr	5325600	2740438	2741299	861	0	861	100.00%	100.00%	ARO:3000008	+	Kleborate	3.2.4	CARD	3.2.9	-	-	-	-	-	-	-	-	-	-	-	-
KP_NORM_URN_2014_97671	SHV	p.Leu35Gln	Protein variant detected	penicillin beta-lactam	KP_NORM_URN_2014_97671__pl_2	76678	56040	56901	861	0	861	100.00%	100.00%	ARO:3000008	-	Kleborate	3.2.4	CARD	3.2.9	-	-	-	-	-	-	-	-	-	-	-	-
KP_NORM_URN_2014_97671	SHV	p.Gly238Ser	Protein variant detected	penicillin beta-lactam	KP_NORM_URN_2014_97671__pl_2	76678	56040	56901	861	0	861	100.00%	100.00%	ARO:3000008	-	Kleborate	3.2.4	CARD	3.2.9	-	-	-	-	-	-	-	-	-	-	-	-
KP_NORM_URN_2014_97671	SHV	p.Glu240Lys	Protein variant detected	penicillin beta-lactam	KP_NORM_URN_2014_97671__pl_2	76678	56040	56901	861	0	861	100.00%	100.00%	ARO:3000008	-	Kleborate	3.2.4	CARD	3.2.9	-	-	-	-	-	-	-	-	-	-	-	-
KP_NORM_URN_2014_97677	strB.v1	-	Gene presence detected	aminoglycoside antibiotic	KP_NORM_URN_2014_97677__pl_1	149856	60596	61433	837	0	837	99.88%	100.00%	ARO:0000016	-	Kleborate	3.2.4	CARD	3.2.9	-	-	-	-	-	-	-	-	-	-	-	-
KP_NORM_URN_2014_97677	strA.v1	-	Gene presence detected	aminoglycoside antibiotic	KP_NORM_URN_2014_97677__pl_1	149856	61432	62236	804	0	804	99.88%	100.00%	ARO:0000016	-	Kleborate	3.2.4	CARD	3.2.9	-	-	-	-	-	-	-	-	-	-	-	-
KP_NORM_URN_2014_97677	aadA5	-	Gene presence detected	aminoglycoside antibiotic	KP_NORM_URN_2014_97677__pl_1	149856	72084	72873	789	0	789	100.00%	100.00%	ARO:0000016	-	Kleborate	3.2.4	CARD	3.2.9	-	-	-	-	-	-	-	-	-	-	-	-
KP_NORM_URN_2014_97677	Mrx	-	Gene presence detected	Macrolide antibiotic	KP_NORM_URN_2014_97677__pl_1	149856	65384	66623	1239	0	1239	99.92%	100.00%	ARO:0000000	+	Kleborate	3.2.4	CARD	3.2.9	-	-	-	-	-	-	-	-	-	-	-	-
KP_NORM_URN_2014_97677	mphA	-	Gene presence detected	Macrolide antibiotic	KP_NORM_URN_2014_97677__pl_1	149856	64482	65388	906	0	906	100.00%	100.00%	ARO:0000000	+	Kleborate	3.2.4	CARD	3.2.9	-	-	-	-	-	-	-	-	-	-	-	-
KP_NORM_URN_2014_97677	sul1	-	Gene presence detected	sulfonamide antibiotic	KP_NORM_URN_2014_97677__pl_1	149856	70698	71538	840	0	840	100.00%	100.00%	ARO:3000282	-	Kleborate	3.2.4	CARD	3.2.9	-	-	-	-	-	-	-	-	-	-	-	-
KP_NORM_URN_2014_97677	sul2	-	Gene presence detected	sulfonamide antibiotic	KP_NORM_URN_2014_97677__pl_1	149856	62296	63112	816	0	816	100.00%	100.00%	ARO:3000282	-	Kleborate	3.2.4	CARD	3.2.9	-	-	-	-	-	-	-	-	-	-	-	-
KP_NORM_URN_2014_97677	tet(A).v1	-	Gene presence detected	Tetracycline antibiotic	KP_NORM_URN_2014_97677__pl_1	149856	58343	59618	1275	0	1275	100.00%	100.00%	ARO:3000050	-	Kleborate	3.2.4	CARD	3.2.9	-	-	-	-	-	-	-	-	-	-	-	-
KP_NORM_URN_2014_97677	dfrA17	-	Gene presence detected	Diaminopyrimidine antibiotic	KP_NORM_URN_2014_97677__pl_1	149856	73003	73477	474	0	474	100.00%	100.00%	ARO:3000171	-	Kleborate	3.2.4	CARD	3.2.9	-	-	-	-	-	-	-	-	-	-	-	-
KP_NORM_URN_2014_97677	CTX-M-27	-	Gene presence detected	third-generation cephalosporin	KP_NORM_URN_2014_97677__pl_1	149856	52707	53583	876	0	876	100.00%	100.00%	ARO:3009107	+	Kleborate	3.2.4	CARD	3.2.9	-	-	-	-	-	-	-	-	-	-	-	-
KP_NORM_URN_2014_97677	SHV-41	-	Gene presence detected	penicillin beta-lactam	KP_NORM_URN_2014_97677__chr	5194742	2659470	2660331	861	0	861	100.00%	100.00%	ARO:3000008	+	Kleborate	3.2.4	CARD	3.2.9	-	-	-	-	-	-	-	-	-	-	-	-
KP_NORM_URN_2014_99206	aadA2	-	Gene presence detected	aminoglycoside antibiotic	KP_NORM_URN_2014_99206__pl_1	212842	208746	209526	780	0	780	99.87%	100.00%	ARO:0000016	-	Kleborate	3.2.4	CARD	3.2.9	-	-	-	-	-	-	-	-	-	-	-	-
KP_NORM_URN_2014_99206	aac(6)-Ib-cr.v2	-	Gene presence detected	aminoglycoside antibiotic	KP_NORM_URN_2014_99206__pl_1	212842	10679	11279	600	0	600	100.00%	100.00%	ARO:0000016	+	Kleborate	3.2.4	CARD	3.2.9	-	-	-	-	-	-	-	-	-	-	-	-
KP_NORM_URN_2014_99206	aac(6)-Ib-cr.v2	-	Gene presence detected	Fluoroquinolone antibiotic	KP_NORM_URN_2014_99206__pl_1	212842	10679	11279	600	0	600	100.00%	100.00%	ARO:0000016	+	Kleborate	3.2.4	CARD	3.2.9	-	-	-	-	-	-	-	-	-	-	-	-
KP_NORM_URN_2014_99206	Mrx	-	Gene presence detected	Macrolide antibiotic	KP_NORM_URN_2014_99206__pl_1	212842	202088	203327	1239	0	1239	100.00%	100.00%	ARO:0000000	+	Kleborate	3.2.4	CARD	3.2.9	-	-	-	-	-	-	-	-	-	-	-	-
KP_NORM_URN_2014_99206	mphA	-	Gene presence detected	Macrolide antibiotic	KP_NORM_URN_2014_99206__pl_1	212842	201186	202092	906	0	906	100.00%	100.00%	ARO:0000000	+	Kleborate	3.2.4	CARD	3.2.9	-	-	-	-	-	-	-	-	-	-	-	-
KP_NORM_URN_2014_99206	sul1	-	Gene presence detected	sulfonamide antibiotic	KP_NORM_URN_2014_99206__pl_1	212842	207402	208242	840	0	840	100.00%	100.00%	ARO:3000282	-	Kleborate	3.2.4	CARD	3.2.9	-	-	-	-	-	-	-	-	-	-	-	-
KP_NORM_URN_2014_99206	dfrA12	-	Gene presence detected	Diaminopyrimidine antibiotic	KP_NORM_URN_2014_99206__pl_1	212842	209945	210443	498	0	498	100.00%	100.00%	ARO:3000171	-	Kleborate	3.2.4	CARD	3.2.9	-	-	-	-	-	-	-	-	-	-	-	-
KP_NORM_URN_2014_99206	OXA-1	-	Gene presence detected	penicillin beta-lactam	KP_NORM_URN_2014_99206__pl_1	212842	11409	12240	831	0	831	100.00%	100.00%	ARO:3000008	+	Kleborate	3.2.4	CARD	3.2.9	-	-	-	-	-	-	-	-	-	-	-	-
KP_NORM_URN_2014_99206	CTX-M-15	-	Gene presence detected	third-generation cephalosporin	KP_NORM_URN_2014_99206__pl_1	212842	6300	7176	876	0	876	100.00%	100.00%	ARO:3009107	+	Kleborate	3.2.4	CARD	3.2.9	-	-	-	-	-	-	-	-	-	-	-	-
KP_NORM_URN_2014_99206	SHV-1	-	Gene presence detected	penicillin beta-lactam	KP_NORM_URN_2014_99206__chr	5255437	2665077	2665938	861	0	861	100.00%	100.00%	ARO:3000008	+	Kleborate	3.2.4	CARD	3.2.9	-	-	-	-	-	-	-	-	-	-	-	-
KP_NORM_URN_2014_99206	catB3.v1	-	Gene presence detected	phenicol antibiotic	KP_NORM_URN_2014_99206__pl_1	212842	12377	12819	633	0	442	100.00%	69.83%	ARO:3000387	+	Kleborate	3.2.4	CARD	3.2.9	-	-	-	-	-	-	-	-	-	-	-	-
KP_NORM_URN_2014_99206	GyrA	p.Ser83Phe	Protein variant detected	fluoroquinolone antibiotic	KP_NORM_URN_2014_99206__chr	5255437	1477583	1477943	360	0	360	99.44%	100.00%	ARO:0000001	+	Kleborate	3.2.4	CARD	3.2.9	-	-	-	-	-	-	-	-	-	-	-	-
KP_NORM_URN_2014_99206	GyrA	p.Asp87Asn	Protein variant detected	fluoroquinolone antibiotic	KP_NORM_URN_2014_99206__chr	5255437	1477583	1477943	360	0	360	99.44%	100.00%	ARO:0000001	+	Kleborate	3.2.4	CARD	3.2.9	-	-	-	-	-	-	-	-	-	-	-	-
KP_NORM_URN_2014_99206	ParC	p.Glu84Lys	Protein variant detected	fluoroquinolone antibiotic	KP_NORM_URN_2014_99206__chr	5255437	693436	693796	360	0	360	99.72%	100.00%	ARO:0000001	+	Kleborate	3.2.4	CARD	3.2.9	-	-	-	-	-	-	-	-	-	-	-	-
KP_NORM_URN_2015_107836	strB.v1	-	Gene presence detected	aminoglycoside antibiotic	KP_NORM_URN_2015_107836__pl_1	194989	6027	6864	837	0	837	100.00%	100.00%	ARO:0000016	+	Kleborate	3.2.4	CARD	3.2.9	-	-	-	-	-	-	-	-	-	-	-	-
KP_NORM_URN_2015_107836	strA.v1	-	Gene presence detected	aminoglycoside antibiotic	KP_NORM_URN_2015_107836__pl_1	194989	5224	6028	804	0	804	99.88%	100.00%	ARO:0000016	+	Kleborate	3.2.4	CARD	3.2.9	-	-	-	-	-	-	-	-	-	-	-	-
KP_NORM_URN_2015_107836	sul2	-	Gene presence detected	sulfonamide antibiotic	KP_NORM_URN_2015_107836__pl_1	194989	4348	5164	816	0	816	100.00%	100.00%	ARO:3000282	+	Kleborate	3.2.4	CARD	3.2.9	-	-	-	-	-	-	-	-	-	-	-	-
KP_NORM_URN_2015_107836	tet(D)	-	Gene presence detected	Tetracycline antibiotic	KP_NORM_URN_2015_107836__pl_1	194989	177061	178246	1185	0	1185	100.00%	100.00%	ARO:3000050	-	Kleborate	3.2.4	CARD	3.2.9	-	-	-	-	-	-	-	-	-	-	-	-
KP_NORM_URN_2015_107836	dfrA14.v2	-	Gene presence detected	Diaminopyrimidine antibiotic	KP_NORM_URN_2015_107836__pl_1	194989	194360	194843	483	0	483	99.79%	100.00%	ARO:3000171	-	Kleborate	3.2.4	CARD	3.2.9	-	-	-	-	-	-	-	-	-	-	-	-
KP_NORM_URN_2015_107836	CTX-M-3	-	Gene presence detected	third-generation cephalosporin	KP_NORM_URN_2015_107836__pl_1	194989	182777	183653	876	0	876	100.00%	100.00%	ARO:3009107	-	Kleborate	3.2.4	CARD	3.2.9	-	-	-	-	-	-	-	-	-	-	-	-
KP_NORM_URN_2015_107836	SHV-77	-	Gene presence detected	penicillin beta-lactam	KP_NORM_URN_2015_107836__chr	5199862	2726103	2726964	861	0	861	99.88%	100.00%	ARO:3000008	+	Kleborate	3.2.4	CARD	3.2.9	-	-	-	-	-	-	-	-	-	-	-	-
KP_NORM_URN_2015_107836	SHV	p.Leu35Gln	Protein variant detected	penicillin beta-lactam	KP_NORM_URN_2015_107836__chr	5199862	2726103	2726964	861	0	861	99.88%	100.00%	ARO:3000008	+	Kleborate	3.2.4	CARD	3.2.9	-	-	-	-	-	-	-	-	-	-	-	-
KP_NORM_URN_2015_107962	aadA2	-	Gene presence detected	aminoglycoside antibiotic	KP_NORM_URN_2015_107962__pl_1	204534	107770	108550	780	0	780	99.87%	100.00%	ARO:0000016	-	Kleborate	3.2.4	CARD	3.2.9	-	-	-	-	-	-	-	-	-	-	-	-
KP_NORM_URN_2015_107962	sul1	-	Gene presence detected	sulfonamide antibiotic	KP_NORM_URN_2015_107962__pl_1	204534	106426	107266	840	0	840	100.00%	100.00%	ARO:3000282	-	Kleborate	3.2.4	CARD	3.2.9	-	-	-	-	-	-	-	-	-	-	-	-
KP_NORM_URN_2015_107962	dfrA12	-	Gene presence detected	Diaminopyrimidine antibiotic	KP_NORM_URN_2015_107962__pl_1	204534	108969	109467	498	0	498	100.00%	100.00%	ARO:3000171	-	Kleborate	3.2.4	CARD	3.2.9	-	-	-	-	-	-	-	-	-	-	-	-
KP_NORM_URN_2015_107962	CTX-M-15	-	Gene presence detected	third-generation cephalosporin	KP_NORM_URN_2015_107962__pl_1	204534	118166	119042	876	0	876	100.00%	100.00%	ARO:3009107	+	Kleborate	3.2.4	CARD	3.2.9	-	-	-	-	-	-	-	-	-	-	-	-
KP_NORM_URN_2015_107962	SHV-11	-	Gene presence detected	penicillin beta-lactam	KP_NORM_URN_2015_107962__chr	5319740	2699621	2700482	861	0	861	99.88%	100.00%	ARO:3000008	+	Kleborate	3.2.4	CARD	3.2.9	-	-	-	-	-	-	-	-	-	-	-	-
KP_NORM_URN_2015_107962	SHV	p.Leu35Gln	Protein variant detected	penicillin beta-lactam	KP_NORM_URN_2015_107962__chr	5319740	2699621	2700482	861	0	861	99.88%	100.00%	ARO:3000008	+	Kleborate	3.2.4	CARD	3.2.9	-	-	-	-	-	-	-	-	-	-	-	-
KP_NORM_URN_2015_107962	GyrA	p.Ser83Ile	Protein variant detected	fluoroquinolone antibiotic	KP_NORM_URN_2015_107962__chr	5319740	1589771	1590131	360	0	360	99.44%	100.00%	ARO:0000001	+	Kleborate	3.2.4	CARD	3.2.9	-	-	-	-	-	-	-	-	-	-	-	-
KP_NORM_URN_2015_109056	strA.v1	-	Gene presence detected	aminoglycoside antibiotic	KP_NORM_URN_2015_109056__pl_1	150923	88077	88881	804	0	804	99.88%	100.00%	ARO:0000016	+	Kleborate	3.2.4	CARD	3.2.9	-	-	-	-	-	-	-	-	-	-	-	-
KP_NORM_URN_2015_109056	qnrB1.v2	-	Gene presence detected	Fluoroquinolone antibiotic	KP_NORM_URN_2015_109056__pl_1	150923	64972	65652	681	0	681	99.85%	100.00%	ARO:0000001	-	Kleborate	3.2.4	CARD	3.2.9	-	-	-	-	-	-	-	-	-	-	-	-
KP_NORM_URN_2015_109056	sul2	-	Gene presence detected	sulfonamide antibiotic	KP_NORM_URN_2015_109056__pl_1	150923	87201	88017	816	0	816	100.00%	100.00%	ARO:3000282	+	Kleborate	3.2.4	CARD	3.2.9	-	-	-	-	-	-	-	-	-	-	-	-
KP_NORM_URN_2015_109056	dfrA14.v2	-	Gene presence detected	Diaminopyrimidine antibiotic	KP_NORM_URN_2015_109056__pl_1	150923	61307	61790	483	0	483	99.79%	100.00%	ARO:3000171	-	Kleborate	3.2.4	CARD	3.2.9	-	-	-	-	-	-	-	-	-	-	-	-
KP_NORM_URN_2015_109056	CTX-M-15	-	Gene presence detected	third-generation cephalosporin	KP_NORM_URN_2015_109056__pl_1	150923	121515	122391	876	0	876	100.00%	100.00%	ARO:3009107	-	Kleborate	3.2.4	CARD	3.2.9	-	-	-	-	-	-	-	-	-	-	-	-
KP_NORM_URN_2015_109056	SHV-11	-	Gene presence detected	penicillin beta-lactam	KP_NORM_URN_2015_109056__chr	5138889	2642487	2643348	861	0	861	99.88%	100.00%	ARO:3000008	+	Kleborate	3.2.4	CARD	3.2.9	-	-	-	-	-	-	-	-	-	-	-	-
KP_NORM_URN_2015_109056	aph(6)-Id.v2	-	Gene presence detected	aminoglycoside antibiotic	KP_NORM_URN_2015_109056__pl_1	150923	88880	89608	837	0	728	100.00%	86.98%	ARO:0000016	+	Kleborate	3.2.4	CARD	3.2.9	-	-	-	-	-	-	-	-	-	-	-	-
KP_NORM_URN_2015_109056	SHV	p.Leu35Gln	Protein variant detected	penicillin beta-lactam	KP_NORM_URN_2015_109056__chr	5138889	2642487	2643348	861	0	861	99.88%	100.00%	ARO:3000008	+	Kleborate	3.2.4	CARD	3.2.9	-	-	-	-	-	-	-	-	-	-	-	-
KP_NORM_URN_2015_109238	CTX-M-15	-	Gene presence detected	third-generation cephalosporin	KP_NORM_URN_2015_109238__pl_1	98142	51132	52008	876	0	876	100.00%	100.00%	ARO:3009107	-	Kleborate	3.2.4	CARD	3.2.9	-	-	-	-	-	-	-	-	-	-	-	-
KP_NORM_URN_2015_109238	SHV-27	-	Gene presence detected	penicillin beta-lactam	KP_NORM_URN_2015_109238__chr	5405676	2802141	2803002	861	0	861	100.00%	100.00%	ARO:3000008	+	Kleborate	3.2.4	CARD	3.2.9	-	-	-	-	-	-	-	-	-	-	-	-
KP_NORM_URN_2015_109238	SHV	p.Gly156Asp	Protein variant detected	penicillin beta-lactam	KP_NORM_URN_2015_109238__chr	5405676	2802141	2803002	861	0	861	100.00%	100.00%	ARO:3000008	+	Kleborate	3.2.4	CARD	3.2.9	-	-	-	-	-	-	-	-	-	-	-	-
KP_NORM_URN_2015_109358	aph3-Ia.v1	-	Gene presence detected	aminoglycoside antibiotic	KP_NORM_URN_2015_109358__pl_1	249416	91325	92141	816	0	816	99.88%	100.00%	ARO:0000016	-	Kleborate	3.2.4	CARD	3.2.9	-	-	-	-	-	-	-	-	-	-	-	-
KP_NORM_URN_2015_109358	aadA2	-	Gene presence detected	aminoglycoside antibiotic	KP_NORM_URN_2015_109358__pl_1	249416	86889	87669	780	0	780	99.87%	100.00%	ARO:0000016	+	Kleborate	3.2.4	CARD	3.2.9	-	-	-	-	-	-	-	-	-	-	-	-
KP_NORM_URN_2015_109358	qnrB4	-	Gene presence detected	Fluoroquinolone antibiotic	KP_NORM_URN_2015_109358__pl_1	249416	57888	58536	648	0	648	100.00%	100.00%	ARO:0000001	-	Kleborate	3.2.4	CARD	3.2.9	-	-	-	-	-	-	-	-	-	-	-	-
KP_NORM_URN_2015_109358	Mrx	-	Gene presence detected	Macrolide antibiotic	KP_NORM_URN_2015_109358__pl_1	249416	94019	95258	1239	0	1239	100.00%	100.00%	ARO:0000000	+	Kleborate	3.2.4	CARD	3.2.9	-	-	-	-	-	-	-	-	-	-	-	-
KP_NORM_URN_2015_109358	mphA	-	Gene presence detected	Macrolide antibiotic	KP_NORM_URN_2015_109358__pl_1	249416	93117	94023	906	0	906	100.00%	100.00%	ARO:0000000	+	Kleborate	3.2.4	CARD	3.2.9	-	-	-	-	-	-	-	-	-	-	-	-
KP_NORM_URN_2015_109358	sul1	-	Gene presence detected	sulfonamide antibiotic	KP_NORM_URN_2015_109358__pl_1	249416	65372	66212	840	0	840	100.00%	100.00%	ARO:3000282	+	Kleborate	3.2.4	CARD	3.2.9	-	-	-	-	-	-	-	-	-	-	-	-
KP_NORM_URN_2015_109358	sul1	-	Gene presence detected	sulfonamide antibiotic	KP_NORM_URN_2015_109358__pl_1	249416	65372	66212	840	0	840	100.00%	100.00%	ARO:3000282	+	Kleborate	3.2.4	CARD	3.2.9	-	-	-	-	-	-	-	-	-	-	-	-
KP_NORM_URN_2015_109358	tet(D)	-	Gene presence detected	Tetracycline antibiotic	KP_NORM_URN_2015_109358__pl_1	249416	80769	81954	1185	0	1185	100.00%	100.00%	ARO:3000050	+	Kleborate	3.2.4	CARD	3.2.9	-	-	-	-	-	-	-	-	-	-	-	-
KP_NORM_URN_2015_109358	dfrA12	-	Gene presence detected	Diaminopyrimidine antibiotic	KP_NORM_URN_2015_109358__pl_1	249416	85972	86470	498	0	498	100.00%	100.00%	ARO:3000171	+	Kleborate	3.2.4	CARD	3.2.9	-	-	-	-	-	-	-	-	-	-	-	-
KP_NORM_URN_2015_109358	DHA-1	-	Gene presence detected	penicillin beta-lactam	KP_NORM_URN_2015_109358__pl_1	249416	62656	63796	1140	0	1140	100.00%	100.00%	ARO:3000008	-	Kleborate	3.2.4	CARD	3.2.9	-	-	-	-	-	-	-	-	-	-	-	-
KP_NORM_URN_2015_109358	CTX-M-14	-	Gene presence detected	third-generation cephalosporin	KP_NORM_URN_2015_109358__pl_1	249416	70724	71600	876	0	876	100.00%	100.00%	ARO:3009107	+	Kleborate	3.2.4	CARD	3.2.9	-	-	-	-	-	-	-	-	-	-	-	-
KP_NORM_URN_2015_109358	SHV-27	-	Gene presence detected	penicillin beta-lactam	KP_NORM_URN_2015_109358__chr	5278363	2713724	2714585	861	0	861	100.00%	100.00%	ARO:3000008	+	Kleborate	3.2.4	CARD	3.2.9	-	-	-	-	-	-	-	-	-	-	-	-
KP_NORM_URN_2015_109358	fosA7	-	Gene presence detected	phosphonic acid antibiotic	KP_NORM_URN_2015_109358__chr	5278363	4632489	4632912	423	0	423	90.78%	100.00%	ARO:3007149	-	Kleborate	3.2.4	CARD	3.2.9	-	-	-	-	-	-	-	-	-	-	-	-
KP_NORM_URN_2015_109358	SHV	p.Gly156Asp	Protein variant detected	penicillin beta-lactam	KP_NORM_URN_2015_109358__chr	5278363	2713724	2714585	861	0	861	100.00%	100.00%	ARO:3000008	+	Kleborate	3.2.4	CARD	3.2.9	-	-	-	-	-	-	-	-	-	-	-	-
KP_NORM_URN_2015_109604	aac(3)-IIa.v1	-	Gene presence detected	aminoglycoside antibiotic	KP_NORM_URN_2015_109604__pl_1	176355	155063	155924	861	0	861	99.77%	100.00%	ARO:0000016	-	Kleborate	3.2.4	CARD	3.2.9	-	-	-	-	-	-	-	-	-	-	-	-
KP_NORM_URN_2015_109604	strB.v1	-	Gene presence detected	aminoglycoside antibiotic	KP_NORM_URN_2015_109604__pl_1	176355	135691	136528	837	0	837	100.00%	100.00%	ARO:0000016	+	Kleborate	3.2.4	CARD	3.2.9	-	-	-	-	-	-	-	-	-	-	-	-
KP_NORM_URN_2015_109604	strA.v1	-	Gene presence detected	aminoglycoside antibiotic	KP_NORM_URN_2015_109604__pl_1	176355	134888	135692	804	0	804	99.88%	100.00%	ARO:0000016	+	Kleborate	3.2.4	CARD	3.2.9	-	-	-	-	-	-	-	-	-	-	-	-
KP_NORM_URN_2015_109604	sul2	-	Gene presence detected	sulfonamide antibiotic	KP_NORM_URN_2015_109604__pl_1	176355	134012	134828	816	0	816	100.00%	100.00%	ARO:3000282	+	Kleborate	3.2.4	CARD	3.2.9	-	-	-	-	-	-	-	-	-	-	-	-
KP_NORM_URN_2015_109604	dfrA14.v2	-	Gene presence detected	Diaminopyrimidine antibiotic	KP_NORM_URN_2015_109604__pl_1	176355	150422	150905	483	0	483	99.79%	100.00%	ARO:3000171	-	Kleborate	3.2.4	CARD	3.2.9	-	-	-	-	-	-	-	-	-	-	-	-
KP_NORM_URN_2015_109604	CTX-M-15	-	Gene presence detected	third-generation cephalosporin	KP_NORM_URN_2015_109604__pl_1	176355	140930	141806	876	0	876	100.00%	100.00%	ARO:3009107	+	Kleborate	3.2.4	CARD	3.2.9	-	-	-	-	-	-	-	-	-	-	-	-
KP_NORM_URN_2015_109604	SHV-28	-	Gene presence detected	penicillin beta-lactam	KP_NORM_URN_2015_109604__chr	5261424	2719644	2720505	861	0	861	99.88%	100.00%	ARO:3000008	+	Kleborate	3.2.4	CARD	3.2.9	-	-	-	-	-	-	-	-	-	-	-	-
KP_NORM_URN_2015_109604	GyrA	p.Ser83Ile	Protein variant detected	fluoroquinolone antibiotic	KP_NORM_URN_2015_109604__chr	5261424	1566085	1566445	360	0	360	99.44%	100.00%	ARO:0000001	+	Kleborate	3.2.4	CARD	3.2.9	-	-	-	-	-	-	-	-	-	-	-	-
KP_NORM_URN_2015_109604	ParC	p.Ser80Ile	Protein variant detected	fluoroquinolone antibiotic	KP_NORM_URN_2015_109604__chr	5261424	689084	689444	360	0	360	99.44%	100.00%	ARO:0000001	+	Kleborate	3.2.4	CARD	3.2.9	-	-	-	-	-	-	-	-	-	-	-	-
KP_NORM_URN_56534	SHV-11	-	Gene presence detected	penicillin beta-lactam	KP_NORM_URN_56534__chr	5325537	2710547	2711408	861	0	861	99.88%	100.00%	ARO:3000008	+	Kleborate	3.2.4	CARD	3.2.9	-	-	-	-	-	-	-	-	-	-	-	-
KP_NORM_URN_56534	SHV	p.Leu35Gln	Protein variant detected	penicillin beta-lactam	KP_NORM_URN_56534__chr	5325537	2710547	2711408	861	0	861	99.88%	100.00%	ARO:3000008	+	Kleborate	3.2.4	CARD	3.2.9	-	-	-	-	-	-	-	-	-	-	-	-
KP_NORM_URN_56668	SHV-187	-	Gene presence detected	penicillin beta-lactam	KP_NORM_URN_56668__chr	5258711	2650680	2651547	867	0	867	100.00%	100.00%	ARO:3000008	+	Kleborate	3.2.4	CARD	3.2.9	-	-	-	-	-	-	-	-	-	-	-	-
KP_NORM_URN_56847	strB.v1	-	Gene presence detected	aminoglycoside antibiotic	KP_NORM_URN_56847__pl_2	58638	16936	17773	837	0	837	99.88%	100.00%	ARO:0000016	+	Kleborate	3.2.4	CARD	3.2.9	-	-	-	-	-	-	-	-	-	-	-	-
KP_NORM_URN_56847	strA.v1	-	Gene presence detected	aminoglycoside antibiotic	KP_NORM_URN_56847__pl_2	58638	16133	16937	804	0	804	99.75%	100.00%	ARO:0000016	+	Kleborate	3.2.4	CARD	3.2.9	-	-	-	-	-	-	-	-	-	-	-	-
KP_NORM_URN_56847	qnrS1	-	Gene presence detected	Fluoroquinolone antibiotic	KP_NORM_URN_56847__pl_2	58638	22473	23130	657	0	657	100.00%	100.00%	ARO:0000001	-	Kleborate	3.2.4	CARD	3.2.9	-	-	-	-	-	-	-	-	-	-	-	-
KP_NORM_URN_56847	sul2	-	Gene presence detected	sulfonamide antibiotic	KP_NORM_URN_56847__pl_2	58638	15257	16073	816	0	816	100.00%	100.00%	ARO:3000282	+	Kleborate	3.2.4	CARD	3.2.9	-	-	-	-	-	-	-	-	-	-	-	-
KP_NORM_URN_56847	dfrA14.v2	-	Gene presence detected	Diaminopyrimidine antibiotic	KP_NORM_URN_56847__pl_2	58638	28924	29407	483	0	483	99.79%	100.00%	ARO:3000171	-	Kleborate	3.2.4	CARD	3.2.9	-	-	-	-	-	-	-	-	-	-	-	-
KP_NORM_URN_56847	LEN-16	-	Gene presence detected	penicillin beta-lactam	KP_NORM_URN_56847__chr	5532952	2824846	2825707	861	0	861	99.88%	100.00%	ARO:3000008	+	Kleborate	3.2.4	CARD	3.2.9	-	-	-	-	-	-	-	-	-	-	-	-
KP_NORM_URN_56847	OmpK36	p.Ala183fs	Inactivating mutation detected	-	KP_NORM_URN_56847__chr	5532952	1582334	1583426	1104	0	1104	94.75%	98.91%	-	+	Kleborate	3.2.4	CARD	3.2.9	-	-	-	-	-	-	-	-	-	-	-	-
KP_NORM_URN_57002	SHV-52	-	Gene presence detected	penicillin beta-lactam + beta-lactamase inhibitor	KP_NORM_URN_57002__chr	5190412	2616165	2617026	861	0	861	100.00%	100.00%	ARO:3000008	+	Kleborate	3.2.4	CARD	3.2.9	-	-	-	-	-	-	-	-	-	-	-	-
KP_NORM_URN_57002	fosA7.5	-	Gene presence detected	phosphonic acid antibiotic	KP_NORM_URN_57002__chr	5190412	4553322	4553600	423	144	423	93.57%	65.96%	ARO:3007149	-	Kleborate	3.2.4	CARD	3.2.9	-	-	-	-	-	-	-	-	-	-	-	-
KP_NORM_URN_57002	SHV	p.Leu35Gln	Protein variant detected	penicillin beta-lactam	KP_NORM_URN_57002__chr	5190412	2616165	2617026	861	0	861	100.00%	100.00%	ARO:3000008	+	Kleborate	3.2.4	CARD	3.2.9	-	-	-	-	-	-	-	-	-	-	-	-
KP_NORM_URN_57002	SHV	p.Met69Ile	Protein variant detected	penicillin beta-lactam	KP_NORM_URN_57002__chr	5190412	2616165	2617026	861	0	861	100.00%	100.00%	ARO:3000008	+	Kleborate	3.2.4	CARD	3.2.9	-	-	-	-	-	-	-	-	-	-	-	-
KP_NORM_URN_57023	LEN-16	-	Gene presence detected	penicillin beta-lactam	KP_NORM_URN_57023__chr	5620587	2839247	2840108	861	0	861	99.88%	100.00%	ARO:3000008	+	Kleborate	3.2.4	CARD	3.2.9	-	-	-	-	-	-	-	-	-	-	-	-
KP_NORM_URN_57023	OmpK36	p.Ala183fs	Inactivating mutation detected	-	KP_NORM_URN_57023__chr	5620587	1610038	1611130	1104	0	1104	94.75%	98.91%	-	+	Kleborate	3.2.4	CARD	3.2.9	-	-	-	-	-	-	-	-	-	-	-	-
KP_NORM_URN_57042	aadA	-	Gene presence detected	aminoglycoside antibiotic	KP_NORM_URN_57042__pl_1	196315	135470	136435	972	0	972	99.28%	100.00%	ARO:0000016	-	Kleborate	3.2.4	CARD	3.2.9	-	-	-	-	-	-	-	-	-	-	-	-
KP_NORM_URN_57042	sul1	-	Gene presence detected	sulfonamide antibiotic	KP_NORM_URN_57042__pl_1	196315	134126	134966	840	0	840	100.00%	100.00%	ARO:3000282	-	Kleborate	3.2.4	CARD	3.2.9	-	-	-	-	-	-	-	-	-	-	-	-
KP_NORM_URN_57042	SHV-1	-	Gene presence detected	penicillin beta-lactam	KP_NORM_URN_57042__pl_1	196315	118662	119523	861	0	861	99.88%	100.00%	ARO:3000008	+	Kleborate	3.2.4	CARD	3.2.9	-	-	-	-	-	-	-	-	-	-	-	-
KP_NORM_URN_57042	SHV-11	-	Gene presence detected	penicillin beta-lactam	KP_NORM_URN_57042__chr	5368061	2769217	2770078	861	0	861	99.88%	100.00%	ARO:3000008	+	Kleborate	3.2.4	CARD	3.2.9	-	-	-	-	-	-	-	-	-	-	-	-
KP_NORM_URN_57042	SHV	p.Leu35Gln	Protein variant detected	penicillin beta-lactam	KP_NORM_URN_57042__chr	5368061	2769217	2770078	861	0	861	99.88%	100.00%	ARO:3000008	+	Kleborate	3.2.4	CARD	3.2.9	-	-	-	-	-	-	-	-	-	-	-	-
KP_NORM_URN_57225	SHV-36	-	Gene presence detected	penicillin beta-lactam	KP_NORM_URN_57225__chr	5346848	2749164	2750025	861	0	861	100.00%	100.00%	ARO:3000008	+	Kleborate	3.2.4	CARD	3.2.9	-	-	-	-	-	-	-	-	-	-	-	-
KP_NORM_URN_57225	SHV	p.Leu35Gln	Protein variant detected	penicillin beta-lactam	KP_NORM_URN_57225__chr	5346848	2749164	2750025	861	0	861	100.00%	100.00%	ARO:3000008	+	Kleborate	3.2.4	CARD	3.2.9	-	-	-	-	-	-	-	-	-	-	-	-
KP_NORM_URN_57409	SHV-1	-	Gene presence detected	penicillin beta-lactam	KP_NORM_URN_57409__chr	5293596	2664935	2665796	861	0	861	99.77%	100.00%	ARO:3000008	+	Kleborate	3.2.4	CARD	3.2.9	-	-	-	-	-	-	-	-	-	-	-	-
KP_NORM_URN_57447	LEN-13	-	Gene presence detected	penicillin beta-lactam	KP_NORM_URN_57447__chr	5601882	2837082	2837943	861	0	861	100.00%	100.00%	ARO:3000008	+	Kleborate	3.2.4	CARD	3.2.9	-	-	-	-	-	-	-	-	-	-	-	-
KP_NORM_URN_57447	OmpK36	p.Ala183fs	Inactivating mutation detected	-	KP_NORM_URN_57447__chr	5601882	1615206	1616298	1104	0	1104	94.75%	98.91%	-	+	Kleborate	3.2.4	CARD	3.2.9	-	-	-	-	-	-	-	-	-	-	-	-
KP_NORM_URN_57455	LEN-2	-	Gene presence detected	penicillin beta-lactam	KP_NORM_URN_57455__chr	5428796	2740054	2740915	861	0	861	99.88%	100.00%	ARO:3000008	+	Kleborate	3.2.4	CARD	3.2.9	-	-	-	-	-	-	-	-	-	-	-	-
KP_NORM_URN_57455	OmpK36	p.Ala183fs	Inactivating mutation detected	-	KP_NORM_URN_57455__chr	5428796	1528563	1529655	1104	0	1104	94.75%	98.91%	-	+	Kleborate	3.2.4	CARD	3.2.9	-	-	-	-	-	-	-	-	-	-	-	-
KP_NORM_URN_57695	SHV-11	-	Gene presence detected	penicillin beta-lactam	KP_NORM_URN_57695__chr	5256881	2679127	2679988	861	0	861	99.88%	100.00%	ARO:3000008	+	Kleborate	3.2.4	CARD	3.2.9	-	-	-	-	-	-	-	-	-	-	-	-
KP_NORM_URN_57695	SHV	p.Leu35Gln	Protein variant detected	penicillin beta-lactam	KP_NORM_URN_57695__chr	5256881	2679127	2679988	861	0	861	99.88%	100.00%	ARO:3000008	+	Kleborate	3.2.4	CARD	3.2.9	-	-	-	-	-	-	-	-	-	-	-	-
KP_NORM_URN_57979	SHV-1	-	Gene presence detected	penicillin beta-lactam	KP_NORM_URN_57979__chr	5521747	2879585	2880446	861	0	861	100.00%	100.00%	ARO:3000008	+	Kleborate	3.2.4	CARD	3.2.9	-	-	-	-	-	-	-	-	-	-	-	-
KP_NORM_URN_58012	strB.v1	-	Gene presence detected	aminoglycoside antibiotic	KP_NORM_URN_58012__pl_1	107451	94595	95432	837	0	837	100.00%	100.00%	ARO:0000016	-	Kleborate	3.2.4	CARD	3.2.9	-	-	-	-	-	-	-	-	-	-	-	-
KP_NORM_URN_58012	strA.v1	-	Gene presence detected	aminoglycoside antibiotic	KP_NORM_URN_58012__pl_1	107451	95431	96235	804	0	804	99.88%	100.00%	ARO:0000016	-	Kleborate	3.2.4	CARD	3.2.9	-	-	-	-	-	-	-	-	-	-	-	-
KP_NORM_URN_58012	aadA1.v1	-	Gene presence detected	aminoglycoside antibiotic	KP_NORM_URN_58012__pl_1	107451	91991	92783	792	0	792	99.75%	100.00%	ARO:0000016	-	Kleborate	3.2.4	CARD	3.2.9	-	-	-	-	-	-	-	-	-	-	-	-
KP_NORM_URN_58012	sul1	-	Gene presence detected	sulfonamide antibiotic	KP_NORM_URN_58012__pl_1	107451	90647	91487	840	0	840	100.00%	100.00%	ARO:3000282	-	Kleborate	3.2.4	CARD	3.2.9	-	-	-	-	-	-	-	-	-	-	-	-
KP_NORM_URN_58012	sul2	-	Gene presence detected	sulfonamide antibiotic	KP_NORM_URN_58012__pl_1	107451	96295	97111	816	0	816	99.63%	100.00%	ARO:3000282	-	Kleborate	3.2.4	CARD	3.2.9	-	-	-	-	-	-	-	-	-	-	-	-
KP_NORM_URN_58012	dfrA1.v2	-	Gene presence detected	Diaminopyrimidine antibiotic	KP_NORM_URN_58012__pl_1	107451	92875	93349	474	0	474	100.00%	100.00%	ARO:3000171	-	Kleborate	3.2.4	CARD	3.2.9	-	-	-	-	-	-	-	-	-	-	-	-
KP_NORM_URN_58012	LEN-13	-	Gene presence detected	penicillin beta-lactam	KP_NORM_URN_58012__chr	5498281	2791398	2792259	861	0	861	100.00%	100.00%	ARO:3000008	+	Kleborate	3.2.4	CARD	3.2.9	-	-	-	-	-	-	-	-	-	-	-	-
KP_NORM_URN_58012	OmpK36	p.Ala183fs	Inactivating mutation detected	-	KP_NORM_URN_58012__chr	5498281	1564284	1565376	1104	0	1104	94.57%	98.91%	-	+	Kleborate	3.2.4	CARD	3.2.9	-	-	-	-	-	-	-	-	-	-	-	-
KP_NORM_URN_58233	SHV-11	-	Gene presence detected	penicillin beta-lactam	KP_NORM_URN_58233__chr	5334665	2771287	2772148	861	0	861	99.88%	100.00%	ARO:3000008	+	Kleborate	3.2.4	CARD	3.2.9	-	-	-	-	-	-	-	-	-	-	-	-
KP_NORM_URN_58233	SHV	p.Leu35Gln	Protein variant detected	penicillin beta-lactam	KP_NORM_URN_58233__chr	5334665	2771287	2772148	861	0	861	99.88%	100.00%	ARO:3000008	+	Kleborate	3.2.4	CARD	3.2.9	-	-	-	-	-	-	-	-	-	-	-	-
KP_NORM_URN_58251	SHV-11	-	Gene presence detected	penicillin beta-lactam	KP_NORM_URN_58251__chr	5218585	2669007	2669868	861	0	861	99.88%	100.00%	ARO:3000008	+	Kleborate	3.2.4	CARD	3.2.9	-	-	-	-	-	-	-	-	-	-	-	-
KP_NORM_URN_58251	SHV	p.Leu35Gln	Protein variant detected	penicillin beta-lactam	KP_NORM_URN_58251__chr	5218585	2669007	2669868	861	0	861	99.88%	100.00%	ARO:3000008	+	Kleborate	3.2.4	CARD	3.2.9	-	-	-	-	-	-	-	-	-	-	-	-
KP_NORM_URN_58261	SHV-28	-	Gene presence detected	penicillin beta-lactam	KP_NORM_URN_58261__chr	5289148	2814700	2815561	861	0	861	99.88%	100.00%	ARO:3000008	+	Kleborate	3.2.4	CARD	3.2.9	-	-	-	-	-	-	-	-	-	-	-	-
KP_NORM_URN_58342	SHV-1	-	Gene presence detected	penicillin beta-lactam	KP_NORM_URN_58342__chr	5338477	2713342	2714203	861	0	861	99.88%	100.00%	ARO:3000008	+	Kleborate	3.2.4	CARD	3.2.9	-	-	-	-	-	-	-	-	-	-	-	-
KP_NORM_URN_58394	strB.v1	-	Gene presence detected	aminoglycoside antibiotic	KP_NORM_URN_58394__pl_1	232307	178979	179816	837	0	837	100.00%	100.00%	ARO:0000016	+	Kleborate	3.2.4	CARD	3.2.9	-	-	-	-	-	-	-	-	-	-	-	-
KP_NORM_URN_58394	strA.v1	-	Gene presence detected	aminoglycoside antibiotic	KP_NORM_URN_58394__pl_1	232307	178176	178980	804	0	804	99.88%	100.00%	ARO:0000016	+	Kleborate	3.2.4	CARD	3.2.9	-	-	-	-	-	-	-	-	-	-	-	-
KP_NORM_URN_58394	Mrx	-	Gene presence detected	Macrolide antibiotic	KP_NORM_URN_58394__pl_1	232307	169672	170911	1239	0	1239	100.00%	100.00%	ARO:0000000	-	Kleborate	3.2.4	CARD	3.2.9	-	-	-	-	-	-	-	-	-	-	-	-
KP_NORM_URN_58394	mphA	-	Gene presence detected	Macrolide antibiotic	KP_NORM_URN_58394__pl_1	232307	170907	171813	906	0	906	100.00%	100.00%	ARO:0000000	-	Kleborate	3.2.4	CARD	3.2.9	-	-	-	-	-	-	-	-	-	-	-	-
KP_NORM_URN_58394	sul2	-	Gene presence detected	sulfonamide antibiotic	KP_NORM_URN_58394__pl_1	232307	177300	178116	816	0	816	99.63%	100.00%	ARO:3000282	+	Kleborate	3.2.4	CARD	3.2.9	-	-	-	-	-	-	-	-	-	-	-	-
KP_NORM_URN_58394	tet(A).v1	-	Gene presence detected	Tetracycline antibiotic	KP_NORM_URN_58394__pl_1	232307	16445	17720	1275	0	1275	100.00%	100.00%	ARO:3000050	+	Kleborate	3.2.4	CARD	3.2.9	-	-	-	-	-	-	-	-	-	-	-	-
KP_NORM_URN_58394	dfrA14.v2	-	Gene presence detected	Diaminopyrimidine antibiotic	KP_NORM_URN_58394__pl_1	232307	166719	167202	483	0	483	99.79%	100.00%	ARO:3000171	+	Kleborate	3.2.4	CARD	3.2.9	-	-	-	-	-	-	-	-	-	-	-	-
KP_NORM_URN_58394	SHV-11	-	Gene presence detected	penicillin beta-lactam	KP_NORM_URN_58394__chr	5144400	2674535	2675396	861	0	861	99.88%	100.00%	ARO:3000008	+	Kleborate	3.2.4	CARD	3.2.9	-	-	-	-	-	-	-	-	-	-	-	-
KP_NORM_URN_58394	SHV	p.Leu35Gln	Protein variant detected	penicillin beta-lactam	KP_NORM_URN_58394__chr	5144400	2674535	2675396	861	0	861	99.88%	100.00%	ARO:3000008	+	Kleborate	3.2.4	CARD	3.2.9	-	-	-	-	-	-	-	-	-	-	-	-
NK_H10_003	SHV-11	-	Gene presence detected	penicillin beta-lactam	NK_H10_003__chr	5231402	2680686	2681547	861	0	861	99.88%	100.00%	ARO:3000008	+	Kleborate	3.2.4	CARD	3.2.9	-	-	-	-	-	-	-	-	-	-	-	-
NK_H10_003	SHV	p.Leu35Gln	Protein variant detected	penicillin beta-lactam	NK_H10_003__chr	5231402	2680686	2681547	861	0	861	99.88%	100.00%	ARO:3000008	+	Kleborate	3.2.4	CARD	3.2.9	-	-	-	-	-	-	-	-	-	-	-	-
NK_H1_001	strB.v1	-	Gene presence detected	aminoglycoside antibiotic	NK_H1_001__pl_1	224336	184982	185819	837	0	837	100.00%	100.00%	ARO:0000016	+	Kleborate	3.2.4	CARD	3.2.9	-	-	-	-	-	-	-	-	-	-	-	-
NK_H1_001	strA.v1	-	Gene presence detected	aminoglycoside antibiotic	NK_H1_001__pl_1	224336	184179	184983	804	0	804	99.88%	100.00%	ARO:0000016	+	Kleborate	3.2.4	CARD	3.2.9	-	-	-	-	-	-	-	-	-	-	-	-
NK_H1_001	sul2	-	Gene presence detected	sulfonamide antibiotic	NK_H1_001__pl_1	224336	183303	184119	816	0	816	99.63%	100.00%	ARO:3000282	+	Kleborate	3.2.4	CARD	3.2.9	-	-	-	-	-	-	-	-	-	-	-	-
NK_H1_001	SHV-37	-	Gene presence detected	penicillin beta-lactam	NK_H1_001__chr	5228768	2634503	2635364	861	0	861	100.00%	100.00%	ARO:3000008	+	Kleborate	3.2.4	CARD	3.2.9	-	-	-	-	-	-	-	-	-	-	-	-
NK_H1_001	fosA7	-	Gene presence detected	phosphonic acid antibiotic	NK_H1_001__chr	5228768	4590596	4590822	423	197	423	95.13%	53.43%	ARO:3007149	-	Kleborate	3.2.4	CARD	3.2.9	-	-	-	-	-	-	-	-	-	-	-	-
NK_H1_001	SHV	p.Leu35Gln	Protein variant detected	penicillin beta-lactam	NK_H1_001__chr	5228768	2634503	2635364	861	0	861	100.00%	100.00%	ARO:3000008	+	Kleborate	3.2.4	CARD	3.2.9	-	-	-	-	-	-	-	-	-	-	-	-
NK_H1_002	SHV-33	-	Gene presence detected	penicillin beta-lactam	NK_H1_002__chr	5338150	2741667	2742528	861	0	861	100.00%	100.00%	ARO:3000008	+	Kleborate	3.2.4	CARD	3.2.9	-	-	-	-	-	-	-	-	-	-	-	-
NK_H1_011	SHV-11	-	Gene presence detected	penicillin beta-lactam	NK_H1_011__chr	5379284	2752971	2753832	861	0	861	99.65%	100.00%	ARO:3000008	+	Kleborate	3.2.4	CARD	3.2.9	-	-	-	-	-	-	-	-	-	-	-	-
NK_H1_011	SHV	p.Leu35Gln	Protein variant detected	penicillin beta-lactam	NK_H1_011__chr	5379284	2752971	2753832	861	0	861	99.65%	100.00%	ARO:3000008	+	Kleborate	3.2.4	CARD	3.2.9	-	-	-	-	-	-	-	-	-	-	-	-
NK_H1_012	SHV-27	-	Gene presence detected	penicillin beta-lactam	NK_H1_012__chr	5201277	2654001	2654862	861	0	861	99.88%	100.00%	ARO:3000008	+	Kleborate	3.2.4	CARD	3.2.9	-	-	-	-	-	-	-	-	-	-	-	-
NK_H1_012	SHV	p.Gly156Asp	Protein variant detected	penicillin beta-lactam	NK_H1_012__chr	5201277	2654001	2654862	861	0	861	99.88%	100.00%	ARO:3000008	+	Kleborate	3.2.4	CARD	3.2.9	-	-	-	-	-	-	-	-	-	-	-	-
NK_H1_037	strB.v1	-	Gene presence detected	aminoglycoside antibiotic	NK_H1_037__pl_1	161307	117140	117977	837	0	837	100.00%	100.00%	ARO:0000016	+	Kleborate	3.2.4	CARD	3.2.9	-	-	-	-	-	-	-	-	-	-	-	-
NK_H1_037	strA.v1	-	Gene presence detected	aminoglycoside antibiotic	NK_H1_037__pl_1	161307	116337	117141	804	0	804	99.88%	100.00%	ARO:0000016	+	Kleborate	3.2.4	CARD	3.2.9	-	-	-	-	-	-	-	-	-	-	-	-
NK_H1_037	aadA2	-	Gene presence detected	aminoglycoside antibiotic	NK_H1_037__pl_1	161307	111230	112010	780	0	780	99.87%	100.00%	ARO:0000016	-	Kleborate	3.2.4	CARD	3.2.9	-	-	-	-	-	-	-	-	-	-	-	-
NK_H1_037	Mrx	-	Gene presence detected	Macrolide antibiotic	NK_H1_037__pl_1	161307	104572	105811	1239	0	1239	100.00%	100.00%	ARO:0000000	+	Kleborate	3.2.4	CARD	3.2.9	-	-	-	-	-	-	-	-	-	-	-	-
NK_H1_037	mphA	-	Gene presence detected	Macrolide antibiotic	NK_H1_037__pl_1	161307	103670	104576	906	0	906	100.00%	100.00%	ARO:0000000	+	Kleborate	3.2.4	CARD	3.2.9	-	-	-	-	-	-	-	-	-	-	-	-
NK_H1_037	sul1	-	Gene presence detected	sulfonamide antibiotic	NK_H1_037__pl_1	161307	109886	110726	840	0	840	100.00%	100.00%	ARO:3000282	-	Kleborate	3.2.4	CARD	3.2.9	-	-	-	-	-	-	-	-	-	-	-	-
NK_H1_037	sul2	-	Gene presence detected	sulfonamide antibiotic	NK_H1_037__pl_1	161307	115461	116277	816	0	816	100.00%	100.00%	ARO:3000282	+	Kleborate	3.2.4	CARD	3.2.9	-	-	-	-	-	-	-	-	-	-	-	-
NK_H1_037	tet(A).v1	-	Gene presence detected	Tetracycline antibiotic	NK_H1_037__pl_1	161307	119318	120593	1275	0	1275	100.00%	100.00%	ARO:3000050	+	Kleborate	3.2.4	CARD	3.2.9	-	-	-	-	-	-	-	-	-	-	-	-
NK_H1_037	dfrA12	-	Gene presence detected	Diaminopyrimidine antibiotic	NK_H1_037__pl_1	161307	112429	112927	498	0	498	100.00%	100.00%	ARO:3000171	-	Kleborate	3.2.4	CARD	3.2.9	-	-	-	-	-	-	-	-	-	-	-	-
NK_H1_037	SHV-27	-	Gene presence detected	penicillin beta-lactam	NK_H1_037__chr	5179409	2640439	2641300	861	0	861	100.00%	100.00%	ARO:3000008	+	Kleborate	3.2.4	CARD	3.2.9	-	-	-	-	-	-	-	-	-	-	-	-
NK_H1_037	SHV	p.Gly156Asp	Protein variant detected	penicillin beta-lactam	NK_H1_037__chr	5179409	2640439	2641300	861	0	861	100.00%	100.00%	ARO:3000008	+	Kleborate	3.2.4	CARD	3.2.9	-	-	-	-	-	-	-	-	-	-	-	-
NK_H1_037	OmpK36	c.G107del	Inactivating mutation detected	-	NK_H1_037__chr	5179409	1541126	1541233	1104	0	107	100.00%	9.54%	-	+	Kleborate	3.2.4	CARD	3.2.9	-	-	-	-	-	-	-	-	-	-	-	-
NK_H1_040	SHV-11	-	Gene presence detected	penicillin beta-lactam	NK_H1_040__chr	5327227	2676402	2677263	861	0	861	99.88%	100.00%	ARO:3000008	+	Kleborate	3.2.4	CARD	3.2.9	-	-	-	-	-	-	-	-	-	-	-	-
NK_H1_040	fosA7	-	Gene presence detected	phosphonic acid antibiotic	NK_H1_040__chr	5327227	4692579	4692858	423	144	423	91.76%	65.96%	ARO:3007149	-	Kleborate	3.2.4	CARD	3.2.9	-	-	-	-	-	-	-	-	-	-	-	-
NK_H1_040	SHV	p.Leu35Gln	Protein variant detected	penicillin beta-lactam	NK_H1_040__chr	5327227	2676402	2677263	861	0	861	99.88%	100.00%	ARO:3000008	+	Kleborate	3.2.4	CARD	3.2.9	-	-	-	-	-	-	-	-	-	-	-	-
NK_H1_041	SHV-1	-	Gene presence detected	penicillin beta-lactam	NK_H1_041__chr	5206175	2691047	2691908	861	0	861	99.88%	100.00%	ARO:3000008	+	Kleborate	3.2.4	CARD	3.2.9	-	-	-	-	-	-	-	-	-	-	-	-
NK_H1_044	LEN-13	-	Gene presence detected	penicillin beta-lactam	NK_H1_044__chr	5531653	2805251	2806112	861	0	861	100.00%	100.00%	ARO:3000008	+	Kleborate	3.2.4	CARD	3.2.9	-	-	-	-	-	-	-	-	-	-	-	-
NK_H1_050	SHV-11	-	Gene presence detected	penicillin beta-lactam	NK_H1_050__chr	5290296	2739813	2740674	861	0	861	99.88%	100.00%	ARO:3000008	+	Kleborate	3.2.4	CARD	3.2.9	-	-	-	-	-	-	-	-	-	-	-	-
NK_H1_050	SHV	p.Leu35Gln	Protein variant detected	penicillin beta-lactam	NK_H1_050__chr	5290296	2739813	2740674	861	0	861	99.88%	100.00%	ARO:3000008	+	Kleborate	3.2.4	CARD	3.2.9	-	-	-	-	-	-	-	-	-	-	-	-
NK_H1_059	LEN-16	-	Gene presence detected	penicillin beta-lactam	NK_H1_059__chr	5477026	2788038	2788899	861	0	861	99.77%	100.00%	ARO:3000008	+	Kleborate	3.2.4	CARD	3.2.9	-	-	-	-	-	-	-	-	-	-	-	-
NK_H1_059	OmpK36	p.Ala183fs	Inactivating mutation detected	-	NK_H1_059__chr	5477026	1552913	1554005	1104	0	1104	94.75%	98.91%	-	+	Kleborate	3.2.4	CARD	3.2.9	-	-	-	-	-	-	-	-	-	-	-	-
NK_H1_074	SHV-1	-	Gene presence detected	penicillin beta-lactam	NK_H1_074__chr	5316744	2711948	2712815	867	0	867	99.54%	100.00%	ARO:3000008	+	Kleborate	3.2.4	CARD	3.2.9	-	-	-	-	-	-	-	-	-	-	-	-
NK_H1_084	SHV-33	-	Gene presence detected	penicillin beta-lactam	NK_H1_084__chr	5326628	2776718	2777579	861	0	861	100.00%	100.00%	ARO:3000008	+	Kleborate	3.2.4	CARD	3.2.9	-	-	-	-	-	-	-	-	-	-	-	-
NK_H1_091	SHV-101	-	Gene presence detected	penicillin beta-lactam	NK_H1_091__chr	5243820	2684016	2684877	861	0	861	99.77%	100.00%	ARO:3000008	+	Kleborate	3.2.4	CARD	3.2.9	-	-	-	-	-	-	-	-	-	-	-	-
NK_H1_098	SHV-1	-	Gene presence detected	penicillin beta-lactam	NK_H1_098__chr	5322214	2680311	2681172	861	0	861	100.00%	100.00%	ARO:3000008	+	Kleborate	3.2.4	CARD	3.2.9	-	-	-	-	-	-	-	-	-	-	-	-
NK_H11_006	tet(B).v2	-	Gene presence detected	Tetracycline antibiotic	NK_H11_006__pl_2	77161	61034	62240	1206	0	1206	99.75%	100.00%	ARO:3000050	-	Kleborate	3.2.4	CARD	3.2.9	-	-	-	-	-	-	-	-	-	-	-	-
NK_H11_006	tetR	-	Gene presence detected	Tetracycline antibiotic	NK_H11_006__pl_2	77161	62318	62945	627	0	627	100.00%	100.00%	ARO:3000050	+	Kleborate	3.2.4	CARD	3.2.9	-	-	-	-	-	-	-	-	-	-	-	-
NK_H11_006	SHV-11	-	Gene presence detected	penicillin beta-lactam	NK_H11_006__chr	5327472	2790249	2791110	861	0	861	99.88%	100.00%	ARO:3000008	+	Kleborate	3.2.4	CARD	3.2.9	-	-	-	-	-	-	-	-	-	-	-	-
NK_H11_006	SHV	p.Leu35Gln	Protein variant detected	penicillin beta-lactam	NK_H11_006__chr	5327472	2790249	2791110	861	0	861	99.88%	100.00%	ARO:3000008	+	Kleborate	3.2.4	CARD	3.2.9	-	-	-	-	-	-	-	-	-	-	-	-
NK_H11_013	SHV-28	-	Gene presence detected	penicillin beta-lactam	NK_H11_013__chr	5296505	2752560	2753421	861	0	861	99.88%	100.00%	ARO:3000008	+	Kleborate	3.2.4	CARD	3.2.9	-	-	-	-	-	-	-	-	-	-	-	-
NK_H1_109	SHV-27	-	Gene presence detected	penicillin beta-lactam	NK_H1_109__chr	5217588	2640543	2641404	861	0	861	100.00%	100.00%	ARO:3000008	+	Kleborate	3.2.4	CARD	3.2.9	-	-	-	-	-	-	-	-	-	-	-	-
NK_H1_109	SHV	p.Gly156Asp	Protein variant detected	penicillin beta-lactam	NK_H1_109__chr	5217588	2640543	2641404	861	0	861	100.00%	100.00%	ARO:3000008	+	Kleborate	3.2.4	CARD	3.2.9	-	-	-	-	-	-	-	-	-	-	-	-
NK_H1_111	SHV-1	-	Gene presence detected	penicillin beta-lactam	NK_H1_111__chr	5245382	2670896	2671763	867	0	867	99.54%	100.00%	ARO:3000008	+	Kleborate	3.2.4	CARD	3.2.9	-	-	-	-	-	-	-	-	-	-	-	-
NK_H12_018	SHV-1	-	Gene presence detected	penicillin beta-lactam	NK_H12_018__chr	5204839	2689711	2690572	861	0	861	99.88%	100.00%	ARO:3000008	+	Kleborate	3.2.4	CARD	3.2.9	-	-	-	-	-	-	-	-	-	-	-	-
NK_H12_023	SHV-1	-	Gene presence detected	penicillin beta-lactam	NK_H12_023__chr	5386574	2805739	2806600	861	0	861	99.77%	100.00%	ARO:3000008	+	Kleborate	3.2.4	CARD	3.2.9	-	-	-	-	-	-	-	-	-	-	-	-
NK_H12_028	SHV-1	-	Gene presence detected	penicillin beta-lactam	NK_H12_028__chr	5206014	2690886	2691747	861	0	861	99.88%	100.00%	ARO:3000008	+	Kleborate	3.2.4	CARD	3.2.9	-	-	-	-	-	-	-	-	-	-	-	-
NK_H12_034	strB.v1	-	Gene presence detected	aminoglycoside antibiotic	NK_H12_034__pl_1	235771	52057	52894	837	0	837	100.00%	100.00%	ARO:0000016	-	Kleborate	3.2.4	CARD	3.2.9	-	-	-	-	-	-	-	-	-	-	-	-
NK_H12_034	strA.v1	-	Gene presence detected	aminoglycoside antibiotic	NK_H12_034__pl_1	235771	52893	53697	804	0	804	100.00%	100.00%	ARO:0000016	-	Kleborate	3.2.4	CARD	3.2.9	-	-	-	-	-	-	-	-	-	-	-	-
NK_H12_034	tet(D)	-	Gene presence detected	Tetracycline antibiotic	NK_H12_034__pl_2	171213	136001	137186	1185	0	1185	100.00%	100.00%	ARO:3000050	+	Kleborate	3.2.4	CARD	3.2.9	-	-	-	-	-	-	-	-	-	-	-	-
NK_H12_034	SHV-1	-	Gene presence detected	penicillin beta-lactam	NK_H12_034__pl_2	171213	142289	143150	861	0	861	99.88%	100.00%	ARO:3000008	+	Kleborate	3.2.4	CARD	3.2.9	-	-	-	-	-	-	-	-	-	-	-	-
NK_H12_034	SHV-11	-	Gene presence detected	penicillin beta-lactam	NK_H12_034__chr	5452205	2768372	2769233	861	0	861	99.88%	100.00%	ARO:3000008	+	Kleborate	3.2.4	CARD	3.2.9	-	-	-	-	-	-	-	-	-	-	-	-
NK_H12_034	SHV	p.Leu35Gln	Protein variant detected	penicillin beta-lactam	NK_H12_034__chr	5452205	2768372	2769233	861	0	861	99.88%	100.00%	ARO:3000008	+	Kleborate	3.2.4	CARD	3.2.9	-	-	-	-	-	-	-	-	-	-	-	-
NK_H12_035	strB.v1	-	Gene presence detected	aminoglycoside antibiotic	NK_H12_035__pl_2	50973	4072	4909	837	0	837	100.00%	100.00%	ARO:0000016	-	Kleborate	3.2.4	CARD	3.2.9	-	-	-	-	-	-	-	-	-	-	-	-
NK_H12_035	sul2	-	Gene presence detected	sulfonamide antibiotic	NK_H12_035__pl_2	50973	6340	7156	816	0	816	100.00%	100.00%	ARO:3000282	-	Kleborate	3.2.4	CARD	3.2.9	-	-	-	-	-	-	-	-	-	-	-	-
NK_H12_035	tet(A).v1	-	Gene presence detected	Tetracycline antibiotic	NK_H12_035__pl_2	50973	10668	11943	1275	0	1275	100.00%	100.00%	ARO:3000050	-	Kleborate	3.2.4	CARD	3.2.9	-	-	-	-	-	-	-	-	-	-	-	-
NK_H12_035	dfrA14.v2	-	Gene presence detected	Diaminopyrimidine antibiotic	NK_H12_035__pl_2	50973	5258	5741	483	0	483	100.00%	100.00%	ARO:3000171	-	Kleborate	3.2.4	CARD	3.2.9	-	-	-	-	-	-	-	-	-	-	-	-
NK_H12_035	SHV-11	-	Gene presence detected	penicillin beta-lactam	NK_H12_035__chr	5469470	2855910	2856771	861	0	861	99.88%	100.00%	ARO:3000008	+	Kleborate	3.2.4	CARD	3.2.9	-	-	-	-	-	-	-	-	-	-	-	-
NK_H12_035	strA.v1	-	Gene presence detected	aminoglycoside antibiotic	NK_H12_035__pl_2	50973	5751	6280	804	0	529	99.81%	65.80%	ARO:0000016	-	Kleborate	3.2.4	CARD	3.2.9	-	-	-	-	-	-	-	-	-	-	-	-
NK_H12_035	SHV	p.Leu35Gln	Protein variant detected	penicillin beta-lactam	NK_H12_035__chr	5469470	2855910	2856771	861	0	861	99.88%	100.00%	ARO:3000008	+	Kleborate	3.2.4	CARD	3.2.9	-	-	-	-	-	-	-	-	-	-	-	-
NK_H12_038	SHV-1	-	Gene presence detected	penicillin beta-lactam	NK_H12_038__chr	5386569	2805734	2806595	861	0	861	99.77%	100.00%	ARO:3000008	+	Kleborate	3.2.4	CARD	3.2.9	-	-	-	-	-	-	-	-	-	-	-	-
NK_H12_041	tet(D)	-	Gene presence detected	Tetracycline antibiotic	NK_H12_041__pl_1	227646	135187	136372	1185	0	1185	100.00%	100.00%	ARO:3000050	-	Kleborate	3.2.4	CARD	3.2.9	-	-	-	-	-	-	-	-	-	-	-	-
NK_H12_041	SHV-52	-	Gene presence detected	penicillin beta-lactam + beta-lactamase inhibitor	NK_H12_041__chr	5114900	1867719	1868580	861	0	861	100.00%	100.00%	ARO:3000008	+	Kleborate	3.2.4	CARD	3.2.9	-	-	-	-	-	-	-	-	-	-	-	-
NK_H12_041	SHV-1	-	Gene presence detected	penicillin beta-lactam	NK_H12_041__pl_4	18593	12934	13795	861	0	861	99.88%	100.00%	ARO:3000008	+	Kleborate	3.2.4	CARD	3.2.9	-	-	-	-	-	-	-	-	-	-	-	-
NK_H12_041	SHV-1	-	Gene presence detected	penicillin beta-lactam	NK_H12_041__pl_4	18593	12934	13795	861	0	861	99.88%	100.00%	ARO:3000008	+	Kleborate	3.2.4	CARD	3.2.9	-	-	-	-	-	-	-	-	-	-	-	-
NK_H12_041	SHV-1	-	Gene presence detected	penicillin beta-lactam	NK_H12_041__pl_4	18593	12934	13795	861	0	861	99.88%	100.00%	ARO:3000008	+	Kleborate	3.2.4	CARD	3.2.9	-	-	-	-	-	-	-	-	-	-	-	-
NK_H12_041	SHV-1	-	Gene presence detected	penicillin beta-lactam	NK_H12_041__pl_4	18593	12934	13795	861	0	861	99.88%	100.00%	ARO:3000008	+	Kleborate	3.2.4	CARD	3.2.9	-	-	-	-	-	-	-	-	-	-	-	-
NK_H12_041	fosA7.5	-	Gene presence detected	phosphonic acid antibiotic	NK_H12_041__chr	5114900	3723131	3723409	423	144	423	93.57%	65.96%	ARO:3007149	-	Kleborate	3.2.4	CARD	3.2.9	-	-	-	-	-	-	-	-	-	-	-	-
NK_H12_041	SHV	p.Leu35Gln	Protein variant detected	penicillin beta-lactam	NK_H12_041__chr	5114900	1867719	1868580	861	0	861	100.00%	100.00%	ARO:3000008	+	Kleborate	3.2.4	CARD	3.2.9	-	-	-	-	-	-	-	-	-	-	-	-
NK_H12_041	SHV	p.Met69Ile	Protein variant detected	penicillin beta-lactam	NK_H12_041__chr	5114900	1867719	1868580	861	0	861	100.00%	100.00%	ARO:3000008	+	Kleborate	3.2.4	CARD	3.2.9	-	-	-	-	-	-	-	-	-	-	-	-
NK_H12_048	SHV-144	-	Gene presence detected	penicillin beta-lactam	NK_H12_048__chr	5329909	2757148	2758009	861	0	861	99.88%	100.00%	ARO:3000008	+	Kleborate	3.2.4	CARD	3.2.9	-	-	-	-	-	-	-	-	-	-	-	-
NK_H12_048	SHV	p.Leu35Gln	Protein variant detected	penicillin beta-lactam	NK_H12_048__chr	5329909	2757148	2758009	861	0	861	99.88%	100.00%	ARO:3000008	+	Kleborate	3.2.4	CARD	3.2.9	-	-	-	-	-	-	-	-	-	-	-	-
NK_H12_048	SHV	p.Ala146Val	Protein variant detected	penicillin beta-lactam	NK_H12_048__chr	5329909	2757148	2758009	861	0	861	99.88%	100.00%	ARO:3000008	+	Kleborate	3.2.4	CARD	3.2.9	-	-	-	-	-	-	-	-	-	-	-	-
NK_H12_053	SHV-225	-	Gene presence detected	penicillin beta-lactam	NK_H12_053__chr	5350799	2694353	2695214	861	0	861	99.65%	100.00%	ARO:3000008	+	Kleborate	3.2.4	CARD	3.2.9	-	-	-	-	-	-	-	-	-	-	-	-
NK_H12_053	SHV	p.Leu35Gln	Protein variant detected	penicillin beta-lactam	NK_H12_053__chr	5350799	2694353	2695214	861	0	861	99.65%	100.00%	ARO:3000008	+	Kleborate	3.2.4	CARD	3.2.9	-	-	-	-	-	-	-	-	-	-	-	-
NK_H12_057	OKP-B-41	-	Gene presence detected	penicillin beta-lactam	NK_H12_057__chr	5192151	2681859	2682720	861	0	861	99.54%	100.00%	ARO:3000008	+	Kleborate	3.2.4	CARD	3.2.9	-	-	-	-	-	-	-	-	-	-	-	-
NK_H12_057	OmpK36	c.A543del	Inactivating mutation detected	-	NK_H12_057__chr	5192151	1507552	1508095	1104	0	543	99.08%	49.32%	-	+	Kleborate	3.2.4	CARD	3.2.9	-	-	-	-	-	-	-	-	-	-	-	-
NK_H12_063	qnrS1	-	Gene presence detected	Fluoroquinolone antibiotic	NK_H12_063__chr	5457198	4917311	4917968	657	0	657	100.00%	100.00%	ARO:0000001	-	Kleborate	3.2.4	CARD	3.2.9	-	-	-	-	-	-	-	-	-	-	-	-
NK_H12_063	CTX-M-15	-	Gene presence detected	third-generation cephalosporin	NK_H12_063__chr	5457198	4922608	4923484	876	0	876	100.00%	100.00%	ARO:3009107	-	Kleborate	3.2.4	CARD	3.2.9	-	-	-	-	-	-	-	-	-	-	-	-
NK_H12_063	SHV-1	-	Gene presence detected	penicillin beta-lactam	NK_H12_063__chr	5457198	2720679	2721540	861	0	861	99.88%	100.00%	ARO:3000008	+	Kleborate	3.2.4	CARD	3.2.9	-	-	-	-	-	-	-	-	-	-	-	-
NK_H12_068	LEN-2	-	Gene presence detected	penicillin beta-lactam	NK_H12_068__chr	5451076	2798801	2799662	861	0	861	99.88%	100.00%	ARO:3000008	+	Kleborate	3.2.4	CARD	3.2.9	-	-	-	-	-	-	-	-	-	-	-	-
NK_H12_068	OmpK36	p.Ala183fs	Inactivating mutation detected	-	NK_H12_068__chr	5451076	1541691	1542783	1104	0	1104	94.75%	98.91%	-	+	Kleborate	3.2.4	CARD	3.2.9	-	-	-	-	-	-	-	-	-	-	-	-
NK_H12_086	strB.v1	-	Gene presence detected	aminoglycoside antibiotic	NK_H12_086__pl_1	157139	58917	59754	837	0	837	100.00%	100.00%	ARO:0000016	-	Kleborate	3.2.4	CARD	3.2.9	-	-	-	-	-	-	-	-	-	-	-	-
NK_H12_086	strA.v1	-	Gene presence detected	aminoglycoside antibiotic	NK_H12_086__pl_1	157139	59753	60557	804	0	804	99.88%	100.00%	ARO:0000016	-	Kleborate	3.2.4	CARD	3.2.9	-	-	-	-	-	-	-	-	-	-	-	-
NK_H12_086	aac(6)-Ib-cr.v2	-	Gene presence detected	aminoglycoside antibiotic	NK_H12_086__pl_1	157139	49536	50136	600	0	600	100.00%	100.00%	ARO:0000016	-	Kleborate	3.2.4	CARD	3.2.9	-	-	-	-	-	-	-	-	-	-	-	-
NK_H12_086	qnrB1.v2	-	Gene presence detected	Fluoroquinolone antibiotic	NK_H12_086__pl_1	157139	36821	37501	681	0	681	99.85%	100.00%	ARO:0000001	+	Kleborate	3.2.4	CARD	3.2.9	-	-	-	-	-	-	-	-	-	-	-	-
NK_H12_086	aac(6)-Ib-cr.v2	-	Gene presence detected	Fluoroquinolone antibiotic	NK_H12_086__pl_1	157139	49536	50136	600	0	600	100.00%	100.00%	ARO:0000016	-	Kleborate	3.2.4	CARD	3.2.9	-	-	-	-	-	-	-	-	-	-	-	-
NK_H12_086	sul2	-	Gene presence detected	sulfonamide antibiotic	NK_H12_086__pl_1	157139	60617	61433	816	0	816	100.00%	100.00%	ARO:3000282	-	Kleborate	3.2.4	CARD	3.2.9	-	-	-	-	-	-	-	-	-	-	-	-
NK_H12_086	tet(A).v1	-	Gene presence detected	Tetracycline antibiotic	NK_H12_086__pl_1	157139	27354	28629	1275	0	1275	100.00%	100.00%	ARO:3000050	+	Kleborate	3.2.4	CARD	3.2.9	-	-	-	-	-	-	-	-	-	-	-	-
NK_H12_086	dfrA14.v2	-	Gene presence detected	Diaminopyrimidine antibiotic	NK_H12_086__pl_1	157139	40783	41266	483	0	483	99.79%	100.00%	ARO:3000171	+	Kleborate	3.2.4	CARD	3.2.9	-	-	-	-	-	-	-	-	-	-	-	-
NK_H12_086	OXA-1	-	Gene presence detected	penicillin beta-lactam	NK_H12_086__pl_1	157139	48575	49406	831	0	831	100.00%	100.00%	ARO:3000008	-	Kleborate	3.2.4	CARD	3.2.9	-	-	-	-	-	-	-	-	-	-	-	-
NK_H12_086	CTX-M-15	-	Gene presence detected	third-generation cephalosporin	NK_H12_086__pl_1	157139	53639	54515	876	0	876	100.00%	100.00%	ARO:3009107	-	Kleborate	3.2.4	CARD	3.2.9	-	-	-	-	-	-	-	-	-	-	-	-
NK_H12_086	SHV-28	-	Gene presence detected	penicillin beta-lactam	NK_H12_086__chr	5250356	2685622	2686483	861	0	861	99.88%	100.00%	ARO:3000008	+	Kleborate	3.2.4	CARD	3.2.9	-	-	-	-	-	-	-	-	-	-	-	-
NK_H12_086	catB3.v1	-	Gene presence detected	phenicol antibiotic	NK_H12_086__pl_1	157139	47996	48438	633	0	442	100.00%	69.83%	ARO:3000387	-	Kleborate	3.2.4	CARD	3.2.9	-	-	-	-	-	-	-	-	-	-	-	-
NK_H12_100	LEN-13	-	Gene presence detected	penicillin beta-lactam	NK_H12_100__chr	5606187	2821321	2822182	861	0	861	100.00%	100.00%	ARO:3000008	+	Kleborate	3.2.4	CARD	3.2.9	-	-	-	-	-	-	-	-	-	-	-	-
NK_H12_100	OmpK36	p.Ala183fs	Inactivating mutation detected	-	NK_H12_100__chr	5606187	1537287	1538379	1104	0	1104	94.75%	98.91%	-	+	Kleborate	3.2.4	CARD	3.2.9	-	-	-	-	-	-	-	-	-	-	-	-
NK_H13_003	aadA1.v1	-	Gene presence detected	aminoglycoside antibiotic	NK_H13_003__pl_1	135810	30249	31041	792	0	792	99.75%	100.00%	ARO:0000016	-	Kleborate	3.2.4	CARD	3.2.9	-	-	-	-	-	-	-	-	-	-	-	-
NK_H13_003	sul1	-	Gene presence detected	sulfonamide antibiotic	NK_H13_003__pl_1	135810	28905	29745	840	0	840	100.00%	100.00%	ARO:3000282	-	Kleborate	3.2.4	CARD	3.2.9	-	-	-	-	-	-	-	-	-	-	-	-
NK_H13_003	dfrA1.v2	-	Gene presence detected	Diaminopyrimidine antibiotic	NK_H13_003__pl_1	135810	31133	31607	474	0	474	100.00%	100.00%	ARO:3000171	-	Kleborate	3.2.4	CARD	3.2.9	-	-	-	-	-	-	-	-	-	-	-	-
NK_H13_003	OKP-A-6	-	Gene presence detected	penicillin beta-lactam	NK_H13_003__chr	5493366	2867302	2868163	861	0	861	100.00%	100.00%	ARO:3000008	+	Kleborate	3.2.4	CARD	3.2.9	-	-	-	-	-	-	-	-	-	-	-	-
NK_H13_003	OmpK36	p.Ala183fs	Inactivating mutation detected	-	NK_H13_003__chr	5493366	1643955	1645047	1104	0	1104	94.75%	98.91%	-	+	Kleborate	3.2.4	CARD	3.2.9	-	-	-	-	-	-	-	-	-	-	-	-
NK_H14_001	aadA2	-	Gene presence detected	aminoglycoside antibiotic	NK_H14_001__pl_1	228943	63822	64602	780	0	780	100.00%	100.00%	ARO:0000016	-	Kleborate	3.2.4	CARD	3.2.9	-	-	-	-	-	-	-	-	-	-	-	-
NK_H14_001	cmlA4	-	Gene presence detected	phenicol antibiotic	NK_H14_001__pl_1	228943	64706	65966	1260	0	1260	99.92%	100.00%	ARO:3000387	-	Kleborate	3.2.4	CARD	3.2.9	-	-	-	-	-	-	-	-	-	-	-	-
NK_H14_001	sul1	-	Gene presence detected	sulfonamide antibiotic	NK_H14_001__pl_1	228943	62518	63358	840	0	840	100.00%	100.00%	ARO:3000282	-	Kleborate	3.2.4	CARD	3.2.9	-	-	-	-	-	-	-	-	-	-	-	-
NK_H14_001	sul2	-	Gene presence detected	sulfonamide antibiotic	NK_H14_001__chr	5220412	3062353	3063169	816	0	816	100.00%	100.00%	ARO:3000282	-	Kleborate	3.2.4	CARD	3.2.9	-	-	-	-	-	-	-	-	-	-	-	-
NK_H14_001	tet(D)	-	Gene presence detected	Tetracycline antibiotic	NK_H14_001__pl_1	228943	144911	146096	1185	0	1185	100.00%	100.00%	ARO:3000050	+	Kleborate	3.2.4	CARD	3.2.9	-	-	-	-	-	-	-	-	-	-	-	-
NK_H14_001	dfrA15.v2	-	Gene presence detected	Diaminopyrimidine antibiotic	NK_H14_001__pl_1	228943	66264	66738	474	0	474	99.58%	100.00%	ARO:3000171	-	Kleborate	3.2.4	CARD	3.2.9	-	-	-	-	-	-	-	-	-	-	-	-
NK_H14_001	SHV-11	-	Gene presence detected	penicillin beta-lactam	NK_H14_001__chr	5220412	2775886	2776747	861	0	861	99.77%	100.00%	ARO:3000008	+	Kleborate	3.2.4	CARD	3.2.9	-	-	-	-	-	-	-	-	-	-	-	-
NK_H14_001	SHV	p.Leu35Gln	Protein variant detected	penicillin beta-lactam	NK_H14_001__chr	5220412	2775886	2776747	861	0	861	99.77%	100.00%	ARO:3000008	+	Kleborate	3.2.4	CARD	3.2.9	-	-	-	-	-	-	-	-	-	-	-	-
NK_H14_010	SHV-1	-	Gene presence detected	penicillin beta-lactam	NK_H14_010__chr	5206093	2690965	2691826	861	0	861	99.88%	100.00%	ARO:3000008	+	Kleborate	3.2.4	CARD	3.2.9	-	-	-	-	-	-	-	-	-	-	-	-
NK_H14_015	OKP-B-41	-	Gene presence detected	penicillin beta-lactam	NK_H14_015__chr	5271611	2700673	2701534	861	0	861	99.88%	100.00%	ARO:3000008	+	Kleborate	3.2.4	CARD	3.2.9	-	-	-	-	-	-	-	-	-	-	-	-
NK_H14_033	LEN-16	-	Gene presence detected	penicillin beta-lactam	NK_H14_033__chr	5513146	2789578	2790439	861	0	861	99.88%	100.00%	ARO:3000008	+	Kleborate	3.2.4	CARD	3.2.9	-	-	-	-	-	-	-	-	-	-	-	-
NK_H14_033	OmpK36	p.Ala183fs	Inactivating mutation detected	-	NK_H14_033__chr	5513146	1592991	1594083	1104	0	1104	94.75%	98.91%	-	+	Kleborate	3.2.4	CARD	3.2.9	-	-	-	-	-	-	-	-	-	-	-	-
NK_H14_036	SHV-1	-	Gene presence detected	penicillin beta-lactam	NK_H14_036__chr	5290646	2727555	2728416	861	0	861	100.00%	100.00%	ARO:3000008	+	Kleborate	3.2.4	CARD	3.2.9	-	-	-	-	-	-	-	-	-	-	-	-
NK_H14_037	SHV-75	-	Gene presence detected	penicillin beta-lactam	NK_H14_037__chr	5268726	2655225	2656086	861	0	861	99.65%	100.00%	ARO:3000008	+	Kleborate	3.2.4	CARD	3.2.9	-	-	-	-	-	-	-	-	-	-	-	-
NK_H14_042	LEN-2	-	Gene presence detected	penicillin beta-lactam	NK_H14_042__chr	5537021	2860873	2861734	861	0	861	99.42%	100.00%	ARO:3000008	+	Kleborate	3.2.4	CARD	3.2.9	-	-	-	-	-	-	-	-	-	-	-	-
NK_H14_042	OmpK36	p.Ala183fs	Inactivating mutation detected	-	NK_H14_042__chr	5537021	1492204	1493296	1104	0	1104	94.84%	98.91%	-	+	Kleborate	3.2.4	CARD	3.2.9	-	-	-	-	-	-	-	-	-	-	-	-
NK_H14_050	strB.v1	-	Gene presence detected	aminoglycoside antibiotic	NK_H14_050__pl_2	44032	22956	23793	837	0	837	100.00%	100.00%	ARO:0000016	-	Kleborate	3.2.4	CARD	3.2.9	-	-	-	-	-	-	-	-	-	-	-	-
NK_H14_050	strA.v1	-	Gene presence detected	aminoglycoside antibiotic	NK_H14_050__pl_2	44032	23792	24596	804	0	804	100.00%	100.00%	ARO:0000016	-	Kleborate	3.2.4	CARD	3.2.9	-	-	-	-	-	-	-	-	-	-	-	-
NK_H14_050	tet(B).v2	-	Gene presence detected	Tetracycline antibiotic	NK_H14_050__pl_2	44032	30180	31386	1206	0	1206	99.75%	100.00%	ARO:3000050	+	Kleborate	3.2.4	CARD	3.2.9	-	-	-	-	-	-	-	-	-	-	-	-
NK_H14_050	tetR	-	Gene presence detected	Tetracycline antibiotic	NK_H14_050__pl_2	44032	29475	30102	627	0	627	99.84%	100.00%	ARO:3000050	-	Kleborate	3.2.4	CARD	3.2.9	-	-	-	-	-	-	-	-	-	-	-	-
NK_H14_050	SHV-1	-	Gene presence detected	penicillin beta-lactam	NK_H14_050__chr	5400413	2714446	2715313	867	0	867	99.54%	100.00%	ARO:3000008	+	Kleborate	3.2.4	CARD	3.2.9	-	-	-	-	-	-	-	-	-	-	-	-
NK_H14_057	SHV-110	-	Gene presence detected	penicillin beta-lactam	NK_H14_057__chr	5288424	2697005	2697866	861	0	861	99.77%	100.00%	ARO:3000008	+	Kleborate	3.2.4	CARD	3.2.9	-	-	-	-	-	-	-	-	-	-	-	-
NK_H14_057	SHV	p.Leu35Gln	Protein variant detected	penicillin beta-lactam	NK_H14_057__chr	5288424	2697005	2697866	861	0	861	99.77%	100.00%	ARO:3000008	+	Kleborate	3.2.4	CARD	3.2.9	-	-	-	-	-	-	-	-	-	-	-	-
NK_H14_057	SHV	p.Gly156Asp	Protein variant detected	penicillin beta-lactam	NK_H14_057__chr	5288424	2697005	2697866	861	0	861	99.77%	100.00%	ARO:3000008	+	Kleborate	3.2.4	CARD	3.2.9	-	-	-	-	-	-	-	-	-	-	-	-
NK_H14_058	OKP-B-5	-	Gene presence detected	penicillin beta-lactam	NK_H14_058__chr	5191720	2643080	2643941	861	0	861	99.77%	100.00%	ARO:3000008	+	Kleborate	3.2.4	CARD	3.2.9	-	-	-	-	-	-	-	-	-	-	-	-
NK_H14_058	OmpK36	p.Ala183fs	Inactivating mutation detected	-	NK_H14_058__chr	5191720	1549897	1550989	1104	0	1104	95.47%	98.91%	-	+	Kleborate	3.2.4	CARD	3.2.9	-	-	-	-	-	-	-	-	-	-	-	-
NK_H14_063	SHV-1	-	Gene presence detected	penicillin beta-lactam	NK_H14_063__chr	5283674	2705456	2706317	861	0	861	100.00%	100.00%	ARO:3000008	+	Kleborate	3.2.4	CARD	3.2.9	-	-	-	-	-	-	-	-	-	-	-	-
NK_H15_001	LEN-18	-	Gene presence detected	penicillin beta-lactam	NK_H15_001__chr	5467149	2768239	2769100	861	0	861	100.00%	100.00%	ARO:3000008	+	Kleborate	3.2.4	CARD	3.2.9	-	-	-	-	-	-	-	-	-	-	-	-
NK_H15_001	OmpK36	p.Ala183fs	Inactivating mutation detected	-	NK_H15_001__chr	5467149	1494760	1495852	1104	0	1104	94.57%	98.91%	-	+	Kleborate	3.2.4	CARD	3.2.9	-	-	-	-	-	-	-	-	-	-	-	-
NK_H15_002	aph3-Ia.v1	-	Gene presence detected	aminoglycoside antibiotic	NK_H15_002__pl_1	171862	146139	146955	816	0	816	98.90%	100.00%	ARO:0000016	+	Kleborate	3.2.4	CARD	3.2.9	-	-	-	-	-	-	-	-	-	-	-	-
NK_H15_002	sul1	-	Gene presence detected	sulfonamide antibiotic	NK_H15_002__pl_1	171862	144955	145795	840	0	840	99.88%	100.00%	ARO:3000282	+	Kleborate	3.2.4	CARD	3.2.9	-	-	-	-	-	-	-	-	-	-	-	-
NK_H15_002	dfrA14.v2	-	Gene presence detected	Diaminopyrimidine antibiotic	NK_H15_002__pl_1	171862	150306	150789	483	0	483	99.79%	100.00%	ARO:3000171	+	Kleborate	3.2.4	CARD	3.2.9	-	-	-	-	-	-	-	-	-	-	-	-
NK_H15_002	SHV-11	-	Gene presence detected	penicillin beta-lactam	NK_H15_002__chr	5312012	2757798	2758659	861	0	861	99.88%	100.00%	ARO:3000008	+	Kleborate	3.2.4	CARD	3.2.9	-	-	-	-	-	-	-	-	-	-	-	-
NK_H15_002	SHV	p.Leu35Gln	Protein variant detected	penicillin beta-lactam	NK_H15_002__chr	5312012	2757798	2758659	861	0	861	99.88%	100.00%	ARO:3000008	+	Kleborate	3.2.4	CARD	3.2.9	-	-	-	-	-	-	-	-	-	-	-	-
NK_H15_014	LEN-2	-	Gene presence detected	penicillin beta-lactam	NK_H15_014__chr	5525875	2845678	2846539	861	0	861	99.88%	100.00%	ARO:3000008	+	Kleborate	3.2.4	CARD	3.2.9	-	-	-	-	-	-	-	-	-	-	-	-
NK_H15_014	OmpK36	p.Ala183fs	Inactivating mutation detected	-	NK_H15_014__chr	5525875	1593000	1594092	1104	0	1104	94.66%	98.91%	-	+	Kleborate	3.2.4	CARD	3.2.9	-	-	-	-	-	-	-	-	-	-	-	-
NK_H15_021	SHV-1	-	Gene presence detected	penicillin beta-lactam	NK_H15_021__chr	5388444	2820949	2821810	861	0	861	99.88%	100.00%	ARO:3000008	+	Kleborate	3.2.4	CARD	3.2.9	-	-	-	-	-	-	-	-	-	-	-	-
NK_H15_022	SHV-1	-	Gene presence detected	penicillin beta-lactam	NK_H15_022__chr	5319161	2834042	2834903	861	0	861	99.88%	100.00%	ARO:3000008	+	Kleborate	3.2.4	CARD	3.2.9	-	-	-	-	-	-	-	-	-	-	-	-
NK_H15_025	strB.v1	-	Gene presence detected	aminoglycoside antibiotic	NK_H15_025__pl_1	157168	84936	85773	837	0	837	100.00%	100.00%	ARO:0000016	-	Kleborate	3.2.4	CARD	3.2.9	-	-	-	-	-	-	-	-	-	-	-	-
NK_H15_025	strA.v1	-	Gene presence detected	aminoglycoside antibiotic	NK_H15_025__pl_1	157168	85772	86576	804	0	804	99.88%	100.00%	ARO:0000016	-	Kleborate	3.2.4	CARD	3.2.9	-	-	-	-	-	-	-	-	-	-	-	-
NK_H15_025	aadA5	-	Gene presence detected	aminoglycoside antibiotic	NK_H15_025__pl_1	157168	90151	90940	789	0	789	100.00%	100.00%	ARO:0000016	-	Kleborate	3.2.4	CARD	3.2.9	-	-	-	-	-	-	-	-	-	-	-	-
NK_H15_025	catA1	-	Gene presence detected	phenicol antibiotic	NK_H15_025__pl_1	157168	97567	98227	660	0	660	99.85%	100.00%	ARO:3000387	-	Kleborate	3.2.4	CARD	3.2.9	-	-	-	-	-	-	-	-	-	-	-	-
NK_H15_025	sul2	-	Gene presence detected	sulfonamide antibiotic	NK_H15_025__pl_1	157168	86636	87452	816	0	816	99.63%	100.00%	ARO:3000282	-	Kleborate	3.2.4	CARD	3.2.9	-	-	-	-	-	-	-	-	-	-	-	-
NK_H15_025	tet(B).v2	-	Gene presence detected	Tetracycline antibiotic	NK_H15_025__pl_1	157168	103686	104892	1206	0	1206	99.75%	100.00%	ARO:3000050	+	Kleborate	3.2.4	CARD	3.2.9	-	-	-	-	-	-	-	-	-	-	-	-
NK_H15_025	tetR	-	Gene presence detected	Tetracycline antibiotic	NK_H15_025__pl_1	157168	102981	103608	627	0	627	100.00%	100.00%	ARO:3000050	-	Kleborate	3.2.4	CARD	3.2.9	-	-	-	-	-	-	-	-	-	-	-	-
NK_H15_025	dfrA17	-	Gene presence detected	Diaminopyrimidine antibiotic	NK_H15_025__pl_1	157168	91070	91544	474	0	474	100.00%	100.00%	ARO:3000171	-	Kleborate	3.2.4	CARD	3.2.9	-	-	-	-	-	-	-	-	-	-	-	-
NK_H15_025	LEN-16	-	Gene presence detected	penicillin beta-lactam	NK_H15_025__chr	5473021	2822110	2822971	861	0	861	100.00%	100.00%	ARO:3000008	+	Kleborate	3.2.4	CARD	3.2.9	-	-	-	-	-	-	-	-	-	-	-	-
NK_H15_025	OmpK36	p.Ala183fs	Inactivating mutation detected	-	NK_H15_025__chr	5473021	1561125	1562217	1104	0	1104	94.66%	98.91%	-	+	Kleborate	3.2.4	CARD	3.2.9	-	-	-	-	-	-	-	-	-	-	-	-
NK_H15_032	SHV-75	-	Gene presence detected	penicillin beta-lactam	NK_H15_032__chr	5289382	2667410	2668271	861	0	861	100.00%	100.00%	ARO:3000008	-	Kleborate	3.2.4	CARD	3.2.9	-	-	-	-	-	-	-	-	-	-	-	-
NK_H15_042	SHV-108	-	Gene presence detected	penicillin beta-lactam	NK_H15_042__chr	5318047	2710049	2710910	861	0	861	99.77%	100.00%	ARO:3000008	+	Kleborate	3.2.4	CARD	3.2.9	-	-	-	-	-	-	-	-	-	-	-	-
NK_H15_042	SHV	p.Leu35Gln	Protein variant detected	penicillin beta-lactam	NK_H15_042__chr	5318047	2710049	2710910	861	0	861	99.77%	100.00%	ARO:3000008	+	Kleborate	3.2.4	CARD	3.2.9	-	-	-	-	-	-	-	-	-	-	-	-
NK_H15_047	SHV-168	-	Gene presence detected	penicillin beta-lactam	NK_H15_047__chr	5228927	2608937	2609798	861	0	861	99.88%	100.00%	ARO:3000008	+	Kleborate	3.2.4	CARD	3.2.9	-	-	-	-	-	-	-	-	-	-	-	-
NK_H15_047	SHV	p.Ala146Val	Protein variant detected	penicillin beta-lactam	NK_H15_047__chr	5228927	2608937	2609798	861	0	861	99.88%	100.00%	ARO:3000008	+	Kleborate	3.2.4	CARD	3.2.9	-	-	-	-	-	-	-	-	-	-	-	-
NK_H15_048	SHV-1	-	Gene presence detected	penicillin beta-lactam	NK_H15_048__chr	5206010	2690882	2691743	861	0	861	99.88%	100.00%	ARO:3000008	+	Kleborate	3.2.4	CARD	3.2.9	-	-	-	-	-	-	-	-	-	-	-	-
NK_H15_060	SHV-229	-	Gene presence detected	penicillin beta-lactam	NK_H15_060__chr	5302709	2733925	2734786	861	0	861	99.77%	100.00%	ARO:3000008	+	Kleborate	3.2.4	CARD	3.2.9	-	-	-	-	-	-	-	-	-	-	-	-
NK_H15_060	SHV	p.Leu35Gln	Protein variant detected	penicillin beta-lactam	NK_H15_060__chr	5302709	2733925	2734786	861	0	861	99.77%	100.00%	ARO:3000008	+	Kleborate	3.2.4	CARD	3.2.9	-	-	-	-	-	-	-	-	-	-	-	-
NK_H16_005	SHV-1	-	Gene presence detected	penicillin beta-lactam	NK_H16_005__chr	5206014	2690886	2691747	861	0	861	99.88%	100.00%	ARO:3000008	+	Kleborate	3.2.4	CARD	3.2.9	-	-	-	-	-	-	-	-	-	-	-	-
NK_H16_012	SHV-1	-	Gene presence detected	penicillin beta-lactam	NK_H16_012__chr	5208058	2610324	2611191	867	0	867	99.88%	100.00%	ARO:3000008	+	Kleborate	3.2.4	CARD	3.2.9	-	-	-	-	-	-	-	-	-	-	-	-
NK_H16_016	SHV-11	-	Gene presence detected	penicillin beta-lactam	NK_H16_016__chr	5396720	2714005	2714866	861	0	861	99.88%	100.00%	ARO:3000008	+	Kleborate	3.2.4	CARD	3.2.9	-	-	-	-	-	-	-	-	-	-	-	-
NK_H16_016	SHV	p.Leu35Gln	Protein variant detected	penicillin beta-lactam	NK_H16_016__chr	5396720	2714005	2714866	861	0	861	99.88%	100.00%	ARO:3000008	+	Kleborate	3.2.4	CARD	3.2.9	-	-	-	-	-	-	-	-	-	-	-	-
NK_H16_021	SHV-207	-	Gene presence detected	penicillin beta-lactam	NK_H16_021__chr	5260883	2684769	2685630	861	0	861	100.00%	100.00%	ARO:3000008	+	Kleborate	3.2.4	CARD	3.2.9	-	-	-	-	-	-	-	-	-	-	-	-
NK_H16_023	LEN-16	-	Gene presence detected	penicillin beta-lactam	NK_H16_023__chr	5531973	2788371	2789232	861	0	861	100.00%	100.00%	ARO:3000008	+	Kleborate	3.2.4	CARD	3.2.9	-	-	-	-	-	-	-	-	-	-	-	-
NK_H16_023	OmpK36	p.Ala183fs	Inactivating mutation detected	-	NK_H16_023__chr	5531973	1563686	1564778	1104	0	1104	94.75%	98.91%	-	+	Kleborate	3.2.4	CARD	3.2.9	-	-	-	-	-	-	-	-	-	-	-	-
NK_H17_002	sul1	-	Gene presence detected	sulfonamide antibiotic	NK_H17_002__pl_1	160857	118039	118879	840	0	840	100.00%	100.00%	ARO:3000282	-	Kleborate	3.2.4	CARD	3.2.9	-	-	-	-	-	-	-	-	-	-	-	-
NK_H17_002	dfrA15.v2	-	Gene presence detected	Diaminopyrimidine antibiotic	NK_H17_002__pl_1	160857	119420	119894	474	0	474	100.00%	100.00%	ARO:3000171	-	Kleborate	3.2.4	CARD	3.2.9	-	-	-	-	-	-	-	-	-	-	-	-
NK_H17_002	LEN-32	-	Gene presence detected	penicillin beta-lactam	NK_H17_002__chr	5253206	2755037	2755898	861	0	861	99.88%	100.00%	ARO:3000008	+	Kleborate	3.2.4	CARD	3.2.9	-	-	-	-	-	-	-	-	-	-	-	-
NK_H17_002	OmpK36	p.Ala183fs	Inactivating mutation detected	-	NK_H17_002__chr	5253206	1498691	1499783	1104	0	1104	94.47%	98.91%	-	+	Kleborate	3.2.4	CARD	3.2.9	-	-	-	-	-	-	-	-	-	-	-	-
NK_H17_017	qnrS1	-	Gene presence detected	Fluoroquinolone antibiotic	NK_H17_017__pl_1	47683	42978	43635	657	0	657	100.00%	100.00%	ARO:0000001	+	Kleborate	3.2.4	CARD	3.2.9	-	-	-	-	-	-	-	-	-	-	-	-
NK_H17_017	SHV-1	-	Gene presence detected	penicillin beta-lactam	NK_H17_017__chr	5208097	2612706	2613567	861	0	861	100.00%	100.00%	ARO:3000008	+	Kleborate	3.2.4	CARD	3.2.9	-	-	-	-	-	-	-	-	-	-	-	-
NK_H17_018	tet(A).v1	-	Gene presence detected	Tetracycline antibiotic	NK_H17_018__pl_1	107183	53108	54383	1275	0	1275	100.00%	100.00%	ARO:3000050	+	Kleborate	3.2.4	CARD	3.2.9	-	-	-	-	-	-	-	-	-	-	-	-
NK_H17_018	SHV-52	-	Gene presence detected	penicillin beta-lactam + beta-lactamase inhibitor	NK_H17_018__chr	5190210	2617287	2618148	861	0	861	100.00%	100.00%	ARO:3000008	+	Kleborate	3.2.4	CARD	3.2.9	-	-	-	-	-	-	-	-	-	-	-	-
NK_H17_018	fosA7.5	-	Gene presence detected	phosphonic acid antibiotic	NK_H17_018__chr	5190210	4549805	4550083	423	144	423	93.57%	65.96%	ARO:3007149	-	Kleborate	3.2.4	CARD	3.2.9	-	-	-	-	-	-	-	-	-	-	-	-
NK_H17_018	SHV	p.Leu35Gln	Protein variant detected	penicillin beta-lactam	NK_H17_018__chr	5190210	2617287	2618148	861	0	861	100.00%	100.00%	ARO:3000008	+	Kleborate	3.2.4	CARD	3.2.9	-	-	-	-	-	-	-	-	-	-	-	-
NK_H17_018	SHV	p.Met69Ile	Protein variant detected	penicillin beta-lactam	NK_H17_018__chr	5190210	2617287	2618148	861	0	861	100.00%	100.00%	ARO:3000008	+	Kleborate	3.2.4	CARD	3.2.9	-	-	-	-	-	-	-	-	-	-	-	-
NK_H17_023	SHV-11	-	Gene presence detected	penicillin beta-lactam	NK_H17_023__chr	5328756	2739437	2740298	861	0	861	99.88%	100.00%	ARO:3000008	+	Kleborate	3.2.4	CARD	3.2.9	-	-	-	-	-	-	-	-	-	-	-	-
NK_H17_023	SHV	p.Leu35Gln	Protein variant detected	penicillin beta-lactam	NK_H17_023__chr	5328756	2739437	2740298	861	0	861	99.88%	100.00%	ARO:3000008	+	Kleborate	3.2.4	CARD	3.2.9	-	-	-	-	-	-	-	-	-	-	-	-
NK_H17_034	SHV-1	-	Gene presence detected	penicillin beta-lactam	NK_H17_034__chr	5222696	2602378	2603239	861	0	861	99.88%	100.00%	ARO:3000008	+	Kleborate	3.2.4	CARD	3.2.9	-	-	-	-	-	-	-	-	-	-	-	-
NK_H17_042	SHV-1	-	Gene presence detected	penicillin beta-lactam	NK_H17_042__chr	5439825	2762759	2763620	861	0	861	99.77%	100.00%	ARO:3000008	+	Kleborate	3.2.4	CARD	3.2.9	-	-	-	-	-	-	-	-	-	-	-	-
NK_H17_042	SHV-1	-	Gene presence detected	penicillin beta-lactam	NK_H17_042__chr	5439825	2762759	2763620	861	0	861	99.77%	100.00%	ARO:3000008	+	Kleborate	3.2.4	CARD	3.2.9	-	-	-	-	-	-	-	-	-	-	-	-
NK_H17_042	SHV-1	-	Gene presence detected	penicillin beta-lactam	NK_H17_042__chr	5439825	2762759	2763620	861	0	861	99.77%	100.00%	ARO:3000008	+	Kleborate	3.2.4	CARD	3.2.9	-	-	-	-	-	-	-	-	-	-	-	-
NK_H18_003	aadA2	-	Gene presence detected	aminoglycoside antibiotic	NK_H18_003__pl_1	192978	49590	50370	780	0	780	99.87%	100.00%	ARO:0000016	+	Kleborate	3.2.4	CARD	3.2.9	-	-	-	-	-	-	-	-	-	-	-	-
NK_H18_003	sul1	-	Gene presence detected	sulfonamide antibiotic	NK_H18_003__pl_1	192978	50874	51714	840	0	840	100.00%	100.00%	ARO:3000282	+	Kleborate	3.2.4	CARD	3.2.9	-	-	-	-	-	-	-	-	-	-	-	-
NK_H18_003	dfrA12	-	Gene presence detected	Diaminopyrimidine antibiotic	NK_H18_003__pl_1	192978	48673	49171	498	0	498	100.00%	100.00%	ARO:3000171	+	Kleborate	3.2.4	CARD	3.2.9	-	-	-	-	-	-	-	-	-	-	-	-
NK_H18_003	SHV-116	-	Gene presence detected	penicillin beta-lactam	NK_H18_003__chr	5395861	2764880	2765741	861	0	861	99.54%	100.00%	ARO:3000008	+	Kleborate	3.2.4	CARD	3.2.9	-	-	-	-	-	-	-	-	-	-	-	-
NK_H18_005	SHV-133	-	Gene presence detected	penicillin beta-lactam	NK_H18_005__chr	5476930	2863646	2864507	861	0	861	100.00%	100.00%	ARO:3000008	+	Kleborate	3.2.4	CARD	3.2.9	-	-	-	-	-	-	-	-	-	-	-	-
NK_H18_019	SHV-80	-	Gene presence detected	penicillin beta-lactam	NK_H18_019__chr	5252654	2745680	2746541	861	0	861	100.00%	100.00%	ARO:3000008	+	Kleborate	3.2.4	CARD	3.2.9	-	-	-	-	-	-	-	-	-	-	-	-
NK_H18_019	SHV	p.Leu35Gln	Protein variant detected	penicillin beta-lactam	NK_H18_019__chr	5252654	2745680	2746541	861	0	861	100.00%	100.00%	ARO:3000008	+	Kleborate	3.2.4	CARD	3.2.9	-	-	-	-	-	-	-	-	-	-	-	-
NK_H18_019	SHV	p.Ala146Thr	Protein variant detected	penicillin beta-lactam	NK_H18_019__chr	5252654	2745680	2746541	861	0	861	100.00%	100.00%	ARO:3000008	+	Kleborate	3.2.4	CARD	3.2.9	-	-	-	-	-	-	-	-	-	-	-	-
NK_H18_026	strB.v1	-	Gene presence detected	aminoglycoside antibiotic	NK_H18_026__pl_1	219508	58801	59638	837	0	837	100.00%	100.00%	ARO:0000016	+	Kleborate	3.2.4	CARD	3.2.9	-	-	-	-	-	-	-	-	-	-	-	-
NK_H18_026	strA.v1	-	Gene presence detected	aminoglycoside antibiotic	NK_H18_026__pl_1	219508	57998	58802	804	0	804	99.88%	100.00%	ARO:0000016	+	Kleborate	3.2.4	CARD	3.2.9	-	-	-	-	-	-	-	-	-	-	-	-
NK_H18_026	Mrx	-	Gene presence detected	Macrolide antibiotic	NK_H18_026__pl_1	219508	67676	68915	1239	0	1239	100.00%	100.00%	ARO:0000000	-	Kleborate	3.2.4	CARD	3.2.9	-	-	-	-	-	-	-	-	-	-	-	-
NK_H18_026	mphA	-	Gene presence detected	Macrolide antibiotic	NK_H18_026__pl_1	219508	68911	69817	906	0	906	100.00%	100.00%	ARO:0000000	-	Kleborate	3.2.4	CARD	3.2.9	-	-	-	-	-	-	-	-	-	-	-	-
NK_H18_026	sul2	-	Gene presence detected	sulfonamide antibiotic	NK_H18_026__pl_1	219508	57122	57938	816	0	816	99.63%	100.00%	ARO:3000282	+	Kleborate	3.2.4	CARD	3.2.9	-	-	-	-	-	-	-	-	-	-	-	-
NK_H18_026	dfrA14.v2	-	Gene presence detected	Diaminopyrimidine antibiotic	NK_H18_026__pl_1	219508	64723	65206	483	0	483	99.79%	100.00%	ARO:3000171	+	Kleborate	3.2.4	CARD	3.2.9	-	-	-	-	-	-	-	-	-	-	-	-
NK_H18_026	SHV-11	-	Gene presence detected	penicillin beta-lactam	NK_H18_026__chr	5327146	2740079	2740940	861	0	861	99.88%	100.00%	ARO:3000008	+	Kleborate	3.2.4	CARD	3.2.9	-	-	-	-	-	-	-	-	-	-	-	-
NK_H18_026	SHV	p.Leu35Gln	Protein variant detected	penicillin beta-lactam	NK_H18_026__chr	5327146	2740079	2740940	861	0	861	99.88%	100.00%	ARO:3000008	+	Kleborate	3.2.4	CARD	3.2.9	-	-	-	-	-	-	-	-	-	-	-	-
NK_H18_038	SHV-27	-	Gene presence detected	penicillin beta-lactam	NK_H18_038__chr	5298170	2542704	2543565	861	0	861	100.00%	100.00%	ARO:3000008	-	Kleborate	3.2.4	CARD	3.2.9	-	-	-	-	-	-	-	-	-	-	-	-
NK_H18_038	fosA7.5	-	Gene presence detected	phosphonic acid antibiotic	NK_H18_038__chr	5298170	575439	575717	423	144	423	93.57%	65.96%	ARO:3007149	+	Kleborate	3.2.4	CARD	3.2.9	-	-	-	-	-	-	-	-	-	-	-	-
NK_H18_038	SHV	p.Gly156Asp	Protein variant detected	penicillin beta-lactam	NK_H18_038__chr	5298170	2542704	2543565	861	0	861	100.00%	100.00%	ARO:3000008	-	Kleborate	3.2.4	CARD	3.2.9	-	-	-	-	-	-	-	-	-	-	-	-
NK_H18_050	SHV-41	-	Gene presence detected	penicillin beta-lactam	NK_H18_050__chr	5269300	2742066	2742927	861	0	861	100.00%	100.00%	ARO:3000008	+	Kleborate	3.2.4	CARD	3.2.9	-	-	-	-	-	-	-	-	-	-	-	-
NK_H18_054	SHV-27	-	Gene presence detected	penicillin beta-lactam	NK_H18_054__chr	5396450	2725555	2726416	861	0	861	100.00%	100.00%	ARO:3000008	+	Kleborate	3.2.4	CARD	3.2.9	-	-	-	-	-	-	-	-	-	-	-	-
NK_H18_054	SHV	p.Gly156Asp	Protein variant detected	penicillin beta-lactam	NK_H18_054__chr	5396450	2725555	2726416	861	0	861	100.00%	100.00%	ARO:3000008	+	Kleborate	3.2.4	CARD	3.2.9	-	-	-	-	-	-	-	-	-	-	-	-
NK_H18_072	tet(A).v1	-	Gene presence detected	Tetracycline antibiotic	NK_H18_072__chr	5456338	970458	971733	1275	0	1275	100.00%	100.00%	ARO:3000050	-	Kleborate	3.2.4	CARD	3.2.9	-	-	-	-	-	-	-	-	-	-	-	-
NK_H18_072	SHV-27	-	Gene presence detected	penicillin beta-lactam	NK_H18_072__chr	5456338	2734462	2735323	861	0	861	100.00%	100.00%	ARO:3000008	-	Kleborate	3.2.4	CARD	3.2.9	-	-	-	-	-	-	-	-	-	-	-	-
NK_H18_072	SHV	p.Gly156Asp	Protein variant detected	penicillin beta-lactam	NK_H18_072__chr	5456338	2734462	2735323	861	0	861	100.00%	100.00%	ARO:3000008	-	Kleborate	3.2.4	CARD	3.2.9	-	-	-	-	-	-	-	-	-	-	-	-
NK_H18_073	strB.v1	-	Gene presence detected	aminoglycoside antibiotic	NK_H18_073__pl_1	182100	178779	179616	837	0	837	100.00%	100.00%	ARO:0000016	+	Kleborate	3.2.4	CARD	3.2.9	-	-	-	-	-	-	-	-	-	-	-	-
NK_H18_073	strA.v1	-	Gene presence detected	aminoglycoside antibiotic	NK_H18_073__pl_1	182100	177976	178780	804	0	804	99.88%	100.00%	ARO:0000016	+	Kleborate	3.2.4	CARD	3.2.9	-	-	-	-	-	-	-	-	-	-	-	-
NK_H18_073	sul2	-	Gene presence detected	sulfonamide antibiotic	NK_H18_073__pl_1	182100	177100	177916	816	0	816	100.00%	100.00%	ARO:3000282	+	Kleborate	3.2.4	CARD	3.2.9	-	-	-	-	-	-	-	-	-	-	-	-
NK_H18_073	tet(D)	-	Gene presence detected	Tetracycline antibiotic	NK_H18_073__pl_1	182100	4349	5534	1185	0	1185	100.00%	100.00%	ARO:3000050	+	Kleborate	3.2.4	CARD	3.2.9	-	-	-	-	-	-	-	-	-	-	-	-
NK_H18_073	dfrA14.v2	-	Gene presence detected	Diaminopyrimidine antibiotic	NK_H18_073__pl_1	182100	13905	14388	483	0	483	99.79%	100.00%	ARO:3000171	-	Kleborate	3.2.4	CARD	3.2.9	-	-	-	-	-	-	-	-	-	-	-	-
NK_H18_073	SHV-11	-	Gene presence detected	penicillin beta-lactam	NK_H18_073__chr	5348414	2797298	2798159	861	0	861	99.88%	100.00%	ARO:3000008	+	Kleborate	3.2.4	CARD	3.2.9	-	-	-	-	-	-	-	-	-	-	-	-
NK_H18_073	SHV	p.Leu35Gln	Protein variant detected	penicillin beta-lactam	NK_H18_073__chr	5348414	2797298	2798159	861	0	861	99.88%	100.00%	ARO:3000008	+	Kleborate	3.2.4	CARD	3.2.9	-	-	-	-	-	-	-	-	-	-	-	-
NK_H18_074	aac(3)-IIa.v1	-	Gene presence detected	aminoglycoside antibiotic	NK_H18_074__pl_1	247191	218751	219612	861	0	861	99.77%	100.00%	ARO:0000016	+	Kleborate	3.2.4	CARD	3.2.9	-	-	-	-	-	-	-	-	-	-	-	-
NK_H18_074	strB.v1	-	Gene presence detected	aminoglycoside antibiotic	NK_H18_074__pl_1	247191	180068	180905	837	0	837	100.00%	100.00%	ARO:0000016	-	Kleborate	3.2.4	CARD	3.2.9	-	-	-	-	-	-	-	-	-	-	-	-
NK_H18_074	strA.v1	-	Gene presence detected	aminoglycoside antibiotic	NK_H18_074__pl_1	247191	180904	181708	804	0	804	99.88%	100.00%	ARO:0000016	-	Kleborate	3.2.4	CARD	3.2.9	-	-	-	-	-	-	-	-	-	-	-	-
NK_H18_074	aac(6)-Ib-cr.v2	-	Gene presence detected	aminoglycoside antibiotic	NK_H18_074__pl_1	247191	215748	216348	600	0	600	100.00%	100.00%	ARO:0000016	+	Kleborate	3.2.4	CARD	3.2.9	-	-	-	-	-	-	-	-	-	-	-	-
NK_H18_074	qnrB1.v2	-	Gene presence detected	Fluoroquinolone antibiotic	NK_H18_074__pl_1	247191	234842	235522	681	0	681	99.85%	100.00%	ARO:0000001	+	Kleborate	3.2.4	CARD	3.2.9	-	-	-	-	-	-	-	-	-	-	-	-
NK_H18_074	aac(6)-Ib-cr.v2	-	Gene presence detected	Fluoroquinolone antibiotic	NK_H18_074__pl_1	247191	215748	216348	600	0	600	100.00%	100.00%	ARO:0000016	+	Kleborate	3.2.4	CARD	3.2.9	-	-	-	-	-	-	-	-	-	-	-	-
NK_H18_074	sul2	-	Gene presence detected	sulfonamide antibiotic	NK_H18_074__pl_1	247191	181768	182584	816	0	816	100.00%	100.00%	ARO:3000282	-	Kleborate	3.2.4	CARD	3.2.9	-	-	-	-	-	-	-	-	-	-	-	-
NK_H18_074	tet(A).v1	-	Gene presence detected	Tetracycline antibiotic	NK_H18_074__pl_1	247191	211078	212353	1275	0	1275	100.00%	100.00%	ARO:3000050	-	Kleborate	3.2.4	CARD	3.2.9	-	-	-	-	-	-	-	-	-	-	-	-
NK_H18_074	dfrA14.v2	-	Gene presence detected	Diaminopyrimidine antibiotic	NK_H18_074__pl_1	247191	238804	239287	483	0	483	99.79%	100.00%	ARO:3000171	+	Kleborate	3.2.4	CARD	3.2.9	-	-	-	-	-	-	-	-	-	-	-	-
NK_H18_074	OXA-1	-	Gene presence detected	penicillin beta-lactam	NK_H18_074__pl_1	247191	216478	217309	831	0	831	100.00%	100.00%	ARO:3000008	+	Kleborate	3.2.4	CARD	3.2.9	-	-	-	-	-	-	-	-	-	-	-	-
NK_H18_074	CTX-M-15	-	Gene presence detected	third-generation cephalosporin	NK_H18_074__pl_1	247191	224765	225641	876	0	876	100.00%	100.00%	ARO:3009107	-	Kleborate	3.2.4	CARD	3.2.9	-	-	-	-	-	-	-	-	-	-	-	-
NK_H18_074	SHV-65	-	Gene presence detected	penicillin beta-lactam	NK_H18_074__chr	5210118	2654355	2655216	861	0	861	100.00%	100.00%	ARO:3000008	+	Kleborate	3.2.4	CARD	3.2.9	-	-	-	-	-	-	-	-	-	-	-	-
NK_H18_074	catB3.v1	-	Gene presence detected	phenicol antibiotic	NK_H18_074__pl_1	247191	217446	217888	633	0	442	100.00%	69.83%	ARO:3000387	+	Kleborate	3.2.4	CARD	3.2.9	-	-	-	-	-	-	-	-	-	-	-	-
NK_H19_015	SHV-1	-	Gene presence detected	penicillin beta-lactam	NK_H19_015__chr	5181710	2666307	2667168	861	0	861	99.77%	100.00%	ARO:3000008	+	Kleborate	3.2.4	CARD	3.2.9	-	-	-	-	-	-	-	-	-	-	-	-
NK_H20_007	SHV-11	-	Gene presence detected	penicillin beta-lactam	NK_H20_007__chr	5221407	2639886	2640747	861	0	861	99.88%	100.00%	ARO:3000008	+	Kleborate	3.2.4	CARD	3.2.9	-	-	-	-	-	-	-	-	-	-	-	-
NK_H20_007	SHV	p.Leu35Gln	Protein variant detected	penicillin beta-lactam	NK_H20_007__chr	5221407	2639886	2640747	861	0	861	99.88%	100.00%	ARO:3000008	+	Kleborate	3.2.4	CARD	3.2.9	-	-	-	-	-	-	-	-	-	-	-	-
NK_H20_010	SHV-11	-	Gene presence detected	penicillin beta-lactam	NK_H20_010__chr	5312882	2767809	2768670	861	0	861	99.88%	100.00%	ARO:3000008	+	Kleborate	3.2.4	CARD	3.2.9	-	-	-	-	-	-	-	-	-	-	-	-
NK_H20_010	SHV	p.Leu35Gln	Protein variant detected	penicillin beta-lactam	NK_H20_010__chr	5312882	2767809	2768670	861	0	861	99.88%	100.00%	ARO:3000008	+	Kleborate	3.2.4	CARD	3.2.9	-	-	-	-	-	-	-	-	-	-	-	-
NK_H20_015	SHV-1	-	Gene presence detected	penicillin beta-lactam	NK_H20_015__chr	5520400	2668824	2669685	861	0	861	99.88%	100.00%	ARO:3000008	-	Kleborate	3.2.4	CARD	3.2.9	-	-	-	-	-	-	-	-	-	-	-	-
NK_H20_015	fosA7	-	Gene presence detected	phosphonic acid antibiotic	NK_H20_015__chr	5520400	4869745	4869971	423	197	423	95.13%	53.43%	ARO:3007149	-	Kleborate	3.2.4	CARD	3.2.9	-	-	-	-	-	-	-	-	-	-	-	-
NK_H2_007	SHV-1	-	Gene presence detected	penicillin beta-lactam	NK_H2_007__chr	5248055	2684520	2685381	861	0	861	100.00%	100.00%	ARO:3000008	+	Kleborate	3.2.4	CARD	3.2.9	-	-	-	-	-	-	-	-	-	-	-	-
NK_H2_019	LEN-2	-	Gene presence detected	penicillin beta-lactam	NK_H2_019__chr	5495823	2824764	2825625	861	0	861	99.88%	100.00%	ARO:3000008	+	Kleborate	3.2.4	CARD	3.2.9	-	-	-	-	-	-	-	-	-	-	-	-
NK_H2_020	strB.v1	-	Gene presence detected	aminoglycoside antibiotic	NK_H2_020__pl_1	257786	32440	33277	837	0	837	100.00%	100.00%	ARO:0000016	+	Kleborate	3.2.4	CARD	3.2.9	-	-	-	-	-	-	-	-	-	-	-	-
NK_H2_020	strA.v1	-	Gene presence detected	aminoglycoside antibiotic	NK_H2_020__pl_1	257786	31637	32441	804	0	804	99.88%	100.00%	ARO:0000016	+	Kleborate	3.2.4	CARD	3.2.9	-	-	-	-	-	-	-	-	-	-	-	-
NK_H2_020	aac(6)-Ib-cr.v2	-	Gene presence detected	aminoglycoside antibiotic	NK_H2_020__pl_1	257786	44380	44980	600	0	600	100.00%	100.00%	ARO:0000016	-	Kleborate	3.2.4	CARD	3.2.9	-	-	-	-	-	-	-	-	-	-	-	-
NK_H2_020	qnrB1.v2	-	Gene presence detected	Fluoroquinolone antibiotic	NK_H2_020__pl_1	257786	1577	2257	681	0	681	99.85%	100.00%	ARO:0000001	-	Kleborate	3.2.4	CARD	3.2.9	-	-	-	-	-	-	-	-	-	-	-	-
NK_H2_020	aac(6)-Ib-cr.v2	-	Gene presence detected	Fluoroquinolone antibiotic	NK_H2_020__pl_1	257786	44380	44980	600	0	600	100.00%	100.00%	ARO:0000016	-	Kleborate	3.2.4	CARD	3.2.9	-	-	-	-	-	-	-	-	-	-	-	-
NK_H2_020	sul2	-	Gene presence detected	sulfonamide antibiotic	NK_H2_020__pl_1	257786	30761	31577	816	0	816	100.00%	100.00%	ARO:3000282	+	Kleborate	3.2.4	CARD	3.2.9	-	-	-	-	-	-	-	-	-	-	-	-
NK_H2_020	dfrA14.v2	-	Gene presence detected	Diaminopyrimidine antibiotic	NK_H2_020__pl_1	257786	256727	257210	483	0	483	99.79%	100.00%	ARO:3000171	-	Kleborate	3.2.4	CARD	3.2.9	-	-	-	-	-	-	-	-	-	-	-	-
NK_H2_020	OXA-1	-	Gene presence detected	penicillin beta-lactam	NK_H2_020__pl_1	257786	43419	44250	831	0	831	100.00%	100.00%	ARO:3000008	-	Kleborate	3.2.4	CARD	3.2.9	-	-	-	-	-	-	-	-	-	-	-	-
NK_H2_020	CTX-M-15	-	Gene presence detected	third-generation cephalosporin	NK_H2_020__pl_1	257786	38507	39383	876	0	876	100.00%	100.00%	ARO:3009107	+	Kleborate	3.2.4	CARD	3.2.9	-	-	-	-	-	-	-	-	-	-	-	-
NK_H2_020	SHV-1	-	Gene presence detected	penicillin beta-lactam	NK_H2_020__chr	5310192	2708808	2709669	861	0	861	100.00%	100.00%	ARO:3000008	+	Kleborate	3.2.4	CARD	3.2.9	-	-	-	-	-	-	-	-	-	-	-	-
NK_H2_020	catB3.v1	-	Gene presence detected	phenicol antibiotic	NK_H2_020__pl_1	257786	42840	43282	633	0	442	100.00%	69.83%	ARO:3000387	-	Kleborate	3.2.4	CARD	3.2.9	-	-	-	-	-	-	-	-	-	-	-	-
NK_H2_021	SHV-11	-	Gene presence detected	penicillin beta-lactam	NK_H2_021__chr	5324501	2789612	2790473	861	0	861	99.88%	100.00%	ARO:3000008	+	Kleborate	3.2.4	CARD	3.2.9	-	-	-	-	-	-	-	-	-	-	-	-
NK_H2_021	SHV	p.Leu35Gln	Protein variant detected	penicillin beta-lactam	NK_H2_021__chr	5324501	2789612	2790473	861	0	861	99.88%	100.00%	ARO:3000008	+	Kleborate	3.2.4	CARD	3.2.9	-	-	-	-	-	-	-	-	-	-	-	-
NK_H21_005	SHV-40	-	Gene presence detected	penicillin beta-lactam	NK_H21_005__chr	5272962	2731698	2732559	861	0	861	100.00%	100.00%	ARO:3000008	+	Kleborate	3.2.4	CARD	3.2.9	-	-	-	-	-	-	-	-	-	-	-	-
NK_H21_005	SHV	p.Leu35Gln	Protein variant detected	penicillin beta-lactam	NK_H21_005__chr	5272962	2731698	2732559	861	0	861	100.00%	100.00%	ARO:3000008	+	Kleborate	3.2.4	CARD	3.2.9	-	-	-	-	-	-	-	-	-	-	-	-
NK_H21_010	SHV-33	-	Gene presence detected	penicillin beta-lactam	NK_H21_010__chr	5233376	2681340	2682201	861	0	861	100.00%	100.00%	ARO:3000008	+	Kleborate	3.2.4	CARD	3.2.9	-	-	-	-	-	-	-	-	-	-	-	-
NK_H21_011	strB.v1	-	Gene presence detected	aminoglycoside antibiotic	NK_H21_011__pl_2	84563	71219	72056	837	0	837	100.00%	100.00%	ARO:0000016	+	Kleborate	3.2.4	CARD	3.2.9	-	-	-	-	-	-	-	-	-	-	-	-
NK_H21_011	strA.v1	-	Gene presence detected	aminoglycoside antibiotic	NK_H21_011__pl_2	84563	70416	71220	804	0	804	100.00%	100.00%	ARO:0000016	+	Kleborate	3.2.4	CARD	3.2.9	-	-	-	-	-	-	-	-	-	-	-	-
NK_H21_011	SHV-1	-	Gene presence detected	penicillin beta-lactam	NK_H21_011__chr	5227401	2608977	2609838	861	0	861	100.00%	100.00%	ARO:3000008	+	Kleborate	3.2.4	CARD	3.2.9	-	-	-	-	-	-	-	-	-	-	-	-
NK_H21_014	SHV-1	-	Gene presence detected	penicillin beta-lactam	NK_H21_014__chr	5015531	2521665	2522526	861	0	861	99.88%	100.00%	ARO:3000008	+	Kleborate	3.2.4	CARD	3.2.9	-	-	-	-	-	-	-	-	-	-	-	-
NK_H21_015	SHV-1	-	Gene presence detected	penicillin beta-lactam	NK_H21_015__chr	5213040	2697912	2698773	861	0	861	99.88%	100.00%	ARO:3000008	+	Kleborate	3.2.4	CARD	3.2.9	-	-	-	-	-	-	-	-	-	-	-	-
NK_H21_023	strB.v1	-	Gene presence detected	aminoglycoside antibiotic	NK_H21_023__pl_1	221703	103367	104204	837	0	837	100.00%	100.00%	ARO:0000016	-	Kleborate	3.2.4	CARD	3.2.9	-	-	-	-	-	-	-	-	-	-	-	-
NK_H21_023	strA.v1	-	Gene presence detected	aminoglycoside antibiotic	NK_H21_023__pl_1	221703	104203	105007	804	0	804	99.88%	100.00%	ARO:0000016	-	Kleborate	3.2.4	CARD	3.2.9	-	-	-	-	-	-	-	-	-	-	-	-
NK_H21_023	aac(6)-Ib-cr.v2	-	Gene presence detected	aminoglycoside antibiotic	NK_H21_023__pl_1	221703	97795	98395	600	0	600	100.00%	100.00%	ARO:0000016	-	Kleborate	3.2.4	CARD	3.2.9	-	-	-	-	-	-	-	-	-	-	-	-
NK_H21_023	qnrB1.v2	-	Gene presence detected	Fluoroquinolone antibiotic	NK_H21_023__pl_1	221703	119826	120506	681	0	681	99.85%	100.00%	ARO:0000001	-	Kleborate	3.2.4	CARD	3.2.9	-	-	-	-	-	-	-	-	-	-	-	-
NK_H21_023	aac(6)-Ib-cr.v2	-	Gene presence detected	Fluoroquinolone antibiotic	NK_H21_023__pl_1	221703	97795	98395	600	0	600	100.00%	100.00%	ARO:0000016	-	Kleborate	3.2.4	CARD	3.2.9	-	-	-	-	-	-	-	-	-	-	-	-
NK_H21_023	sul2	-	Gene presence detected	sulfonamide antibiotic	NK_H21_023__pl_1	221703	105067	105883	816	0	816	100.00%	100.00%	ARO:3000282	-	Kleborate	3.2.4	CARD	3.2.9	-	-	-	-	-	-	-	-	-	-	-	-
NK_H21_023	tet(A).v1	-	Gene presence detected	Tetracycline antibiotic	NK_H21_023__pl_1	221703	128698	129973	1275	0	1275	100.00%	100.00%	ARO:3000050	-	Kleborate	3.2.4	CARD	3.2.9	-	-	-	-	-	-	-	-	-	-	-	-
NK_H21_023	tet(D)	-	Gene presence detected	Tetracycline antibiotic	NK_H21_023__pl_1	221703	139017	140202	1185	0	1185	100.00%	100.00%	ARO:3000050	+	Kleborate	3.2.4	CARD	3.2.9	-	-	-	-	-	-	-	-	-	-	-	-
NK_H21_023	dfrA14.v2	-	Gene presence detected	Diaminopyrimidine antibiotic	NK_H21_023__pl_1	221703	116061	116544	483	0	483	99.79%	100.00%	ARO:3000171	-	Kleborate	3.2.4	CARD	3.2.9	-	-	-	-	-	-	-	-	-	-	-	-
NK_H21_023	dfrA14.v2	-	Gene presence detected	Diaminopyrimidine antibiotic	NK_H21_023__pl_1	221703	116061	116544	483	0	483	99.79%	100.00%	ARO:3000171	-	Kleborate	3.2.4	CARD	3.2.9	-	-	-	-	-	-	-	-	-	-	-	-
NK_H21_023	OXA-1	-	Gene presence detected	penicillin beta-lactam	NK_H21_023__pl_1	221703	96834	97665	831	0	831	100.00%	100.00%	ARO:3000008	-	Kleborate	3.2.4	CARD	3.2.9	-	-	-	-	-	-	-	-	-	-	-	-
NK_H21_023	CTX-M-15	-	Gene presence detected	third-generation cephalosporin	NK_H21_023__pl_1	221703	133610	134486	876	0	876	100.00%	100.00%	ARO:3009107	+	Kleborate	3.2.4	CARD	3.2.9	-	-	-	-	-	-	-	-	-	-	-	-
NK_H21_023	SHV-11	-	Gene presence detected	penicillin beta-lactam	NK_H21_023__chr	5399662	2799333	2800194	861	0	861	99.88%	100.00%	ARO:3000008	+	Kleborate	3.2.4	CARD	3.2.9	-	-	-	-	-	-	-	-	-	-	-	-
NK_H21_023	catB3.v1	-	Gene presence detected	phenicol antibiotic	NK_H21_023__pl_1	221703	96255	96697	633	0	442	100.00%	69.83%	ARO:3000387	-	Kleborate	3.2.4	CARD	3.2.9	-	-	-	-	-	-	-	-	-	-	-	-
NK_H21_023	SHV	p.Leu35Gln	Protein variant detected	penicillin beta-lactam	NK_H21_023__chr	5399662	2799333	2800194	861	0	861	99.88%	100.00%	ARO:3000008	+	Kleborate	3.2.4	CARD	3.2.9	-	-	-	-	-	-	-	-	-	-	-	-
NK_H21_029	SHV-27	-	Gene presence detected	penicillin beta-lactam	NK_H21_029__chr	5422700	2787968	2788829	861	0	861	99.88%	100.00%	ARO:3000008	+	Kleborate	3.2.4	CARD	3.2.9	-	-	-	-	-	-	-	-	-	-	-	-
NK_H21_029	SHV	p.Gly156Asp	Protein variant detected	penicillin beta-lactam	NK_H21_029__chr	5422700	2787968	2788829	861	0	861	99.88%	100.00%	ARO:3000008	+	Kleborate	3.2.4	CARD	3.2.9	-	-	-	-	-	-	-	-	-	-	-	-
NK_H21_036	SHV-1	-	Gene presence detected	penicillin beta-lactam	NK_H21_036__chr	5206015	2690887	2691748	861	0	861	99.88%	100.00%	ARO:3000008	+	Kleborate	3.2.4	CARD	3.2.9	-	-	-	-	-	-	-	-	-	-	-	-
NK_H21_037	aac(3)-IIa.v1	-	Gene presence detected	aminoglycoside antibiotic	NK_H21_037__pl_1	241257	229984	230845	861	0	861	99.77%	100.00%	ARO:0000016	-	Kleborate	3.2.4	CARD	3.2.9	-	-	-	-	-	-	-	-	-	-	-	-
NK_H21_037	strB.v1	-	Gene presence detected	aminoglycoside antibiotic	NK_H21_037__pl_1	241257	210612	211449	837	0	837	100.00%	100.00%	ARO:0000016	+	Kleborate	3.2.4	CARD	3.2.9	-	-	-	-	-	-	-	-	-	-	-	-
NK_H21_037	strA.v1	-	Gene presence detected	aminoglycoside antibiotic	NK_H21_037__pl_1	241257	209809	210613	804	0	804	99.88%	100.00%	ARO:0000016	+	Kleborate	3.2.4	CARD	3.2.9	-	-	-	-	-	-	-	-	-	-	-	-
NK_H21_037	aac(6)-Ib-cr.v2	-	Gene presence detected	aminoglycoside antibiotic	NK_H21_037__pl_1	241257	231754	232354	600	0	600	100.00%	100.00%	ARO:0000016	+	Kleborate	3.2.4	CARD	3.2.9	-	-	-	-	-	-	-	-	-	-	-	-
NK_H21_037	qnrB1.v2	-	Gene presence detected	Fluoroquinolone antibiotic	NK_H21_037__pl_1	241257	0	645	645	0	645	100.00%	100.00%	ARO:0000001	+	Kleborate	3.2.4	CARD	3.2.9	-	-	-	-	-	-	-	-	-	-	-	-
NK_H21_037	aac(6)-Ib-cr.v2	-	Gene presence detected	Fluoroquinolone antibiotic	NK_H21_037__pl_1	241257	231754	232354	600	0	600	100.00%	100.00%	ARO:0000016	+	Kleborate	3.2.4	CARD	3.2.9	-	-	-	-	-	-	-	-	-	-	-	-
NK_H21_037	sul2	-	Gene presence detected	sulfonamide antibiotic	NK_H21_037__pl_1	241257	208933	209749	816	0	816	100.00%	100.00%	ARO:3000282	+	Kleborate	3.2.4	CARD	3.2.9	-	-	-	-	-	-	-	-	-	-	-	-
NK_H21_037	dfrA14.v2	-	Gene presence detected	Diaminopyrimidine antibiotic	NK_H21_037__pl_1	241257	225343	225826	483	0	483	99.79%	100.00%	ARO:3000171	-	Kleborate	3.2.4	CARD	3.2.9	-	-	-	-	-	-	-	-	-	-	-	-
NK_H21_037	OXA-1	-	Gene presence detected	penicillin beta-lactam	NK_H21_037__pl_1	241257	232484	233315	831	0	831	100.00%	100.00%	ARO:3000008	+	Kleborate	3.2.4	CARD	3.2.9	-	-	-	-	-	-	-	-	-	-	-	-
NK_H21_037	CTX-M-15	-	Gene presence detected	third-generation cephalosporin	NK_H21_037__pl_1	241257	215851	216727	876	0	876	100.00%	100.00%	ARO:3009107	+	Kleborate	3.2.4	CARD	3.2.9	-	-	-	-	-	-	-	-	-	-	-	-
NK_H21_037	SHV-28	-	Gene presence detected	penicillin beta-lactam	NK_H21_037__chr	5261427	2719647	2720508	861	0	861	99.88%	100.00%	ARO:3000008	+	Kleborate	3.2.4	CARD	3.2.9	-	-	-	-	-	-	-	-	-	-	-	-
NK_H21_037	catB3.v1	-	Gene presence detected	phenicol antibiotic	NK_H21_037__pl_1	241257	233452	233894	633	0	442	100.00%	69.83%	ARO:3000387	+	Kleborate	3.2.4	CARD	3.2.9	-	-	-	-	-	-	-	-	-	-	-	-
NK_H21_037	GyrA	p.Ser83Ile	Protein variant detected	fluoroquinolone antibiotic	NK_H21_037__chr	5261427	1566085	1566445	360	0	360	99.44%	100.00%	ARO:0000001	+	Kleborate	3.2.4	CARD	3.2.9	-	-	-	-	-	-	-	-	-	-	-	-
NK_H21_037	ParC	p.Ser80Ile	Protein variant detected	fluoroquinolone antibiotic	NK_H21_037__chr	5261427	689084	689444	360	0	360	99.44%	100.00%	ARO:0000001	+	Kleborate	3.2.4	CARD	3.2.9	-	-	-	-	-	-	-	-	-	-	-	-
NK_H21_049	OKP-B-40	-	Gene presence detected	penicillin beta-lactam	NK_H21_049__chr	5155240	2577368	2578229	861	0	861	99.19%	100.00%	ARO:3000008	+	Kleborate	3.2.4	CARD	3.2.9	-	-	-	-	-	-	-	-	-	-	-	-
NK_H21_049	OmpK36	p.Ala183fs	Inactivating mutation detected	-	NK_H21_049__chr	5155240	1485026	1486118	1104	0	1104	95.11%	98.91%	-	+	Kleborate	3.2.4	CARD	3.2.9	-	-	-	-	-	-	-	-	-	-	-	-
NK_H21_050	LEN-9	-	Gene presence detected	penicillin beta-lactam	NK_H21_050__chr	5729161	2829965	2830826	861	0	861	100.00%	100.00%	ARO:3000008	+	Kleborate	3.2.4	CARD	3.2.9	-	-	-	-	-	-	-	-	-	-	-	-
NK_H21_050	OmpK36	p.Ala183fs	Inactivating mutation detected	-	NK_H21_050__chr	5729161	1613421	1614513	1104	0	1104	94.75%	98.91%	-	+	Kleborate	3.2.4	CARD	3.2.9	-	-	-	-	-	-	-	-	-	-	-	-
NK_H21_056A	LEN-17	-	Gene presence detected	penicillin beta-lactam	NK_H21_056A__chr	5459286	2764627	2765488	861	0	861	99.88%	100.00%	ARO:3000008	+	Kleborate	3.2.4	CARD	3.2.9	-	-	-	-	-	-	-	-	-	-	-	-
NK_H21_056A	OmpK36	p.Asp106fs	Inactivating mutation detected	-	NK_H21_056A__chr	5459286	1518620	1519711	1104	0	1104	94.47%	32.97%	-	+	Kleborate	3.2.4	CARD	3.2.9	-	-	-	-	-	-	-	-	-	-	-	-
NK_H21_067	LEN-16	-	Gene presence detected	penicillin beta-lactam	NK_H21_067__chr	5528004	2828974	2829835	861	0	861	99.88%	100.00%	ARO:3000008	+	Kleborate	3.2.4	CARD	3.2.9	-	-	-	-	-	-	-	-	-	-	-	-
NK_H21_067	OmpK36	p.Ala183fs	Inactivating mutation detected	-	NK_H21_067__chr	5528004	1592649	1593741	1104	0	1104	94.75%	98.91%	-	+	Kleborate	3.2.4	CARD	3.2.9	-	-	-	-	-	-	-	-	-	-	-	-
NK_H21_076	SHV-11	-	Gene presence detected	penicillin beta-lactam	NK_H21_076__chr	5358689	2724085	2724946	861	0	861	99.88%	100.00%	ARO:3000008	+	Kleborate	3.2.4	CARD	3.2.9	-	-	-	-	-	-	-	-	-	-	-	-
NK_H21_076	SHV	p.Leu35Gln	Protein variant detected	penicillin beta-lactam	NK_H21_076__chr	5358689	2724085	2724946	861	0	861	99.88%	100.00%	ARO:3000008	+	Kleborate	3.2.4	CARD	3.2.9	-	-	-	-	-	-	-	-	-	-	-	-
NK_H21_078	SHV-187	-	Gene presence detected	penicillin beta-lactam	NK_H21_078__chr	5222537	2583436	2584303	867	0	867	100.00%	100.00%	ARO:3000008	+	Kleborate	3.2.4	CARD	3.2.9	-	-	-	-	-	-	-	-	-	-	-	-
NK_H21_080	LEN-13	-	Gene presence detected	penicillin beta-lactam	NK_H21_080__chr	5465121	2793701	2794562	861	0	861	99.88%	100.00%	ARO:3000008	+	Kleborate	3.2.4	CARD	3.2.9	-	-	-	-	-	-	-	-	-	-	-	-
NK_H21_080	OmpK36	p.Ala183fs	Inactivating mutation detected	-	NK_H21_080__chr	5465121	1531653	1532745	1104	0	1104	94.75%	98.91%	-	+	Kleborate	3.2.4	CARD	3.2.9	-	-	-	-	-	-	-	-	-	-	-	-
NK_H22_009	LEN-11	-	Gene presence detected	penicillin beta-lactam	NK_H22_009__chr	5485357	2847933	2848794	861	0	861	100.00%	100.00%	ARO:3000008	+	Kleborate	3.2.4	CARD	3.2.9	-	-	-	-	-	-	-	-	-	-	-	-
NK_H22_009	OmpK36	p.Ala183fs	Inactivating mutation detected	-	NK_H22_009__chr	5485357	1502279	1503371	1104	0	1104	94.75%	98.91%	-	+	Kleborate	3.2.4	CARD	3.2.9	-	-	-	-	-	-	-	-	-	-	-	-
NK_H22_013	SHV-187	-	Gene presence detected	penicillin beta-lactam	NK_H22_013__chr	5284269	2591912	2592779	867	0	867	100.00%	100.00%	ARO:3000008	+	Kleborate	3.2.4	CARD	3.2.9	-	-	-	-	-	-	-	-	-	-	-	-
NK_H22_015	SHV-1	-	Gene presence detected	penicillin beta-lactam	NK_H22_015__chr	5184886	2618565	2619426	861	0	861	100.00%	100.00%	ARO:3000008	+	Kleborate	3.2.4	CARD	3.2.9	-	-	-	-	-	-	-	-	-	-	-	-
NK_H22_018	LEN-27	-	Gene presence detected	penicillin beta-lactam	NK_H22_018__chr	5601393	2832631	2833492	861	0	861	100.00%	100.00%	ARO:3000008	+	Kleborate	3.2.4	CARD	3.2.9	-	-	-	-	-	-	-	-	-	-	-	-
NK_H22_018	OmpK36	p.Ala183fs	Inactivating mutation detected	-	NK_H22_018__chr	5601393	1551657	1552749	1104	0	1104	94.47%	98.91%	-	+	Kleborate	3.2.4	CARD	3.2.9	-	-	-	-	-	-	-	-	-	-	-	-
NK_H22_027	aac(3)-IId	-	Gene presence detected	aminoglycoside antibiotic	NK_H22_027__pl_1	273657	219302	220163	861	0	861	99.88%	100.00%	ARO:0000016	-	Kleborate	3.2.4	CARD	3.2.9	-	-	-	-	-	-	-	-	-	-	-	-
NK_H22_027	aadA16	-	Gene presence detected	aminoglycoside antibiotic	NK_H22_027__pl_1	273657	231097	231943	846	0	846	99.65%	100.00%	ARO:0000016	-	Kleborate	3.2.4	CARD	3.2.9	-	-	-	-	-	-	-	-	-	-	-	-
NK_H22_027	strB.v1	-	Gene presence detected	aminoglycoside antibiotic	NK_H22_027__pl_1	273657	267668	268505	837	0	837	99.88%	100.00%	ARO:0000016	+	Kleborate	3.2.4	CARD	3.2.9	-	-	-	-	-	-	-	-	-	-	-	-
NK_H22_027	strA.v1	-	Gene presence detected	aminoglycoside antibiotic	NK_H22_027__pl_1	273657	266865	267669	804	0	804	99.75%	100.00%	ARO:0000016	+	Kleborate	3.2.4	CARD	3.2.9	-	-	-	-	-	-	-	-	-	-	-	-
NK_H22_027	aac(6)-Ib-cr.v2	-	Gene presence detected	aminoglycoside antibiotic	NK_H22_027__pl_1	273657	233278	233878	600	0	600	100.00%	100.00%	ARO:0000016	-	Kleborate	3.2.4	CARD	3.2.9	-	-	-	-	-	-	-	-	-	-	-	-
NK_H22_027	aac(6)-Ib-cr.v2	-	Gene presence detected	Fluoroquinolone antibiotic	NK_H22_027__pl_1	273657	233278	233878	600	0	600	100.00%	100.00%	ARO:0000016	-	Kleborate	3.2.4	CARD	3.2.9	-	-	-	-	-	-	-	-	-	-	-	-
NK_H22_027	arr-3	-	Gene presence detected	Rifamycin antibiotic	NK_H22_027__pl_1	273657	232729	233182	453	0	453	100.00%	100.00%	ARO:3000157	-	Kleborate	3.2.4	CARD	3.2.9	-	-	-	-	-	-	-	-	-	-	-	-
NK_H22_027	sul1	-	Gene presence detected	sulfonamide antibiotic	NK_H22_027__pl_1	273657	229800	230640	840	0	840	100.00%	100.00%	ARO:3000282	-	Kleborate	3.2.4	CARD	3.2.9	-	-	-	-	-	-	-	-	-	-	-	-
NK_H22_027	sul2	-	Gene presence detected	sulfonamide antibiotic	NK_H22_027__pl_1	273657	265989	266805	816	0	816	100.00%	100.00%	ARO:3000282	+	Kleborate	3.2.4	CARD	3.2.9	-	-	-	-	-	-	-	-	-	-	-	-
NK_H22_027	tet(D)	-	Gene presence detected	Tetracycline antibiotic	NK_H22_027__pl_1	273657	208620	209805	1185	0	1185	100.00%	100.00%	ARO:3000050	+	Kleborate	3.2.4	CARD	3.2.9	-	-	-	-	-	-	-	-	-	-	-	-
NK_H22_027	dfrA27	-	Gene presence detected	Diaminopyrimidine antibiotic	NK_H22_027__pl_1	273657	232123	232597	474	0	474	100.00%	100.00%	ARO:3000171	-	Kleborate	3.2.4	CARD	3.2.9	-	-	-	-	-	-	-	-	-	-	-	-
NK_H22_027	SHV-2	-	Gene presence detected	third-generation cephalosporin	NK_H22_027__pl_1	273657	214908	215769	861	0	861	100.00%	100.00%	ARO:3009107	+	Kleborate	3.2.4	CARD	3.2.9	-	-	-	-	-	-	-	-	-	-	-	-
NK_H22_027	SHV-1	-	Gene presence detected	penicillin beta-lactam	NK_H22_027__chr	5279862	2742917	2743778	861	0	861	100.00%	100.00%	ARO:3000008	+	Kleborate	3.2.4	CARD	3.2.9	-	-	-	-	-	-	-	-	-	-	-	-
NK_H22_027	SHV	p.Gly238Ser	Protein variant detected	penicillin beta-lactam	NK_H22_027__pl_1	273657	214908	215769	861	0	861	100.00%	100.00%	ARO:3000008	+	Kleborate	3.2.4	CARD	3.2.9	-	-	-	-	-	-	-	-	-	-	-	-
NK_H22_045	SHV-207	-	Gene presence detected	penicillin beta-lactam	NK_H22_045__chr	5221575	2686741	2687602	861	0	861	100.00%	100.00%	ARO:3000008	+	Kleborate	3.2.4	CARD	3.2.9	-	-	-	-	-	-	-	-	-	-	-	-
NK_H22_053	SHV-1	-	Gene presence detected	penicillin beta-lactam	NK_H22_053__chr	5299875	2657050	2657911	861	0	861	99.77%	100.00%	ARO:3000008	+	Kleborate	3.2.4	CARD	3.2.9	-	-	-	-	-	-	-	-	-	-	-	-
NK_H22_060	SHV-11	-	Gene presence detected	penicillin beta-lactam	NK_H22_060__chr	5373517	2686925	2687786	861	0	861	99.88%	100.00%	ARO:3000008	+	Kleborate	3.2.4	CARD	3.2.9	-	-	-	-	-	-	-	-	-	-	-	-
NK_H22_060	SHV	p.Leu35Gln	Protein variant detected	penicillin beta-lactam	NK_H22_060__chr	5373517	2686925	2687786	861	0	861	99.88%	100.00%	ARO:3000008	+	Kleborate	3.2.4	CARD	3.2.9	-	-	-	-	-	-	-	-	-	-	-	-
NK_H22_070	SHV-11	-	Gene presence detected	penicillin beta-lactam	NK_H22_070__chr	5303641	2736554	2737415	861	0	861	99.77%	100.00%	ARO:3000008	+	Kleborate	3.2.4	CARD	3.2.9	-	-	-	-	-	-	-	-	-	-	-	-
NK_H22_070	SHV	p.Leu35Gln	Protein variant detected	penicillin beta-lactam	NK_H22_070__chr	5303641	2736554	2737415	861	0	861	99.77%	100.00%	ARO:3000008	+	Kleborate	3.2.4	CARD	3.2.9	-	-	-	-	-	-	-	-	-	-	-	-
NK_H22_075	SHV-11	-	Gene presence detected	penicillin beta-lactam	NK_H22_075__chr	5271748	2731152	2732013	861	0	861	99.77%	100.00%	ARO:3000008	+	Kleborate	3.2.4	CARD	3.2.9	-	-	-	-	-	-	-	-	-	-	-	-
NK_H22_075	SHV	p.Leu35Gln	Protein variant detected	penicillin beta-lactam	NK_H22_075__chr	5271748	2731152	2732013	861	0	861	99.77%	100.00%	ARO:3000008	+	Kleborate	3.2.4	CARD	3.2.9	-	-	-	-	-	-	-	-	-	-	-	-
NK_H22_076	SHV-11	-	Gene presence detected	penicillin beta-lactam	NK_H22_076__chr	5290325	2732597	2733458	861	0	861	99.88%	100.00%	ARO:3000008	+	Kleborate	3.2.4	CARD	3.2.9	-	-	-	-	-	-	-	-	-	-	-	-
NK_H22_076	SHV	p.Leu35Gln	Protein variant detected	penicillin beta-lactam	NK_H22_076__chr	5290325	2732597	2733458	861	0	861	99.88%	100.00%	ARO:3000008	+	Kleborate	3.2.4	CARD	3.2.9	-	-	-	-	-	-	-	-	-	-	-	-
NK_H23_002	SHV-1	-	Gene presence detected	penicillin beta-lactam	NK_H23_002__chr	5206014	2690886	2691747	861	0	861	99.88%	100.00%	ARO:3000008	+	Kleborate	3.2.4	CARD	3.2.9	-	-	-	-	-	-	-	-	-	-	-	-
NK_H23_005	SHV-11	-	Gene presence detected	penicillin beta-lactam	NK_H23_005__chr	5282708	2688204	2689065	861	0	861	99.88%	100.00%	ARO:3000008	+	Kleborate	3.2.4	CARD	3.2.9	-	-	-	-	-	-	-	-	-	-	-	-
NK_H23_005	SHV	p.Leu35Gln	Protein variant detected	penicillin beta-lactam	NK_H23_005__chr	5282708	2688204	2689065	861	0	861	99.88%	100.00%	ARO:3000008	+	Kleborate	3.2.4	CARD	3.2.9	-	-	-	-	-	-	-	-	-	-	-	-
NK_H23_006	strB.v1	-	Gene presence detected	aminoglycoside antibiotic	NK_H23_006__pl_1	246501	1679	2516	837	0	837	100.00%	100.00%	ARO:0000016	+	Kleborate	3.2.4	CARD	3.2.9	-	-	-	-	-	-	-	-	-	-	-	-
NK_H23_006	strA.v1	-	Gene presence detected	aminoglycoside antibiotic	NK_H23_006__pl_1	246501	876	1680	804	0	804	99.88%	100.00%	ARO:0000016	+	Kleborate	3.2.4	CARD	3.2.9	-	-	-	-	-	-	-	-	-	-	-	-
NK_H23_006	catII.2	-	Gene presence detected	phenicol antibiotic	NK_H23_006__pl_1	246501	213221	213863	642	0	642	96.11%	100.00%	ARO:3000387	-	Kleborate	3.2.4	CARD	3.2.9	-	-	-	-	-	-	-	-	-	-	-	-
NK_H23_006	sul2	-	Gene presence detected	sulfonamide antibiotic	NK_H23_006__pl_1	246501	0	816	816	0	816	100.00%	100.00%	ARO:3000282	+	Kleborate	3.2.4	CARD	3.2.9	-	-	-	-	-	-	-	-	-	-	-	-
NK_H23_006	dfrA14.v2	-	Gene presence detected	Diaminopyrimidine antibiotic	NK_H23_006__pl_1	246501	210420	210903	483	0	483	99.79%	100.00%	ARO:3000171	-	Kleborate	3.2.4	CARD	3.2.9	-	-	-	-	-	-	-	-	-	-	-	-
NK_H23_006	SHV-1	-	Gene presence detected	penicillin beta-lactam	NK_H23_006__chr	5243010	2711595	2712456	861	0	861	100.00%	100.00%	ARO:3000008	+	Kleborate	3.2.4	CARD	3.2.9	-	-	-	-	-	-	-	-	-	-	-	-
NK_H23_006	OmpK36	p.Leu256fs	Inactivating mutation detected	-	NK_H23_006__chr	5243010	1546427	1547535	1104	0	1104	99.01%	75.20%	-	+	Kleborate	3.2.4	CARD	3.2.9	-	-	-	-	-	-	-	-	-	-	-	-
NK_H23_007	strB.v1	-	Gene presence detected	aminoglycoside antibiotic	NK_H23_007__pl_2	30307	17344	18181	837	0	837	100.00%	100.00%	ARO:0000016	-	Kleborate	3.2.4	CARD	3.2.9	-	-	-	-	-	-	-	-	-	-	-	-
NK_H23_007	strA.v1	-	Gene presence detected	aminoglycoside antibiotic	NK_H23_007__pl_2	30307	18180	18984	804	0	804	100.00%	100.00%	ARO:0000016	-	Kleborate	3.2.4	CARD	3.2.9	-	-	-	-	-	-	-	-	-	-	-	-
NK_H23_007	SHV-28	-	Gene presence detected	penicillin beta-lactam	NK_H23_007__chr	5183026	2797452	2798313	861	0	861	99.88%	100.00%	ARO:3000008	-	Kleborate	3.2.4	CARD	3.2.9	-	-	-	-	-	-	-	-	-	-	-	-
NK_H23_014	sul1	-	Gene presence detected	sulfonamide antibiotic	NK_H23_014__pl_1	205268	21013	21853	840	0	840	100.00%	100.00%	ARO:3000282	-	Kleborate	3.2.4	CARD	3.2.9	-	-	-	-	-	-	-	-	-	-	-	-
NK_H23_014	sul2	-	Gene presence detected	sulfonamide antibiotic	NK_H23_014__pl_1	205268	1974	2790	816	0	816	100.00%	100.00%	ARO:3000282	+	Kleborate	3.2.4	CARD	3.2.9	-	-	-	-	-	-	-	-	-	-	-	-
NK_H23_014	tet(D)	-	Gene presence detected	Tetracycline antibiotic	NK_H23_014__pl_1	205268	8646	9831	1185	0	1185	100.00%	100.00%	ARO:3000050	+	Kleborate	3.2.4	CARD	3.2.9	-	-	-	-	-	-	-	-	-	-	-	-
NK_H23_014	dfrA5	-	Gene presence detected	Diaminopyrimidine antibiotic	NK_H23_014__pl_1	205268	22377	22851	474	0	474	99.79%	100.00%	ARO:3000171	-	Kleborate	3.2.4	CARD	3.2.9	-	-	-	-	-	-	-	-	-	-	-	-
NK_H23_014	SHV-101	-	Gene presence detected	penicillin beta-lactam	NK_H23_014__chr	5252731	2792265	2793126	861	0	861	99.77%	100.00%	ARO:3000008	+	Kleborate	3.2.4	CARD	3.2.9	-	-	-	-	-	-	-	-	-	-	-	-
NK_H23_015	SHV-11	-	Gene presence detected	penicillin beta-lactam	NK_H23_015__chr	5382677	2770131	2770992	861	0	861	99.88%	100.00%	ARO:3000008	+	Kleborate	3.2.4	CARD	3.2.9	-	-	-	-	-	-	-	-	-	-	-	-
NK_H23_015	SHV	p.Leu35Gln	Protein variant detected	penicillin beta-lactam	NK_H23_015__chr	5382677	2770131	2770992	861	0	861	99.88%	100.00%	ARO:3000008	+	Kleborate	3.2.4	CARD	3.2.9	-	-	-	-	-	-	-	-	-	-	-	-
NK_H23_019	SHV-75	-	Gene presence detected	penicillin beta-lactam	NK_H23_019__chr	5254265	2638546	2639407	861	0	861	100.00%	100.00%	ARO:3000008	+	Kleborate	3.2.4	CARD	3.2.9	-	-	-	-	-	-	-	-	-	-	-	-
NK_H23_027	SHV-1	-	Gene presence detected	penicillin beta-lactam	NK_H23_027__chr	5206014	2690886	2691747	861	0	861	99.88%	100.00%	ARO:3000008	+	Kleborate	3.2.4	CARD	3.2.9	-	-	-	-	-	-	-	-	-	-	-	-
NK_H23_041	SHV-11	-	Gene presence detected	penicillin beta-lactam	NK_H23_041__chr	5246305	2655966	2656827	861	0	861	99.88%	100.00%	ARO:3000008	+	Kleborate	3.2.4	CARD	3.2.9	-	-	-	-	-	-	-	-	-	-	-	-
NK_H23_041	SHV	p.Leu35Gln	Protein variant detected	penicillin beta-lactam	NK_H23_041__chr	5246305	2655966	2656827	861	0	861	99.88%	100.00%	ARO:3000008	+	Kleborate	3.2.4	CARD	3.2.9	-	-	-	-	-	-	-	-	-	-	-	-
NK_H23_045	SHV-27	-	Gene presence detected	penicillin beta-lactam	NK_H23_045__chr	5207895	2603526	2604387	861	0	861	100.00%	100.00%	ARO:3000008	+	Kleborate	3.2.4	CARD	3.2.9	-	-	-	-	-	-	-	-	-	-	-	-
NK_H23_045	SHV	p.Gly156Asp	Protein variant detected	penicillin beta-lactam	NK_H23_045__chr	5207895	2603526	2604387	861	0	861	100.00%	100.00%	ARO:3000008	+	Kleborate	3.2.4	CARD	3.2.9	-	-	-	-	-	-	-	-	-	-	-	-
NK_H23_049	SHV-61	-	Gene presence detected	penicillin beta-lactam	NK_H23_049__chr	5200953	2648521	2649382	861	0	861	100.00%	100.00%	ARO:3000008	+	Kleborate	3.2.4	CARD	3.2.9	-	-	-	-	-	-	-	-	-	-	-	-
NK_H23_049	SHV	p.Leu35Gln	Protein variant detected	penicillin beta-lactam	NK_H23_049__chr	5200953	2648521	2649382	861	0	861	100.00%	100.00%	ARO:3000008	+	Kleborate	3.2.4	CARD	3.2.9	-	-	-	-	-	-	-	-	-	-	-	-
NK_H24_006	SHV-11	-	Gene presence detected	penicillin beta-lactam	NK_H24_006__chr	5238157	2732136	2732997	861	0	861	99.77%	100.00%	ARO:3000008	+	Kleborate	3.2.4	CARD	3.2.9	-	-	-	-	-	-	-	-	-	-	-	-
NK_H24_006	SHV	p.Leu35Gln	Protein variant detected	penicillin beta-lactam	NK_H24_006__chr	5238157	2732136	2732997	861	0	861	99.77%	100.00%	ARO:3000008	+	Kleborate	3.2.4	CARD	3.2.9	-	-	-	-	-	-	-	-	-	-	-	-
NK_H24_010	SHV-1	-	Gene presence detected	penicillin beta-lactam	NK_H24_010__chr	5205856	2690728	2691589	861	0	861	99.88%	100.00%	ARO:3000008	+	Kleborate	3.2.4	CARD	3.2.9	-	-	-	-	-	-	-	-	-	-	-	-
NK_H24_016	SHV-11	-	Gene presence detected	penicillin beta-lactam	NK_H24_016__chr	5248128	2702185	2703046	861	0	861	99.88%	100.00%	ARO:3000008	+	Kleborate	3.2.4	CARD	3.2.9	-	-	-	-	-	-	-	-	-	-	-	-
NK_H24_016	SHV	p.Leu35Gln	Protein variant detected	penicillin beta-lactam	NK_H24_016__chr	5248128	2702185	2703046	861	0	861	99.88%	100.00%	ARO:3000008	+	Kleborate	3.2.4	CARD	3.2.9	-	-	-	-	-	-	-	-	-	-	-	-
NK_H24_028	aac(3)-IIa.v1	-	Gene presence detected	aminoglycoside antibiotic	NK_H24_028__pl_1	253372	124580	125441	861	0	861	99.77%	100.00%	ARO:0000016	+	Kleborate	3.2.4	CARD	3.2.9	-	-	-	-	-	-	-	-	-	-	-	-
NK_H24_028	strB.v1	-	Gene presence detected	aminoglycoside antibiotic	NK_H24_028__pl_1	253372	89555	90392	837	0	837	100.00%	100.00%	ARO:0000016	+	Kleborate	3.2.4	CARD	3.2.9	-	-	-	-	-	-	-	-	-	-	-	-
NK_H24_028	strB.v1	-	Gene presence detected	aminoglycoside antibiotic	NK_H24_028__pl_1	253372	89555	90392	837	0	837	100.00%	100.00%	ARO:0000016	+	Kleborate	3.2.4	CARD	3.2.9	-	-	-	-	-	-	-	-	-	-	-	-
NK_H24_028	strA.v1	-	Gene presence detected	aminoglycoside antibiotic	NK_H24_028__pl_1	253372	88752	89556	804	0	804	99.88%	100.00%	ARO:0000016	+	Kleborate	3.2.4	CARD	3.2.9	-	-	-	-	-	-	-	-	-	-	-	-
NK_H24_028	strA.v1	-	Gene presence detected	aminoglycoside antibiotic	NK_H24_028__pl_1	253372	88752	89556	804	0	804	99.88%	100.00%	ARO:0000016	+	Kleborate	3.2.4	CARD	3.2.9	-	-	-	-	-	-	-	-	-	-	-	-
NK_H24_028	aac(6)-Ib-cr.v2	-	Gene presence detected	aminoglycoside antibiotic	NK_H24_028__pl_1	253372	121577	122177	600	0	600	100.00%	100.00%	ARO:0000016	+	Kleborate	3.2.4	CARD	3.2.9	-	-	-	-	-	-	-	-	-	-	-	-
NK_H24_028	qnrB1.v2	-	Gene presence detected	Fluoroquinolone antibiotic	NK_H24_028__pl_1	253372	108051	108731	681	0	681	99.85%	100.00%	ARO:0000001	-	Kleborate	3.2.4	CARD	3.2.9	-	-	-	-	-	-	-	-	-	-	-	-
NK_H24_028	aac(6)-Ib-cr.v2	-	Gene presence detected	Fluoroquinolone antibiotic	NK_H24_028__pl_1	253372	121577	122177	600	0	600	100.00%	100.00%	ARO:0000016	+	Kleborate	3.2.4	CARD	3.2.9	-	-	-	-	-	-	-	-	-	-	-	-
NK_H24_028	sul2	-	Gene presence detected	sulfonamide antibiotic	NK_H24_028__pl_1	253372	87876	88692	816	0	816	100.00%	100.00%	ARO:3000282	+	Kleborate	3.2.4	CARD	3.2.9	-	-	-	-	-	-	-	-	-	-	-	-
NK_H24_028	sul2	-	Gene presence detected	sulfonamide antibiotic	NK_H24_028__pl_1	253372	87876	88692	816	0	816	100.00%	100.00%	ARO:3000282	+	Kleborate	3.2.4	CARD	3.2.9	-	-	-	-	-	-	-	-	-	-	-	-
NK_H24_028	tet(A).v1	-	Gene presence detected	Tetracycline antibiotic	NK_H24_028__pl_1	253372	116923	118198	1275	0	1275	100.00%	100.00%	ARO:3000050	-	Kleborate	3.2.4	CARD	3.2.9	-	-	-	-	-	-	-	-	-	-	-	-
NK_H24_028	dfrA14.v2	-	Gene presence detected	Diaminopyrimidine antibiotic	NK_H24_028__pl_1	253372	104286	104769	483	0	483	99.79%	100.00%	ARO:3000171	-	Kleborate	3.2.4	CARD	3.2.9	-	-	-	-	-	-	-	-	-	-	-	-
NK_H24_028	TEM-206	-	Gene presence detected	penicillin beta-lactam	NK_H24_028__pl_1	253372	134289	135150	861	0	861	100.00%	100.00%	ARO:3000008	+	Kleborate	3.2.4	CARD	3.2.9	-	-	-	-	-	-	-	-	-	-	-	-
NK_H24_028	TEM-206	-	Gene presence detected	penicillin beta-lactam	NK_H24_028__pl_1	253372	134289	135150	861	0	861	100.00%	100.00%	ARO:3000008	+	Kleborate	3.2.4	CARD	3.2.9	-	-	-	-	-	-	-	-	-	-	-	-
NK_H24_028	OXA-1	-	Gene presence detected	penicillin beta-lactam	NK_H24_028__pl_1	253372	122307	123138	831	0	831	100.00%	100.00%	ARO:3000008	+	Kleborate	3.2.4	CARD	3.2.9	-	-	-	-	-	-	-	-	-	-	-	-
NK_H24_028	CTX-M-15	-	Gene presence detected	third-generation cephalosporin	NK_H24_028__pl_1	253372	130592	131468	876	0	876	100.00%	100.00%	ARO:3009107	-	Kleborate	3.2.4	CARD	3.2.9	-	-	-	-	-	-	-	-	-	-	-	-
NK_H24_028	CTX-M-15	-	Gene presence detected	third-generation cephalosporin	NK_H24_028__pl_1	253372	130592	131468	876	0	876	100.00%	100.00%	ARO:3009107	-	Kleborate	3.2.4	CARD	3.2.9	-	-	-	-	-	-	-	-	-	-	-	-
NK_H24_028	SHV-28	-	Gene presence detected	penicillin beta-lactam	NK_H24_028__chr	5276102	2699026	2699887	861	0	861	99.88%	100.00%	ARO:3000008	+	Kleborate	3.2.4	CARD	3.2.9	-	-	-	-	-	-	-	-	-	-	-	-
NK_H24_028	catB3.v1	-	Gene presence detected	phenicol antibiotic	NK_H24_028__pl_1	253372	123275	123717	633	0	442	100.00%	69.83%	ARO:3000387	+	Kleborate	3.2.4	CARD	3.2.9	-	-	-	-	-	-	-	-	-	-	-	-
NK_H24_028	GyrA	p.Ser83Ile	Protein variant detected	fluoroquinolone antibiotic	NK_H24_028__chr	5276102	1593444	1593804	360	0	360	99.44%	100.00%	ARO:0000001	+	Kleborate	3.2.4	CARD	3.2.9	-	-	-	-	-	-	-	-	-	-	-	-
NK_H24_028	ParC	p.Ser80Ile	Protein variant detected	fluoroquinolone antibiotic	NK_H24_028__chr	5276102	690411	690771	360	0	360	99.44%	100.00%	ARO:0000001	+	Kleborate	3.2.4	CARD	3.2.9	-	-	-	-	-	-	-	-	-	-	-	-
NK_H24_044	SHV-1	-	Gene presence detected	penicillin beta-lactam	NK_H24_044__chr	5103552	2632166	2633027	861	0	861	99.88%	100.00%	ARO:3000008	+	Kleborate	3.2.4	CARD	3.2.9	-	-	-	-	-	-	-	-	-	-	-	-
NK_H24_054	SHV-76	-	Gene presence detected	penicillin beta-lactam	NK_H24_054__chr	5309249	2749744	2750605	861	0	861	100.00%	100.00%	ARO:3000008	+	Kleborate	3.2.4	CARD	3.2.9	-	-	-	-	-	-	-	-	-	-	-	-
NK_H24_054	SHV	p.Leu35Gln	Protein variant detected	penicillin beta-lactam	NK_H24_054__chr	5309249	2749744	2750605	861	0	861	100.00%	100.00%	ARO:3000008	+	Kleborate	3.2.4	CARD	3.2.9	-	-	-	-	-	-	-	-	-	-	-	-
NK_H25_002	SHV-11	-	Gene presence detected	penicillin beta-lactam	NK_H25_002__chr	5319573	2825865	2826726	861	0	861	99.88%	100.00%	ARO:3000008	+	Kleborate	3.2.4	CARD	3.2.9	-	-	-	-	-	-	-	-	-	-	-	-
NK_H25_002	SHV	p.Leu35Gln	Protein variant detected	penicillin beta-lactam	NK_H25_002__chr	5319573	2825865	2826726	861	0	861	99.88%	100.00%	ARO:3000008	+	Kleborate	3.2.4	CARD	3.2.9	-	-	-	-	-	-	-	-	-	-	-	-
NK_H25_013	SHV-40	-	Gene presence detected	penicillin beta-lactam	NK_H25_013__chr	5471165	2817268	2818129	861	0	861	100.00%	100.00%	ARO:3000008	+	Kleborate	3.2.4	CARD	3.2.9	-	-	-	-	-	-	-	-	-	-	-	-
NK_H25_013	SHV	p.Leu35Gln	Protein variant detected	penicillin beta-lactam	NK_H25_013__chr	5471165	2817268	2818129	861	0	861	100.00%	100.00%	ARO:3000008	+	Kleborate	3.2.4	CARD	3.2.9	-	-	-	-	-	-	-	-	-	-	-	-
NK_H26_006	SHV-37	-	Gene presence detected	penicillin beta-lactam	NK_H26_006__chr	5187757	2623521	2624382	861	0	861	100.00%	100.00%	ARO:3000008	+	Kleborate	3.2.4	CARD	3.2.9	-	-	-	-	-	-	-	-	-	-	-	-
NK_H26_006	fosA7	-	Gene presence detected	phosphonic acid antibiotic	NK_H26_006__chr	5187757	4549493	4549719	423	197	423	95.13%	53.43%	ARO:3007149	-	Kleborate	3.2.4	CARD	3.2.9	-	-	-	-	-	-	-	-	-	-	-	-
NK_H26_006	SHV	p.Leu35Gln	Protein variant detected	penicillin beta-lactam	NK_H26_006__chr	5187757	2623521	2624382	861	0	861	100.00%	100.00%	ARO:3000008	+	Kleborate	3.2.4	CARD	3.2.9	-	-	-	-	-	-	-	-	-	-	-	-
NK_H28_005	SHV-1	-	Gene presence detected	penicillin beta-lactam	NK_H28_005__chr	5174516	2647551	2648412	861	0	861	99.88%	100.00%	ARO:3000008	+	Kleborate	3.2.4	CARD	3.2.9	-	-	-	-	-	-	-	-	-	-	-	-
NK_H29_003	LEN-58	-	Gene presence detected	penicillin beta-lactam	NK_H29_003__chr	5557728	2780970	2781831	861	0	861	99.88%	100.00%	ARO:3000008	+	Kleborate	3.2.4	CARD	3.2.9	-	-	-	-	-	-	-	-	-	-	-	-
NK_H29_003	OmpK36	p.Ala183fs	Inactivating mutation detected	-	NK_H29_003__chr	5557728	1560062	1561154	1104	0	1104	94.57%	98.91%	-	+	Kleborate	3.2.4	CARD	3.2.9	-	-	-	-	-	-	-	-	-	-	-	-
NK_H3_001	SHV-187	-	Gene presence detected	penicillin beta-lactam	NK_H3_001__chr	5343725	2730457	2731324	867	0	867	100.00%	100.00%	ARO:3000008	+	Kleborate	3.2.4	CARD	3.2.9	-	-	-	-	-	-	-	-	-	-	-	-
NK_H3_001	OmpK35	p.Ser91fs	Inactivating mutation detected	-	NK_H3_001__chr	5343725	3416497	3417576	1080	0	1080	99.54%	28.41%	-	+	Kleborate	3.2.4	CARD	3.2.9	-	-	-	-	-	-	-	-	-	-	-	-
NK_H3_002	SHV-1	-	Gene presence detected	penicillin beta-lactam	NK_H3_002__chr	5255436	2778088	2778955	867	0	867	99.65%	100.00%	ARO:3000008	+	Kleborate	3.2.4	CARD	3.2.9	-	-	-	-	-	-	-	-	-	-	-	-
NK_H3_007	SHV-11	-	Gene presence detected	penicillin beta-lactam	NK_H3_007__chr	5563674	2897172	2898033	861	0	861	99.77%	100.00%	ARO:3000008	+	Kleborate	3.2.4	CARD	3.2.9	-	-	-	-	-	-	-	-	-	-	-	-
NK_H3_007	SHV	p.Leu35Gln	Protein variant detected	penicillin beta-lactam	NK_H3_007__chr	5563674	2897172	2898033	861	0	861	99.77%	100.00%	ARO:3000008	+	Kleborate	3.2.4	CARD	3.2.9	-	-	-	-	-	-	-	-	-	-	-	-
NK_H3_009	SHV-108	-	Gene presence detected	penicillin beta-lactam	NK_H3_009__chr	5318312	2777040	2777901	861	0	861	99.88%	100.00%	ARO:3000008	+	Kleborate	3.2.4	CARD	3.2.9	-	-	-	-	-	-	-	-	-	-	-	-
NK_H3_009	SHV	p.Leu35Gln	Protein variant detected	penicillin beta-lactam	NK_H3_009__chr	5318312	2777040	2777901	861	0	861	99.88%	100.00%	ARO:3000008	+	Kleborate	3.2.4	CARD	3.2.9	-	-	-	-	-	-	-	-	-	-	-	-
NK_H3_015	SHV-1	-	Gene presence detected	penicillin beta-lactam	NK_H3_015__chr	5304903	2622578	2623439	861	0	861	100.00%	100.00%	ARO:3000008	+	Kleborate	3.2.4	CARD	3.2.9	-	-	-	-	-	-	-	-	-	-	-	-
NK_H3_019	SHV-36	-	Gene presence detected	penicillin beta-lactam	NK_H3_019__chr	5186284	2665761	2666589	861	33	861	100.00%	96.17%	ARO:3000008	+	Kleborate	3.2.4	CARD	3.2.9	-	-	-	-	-	-	-	-	-	-	-	-
NK_H3_019	SHV	p.Leu35Gln	Protein variant detected	penicillin beta-lactam	NK_H3_019__chr	5186284	2665761	2666589	861	33	861	100.00%	96.17%	ARO:3000008	+	Kleborate	3.2.4	CARD	3.2.9	-	-	-	-	-	-	-	-	-	-	-	-
NK_H3_025	SHV-1	-	Gene presence detected	penicillin beta-lactam	NK_H3_025__chr	5205834	2690706	2691567	861	0	861	99.88%	100.00%	ARO:3000008	+	Kleborate	3.2.4	CARD	3.2.9	-	-	-	-	-	-	-	-	-	-	-	-
NK_H4_002	SHV-11	-	Gene presence detected	penicillin beta-lactam	NK_H4_002__chr	5303197	2675001	2675862	861	0	861	99.88%	100.00%	ARO:3000008	+	Kleborate	3.2.4	CARD	3.2.9	-	-	-	-	-	-	-	-	-	-	-	-
NK_H4_002	SHV	p.Leu35Gln	Protein variant detected	penicillin beta-lactam	NK_H4_002__chr	5303197	2675001	2675862	861	0	861	99.88%	100.00%	ARO:3000008	+	Kleborate	3.2.4	CARD	3.2.9	-	-	-	-	-	-	-	-	-	-	-	-
NK_H4_006	fosA7	-	Gene presence detected	phosphonic acid antibiotic	NK_H4_006__chr	5623467	4986278	4986701	423	0	423	91.73%	100.00%	ARO:3007149	-	Kleborate	3.2.4	CARD	3.2.9	-	-	-	-	-	-	-	-	-	-	-	-
NK_H4_006	LEN-9	-	Gene presence detected	penicillin beta-lactam	NK_H4_006__chr	5623467	2846653	2847514	861	0	861	100.00%	100.00%	ARO:3000008	+	Kleborate	3.2.4	CARD	3.2.9	-	-	-	-	-	-	-	-	-	-	-	-
NK_H4_006	OmpK36	p.Ala183fs	Inactivating mutation detected	-	NK_H4_006__chr	5623467	1630105	1631197	1104	0	1104	94.75%	98.91%	-	+	Kleborate	3.2.4	CARD	3.2.9	-	-	-	-	-	-	-	-	-	-	-	-
NK_H4_026	CTX-M-24	-	Gene presence detected	third-generation cephalosporin	NK_H4_026__pl_3	38637	10561	11437	876	0	876	99.89%	100.00%	ARO:3009107	-	Kleborate	3.2.4	CARD	3.2.9	-	-	-	-	-	-	-	-	-	-	-	-
NK_H4_026	SHV-11	-	Gene presence detected	penicillin beta-lactam	NK_H4_026__chr	5251343	2653960	2654821	861	0	861	99.88%	100.00%	ARO:3000008	+	Kleborate	3.2.4	CARD	3.2.9	-	-	-	-	-	-	-	-	-	-	-	-
NK_H4_026	SHV	p.Leu35Gln	Protein variant detected	penicillin beta-lactam	NK_H4_026__chr	5251343	2653960	2654821	861	0	861	99.88%	100.00%	ARO:3000008	+	Kleborate	3.2.4	CARD	3.2.9	-	-	-	-	-	-	-	-	-	-	-	-
NK_H5_010	SHV-1	-	Gene presence detected	penicillin beta-lactam	NK_H5_010__chr	5205856	2690728	2691589	861	0	861	99.88%	100.00%	ARO:3000008	+	Kleborate	3.2.4	CARD	3.2.9	-	-	-	-	-	-	-	-	-	-	-	-
NK_H5_014	SHV-82	-	Gene presence detected	penicillin beta-lactam	NK_H5_014__chr	5282817	2744607	2745468	861	0	861	99.77%	100.00%	ARO:3000008	+	Kleborate	3.2.4	CARD	3.2.9	-	-	-	-	-	-	-	-	-	-	-	-
NK_H5_014	SHV	p.Leu35Gln	Protein variant detected	penicillin beta-lactam	NK_H5_014__chr	5282817	2744607	2745468	861	0	861	99.77%	100.00%	ARO:3000008	+	Kleborate	3.2.4	CARD	3.2.9	-	-	-	-	-	-	-	-	-	-	-	-
NK_H5_016	SHV-1	-	Gene presence detected	penicillin beta-lactam	NK_H5_016__chr	5180478	2621049	2621910	861	0	861	99.88%	100.00%	ARO:3000008	+	Kleborate	3.2.4	CARD	3.2.9	-	-	-	-	-	-	-	-	-	-	-	-
NK_H5_031	strB.v1	-	Gene presence detected	aminoglycoside antibiotic	NK_H5_031__pl_2	110090	90297	91134	837	0	837	99.88%	100.00%	ARO:0000016	+	Kleborate	3.2.4	CARD	3.2.9	-	-	-	-	-	-	-	-	-	-	-	-
NK_H5_031	strA.v1	-	Gene presence detected	aminoglycoside antibiotic	NK_H5_031__pl_2	110090	89494	90298	804	0	804	99.88%	100.00%	ARO:0000016	+	Kleborate	3.2.4	CARD	3.2.9	-	-	-	-	-	-	-	-	-	-	-	-
NK_H5_031	qnrB1.v2	-	Gene presence detected	Fluoroquinolone antibiotic	NK_H5_031__pl_2	110090	1393	2073	681	0	681	99.85%	100.00%	ARO:0000001	+	Kleborate	3.2.4	CARD	3.2.9	-	-	-	-	-	-	-	-	-	-	-	-
NK_H5_031	sul2	-	Gene presence detected	sulfonamide antibiotic	NK_H5_031__pl_2	110090	88618	89434	816	0	816	100.00%	100.00%	ARO:3000282	+	Kleborate	3.2.4	CARD	3.2.9	-	-	-	-	-	-	-	-	-	-	-	-
NK_H5_031	dfrA14.v2	-	Gene presence detected	Diaminopyrimidine antibiotic	NK_H5_031__pl_2	110090	106253	106736	483	0	483	99.79%	100.00%	ARO:3000171	-	Kleborate	3.2.4	CARD	3.2.9	-	-	-	-	-	-	-	-	-	-	-	-
NK_H5_031	CTX-M-15	-	Gene presence detected	third-generation cephalosporin	NK_H5_031__pl_2	110090	95536	96412	876	0	876	100.00%	100.00%	ARO:3009107	+	Kleborate	3.2.4	CARD	3.2.9	-	-	-	-	-	-	-	-	-	-	-	-
NK_H5_031	SHV-11	-	Gene presence detected	penicillin beta-lactam	NK_H5_031__chr	5264305	2786050	2786911	861	0	861	100.00%	100.00%	ARO:3000008	+	Kleborate	3.2.4	CARD	3.2.9	-	-	-	-	-	-	-	-	-	-	-	-
NK_H5_031	SHV	p.Leu35Gln	Protein variant detected	penicillin beta-lactam	NK_H5_031__chr	5264305	2786050	2786911	861	0	861	100.00%	100.00%	ARO:3000008	+	Kleborate	3.2.4	CARD	3.2.9	-	-	-	-	-	-	-	-	-	-	-	-
NK_H7_005	SHV-36	-	Gene presence detected	penicillin beta-lactam	NK_H7_005__chr	5363799	2789357	2790218	861	0	861	100.00%	100.00%	ARO:3000008	+	Kleborate	3.2.4	CARD	3.2.9	-	-	-	-	-	-	-	-	-	-	-	-
NK_H7_005	SHV	p.Leu35Gln	Protein variant detected	penicillin beta-lactam	NK_H7_005__chr	5363799	2789357	2790218	861	0	861	100.00%	100.00%	ARO:3000008	+	Kleborate	3.2.4	CARD	3.2.9	-	-	-	-	-	-	-	-	-	-	-	-
NK_H7_010	aac(3)-IIa.v1	-	Gene presence detected	aminoglycoside antibiotic	NK_H7_010__pl_1	195930	105292	106153	861	0	861	99.77%	100.00%	ARO:0000016	-	Kleborate	3.2.4	CARD	3.2.9	-	-	-	-	-	-	-	-	-	-	-	-
NK_H7_010	strB.v1	-	Gene presence detected	aminoglycoside antibiotic	NK_H7_010__pl_1	195930	141315	142152	837	0	837	100.00%	100.00%	ARO:0000016	-	Kleborate	3.2.4	CARD	3.2.9	-	-	-	-	-	-	-	-	-	-	-	-
NK_H7_010	strA.v1	-	Gene presence detected	aminoglycoside antibiotic	NK_H7_010__pl_1	195930	142151	142955	804	0	804	99.88%	100.00%	ARO:0000016	-	Kleborate	3.2.4	CARD	3.2.9	-	-	-	-	-	-	-	-	-	-	-	-
NK_H7_010	aac(6)-Ib-cr.v2	-	Gene presence detected	aminoglycoside antibiotic	NK_H7_010__pl_1	195930	121270	121870	600	0	600	100.00%	100.00%	ARO:0000016	+	Kleborate	3.2.4	CARD	3.2.9	-	-	-	-	-	-	-	-	-	-	-	-
NK_H7_010	qnrB1.v2	-	Gene presence detected	Fluoroquinolone antibiotic	NK_H7_010__pl_1	195930	107744	108424	681	0	681	99.85%	100.00%	ARO:0000001	-	Kleborate	3.2.4	CARD	3.2.9	-	-	-	-	-	-	-	-	-	-	-	-
NK_H7_010	aac(6)-Ib-cr.v2	-	Gene presence detected	Fluoroquinolone antibiotic	NK_H7_010__pl_1	195930	121270	121870	600	0	600	100.00%	100.00%	ARO:0000016	+	Kleborate	3.2.4	CARD	3.2.9	-	-	-	-	-	-	-	-	-	-	-	-
NK_H7_010	sul2	-	Gene presence detected	sulfonamide antibiotic	NK_H7_010__pl_1	195930	143015	143831	816	0	816	100.00%	100.00%	ARO:3000282	-	Kleborate	3.2.4	CARD	3.2.9	-	-	-	-	-	-	-	-	-	-	-	-
NK_H7_010	tet(A).v1	-	Gene presence detected	Tetracycline antibiotic	NK_H7_010__pl_1	195930	116616	117891	1275	0	1275	100.00%	100.00%	ARO:3000050	-	Kleborate	3.2.4	CARD	3.2.9	-	-	-	-	-	-	-	-	-	-	-	-
NK_H7_010	dfrA14.v2	-	Gene presence detected	Diaminopyrimidine antibiotic	NK_H7_010__pl_1	195930	125872	126355	483	0	483	99.79%	100.00%	ARO:3000171	+	Kleborate	3.2.4	CARD	3.2.9	-	-	-	-	-	-	-	-	-	-	-	-
NK_H7_010	OXA-1	-	Gene presence detected	penicillin beta-lactam	NK_H7_010__pl_1	195930	122000	122831	831	0	831	100.00%	100.00%	ARO:3000008	+	Kleborate	3.2.4	CARD	3.2.9	-	-	-	-	-	-	-	-	-	-	-	-
NK_H7_010	CTX-M-15	-	Gene presence detected	third-generation cephalosporin	NK_H7_010__pl_1	195930	134971	135847	876	0	876	100.00%	100.00%	ARO:3009107	-	Kleborate	3.2.4	CARD	3.2.9	-	-	-	-	-	-	-	-	-	-	-	-
NK_H7_010	OXA-48	-	Gene presence detected	carbapenem	NK_H7_010__pl_2	63565	61252	62050	798	0	798	100.00%	100.00%	ARO:0000020	+	Kleborate	3.2.4	CARD	3.2.9	-	-	-	-	-	-	-	-	-	-	-	-
NK_H7_010	SHV-11	-	Gene presence detected	penicillin beta-lactam	NK_H7_010__chr	5392332	2765665	2766526	861	0	861	99.77%	100.00%	ARO:3000008	+	Kleborate	3.2.4	CARD	3.2.9	-	-	-	-	-	-	-	-	-	-	-	-
NK_H7_010	catB3.v1	-	Gene presence detected	phenicol antibiotic	NK_H7_010__pl_1	195930	122968	123410	633	0	442	100.00%	69.83%	ARO:3000387	+	Kleborate	3.2.4	CARD	3.2.9	-	-	-	-	-	-	-	-	-	-	-	-
NK_H7_010	SHV	p.Leu35Gln	Protein variant detected	penicillin beta-lactam	NK_H7_010__chr	5392332	2765665	2766526	861	0	861	99.77%	100.00%	ARO:3000008	+	Kleborate	3.2.4	CARD	3.2.9	-	-	-	-	-	-	-	-	-	-	-	-
NK_H7_010	GyrA	p.Ser83Ile	Protein variant detected	fluoroquinolone antibiotic	NK_H7_010__chr	5392332	1584037	1584397	360	0	360	99.44%	100.00%	ARO:0000001	+	Kleborate	3.2.4	CARD	3.2.9	-	-	-	-	-	-	-	-	-	-	-	-
NK_H7_010	ParC	p.Ser80Ile	Protein variant detected	fluoroquinolone antibiotic	NK_H7_010__chr	5392332	729402	729762	360	0	360	99.44%	100.00%	ARO:0000001	+	Kleborate	3.2.4	CARD	3.2.9	-	-	-	-	-	-	-	-	-	-	-	-
NK_H8_002	SHV-1	-	Gene presence detected	penicillin beta-lactam	NK_H8_002__chr	5206013	2690886	2691747	861	0	861	99.88%	100.00%	ARO:3000008	+	Kleborate	3.2.4	CARD	3.2.9	-	-	-	-	-	-	-	-	-	-	-	-
NK_H8_008	SHV-1	-	Gene presence detected	penicillin beta-lactam	NK_H8_008__chr	5385121	2753914	2754781	867	0	867	99.54%	100.00%	ARO:3000008	+	Kleborate	3.2.4	CARD	3.2.9	-	-	-	-	-	-	-	-	-	-	-	-
NK_H8_011	SHV-1	-	Gene presence detected	penicillin beta-lactam	NK_H8_011__chr	5651566	2962649	2963510	861	0	861	99.88%	100.00%	ARO:3000008	+	Kleborate	3.2.4	CARD	3.2.9	-	-	-	-	-	-	-	-	-	-	-	-
NK_H8_011	fosA7.5	-	Gene presence detected	phosphonic acid antibiotic	NK_H8_011__chr	5651566	5014680	5014958	423	144	423	93.57%	65.96%	ARO:3007149	-	Kleborate	3.2.4	CARD	3.2.9	-	-	-	-	-	-	-	-	-	-	-	-
NK_H8_022	SHV-1	-	Gene presence detected	penicillin beta-lactam	NK_H8_022__chr	5205843	2690715	2691576	861	0	861	99.88%	100.00%	ARO:3000008	+	Kleborate	3.2.4	CARD	3.2.9	-	-	-	-	-	-	-	-	-	-	-	-
NK_H8_044	SHV-33	-	Gene presence detected	penicillin beta-lactam	NK_H8_044__chr	5314985	2718804	2719665	861	0	861	100.00%	100.00%	ARO:3000008	+	Kleborate	3.2.4	CARD	3.2.9	-	-	-	-	-	-	-	-	-	-	-	-
NK_H8_045	sul1	-	Gene presence detected	sulfonamide antibiotic	NK_H8_045__pl_2	105646	8939	9779	840	0	840	100.00%	100.00%	ARO:3000282	-	Kleborate	3.2.4	CARD	3.2.9	-	-	-	-	-	-	-	-	-	-	-	-
NK_H8_045	tet(D)	-	Gene presence detected	Tetracycline antibiotic	NK_H8_045__pl_2	105646	102218	103403	1185	0	1185	100.00%	100.00%	ARO:3000050	+	Kleborate	3.2.4	CARD	3.2.9	-	-	-	-	-	-	-	-	-	-	-	-
NK_H8_045	dfrA5	-	Gene presence detected	Diaminopyrimidine antibiotic	NK_H8_045__pl_2	105646	10303	10777	474	0	474	100.00%	100.00%	ARO:3000171	-	Kleborate	3.2.4	CARD	3.2.9	-	-	-	-	-	-	-	-	-	-	-	-
NK_H8_045	LEN-32	-	Gene presence detected	penicillin beta-lactam	NK_H8_045__chr	5377873	2698133	2698994	861	0	861	99.88%	100.00%	ARO:3000008	+	Kleborate	3.2.4	CARD	3.2.9	-	-	-	-	-	-	-	-	-	-	-	-
NK_H8_045	OmpK36	p.Ala183fs	Inactivating mutation detected	-	NK_H8_045__chr	5377873	1543498	1544590	1104	0	1104	94.66%	98.91%	-	+	Kleborate	3.2.4	CARD	3.2.9	-	-	-	-	-	-	-	-	-	-	-	-
NK_H8_052	SHV-236	-	Gene presence detected	penicillin beta-lactam	NK_H8_052__chr	5208194	2675397	2676258	861	0	861	100.00%	100.00%	ARO:3000008	+	Kleborate	3.2.4	CARD	3.2.9	-	-	-	-	-	-	-	-	-	-	-	-
NK_H8_052	SHV	p.Leu35Gln	Protein variant detected	penicillin beta-lactam	NK_H8_052__chr	5208194	2675397	2676258	861	0	861	100.00%	100.00%	ARO:3000008	+	Kleborate	3.2.4	CARD	3.2.9	-	-	-	-	-	-	-	-	-	-	-	-
NK_H8_052	SHV	p.Arg178His	Protein variant detected	penicillin beta-lactam	NK_H8_052__chr	5208194	2675397	2676258	861	0	861	100.00%	100.00%	ARO:3000008	+	Kleborate	3.2.4	CARD	3.2.9	-	-	-	-	-	-	-	-	-	-	-	-
NK_H8_052	omega	omega-loop=RWETELNEALPGDAHD	Protein variant detected	penicillin beta-lactam	-	-	-	-	-	-	-	-	-	ARO:3000008	-	Kleborate	3.2.4	CARD	3.2.9	-	-	-	-	-	-	-	-	-	-	-	-
NK_H8_057	SHV-1	-	Gene presence detected	penicillin beta-lactam	NK_H8_057__chr	5236282	2721153	2722014	861	0	861	99.88%	100.00%	ARO:3000008	+	Kleborate	3.2.4	CARD	3.2.9	-	-	-	-	-	-	-	-	-	-	-	-
NK_H8_060	SHV-11	-	Gene presence detected	penicillin beta-lactam	NK_H8_060__chr	5358531	2692994	2693855	861	0	861	99.88%	100.00%	ARO:3000008	+	Kleborate	3.2.4	CARD	3.2.9	-	-	-	-	-	-	-	-	-	-	-	-
NK_H8_060	SHV	p.Leu35Gln	Protein variant detected	penicillin beta-lactam	NK_H8_060__chr	5358531	2692994	2693855	861	0	861	99.88%	100.00%	ARO:3000008	+	Kleborate	3.2.4	CARD	3.2.9	-	-	-	-	-	-	-	-	-	-	-	-
NK_H8_070	SHV-11	-	Gene presence detected	penicillin beta-lactam	NK_H8_070__chr	5321250	2801369	2802230	861	0	861	99.88%	100.00%	ARO:3000008	+	Kleborate	3.2.4	CARD	3.2.9	-	-	-	-	-	-	-	-	-	-	-	-
NK_H8_070	SHV	p.Leu35Gln	Protein variant detected	penicillin beta-lactam	NK_H8_070__chr	5321250	2801369	2802230	861	0	861	99.88%	100.00%	ARO:3000008	+	Kleborate	3.2.4	CARD	3.2.9	-	-	-	-	-	-	-	-	-	-	-	-
NK_H8_077	strB.v1	-	Gene presence detected	aminoglycoside antibiotic	NK_H8_077__pl_1	177265	93334	94171	837	0	837	100.00%	100.00%	ARO:0000016	+	Kleborate	3.2.4	CARD	3.2.9	-	-	-	-	-	-	-	-	-	-	-	-
NK_H8_077	strA.v1	-	Gene presence detected	aminoglycoside antibiotic	NK_H8_077__pl_1	177265	92531	93335	804	0	804	99.88%	100.00%	ARO:0000016	+	Kleborate	3.2.4	CARD	3.2.9	-	-	-	-	-	-	-	-	-	-	-	-
NK_H8_077	sul2	-	Gene presence detected	sulfonamide antibiotic	NK_H8_077__pl_1	177265	91655	92471	816	0	816	100.00%	100.00%	ARO:3000282	+	Kleborate	3.2.4	CARD	3.2.9	-	-	-	-	-	-	-	-	-	-	-	-
NK_H8_077	dfrA14.v2	-	Gene presence detected	Diaminopyrimidine antibiotic	NK_H8_077__pl_1	177265	81266	81749	483	0	483	99.79%	100.00%	ARO:3000171	+	Kleborate	3.2.4	CARD	3.2.9	-	-	-	-	-	-	-	-	-	-	-	-
NK_H8_077	SHV-1	-	Gene presence detected	penicillin beta-lactam	NK_H8_077__chr	5245059	2578965	2579826	861	0	861	99.88%	100.00%	ARO:3000008	+	Kleborate	3.2.4	CARD	3.2.9	-	-	-	-	-	-	-	-	-	-	-	-
NK_H8_083	strB.v1	-	Gene presence detected	aminoglycoside antibiotic	NK_H8_083__pl_1	226590	64151	64988	837	0	837	100.00%	100.00%	ARO:0000016	+	Kleborate	3.2.4	CARD	3.2.9	-	-	-	-	-	-	-	-	-	-	-	-
NK_H8_083	strA.v1	-	Gene presence detected	aminoglycoside antibiotic	NK_H8_083__pl_1	226590	63348	64152	804	0	804	99.88%	100.00%	ARO:0000016	+	Kleborate	3.2.4	CARD	3.2.9	-	-	-	-	-	-	-	-	-	-	-	-
NK_H8_083	qnrB1.v2	-	Gene presence detected	Fluoroquinolone antibiotic	NK_H8_083__pl_1	226590	48072	48754	681	0	681	99.85%	100.00%	ARO:0000001	-	Kleborate	3.2.4	CARD	3.2.9	-	-	-	-	-	-	-	-	-	-	-	-
NK_H8_083	sul2	-	Gene presence detected	sulfonamide antibiotic	NK_H8_083__pl_1	226590	62472	63288	816	0	816	99.63%	100.00%	ARO:3000282	+	Kleborate	3.2.4	CARD	3.2.9	-	-	-	-	-	-	-	-	-	-	-	-
NK_H8_083	dfrA14.v2	-	Gene presence detected	Diaminopyrimidine antibiotic	NK_H8_083__pl_1	226590	43999	44482	483	0	483	99.79%	100.00%	ARO:3000171	+	Kleborate	3.2.4	CARD	3.2.9	-	-	-	-	-	-	-	-	-	-	-	-
NK_H8_083	CTX-M-15	-	Gene presence detected	third-generation cephalosporin	NK_H8_083__pl_1	226590	56277	57153	876	0	876	100.00%	100.00%	ARO:3009107	+	Kleborate	3.2.4	CARD	3.2.9	-	-	-	-	-	-	-	-	-	-	-	-
NK_H8_083	SHV-27	-	Gene presence detected	penicillin beta-lactam	NK_H8_083__chr	5285017	2706686	2707547	861	0	861	100.00%	100.00%	ARO:3000008	+	Kleborate	3.2.4	CARD	3.2.9	-	-	-	-	-	-	-	-	-	-	-	-
NK_H8_083	SHV	p.Gly156Asp	Protein variant detected	penicillin beta-lactam	NK_H8_083__chr	5285017	2706686	2707547	861	0	861	100.00%	100.00%	ARO:3000008	+	Kleborate	3.2.4	CARD	3.2.9	-	-	-	-	-	-	-	-	-	-	-	-
NK_H8_100	SHV-36	-	Gene presence detected	penicillin beta-lactam	NK_H8_100__chr	5254514	2383256	2384117	861	0	861	100.00%	100.00%	ARO:3000008	-	Kleborate	3.2.4	CARD	3.2.9	-	-	-	-	-	-	-	-	-	-	-	-
NK_H8_100	SHV	p.Leu35Gln	Protein variant detected	penicillin beta-lactam	NK_H8_100__chr	5254514	2383256	2384117	861	0	861	100.00%	100.00%	ARO:3000008	-	Kleborate	3.2.4	CARD	3.2.9	-	-	-	-	-	-	-	-	-	-	-	-
NK_H8_111	SHV-1	-	Gene presence detected	penicillin beta-lactam	NK_H8_111__chr	5205857	2690729	2691590	861	0	861	99.88%	100.00%	ARO:3000008	+	Kleborate	3.2.4	CARD	3.2.9	-	-	-	-	-	-	-	-	-	-	-	-
NK_H8_111	GyrA	p.Ser83Phe	Protein variant detected	fluoroquinolone antibiotic	NK_H8_111__chr	5205857	1539730	1540090	360	0	360	99.72%	100.00%	ARO:0000001	+	Kleborate	3.2.4	CARD	3.2.9	-	-	-	-	-	-	-	-	-	-	-	-
NK_H8_114	strB.v1	-	Gene presence detected	aminoglycoside antibiotic	NK_H8_114__pl_1	186088	178986	179823	837	0	837	100.00%	100.00%	ARO:0000016	-	Kleborate	3.2.4	CARD	3.2.9	-	-	-	-	-	-	-	-	-	-	-	-
NK_H8_114	strA.v1	-	Gene presence detected	aminoglycoside antibiotic	NK_H8_114__pl_1	186088	179822	180626	804	0	804	99.88%	100.00%	ARO:0000016	-	Kleborate	3.2.4	CARD	3.2.9	-	-	-	-	-	-	-	-	-	-	-	-
NK_H8_114	aph3-Ia.v1	-	Gene presence detected	aminoglycoside antibiotic	NK_H8_114__pl_1	186088	154086	154902	816	0	816	98.90%	100.00%	ARO:0000016	+	Kleborate	3.2.4	CARD	3.2.9	-	-	-	-	-	-	-	-	-	-	-	-
NK_H8_114	sul1	-	Gene presence detected	sulfonamide antibiotic	NK_H8_114__pl_1	186088	152902	153742	840	0	840	99.88%	100.00%	ARO:3000282	+	Kleborate	3.2.4	CARD	3.2.9	-	-	-	-	-	-	-	-	-	-	-	-
NK_H8_114	sul2	-	Gene presence detected	sulfonamide antibiotic	NK_H8_114__pl_1	186088	180686	181502	816	0	816	100.00%	100.00%	ARO:3000282	-	Kleborate	3.2.4	CARD	3.2.9	-	-	-	-	-	-	-	-	-	-	-	-
NK_H8_114	tet(D)	-	Gene presence detected	Tetracycline antibiotic	NK_H8_114__pl_1	186088	170968	172153	1185	0	1185	100.00%	100.00%	ARO:3000050	-	Kleborate	3.2.4	CARD	3.2.9	-	-	-	-	-	-	-	-	-	-	-	-
NK_H8_114	dfrA14.v2	-	Gene presence detected	Diaminopyrimidine antibiotic	NK_H8_114__pl_1	186088	158253	158736	483	0	483	99.79%	100.00%	ARO:3000171	+	Kleborate	3.2.4	CARD	3.2.9	-	-	-	-	-	-	-	-	-	-	-	-
NK_H8_114	SHV-11	-	Gene presence detected	penicillin beta-lactam	NK_H8_114__chr	5193081	2695803	2696664	861	0	861	99.88%	100.00%	ARO:3000008	+	Kleborate	3.2.4	CARD	3.2.9	-	-	-	-	-	-	-	-	-	-	-	-
NK_H8_114	SHV	p.Leu35Gln	Protein variant detected	penicillin beta-lactam	NK_H8_114__chr	5193081	2695803	2696664	861	0	861	99.88%	100.00%	ARO:3000008	+	Kleborate	3.2.4	CARD	3.2.9	-	-	-	-	-	-	-	-	-	-	-	-
NK_H8_118	SHV-11	-	Gene presence detected	penicillin beta-lactam	NK_H8_118__chr	5103307	2583296	2584157	861	0	861	99.77%	100.00%	ARO:3000008	+	Kleborate	3.2.4	CARD	3.2.9	-	-	-	-	-	-	-	-	-	-	-	-
NK_H8_118	SHV	p.Leu35Gln	Protein variant detected	penicillin beta-lactam	NK_H8_118__chr	5103307	2583296	2584157	861	0	861	99.77%	100.00%	ARO:3000008	+	Kleborate	3.2.4	CARD	3.2.9	-	-	-	-	-	-	-	-	-	-	-	-
NK_H8_121	SHV-187	-	Gene presence detected	penicillin beta-lactam	NK_H8_121__chr	5117799	2592317	2593184	867	0	867	100.00%	100.00%	ARO:3000008	+	Kleborate	3.2.4	CARD	3.2.9	-	-	-	-	-	-	-	-	-	-	-	-
NK_H9_001	sul1	-	Gene presence detected	sulfonamide antibiotic	NK_H9_001__pl_1	205268	203275	204115	840	0	840	100.00%	100.00%	ARO:3000282	-	Kleborate	3.2.4	CARD	3.2.9	-	-	-	-	-	-	-	-	-	-	-	-
NK_H9_001	sul2	-	Gene presence detected	sulfonamide antibiotic	NK_H9_001__pl_1	205268	184236	185052	816	0	816	100.00%	100.00%	ARO:3000282	+	Kleborate	3.2.4	CARD	3.2.9	-	-	-	-	-	-	-	-	-	-	-	-
NK_H9_001	tet(D)	-	Gene presence detected	Tetracycline antibiotic	NK_H9_001__pl_1	205268	190908	192093	1185	0	1185	100.00%	100.00%	ARO:3000050	+	Kleborate	3.2.4	CARD	3.2.9	-	-	-	-	-	-	-	-	-	-	-	-
NK_H9_001	dfrA5	-	Gene presence detected	Diaminopyrimidine antibiotic	NK_H9_001__pl_1	205268	204639	205113	474	0	474	99.79%	100.00%	ARO:3000171	-	Kleborate	3.2.4	CARD	3.2.9	-	-	-	-	-	-	-	-	-	-	-	-
NK_H9_001	SHV-101	-	Gene presence detected	penicillin beta-lactam	NK_H9_001__chr	5255444	2794985	2795846	861	0	861	99.77%	100.00%	ARO:3000008	+	Kleborate	3.2.4	CARD	3.2.9	-	-	-	-	-	-	-	-	-	-	-	-
NK_H9_003	strB.v1	-	Gene presence detected	aminoglycoside antibiotic	NK_H9_003__pl_1	158414	24928	25765	837	0	837	100.00%	100.00%	ARO:0000016	+	Kleborate	3.2.4	CARD	3.2.9	-	-	-	-	-	-	-	-	-	-	-	-
NK_H9_003	strA.v1	-	Gene presence detected	aminoglycoside antibiotic	NK_H9_003__pl_1	158414	24125	24929	804	0	804	99.88%	100.00%	ARO:0000016	+	Kleborate	3.2.4	CARD	3.2.9	-	-	-	-	-	-	-	-	-	-	-	-
NK_H9_003	aadA2	-	Gene presence detected	aminoglycoside antibiotic	NK_H9_003__pl_1	158414	35336	36116	780	0	780	99.87%	100.00%	ARO:0000016	-	Kleborate	3.2.4	CARD	3.2.9	-	-	-	-	-	-	-	-	-	-	-	-
NK_H9_003	sul1	-	Gene presence detected	sulfonamide antibiotic	NK_H9_003__pl_1	158414	33992	34832	840	0	840	100.00%	100.00%	ARO:3000282	-	Kleborate	3.2.4	CARD	3.2.9	-	-	-	-	-	-	-	-	-	-	-	-
NK_H9_003	dfrA12	-	Gene presence detected	Diaminopyrimidine antibiotic	NK_H9_003__pl_1	158414	36535	37033	498	0	498	100.00%	100.00%	ARO:3000171	-	Kleborate	3.2.4	CARD	3.2.9	-	-	-	-	-	-	-	-	-	-	-	-
NK_H9_003	SHV-27	-	Gene presence detected	penicillin beta-lactam	NK_H9_003__chr	5168120	2931385	2932246	861	0	861	99.54%	100.00%	ARO:3000008	-	Kleborate	3.2.4	CARD	3.2.9	-	-	-	-	-	-	-	-	-	-	-	-
NK_H9_003	SHV	p.Gly156Asp	Protein variant detected	penicillin beta-lactam	NK_H9_003__chr	5168120	2931385	2932246	861	0	861	99.54%	100.00%	ARO:3000008	-	Kleborate	3.2.4	CARD	3.2.9	-	-	-	-	-	-	-	-	-	-	-	-
NK_H9_006	SHV-11	-	Gene presence detected	penicillin beta-lactam	NK_H9_006__chr	5266415	2693136	2693997	861	0	861	99.88%	100.00%	ARO:3000008	+	Kleborate	3.2.4	CARD	3.2.9	-	-	-	-	-	-	-	-	-	-	-	-
NK_H9_006	SHV	p.Leu35Gln	Protein variant detected	penicillin beta-lactam	NK_H9_006__chr	5266415	2693136	2693997	861	0	861	99.88%	100.00%	ARO:3000008	+	Kleborate	3.2.4	CARD	3.2.9	-	-	-	-	-	-	-	-	-	-	-	-
T7-007	SHV-36	-	Gene presence detected	penicillin beta-lactam	T7-007__chr	5322703	2782130	2782991	861	0	861	100.00%	100.00%	ARO:3000008	+	Kleborate	3.2.4	CARD	3.2.9	-	-	-	-	-	-	-	-	-	-	-	-
T7-007	SHV	p.Leu35Gln	Protein variant detected	penicillin beta-lactam	T7-007__chr	5322703	2782130	2782991	861	0	861	100.00%	100.00%	ARO:3000008	+	Kleborate	3.2.4	CARD	3.2.9	-	-	-	-	-	-	-	-	-	-	-	-
T7-010	SHV-14	-	Gene presence detected	penicillin beta-lactam	T7-010__chr	5291837	2743641	2744502	861	0	861	99.88%	100.00%	ARO:3000008	+	Kleborate	3.2.4	CARD	3.2.9	-	-	-	-	-	-	-	-	-	-	-	-
T7-011	SHV-1	-	Gene presence detected	penicillin beta-lactam	T7-011__chr	5236094	2657305	2658172	867	0	867	99.65%	100.00%	ARO:3000008	+	Kleborate	3.2.4	CARD	3.2.9	-	-	-	-	-	-	-	-	-	-	-	-
T7-012	SHV-187	-	Gene presence detected	penicillin beta-lactam	T7-012__chr	5232209	2702437	2703304	867	0	867	100.00%	100.00%	ARO:3000008	+	Kleborate	3.2.4	CARD	3.2.9	-	-	-	-	-	-	-	-	-	-	-	-
T7-013	tet(D)	-	Gene presence detected	Tetracycline antibiotic	T7-013__pl_1	146375	137270	138455	1185	0	1185	100.00%	100.00%	ARO:3000050	+	Kleborate	3.2.4	CARD	3.2.9	-	-	-	-	-	-	-	-	-	-	-	-
T7-013	SHV-1	-	Gene presence detected	penicillin beta-lactam	T7-013__chr	5334972	2811437	2812298	861	0	861	100.00%	100.00%	ARO:3000008	+	Kleborate	3.2.4	CARD	3.2.9	-	-	-	-	-	-	-	-	-	-	-	-
T7-013	SHV-1	-	Gene presence detected	penicillin beta-lactam	T7-013__chr	5334972	2811437	2812298	861	0	861	100.00%	100.00%	ARO:3000008	+	Kleborate	3.2.4	CARD	3.2.9	-	-	-	-	-	-	-	-	-	-	-	-
T7-019	SHV-36	-	Gene presence detected	penicillin beta-lactam	T7-019__chr	5304930	2786508	2787369	861	0	861	100.00%	100.00%	ARO:3000008	+	Kleborate	3.2.4	CARD	3.2.9	-	-	-	-	-	-	-	-	-	-	-	-
T7-019	SHV	p.Leu35Gln	Protein variant detected	penicillin beta-lactam	T7-019__chr	5304930	2786508	2787369	861	0	861	100.00%	100.00%	ARO:3000008	+	Kleborate	3.2.4	CARD	3.2.9	-	-	-	-	-	-	-	-	-	-	-	-
T7-020	SHV-11	-	Gene presence detected	penicillin beta-lactam	T7-020__chr	5155737	2608006	2608867	861	0	861	99.77%	100.00%	ARO:3000008	+	Kleborate	3.2.4	CARD	3.2.9	-	-	-	-	-	-	-	-	-	-	-	-
T7-020	SHV	p.Leu35Gln	Protein variant detected	penicillin beta-lactam	T7-020__chr	5155737	2608006	2608867	861	0	861	99.77%	100.00%	ARO:3000008	+	Kleborate	3.2.4	CARD	3.2.9	-	-	-	-	-	-	-	-	-	-	-	-
T7-032	LEN-13	-	Gene presence detected	penicillin beta-lactam	T7-032__chr	5726353	2894874	2895735	861	0	861	100.00%	100.00%	ARO:3000008	+	Kleborate	3.2.4	CARD	3.2.9	-	-	-	-	-	-	-	-	-	-	-	-
T7-032	OmpK36	p.Ala183fs	Inactivating mutation detected	-	T7-032__chr	5726353	1574394	1575486	1104	0	1104	94.75%	98.91%	-	+	Kleborate	3.2.4	CARD	3.2.9	-	-	-	-	-	-	-	-	-	-	-	-
T7-034	SHV-11	-	Gene presence detected	penicillin beta-lactam	T7-034__chr	5239792	2713827	2714688	861	0	861	99.77%	100.00%	ARO:3000008	+	Kleborate	3.2.4	CARD	3.2.9	-	-	-	-	-	-	-	-	-	-	-	-
T7-034	SHV	p.Leu35Gln	Protein variant detected	penicillin beta-lactam	T7-034__chr	5239792	2713827	2714688	861	0	861	99.77%	100.00%	ARO:3000008	+	Kleborate	3.2.4	CARD	3.2.9	-	-	-	-	-	-	-	-	-	-	-	-
T7-036	SHV-27	-	Gene presence detected	penicillin beta-lactam	T7-036__chr	5217570	2786110	2786971	861	0	861	100.00%	100.00%	ARO:3000008	-	Kleborate	3.2.4	CARD	3.2.9	-	-	-	-	-	-	-	-	-	-	-	-
T7-036	SHV	p.Gly156Asp	Protein variant detected	penicillin beta-lactam	T7-036__chr	5217570	2786110	2786971	861	0	861	100.00%	100.00%	ARO:3000008	-	Kleborate	3.2.4	CARD	3.2.9	-	-	-	-	-	-	-	-	-	-	-	-
T7-050	LEN-22	-	Gene presence detected	penicillin beta-lactam	T7-050__chr	5443536	2777513	2778374	861	0	861	100.00%	100.00%	ARO:3000008	+	Kleborate	3.2.4	CARD	3.2.9	-	-	-	-	-	-	-	-	-	-	-	-
T7-051	SHV-28	-	Gene presence detected	penicillin beta-lactam	T7-051__chr	5356756	2723535	2724396	861	0	861	99.88%	100.00%	ARO:3000008	+	Kleborate	3.2.4	CARD	3.2.9	-	-	-	-	-	-	-	-	-	-	-	-
T7-072	fosA7	-	Gene presence detected	phosphonic acid antibiotic	T7-072__chr	5228191	4575828	4576251	423	0	423	94.09%	100.00%	ARO:3007149	-	Kleborate	3.2.4	CARD	3.2.9	-	-	-	-	-	-	-	-	-	-	-	-
T7-072	OKP-A-1	-	Gene presence detected	penicillin beta-lactam	T7-072__chr	5228191	2704681	2705542	861	0	861	99.65%	100.00%	ARO:3000008	+	Kleborate	3.2.4	CARD	3.2.9	-	-	-	-	-	-	-	-	-	-	-	-
T7-072	OmpK36	p.Ala183fs	Inactivating mutation detected	-	T7-072__chr	5228191	1549659	1550751	1104	0	1104	95.11%	98.91%	-	+	Kleborate	3.2.4	CARD	3.2.9	-	-	-	-	-	-	-	-	-	-	-	-
T7-078	SHV-11	-	Gene presence detected	penicillin beta-lactam	T7-078__chr	5388008	2758643	2759504	861	0	861	99.77%	100.00%	ARO:3000008	+	Kleborate	3.2.4	CARD	3.2.9	-	-	-	-	-	-	-	-	-	-	-	-
T7-078	SHV	p.Leu35Gln	Protein variant detected	penicillin beta-lactam	T7-078__chr	5388008	2758643	2759504	861	0	861	99.77%	100.00%	ARO:3000008	+	Kleborate	3.2.4	CARD	3.2.9	-	-	-	-	-	-	-	-	-	-	-	-
T7-085	SHV-26	-	Gene presence detected	penicillin beta-lactam	T7-085__chr	5185382	2634400	2635261	861	0	861	100.00%	100.00%	ARO:3000008	+	Kleborate	3.2.4	CARD	3.2.9	-	-	-	-	-	-	-	-	-	-	-	-
T7-089	OKP-A-3	-	Gene presence detected	penicillin beta-lactam	T7-089__chr	5383960	2778669	2779530	861	0	861	99.54%	100.00%	ARO:3000008	+	Kleborate	3.2.4	CARD	3.2.9	-	-	-	-	-	-	-	-	-	-	-	-
T7-089	fosA7	-	Gene presence detected	phosphonic acid antibiotic	T7-089__chr	5383960	4764753	4765032	423	144	423	90.32%	65.96%	ARO:3007149	-	Kleborate	3.2.4	CARD	3.2.9	-	-	-	-	-	-	-	-	-	-	-	-
T7-096	SHV-11	-	Gene presence detected	penicillin beta-lactam	T7-096__chr	5359616	2743372	2744233	861	0	861	99.88%	100.00%	ARO:3000008	+	Kleborate	3.2.4	CARD	3.2.9	-	-	-	-	-	-	-	-	-	-	-	-
T7-096	SHV	p.Leu35Gln	Protein variant detected	penicillin beta-lactam	T7-096__chr	5359616	2743372	2744233	861	0	861	99.88%	100.00%	ARO:3000008	+	Kleborate	3.2.4	CARD	3.2.9	-	-	-	-	-	-	-	-	-	-	-	-
T7-097	SHV-1	-	Gene presence detected	penicillin beta-lactam	T7-097__chr	5438195	2700043	2700910	867	0	867	99.54%	100.00%	ARO:3000008	+	Kleborate	3.2.4	CARD	3.2.9	-	-	-	-	-	-	-	-	-	-	-	-
T7-103	SHV-168	-	Gene presence detected	penicillin beta-lactam	T7-103__chr	5176620	2621572	2622433	861	0	861	99.88%	100.00%	ARO:3000008	+	Kleborate	3.2.4	CARD	3.2.9	-	-	-	-	-	-	-	-	-	-	-	-
T7-103	SHV	p.Ala146Val	Protein variant detected	penicillin beta-lactam	T7-103__chr	5176620	2621572	2622433	861	0	861	99.88%	100.00%	ARO:3000008	+	Kleborate	3.2.4	CARD	3.2.9	-	-	-	-	-	-	-	-	-	-	-	-
T7-105	LEN-9	-	Gene presence detected	penicillin beta-lactam	T7-105__chr	5690893	2898001	2898862	861	0	861	99.88%	100.00%	ARO:3000008	+	Kleborate	3.2.4	CARD	3.2.9	-	-	-	-	-	-	-	-	-	-	-	-
T7-105	OmpK36	p.Ala183fs	Inactivating mutation detected	-	T7-105__chr	5690893	1597057	1598149	1104	0	1104	94.75%	98.91%	-	+	Kleborate	3.2.4	CARD	3.2.9	-	-	-	-	-	-	-	-	-	-	-	-
T7-115	SHV-187	-	Gene presence detected	penicillin beta-lactam	T7-115__chr	5292372	2596179	2597046	867	0	867	100.00%	100.00%	ARO:3000008	+	Kleborate	3.2.4	CARD	3.2.9	-	-	-	-	-	-	-	-	-	-	-	-
T7-125	SHV-38	-	Gene presence detected	penicillin beta-lactam	T7-125__chr	5334359	2736107	2736968	861	0	861	100.00%	100.00%	ARO:3000008	+	Kleborate	3.2.4	CARD	3.2.9	-	-	-	-	-	-	-	-	-	-	-	-
T7-125	SHV	p.Ala146Val	Protein variant detected	penicillin beta-lactam	T7-125__chr	5334359	2736107	2736968	861	0	861	100.00%	100.00%	ARO:3000008	+	Kleborate	3.2.4	CARD	3.2.9	-	-	-	-	-	-	-	-	-	-	-	-
T7-129	SHV-144	-	Gene presence detected	penicillin beta-lactam	T7-129__chr	5279114	2660569	2661430	861	0	861	99.77%	100.00%	ARO:3000008	+	Kleborate	3.2.4	CARD	3.2.9	-	-	-	-	-	-	-	-	-	-	-	-
T7-129	SHV	p.Leu35Gln	Protein variant detected	penicillin beta-lactam	T7-129__chr	5279114	2660569	2661430	861	0	861	99.77%	100.00%	ARO:3000008	+	Kleborate	3.2.4	CARD	3.2.9	-	-	-	-	-	-	-	-	-	-	-	-
T7-129	SHV	p.Ala146Val	Protein variant detected	penicillin beta-lactam	T7-129__chr	5279114	2660569	2661430	861	0	861	99.77%	100.00%	ARO:3000008	+	Kleborate	3.2.4	CARD	3.2.9	-	-	-	-	-	-	-	-	-	-	-	-
T7-133	LEN-2	-	Gene presence detected	penicillin beta-lactam	T7-133__chr	5448252	2755974	2756835	861	0	861	99.77%	100.00%	ARO:3000008	+	Kleborate	3.2.4	CARD	3.2.9	-	-	-	-	-	-	-	-	-	-	-	-
T7-133	OmpK36	p.Ala183fs	Inactivating mutation detected	-	T7-133__chr	5448252	1513444	1514536	1104	0	1104	94.57%	98.91%	-	+	Kleborate	3.2.4	CARD	3.2.9	-	-	-	-	-	-	-	-	-	-	-	-
T7-141	SHV-11	-	Gene presence detected	penicillin beta-lactam	T7-141__chr	5190667	2638666	2639527	861	0	861	99.88%	100.00%	ARO:3000008	+	Kleborate	3.2.4	CARD	3.2.9	-	-	-	-	-	-	-	-	-	-	-	-
T7-141	SHV	p.Leu35Gln	Protein variant detected	penicillin beta-lactam	T7-141__chr	5190667	2638666	2639527	861	0	861	99.88%	100.00%	ARO:3000008	+	Kleborate	3.2.4	CARD	3.2.9	-	-	-	-	-	-	-	-	-	-	-	-
T7-146	SHV-11	-	Gene presence detected	penicillin beta-lactam	T7-146__chr	5355033	2715266	2716127	861	0	861	99.88%	100.00%	ARO:3000008	+	Kleborate	3.2.4	CARD	3.2.9	-	-	-	-	-	-	-	-	-	-	-	-
T7-146	SHV	p.Leu35Gln	Protein variant detected	penicillin beta-lactam	T7-146__chr	5355033	2715266	2716127	861	0	861	99.88%	100.00%	ARO:3000008	+	Kleborate	3.2.4	CARD	3.2.9	-	-	-	-	-	-	-	-	-	-	-	-
T7-153	SHV-1	-	Gene presence detected	penicillin beta-lactam	T7-153__chr	5416429	2712431	2713298	867	0	867	99.54%	100.00%	ARO:3000008	+	Kleborate	3.2.4	CARD	3.2.9	-	-	-	-	-	-	-	-	-	-	-	-
T7-158	SHV-80	-	Gene presence detected	penicillin beta-lactam	T7-158__chr	5317060	2733204	2734065	861	0	861	100.00%	100.00%	ARO:3000008	+	Kleborate	3.2.4	CARD	3.2.9	-	-	-	-	-	-	-	-	-	-	-	-
T7-158	SHV	p.Leu35Gln	Protein variant detected	penicillin beta-lactam	T7-158__chr	5317060	2733204	2734065	861	0	861	100.00%	100.00%	ARO:3000008	+	Kleborate	3.2.4	CARD	3.2.9	-	-	-	-	-	-	-	-	-	-	-	-
T7-158	SHV	p.Ala146Thr	Protein variant detected	penicillin beta-lactam	T7-158__chr	5317060	2733204	2734065	861	0	861	100.00%	100.00%	ARO:3000008	+	Kleborate	3.2.4	CARD	3.2.9	-	-	-	-	-	-	-	-	-	-	-	-
T7-160	LEN-2	-	Gene presence detected	penicillin beta-lactam	T7-160__chr	5524076	2834416	2835277	861	0	861	99.77%	100.00%	ARO:3000008	+	Kleborate	3.2.4	CARD	3.2.9	-	-	-	-	-	-	-	-	-	-	-	-
T7-160	OmpK36	p.Ala183fs	Inactivating mutation detected	-	T7-160__chr	5524076	1607719	1608811	1104	0	1104	94.75%	98.91%	-	+	Kleborate	3.2.4	CARD	3.2.9	-	-	-	-	-	-	-	-	-	-	-	-
T7-165	LEN-16	-	Gene presence detected	penicillin beta-lactam	T7-165__chr	5550253	2806087	2806948	861	0	861	99.88%	100.00%	ARO:3000008	+	Kleborate	3.2.4	CARD	3.2.9	-	-	-	-	-	-	-	-	-	-	-	-
T7-165	OmpK36	p.Ala183fs	Inactivating mutation detected	-	T7-165__chr	5550253	1601471	1602563	1104	0	1104	94.75%	98.91%	-	+	Kleborate	3.2.4	CARD	3.2.9	-	-	-	-	-	-	-	-	-	-	-	-
T7-179	LEN-9	-	Gene presence detected	penicillin beta-lactam	T7-179__chr	5611532	2895199	2896060	861	0	861	99.88%	100.00%	ARO:3000008	+	Kleborate	3.2.4	CARD	3.2.9	-	-	-	-	-	-	-	-	-	-	-	-
T7-179	OmpK36	p.Ala183fs	Inactivating mutation detected	-	T7-179__chr	5611532	1574447	1575539	1104	0	1104	94.75%	98.91%	-	+	Kleborate	3.2.4	CARD	3.2.9	-	-	-	-	-	-	-	-	-	-	-	-
T7-180	SHV-1	-	Gene presence detected	penicillin beta-lactam	T7-180__chr	5236348	2649102	2649969	867	0	867	99.88%	100.00%	ARO:3000008	+	Kleborate	3.2.4	CARD	3.2.9	-	-	-	-	-	-	-	-	-	-	-	-
T7-181	SHV-11	-	Gene presence detected	penicillin beta-lactam	T7-181__chr	5260822	2687889	2688750	861	0	861	99.77%	100.00%	ARO:3000008	+	Kleborate	3.2.4	CARD	3.2.9	-	-	-	-	-	-	-	-	-	-	-	-
T7-181	SHV	p.Leu35Gln	Protein variant detected	penicillin beta-lactam	T7-181__chr	5260822	2687889	2688750	861	0	861	99.77%	100.00%	ARO:3000008	+	Kleborate	3.2.4	CARD	3.2.9	-	-	-	-	-	-	-	-	-	-	-	-
T7-185	strB.v1	-	Gene presence detected	aminoglycoside antibiotic	T7-185__pl_3	51589	41101	41938	837	0	837	100.00%	100.00%	ARO:0000016	-	Kleborate	3.2.4	CARD	3.2.9	-	-	-	-	-	-	-	-	-	-	-	-
T7-185	sul2	-	Gene presence detected	sulfonamide antibiotic	T7-185__pl_3	51589	43369	44185	816	0	816	100.00%	100.00%	ARO:3000282	-	Kleborate	3.2.4	CARD	3.2.9	-	-	-	-	-	-	-	-	-	-	-	-
T7-185	tet(A).v1	-	Gene presence detected	Tetracycline antibiotic	T7-185__pl_3	51589	47697	48972	1275	0	1275	100.00%	100.00%	ARO:3000050	-	Kleborate	3.2.4	CARD	3.2.9	-	-	-	-	-	-	-	-	-	-	-	-
T7-185	dfrA14.v2	-	Gene presence detected	Diaminopyrimidine antibiotic	T7-185__pl_3	51589	42287	42770	483	0	483	100.00%	100.00%	ARO:3000171	-	Kleborate	3.2.4	CARD	3.2.9	-	-	-	-	-	-	-	-	-	-	-	-
T7-185	SHV-26	-	Gene presence detected	penicillin beta-lactam	T7-185__chr	5230471	2670957	2671818	861	0	861	100.00%	100.00%	ARO:3000008	+	Kleborate	3.2.4	CARD	3.2.9	-	-	-	-	-	-	-	-	-	-	-	-
T7-185	strA.v1	-	Gene presence detected	aminoglycoside antibiotic	T7-185__pl_3	51589	42780	43309	804	0	529	99.81%	65.80%	ARO:0000016	-	Kleborate	3.2.4	CARD	3.2.9	-	-	-	-	-	-	-	-	-	-	-	-
T7-189	SHV-36	-	Gene presence detected	penicillin beta-lactam	T7-189__chr	5242831	2677709	2678570	861	0	861	100.00%	100.00%	ARO:3000008	+	Kleborate	3.2.4	CARD	3.2.9	-	-	-	-	-	-	-	-	-	-	-	-
T7-189	SHV	p.Leu35Gln	Protein variant detected	penicillin beta-lactam	T7-189__chr	5242831	2677709	2678570	861	0	861	100.00%	100.00%	ARO:3000008	+	Kleborate	3.2.4	CARD	3.2.9	-	-	-	-	-	-	-	-	-	-	-	-
T7-200	SHV-36	-	Gene presence detected	penicillin beta-lactam	T7-200__chr	5163297	2654652	2655513	861	0	861	100.00%	100.00%	ARO:3000008	+	Kleborate	3.2.4	CARD	3.2.9	-	-	-	-	-	-	-	-	-	-	-	-
T7-200	SHV	p.Leu35Gln	Protein variant detected	penicillin beta-lactam	T7-200__chr	5163297	2654652	2655513	861	0	861	100.00%	100.00%	ARO:3000008	+	Kleborate	3.2.4	CARD	3.2.9	-	-	-	-	-	-	-	-	-	-	-	-
T7-209	SHV-133	-	Gene presence detected	penicillin beta-lactam	T7-209__chr	5389953	2738542	2739403	861	0	861	99.54%	100.00%	ARO:3000008	+	Kleborate	3.2.4	CARD	3.2.9	-	-	-	-	-	-	-	-	-	-	-	-
T7-211	SHV-187	-	Gene presence detected	penicillin beta-lactam	T7-211__chr	5175156	2624130	2624997	867	0	867	100.00%	100.00%	ARO:3000008	+	Kleborate	3.2.4	CARD	3.2.9	-	-	-	-	-	-	-	-	-	-	-	-
T7-213	SHV-211	-	Gene presence detected	penicillin beta-lactam	T7-213__chr	5159285	2625141	2626002	861	0	861	100.00%	100.00%	ARO:3000008	+	Kleborate	3.2.4	CARD	3.2.9	-	-	-	-	-	-	-	-	-	-	-	-
T7-220	LEN-8	-	Gene presence detected	penicillin beta-lactam	T7-220__chr	5572945	2810521	2811382	861	0	861	100.00%	100.00%	ARO:3000008	+	Kleborate	3.2.4	CARD	3.2.9	-	-	-	-	-	-	-	-	-	-	-	-
T7-220	OmpK36	p.Ala183fs	Inactivating mutation detected	-	T7-220__chr	5572945	1520919	1522011	1104	0	1104	94.84%	98.91%	-	+	Kleborate	3.2.4	CARD	3.2.9	-	-	-	-	-	-	-	-	-	-	-	-
T7-225	SHV-40	-	Gene presence detected	penicillin beta-lactam	T7-225__chr	5360246	2730106	2730967	861	0	861	99.77%	100.00%	ARO:3000008	+	Kleborate	3.2.4	CARD	3.2.9	-	-	-	-	-	-	-	-	-	-	-	-
T7-225	SHV	p.Leu35Gln	Protein variant detected	penicillin beta-lactam	T7-225__chr	5360246	2730106	2730967	861	0	861	99.77%	100.00%	ARO:3000008	+	Kleborate	3.2.4	CARD	3.2.9	-	-	-	-	-	-	-	-	-	-	-	-
T7-234	SHV-187	-	Gene presence detected	penicillin beta-lactam	T7-234__chr	5268736	2674084	2674951	867	0	867	100.00%	100.00%	ARO:3000008	+	Kleborate	3.2.4	CARD	3.2.9	-	-	-	-	-	-	-	-	-	-	-	-
T7-240	SHV-27	-	Gene presence detected	penicillin beta-lactam	T7-240__chr	5382264	2749526	2750387	861	0	861	99.88%	100.00%	ARO:3000008	+	Kleborate	3.2.4	CARD	3.2.9	-	-	-	-	-	-	-	-	-	-	-	-
T7-240	SHV	p.Gly156Asp	Protein variant detected	penicillin beta-lactam	T7-240__chr	5382264	2749526	2750387	861	0	861	99.88%	100.00%	ARO:3000008	+	Kleborate	3.2.4	CARD	3.2.9	-	-	-	-	-	-	-	-	-	-	-	-
T7-242	SHV-36	-	Gene presence detected	penicillin beta-lactam	T7-242__chr	5307728	2781898	2782759	861	0	861	100.00%	100.00%	ARO:3000008	+	Kleborate	3.2.4	CARD	3.2.9	-	-	-	-	-	-	-	-	-	-	-	-
T7-242	SHV	p.Leu35Gln	Protein variant detected	penicillin beta-lactam	T7-242__chr	5307728	2781898	2782759	861	0	861	100.00%	100.00%	ARO:3000008	+	Kleborate	3.2.4	CARD	3.2.9	-	-	-	-	-	-	-	-	-	-	-	-
T7-259	aadA	-	Gene presence detected	aminoglycoside antibiotic	T7-259__pl_1	208489	12467	13432	972	0	972	99.07%	100.00%	ARO:0000016	+	Kleborate	3.2.4	CARD	3.2.9	-	-	-	-	-	-	-	-	-	-	-	-
T7-259	sul1	-	Gene presence detected	sulfonamide antibiotic	T7-259__pl_1	208489	13936	14776	840	0	840	99.76%	100.00%	ARO:3000282	+	Kleborate	3.2.4	CARD	3.2.9	-	-	-	-	-	-	-	-	-	-	-	-
T7-259	SHV-11	-	Gene presence detected	penicillin beta-lactam	T7-259__chr	5461256	2785991	2786852	861	0	861	100.00%	100.00%	ARO:3000008	+	Kleborate	3.2.4	CARD	3.2.9	-	-	-	-	-	-	-	-	-	-	-	-
T7-259	SHV	p.Leu35Gln	Protein variant detected	penicillin beta-lactam	T7-259__chr	5461256	2785991	2786852	861	0	861	100.00%	100.00%	ARO:3000008	+	Kleborate	3.2.4	CARD	3.2.9	-	-	-	-	-	-	-	-	-	-	-	-
T7-262	OKP-A-5	-	Gene presence detected	penicillin beta-lactam	T7-262__chr	5309444	2687568	2688429	861	0	861	100.00%	100.00%	ARO:3000008	+	Kleborate	3.2.4	CARD	3.2.9	-	-	-	-	-	-	-	-	-	-	-	-
T7-262	OmpK36	p.Ala183fs	Inactivating mutation detected	-	T7-262__chr	5309444	1504462	1505554	1104	0	1104	94.75%	98.91%	-	+	Kleborate	3.2.4	CARD	3.2.9	-	-	-	-	-	-	-	-	-	-	-	-
T7-264	SHV-1	-	Gene presence detected	penicillin beta-lactam	T7-264__chr	5288991	2776600	2777461	861	0	861	99.88%	100.00%	ARO:3000008	+	Kleborate	3.2.4	CARD	3.2.9	-	-	-	-	-	-	-	-	-	-	-	-
T7-266	OKP-B-8	-	Gene presence detected	penicillin beta-lactam	T7-266__chr	5142067	2619145	2620006	861	0	861	99.88%	100.00%	ARO:3000008	+	Kleborate	3.2.4	CARD	3.2.9	-	-	-	-	-	-	-	-	-	-	-	-
T7-267	LEN-17	-	Gene presence detected	penicillin beta-lactam	T7-267__chr	5582128	2027060	2027921	861	0	861	99.88%	100.00%	ARO:3000008	-	Kleborate	3.2.4	CARD	3.2.9	-	-	-	-	-	-	-	-	-	-	-	-
T7-267	OmpK36	p.Ala183fs	Inactivating mutation detected	-	T7-267__chr	5582128	3308486	3309578	1104	0	1104	94.75%	98.91%	-	-	Kleborate	3.2.4	CARD	3.2.9	-	-	-	-	-	-	-	-	-	-	-	-
T7-273	SHV-11	-	Gene presence detected	penicillin beta-lactam	T7-273__chr	5239912	2680647	2681508	861	0	861	99.88%	100.00%	ARO:3000008	+	Kleborate	3.2.4	CARD	3.2.9	-	-	-	-	-	-	-	-	-	-	-	-
T7-273	SHV	p.Leu35Gln	Protein variant detected	penicillin beta-lactam	T7-273__chr	5239912	2680647	2681508	861	0	861	99.88%	100.00%	ARO:3000008	+	Kleborate	3.2.4	CARD	3.2.9	-	-	-	-	-	-	-	-	-	-	-	-
T7-286	LEN-13	-	Gene presence detected	penicillin beta-lactam	T7-286__chr	5338718	2687868	2688729	861	0	861	100.00%	100.00%	ARO:3000008	+	Kleborate	3.2.4	CARD	3.2.9	-	-	-	-	-	-	-	-	-	-	-	-
T7-286	OmpK36	p.Ala183fs	Inactivating mutation detected	-	T7-286__chr	5338718	1491813	1492905	1104	0	1104	94.57%	98.91%	-	+	Kleborate	3.2.4	CARD	3.2.9	-	-	-	-	-	-	-	-	-	-	-	-
T7-289	SHV-27	-	Gene presence detected	penicillin beta-lactam	T7-289__chr	5310629	2713009	2713870	861	0	861	99.88%	100.00%	ARO:3000008	+	Kleborate	3.2.4	CARD	3.2.9	-	-	-	-	-	-	-	-	-	-	-	-
T7-289	SHV	p.Gly156Asp	Protein variant detected	penicillin beta-lactam	T7-289__chr	5310629	2713009	2713870	861	0	861	99.88%	100.00%	ARO:3000008	+	Kleborate	3.2.4	CARD	3.2.9	-	-	-	-	-	-	-	-	-	-	-	-
T7-290	SHV-33	-	Gene presence detected	penicillin beta-lactam	T7-290__chr	5371344	2698604	2699465	861	0	861	100.00%	100.00%	ARO:3000008	+	Kleborate	3.2.4	CARD	3.2.9	-	-	-	-	-	-	-	-	-	-	-	-
T7-292	SHV-33	-	Gene presence detected	penicillin beta-lactam	T7-292__chr	5467245	2742171	2743032	861	0	861	100.00%	100.00%	ARO:3000008	+	Kleborate	3.2.4	CARD	3.2.9	-	-	-	-	-	-	-	-	-	-	-	-
T7-296	SHV-36	-	Gene presence detected	penicillin beta-lactam	T7-296__chr	5298577	2703410	2704271	861	0	861	100.00%	100.00%	ARO:3000008	+	Kleborate	3.2.4	CARD	3.2.9	-	-	-	-	-	-	-	-	-	-	-	-
T7-296	SHV	p.Leu35Gln	Protein variant detected	penicillin beta-lactam	T7-296__chr	5298577	2703410	2704271	861	0	861	100.00%	100.00%	ARO:3000008	+	Kleborate	3.2.4	CARD	3.2.9	-	-	-	-	-	-	-	-	-	-	-	-
T7-311	LEN-16	-	Gene presence detected	penicillin beta-lactam	T7-311__chr	5649127	2841498	2842359	861	0	861	100.00%	100.00%	ARO:3000008	+	Kleborate	3.2.4	CARD	3.2.9	-	-	-	-	-	-	-	-	-	-	-	-
T7-311	OmpK36	p.Ala183fs	Inactivating mutation detected	-	T7-311__chr	5649127	1651590	1652682	1104	0	1104	94.75%	98.91%	-	+	Kleborate	3.2.4	CARD	3.2.9	-	-	-	-	-	-	-	-	-	-	-	-
T7-326	SHV-27	-	Gene presence detected	penicillin beta-lactam	T7-326__chr	5172652	2686436	2687297	861	0	861	100.00%	100.00%	ARO:3000008	+	Kleborate	3.2.4	CARD	3.2.9	-	-	-	-	-	-	-	-	-	-	-	-
T7-326	SHV	p.Gly156Asp	Protein variant detected	penicillin beta-lactam	T7-326__chr	5172652	2686436	2687297	861	0	861	100.00%	100.00%	ARO:3000008	+	Kleborate	3.2.4	CARD	3.2.9	-	-	-	-	-	-	-	-	-	-	-	-
T7-333	SHV-168	-	Gene presence detected	penicillin beta-lactam	T7-333__chr	5285918	2704555	2705416	861	0	861	99.88%	100.00%	ARO:3000008	+	Kleborate	3.2.4	CARD	3.2.9	-	-	-	-	-	-	-	-	-	-	-	-
T7-333	SHV	p.Ala146Val	Protein variant detected	penicillin beta-lactam	T7-333__chr	5285918	2704555	2705416	861	0	861	99.88%	100.00%	ARO:3000008	+	Kleborate	3.2.4	CARD	3.2.9	-	-	-	-	-	-	-	-	-	-	-	-
T7-335	LEN-11	-	Gene presence detected	penicillin beta-lactam	T7-335__chr	5564192	2839653	2840514	861	0	861	100.00%	100.00%	ARO:3000008	+	Kleborate	3.2.4	CARD	3.2.9	-	-	-	-	-	-	-	-	-	-	-	-
T7-335	OmpK36	p.Ala183fs	Inactivating mutation detected	-	T7-335__chr	5564192	1520270	1521362	1104	0	1104	94.75%	98.91%	-	+	Kleborate	3.2.4	CARD	3.2.9	-	-	-	-	-	-	-	-	-	-	-	-
T7-349	SHV-36	-	Gene presence detected	penicillin beta-lactam	T7-349__chr	5319835	2793714	2794575	861	0	861	100.00%	100.00%	ARO:3000008	+	Kleborate	3.2.4	CARD	3.2.9	-	-	-	-	-	-	-	-	-	-	-	-
T7-349	SHV	p.Leu35Gln	Protein variant detected	penicillin beta-lactam	T7-349__chr	5319835	2793714	2794575	861	0	861	100.00%	100.00%	ARO:3000008	+	Kleborate	3.2.4	CARD	3.2.9	-	-	-	-	-	-	-	-	-	-	-	-
T7-365	SHV-187	-	Gene presence detected	penicillin beta-lactam	T7-365__chr	5195483	2670832	2671699	867	0	867	100.00%	100.00%	ARO:3000008	+	Kleborate	3.2.4	CARD	3.2.9	-	-	-	-	-	-	-	-	-	-	-	-
T7-378	SHV-26	-	Gene presence detected	penicillin beta-lactam	T7-378__chr	5140847	2654677	2655538	861	0	861	100.00%	100.00%	ARO:3000008	+	Kleborate	3.2.4	CARD	3.2.9	-	-	-	-	-	-	-	-	-	-	-	-
T7-393	SHV-1	-	Gene presence detected	penicillin beta-lactam	T7-393__chr	5234712	2677823	2678684	861	0	861	99.77%	100.00%	ARO:3000008	+	Kleborate	3.2.4	CARD	3.2.9	-	-	-	-	-	-	-	-	-	-	-	-
T7-394	SHV-1	-	Gene presence detected	penicillin beta-lactam	T7-394__chr	5391972	2808626	2809487	861	0	861	99.77%	100.00%	ARO:3000008	+	Kleborate	3.2.4	CARD	3.2.9	-	-	-	-	-	-	-	-	-	-	-	-
T7-398	SHV-1	-	Gene presence detected	penicillin beta-lactam	T7-398__chr	5172499	2597022	2597883	861	0	861	99.88%	100.00%	ARO:3000008	+	Kleborate	3.2.4	CARD	3.2.9	-	-	-	-	-	-	-	-	-	-	-	-
T7-402	LEN-2	-	Gene presence detected	penicillin beta-lactam	T7-402__chr	5561288	2809859	2810720	861	0	861	99.77%	100.00%	ARO:3000008	+	Kleborate	3.2.4	CARD	3.2.9	-	-	-	-	-	-	-	-	-	-	-	-
T7-402	OmpK36	p.Ala183fs	Inactivating mutation detected	-	T7-402__chr	5561288	1574039	1575131	1104	0	1104	94.75%	98.91%	-	+	Kleborate	3.2.4	CARD	3.2.9	-	-	-	-	-	-	-	-	-	-	-	-
T7-410	SHV-1	-	Gene presence detected	penicillin beta-lactam	T7-410__chr	5473225	2729709	2730576	867	0	867	99.54%	100.00%	ARO:3000008	+	Kleborate	3.2.4	CARD	3.2.9	-	-	-	-	-	-	-	-	-	-	-	-
T7-414	SHV-26	-	Gene presence detected	penicillin beta-lactam	T7-414__chr	5219966	2686913	2687774	861	0	861	100.00%	100.00%	ARO:3000008	+	Kleborate	3.2.4	CARD	3.2.9	-	-	-	-	-	-	-	-	-	-	-	-
T7-424	LEN-10	-	Gene presence detected	penicillin beta-lactam	T7-424__chr	5418492	2751692	2752553	861	0	861	100.00%	100.00%	ARO:3000008	+	Kleborate	3.2.4	CARD	3.2.9	-	-	-	-	-	-	-	-	-	-	-	-
T7-424	OmpK36	p.Ala183fs	Inactivating mutation detected	-	T7-424__chr	5418492	1536456	1537548	1104	0	1104	94.66%	98.91%	-	+	Kleborate	3.2.4	CARD	3.2.9	-	-	-	-	-	-	-	-	-	-	-	-
T7-425	LEN-16	-	Gene presence detected	penicillin beta-lactam	T7-425__chr	5537418	2787896	2788757	861	0	861	100.00%	100.00%	ARO:3000008	+	Kleborate	3.2.4	CARD	3.2.9	-	-	-	-	-	-	-	-	-	-	-	-
T7-425	OmpK35	p.Thr51fs	Inactivating mutation detected	-	T7-425__chr	5537418	3612753	3613832	1080	0	1080	95.37%	17.27%	-	+	Kleborate	3.2.4	CARD	3.2.9	-	-	-	-	-	-	-	-	-	-	-	-
T7-425	OmpK36	p.Ala183fs	Inactivating mutation detected	-	T7-425__chr	5537418	1561709	1562801	1104	0	1104	94.75%	98.91%	-	+	Kleborate	3.2.4	CARD	3.2.9	-	-	-	-	-	-	-	-	-	-	-	-
T7-439	SHV-36	-	Gene presence detected	penicillin beta-lactam	T7-439__chr	5391458	2821164	2822025	861	0	861	100.00%	100.00%	ARO:3000008	+	Kleborate	3.2.4	CARD	3.2.9	-	-	-	-	-	-	-	-	-	-	-	-
T7-439	SHV	p.Leu35Gln	Protein variant detected	penicillin beta-lactam	T7-439__chr	5391458	2821164	2822025	861	0	861	100.00%	100.00%	ARO:3000008	+	Kleborate	3.2.4	CARD	3.2.9	-	-	-	-	-	-	-	-	-	-	-	-
T7-442	SHV-11	-	Gene presence detected	penicillin beta-lactam	T7-442__chr	5307003	2727867	2728728	861	0	861	99.88%	100.00%	ARO:3000008	+	Kleborate	3.2.4	CARD	3.2.9	-	-	-	-	-	-	-	-	-	-	-	-
T7-442	SHV	p.Leu35Gln	Protein variant detected	penicillin beta-lactam	T7-442__chr	5307003	2727867	2728728	861	0	861	99.88%	100.00%	ARO:3000008	+	Kleborate	3.2.4	CARD	3.2.9	-	-	-	-	-	-	-	-	-	-	-	-
T7-445	SHV-11	-	Gene presence detected	penicillin beta-lactam	T7-445__chr	5274914	2666705	2667566	861	0	861	99.77%	100.00%	ARO:3000008	+	Kleborate	3.2.4	CARD	3.2.9	-	-	-	-	-	-	-	-	-	-	-	-
T7-445	SHV	p.Leu35Gln	Protein variant detected	penicillin beta-lactam	T7-445__chr	5274914	2666705	2667566	861	0	861	99.77%	100.00%	ARO:3000008	+	Kleborate	3.2.4	CARD	3.2.9	-	-	-	-	-	-	-	-	-	-	-	-
T7-457	SHV-11	-	Gene presence detected	penicillin beta-lactam	T7-457__chr	5239911	2680646	2681507	861	0	861	99.88%	100.00%	ARO:3000008	+	Kleborate	3.2.4	CARD	3.2.9	-	-	-	-	-	-	-	-	-	-	-	-
T7-457	SHV	p.Leu35Gln	Protein variant detected	penicillin beta-lactam	T7-457__chr	5239911	2680646	2681507	861	0	861	99.88%	100.00%	ARO:3000008	+	Kleborate	3.2.4	CARD	3.2.9	-	-	-	-	-	-	-	-	-	-	-	-
T7-460	SHV-1	-	Gene presence detected	penicillin beta-lactam	T7-460__chr	5408010	2826910	2827771	861	0	861	99.77%	100.00%	ARO:3000008	+	Kleborate	3.2.4	CARD	3.2.9	-	-	-	-	-	-	-	-	-	-	-	-
T7-472	LEN-16	-	Gene presence detected	penicillin beta-lactam	T7-472__chr	5399422	2761275	2762136	861	0	861	99.54%	100.00%	ARO:3000008	+	Kleborate	3.2.4	CARD	3.2.9	-	-	-	-	-	-	-	-	-	-	-	-
T7-472	OmpK36	p.Ala183fs	Inactivating mutation detected	-	T7-472__chr	5399422	1536961	1538053	1104	0	1104	94.57%	98.91%	-	+	Kleborate	3.2.4	CARD	3.2.9	-	-	-	-	-	-	-	-	-	-	-	-
T7-475	SHV-1	-	Gene presence detected	penicillin beta-lactam	T7-475__chr	5347706	2704130	2704991	861	0	861	99.88%	100.00%	ARO:3000008	+	Kleborate	3.2.4	CARD	3.2.9	-	-	-	-	-	-	-	-	-	-	-	-
T7-482	LEN-13	-	Gene presence detected	penicillin beta-lactam	T7-482__chr	5339369	2742539	2743400	861	0	861	100.00%	100.00%	ARO:3000008	+	Kleborate	3.2.4	CARD	3.2.9	-	-	-	-	-	-	-	-	-	-	-	-
T7-482	OmpK36	p.Ala183fs	Inactivating mutation detected	-	T7-482__chr	5339369	1553414	1554506	1104	0	1104	94.75%	98.91%	-	+	Kleborate	3.2.4	CARD	3.2.9	-	-	-	-	-	-	-	-	-	-	-	-
T7-488	SHV-1	-	Gene presence detected	penicillin beta-lactam	T7-488__chr	5387074	2802443	2803304	861	0	861	99.77%	100.00%	ARO:3000008	+	Kleborate	3.2.4	CARD	3.2.9	-	-	-	-	-	-	-	-	-	-	-	-
T7-493	LEN-58	-	Gene presence detected	penicillin beta-lactam	T7-493__chr	5702625	2880831	2881692	861	0	861	99.88%	100.00%	ARO:3000008	+	Kleborate	3.2.4	CARD	3.2.9	-	-	-	-	-	-	-	-	-	-	-	-
T7-493	OmpK36	p.Ala183fs	Inactivating mutation detected	-	T7-493__chr	5702625	1632756	1633848	1104	0	1104	95.02%	98.91%	-	+	Kleborate	3.2.4	CARD	3.2.9	-	-	-	-	-	-	-	-	-	-	-	-
