reference-ID	query-ID	distance	p-value	shared-hashes	SampleID
KGMAR-2019-1792__chr.fasta	KGMAR-2019-1792__allPlasmids.fasta	0.279303	0	142/100000	KGMAR-2019-1792
KGMAR-2019-1792__chr.fasta	KGMAR-2019-1792__chr.fasta	0	0	100000/100000	KGMAR-2019-1792
KGMAR-2019-1792__chr.fasta	KGMAR-2019-1792__completeAssembly.fasta	0.00109157	0	95568/100000	KGMAR-2019-1792
KGMAR-2019-1792__chr.fasta	KGMAR-2019-1792__pl_1.fasta	0.304276	0	84/100000	KGMAR-2019-1792
KGMAR-2019-1792__chr.fasta	KGMAR-2019-1792__pl_2.fasta	0.313636	6.37171e-276	69/100000	KGMAR-2019-1792
KGVETS-2019-01-1844__chr.fasta	KGVETS-2019-01-1844__allPlasmids.fasta	0.360092	1.00029e-86	26/100000	KGVETS-2019-01-1844
KGVETS-2019-01-1844__chr.fasta	KGVETS-2019-01-1844__chr.fasta	0	0	100000/100000	KGVETS-2019-01-1844
KGVETS-2019-01-1844__chr.fasta	KGVETS-2019-01-1844__completeAssembly.fasta	0.00102317	0	95837/100000	KGVETS-2019-01-1844
KGVETS-2019-01-1844__chr.fasta	KGVETS-2019-01-1844__pl_1.fasta	0.372583	3.47136e-66	20/100000	KGVETS-2019-01-1844
KGVETS-2019-01-1844__chr.fasta	KGVETS-2019-01-1844__pl_2.fasta	0.429909	4.46334e-23	6/100000	KGVETS-2019-01-1844
KGVETS-2019-01-1844__chr.fasta	KGVETS-2019-01-1844__pl_3.fasta	1	1	0/100000	KGVETS-2019-01-1844
KGVETS-2019-01-1844__chr.fasta	KGVETS-2019-01-1844__pl_4.fasta	1	1	0/100000	KGVETS-2019-01-1844
2018-01-710__chr.fasta	2018-01-710__allPlasmids.fasta	1	1	0/100000	2018-01-710
2018-01-710__chr.fasta	2018-01-710__chr.fasta	0	0	100000/100000	2018-01-710
2018-01-710__chr.fasta	2018-01-710__completeAssembly.fasta	0.000199822	0	99166/100000	2018-01-710
2018-01-710__chr.fasta	2018-01-710__pl_1.fasta	1	1	0/100000	2018-01-710
2018-01-710__chr.fasta	2018-01-710__pl_2.fasta	1	1	0/100000	2018-01-710
2018-01-710__chr.fasta	2018-01-710__pl_3.fasta	1	1	0/100000	2018-01-710
KGMAR-2016-1076__chr.fasta	KGMAR-2016-1076__allPlasmids.fasta	0.26521	0	191/100000	KGMAR-2016-1076
KGMAR-2016-1076__chr.fasta	KGMAR-2016-1076__chr.fasta	0	0	100000/100000	KGMAR-2016-1076
KGMAR-2016-1076__chr.fasta	KGMAR-2016-1076__completeAssembly.fasta	0.00124824	0	94956/100000	KGMAR-2016-1076
KGMAR-2016-1076__chr.fasta	KGMAR-2016-1076__pl_1.fasta	0.264962	0	192/100000	KGMAR-2016-1076
KGMAR-2016-1076__chr.fasta	KGMAR-2016-1076__pl_2.fasta	0.289333	0	115/100000	KGMAR-2016-1076
KGMAR-2016-1076__chr.fasta	KGMAR-2016-1076__pl_3.fasta	1	1	0/100000	KGMAR-2016-1076
KGMAR-2016-1076__chr.fasta	KGMAR-2016-1076__pl_4.fasta	1	1	0/100000	KGMAR-2016-1076
KGMAR-2016-1076__chr.fasta	KGMAR-2016-1076__pl_5.fasta	1	1	0/100000	KGMAR-2016-1076
KGMAR-2016-1076__chr.fasta	KGMAR-2016-1076__pl_6.fasta	1	1	0/100000	KGMAR-2016-1076
KGMAR-2016-1076__chr.fasta	KGMAR-2016-1076__pl_7.fasta	1	1	0/100000	KGMAR-2016-1076
KGVET-2020-01-202-1__chr.fasta	KGVET-2020-01-202-1__allPlasmids.fasta	1	1	0/100000	KGVET-2020-01-202-1
KGVET-2020-01-202-1__chr.fasta	KGVET-2020-01-202-1__chr.fasta	0	0	100000/100000	KGVET-2020-01-202-1
KGVET-2020-01-202-1__chr.fasta	KGVET-2020-01-202-1__completeAssembly.fasta	2.57351e-05	0	99892/100000	KGVET-2020-01-202-1
KGVET-2020-01-202-1__chr.fasta	KGVET-2020-01-202-1__pl_1.fasta	1	1	0/100000	KGVET-2020-01-202-1
KP_NORM_BLD_2007_46696__chr.fasta	KP_NORM_BLD_2007_46696__allPlasmids.fasta	0.255359	0	235/100000	KP_NORM_BLD_2007_46696
KP_NORM_BLD_2007_46696__chr.fasta	KP_NORM_BLD_2007_46696__chr.fasta	0	0	100000/100000	KP_NORM_BLD_2007_46696
KP_NORM_BLD_2007_46696__chr.fasta	KP_NORM_BLD_2007_46696__completeAssembly.fasta	0.000910659	0	96282/100000	KP_NORM_BLD_2007_46696
KP_NORM_BLD_2007_46696__chr.fasta	KP_NORM_BLD_2007_46696__pl_1.fasta	0.255359	0	235/100000	KP_NORM_BLD_2007_46696
KP_NORM_BLD_2007_46696__chr.fasta	KP_NORM_BLD_2007_46696__pl_2.fasta	0.269098	0	176/100000	KP_NORM_BLD_2007_46696
KP_NORM_BLD_2497__chr.fasta	KP_NORM_BLD_2497__allPlasmids.fasta	0.33841	3.6143e-146	41/100000	KP_NORM_BLD_2497
KP_NORM_BLD_2497__chr.fasta	KP_NORM_BLD_2497__chr.fasta	0	0	100000/100000	KP_NORM_BLD_2497
KP_NORM_BLD_2497__chr.fasta	KP_NORM_BLD_2497__completeAssembly.fasta	0.000955067	0	96106/100000	KP_NORM_BLD_2497
KP_NORM_BLD_2497__chr.fasta	KP_NORM_BLD_2497__pl_1.fasta	0.33841	1.18523e-146	41/100000	KP_NORM_BLD_2497
KP_NORM_BLD_2497__chr.fasta	KP_NORM_BLD_2497__pl_2.fasta	1	1	0/100000	KP_NORM_BLD_2497
KGMAR-2016-1178__chr.fasta	KGMAR-2016-1178__allPlasmids.fasta	0.247549	0	277/100000	KGMAR-2016-1178
KGMAR-2016-1178__chr.fasta	KGMAR-2016-1178__chr.fasta	0	0	100000/100000	KGMAR-2016-1178
KGMAR-2016-1178__chr.fasta	KGMAR-2016-1178__completeAssembly.fasta	0.000883217	0	96391/100000	KGMAR-2016-1178
KGMAR-2016-1178__chr.fasta	KGMAR-2016-1178__pl_1.fasta	0.264225	0	195/100000	KGMAR-2016-1178
KGMAR-2016-1178__chr.fasta	KGMAR-2016-1178__pl_2.fasta	0.271309	0	168/100000	KGMAR-2016-1178
KGMAR-2016-1178__chr.fasta	KGMAR-2016-1178__pl_3.fasta	1	1	0/100000	KGMAR-2016-1178
NK_H15_056__chr.fasta	NK_H15_056__allPlasmids.fasta	0.285749	0	124/100000	NK_H15_056
NK_H15_056__chr.fasta	NK_H15_056__chr.fasta	0	0	100000/100000	NK_H15_056
NK_H15_056__chr.fasta	NK_H15_056__completeAssembly.fasta	0.000896554	0	96338/100000	NK_H15_056
NK_H15_056__chr.fasta	NK_H15_056__pl_1.fasta	0.301525	0	89/100000	NK_H15_056
NK_H15_056__chr.fasta	NK_H15_056__pl_2.fasta	0.321901	4.0456e-234	58/100000	NK_H15_056
NK_H15_056__chr.fasta	NK_H15_056__pl_3.fasta	1	1	0/100000	NK_H15_056
KGVETS-2019-01-5108__chr.fasta	KGVETS-2019-01-5108__allPlasmids.fasta	1	1	0/100000	KGVETS-2019-01-5108
KGVETS-2019-01-5108__chr.fasta	KGVETS-2019-01-5108__chr.fasta	0	0	100000/100000	KGVETS-2019-01-5108
KGVETS-2019-01-5108__chr.fasta	KGVETS-2019-01-5108__completeAssembly.fasta	0.000850548	0	96521/100000	KGVETS-2019-01-5108
KGVETS-2019-01-5108__chr.fasta	KGVETS-2019-01-5108__pl_1.fasta	1	1	0/100000	KGVETS-2019-01-5108
KP_NORM_BLD_114453__chr.fasta	KP_NORM_BLD_114453__allPlasmids.fasta	0.462914	1.19757e-08	3/100000	KP_NORM_BLD_114453
KP_NORM_BLD_114453__chr.fasta	KP_NORM_BLD_114453__chr.fasta	0	0	100000/100000	KP_NORM_BLD_114453
KP_NORM_BLD_114453__chr.fasta	KP_NORM_BLD_114453__completeAssembly.fasta	0.000811433	0	96677/100000	KP_NORM_BLD_114453
KP_NORM_BLD_114453__chr.fasta	KP_NORM_BLD_114453__pl_1.fasta	0.462914	1.19757e-08	3/100000	KP_NORM_BLD_114453
KGVET-2020-01-3513-1__chr.fasta	KGVET-2020-01-3513-1__chr.fasta	0	0	100000/100000	KGVET-2020-01-3513-1
KGVET-2020-01-3513-1__chr.fasta	KGVET-2020-01-3513-1__completeAssembly.fasta	0	0	100000/100000	KGVET-2020-01-3513-1
KGVET-2018-04-44577__chr.fasta	KGVET-2018-04-44577__allPlasmids.fasta	1	1	0/100000	KGVET-2018-04-44577
KGVET-2018-04-44577__chr.fasta	KGVET-2018-04-44577__chr.fasta	0	0	100000/100000	KGVET-2018-04-44577
KGVET-2018-04-44577__chr.fasta	KGVET-2018-04-44577__completeAssembly.fasta	0.00014014	0	99414/100000	KGVET-2018-04-44577
KGVET-2018-04-44577__chr.fasta	KGVET-2018-04-44577__pl_1.fasta	1	1	0/100000	KGVET-2018-04-44577
KGVET-2018-04-44577__chr.fasta	KGVET-2018-04-44577__pl_2.fasta	1	1	0/100000	KGVET-2018-04-44577
KGVET-2020-01-2661__chr.fasta	KGVET-2020-01-2661__allPlasmids.fasta	0.273629	0	160/100000	KGVET-2020-01-2661
KGVET-2020-01-2661__chr.fasta	KGVET-2020-01-2661__chr.fasta	0	0	100000/100000	KGVET-2020-01-2661
KGVET-2020-01-2661__chr.fasta	KGVET-2020-01-2661__completeAssembly.fasta	0.0006388	0	97370/100000	KGVET-2020-01-2661
KGVET-2020-01-2661__chr.fasta	KGVET-2020-01-2661__pl_1.fasta	0.273038	0	162/100000	KGVET-2020-01-2661
KGVET-2020-01-2661__chr.fasta	KGVET-2020-01-2661__pl_2.fasta	1	1	0/100000	KGVET-2020-01-2661
KGVET-2020-01-126__chr.fasta	KGVET-2020-01-126__chr.fasta	0	0	100000/100000	KGVET-2020-01-126
KGVET-2020-01-126__chr.fasta	KGVET-2020-01-126__completeAssembly.fasta	0	0	100000/100000	KGVET-2020-01-126
KP_NORM_BLD_2008_54823__chr.fasta	KP_NORM_BLD_2008_54823__allPlasmids.fasta	0.263022	0	200/100000	KP_NORM_BLD_2008_54823
KP_NORM_BLD_2008_54823__chr.fasta	KP_NORM_BLD_2008_54823__chr.fasta	0	0	100000/100000	KP_NORM_BLD_2008_54823
KP_NORM_BLD_2008_54823__chr.fasta	KP_NORM_BLD_2008_54823__completeAssembly.fasta	0.0014535	0	94163/100000	KP_NORM_BLD_2008_54823
KP_NORM_BLD_2008_54823__chr.fasta	KP_NORM_BLD_2008_54823__pl_1.fasta	0.280662	0	138/100000	KP_NORM_BLD_2008_54823
KP_NORM_BLD_2008_54823__chr.fasta	KP_NORM_BLD_2008_54823__pl_2.fasta	0.383207	1.34584e-55	16/100000	KP_NORM_BLD_2008_54823
KP_NORM_BLD_2008_54823__chr.fasta	KP_NORM_BLD_2008_54823__pl_3.fasta	0.305423	0	82/100000	KP_NORM_BLD_2008_54823
KP_NORM_BLD_2008_54823__chr.fasta	KP_NORM_BLD_2008_54823__pl_4.fasta	0.389565	1.03316e-60	14/100000	KP_NORM_BLD_2008_54823
KGVET-2020-01-2496-3__chr.fasta	KGVET-2020-01-2496-3__allPlasmids.fasta	0.429909	8.4358e-18	6/100000	KGVET-2020-01-2496-3
KGVET-2020-01-2496-3__chr.fasta	KGVET-2020-01-2496-3__chr.fasta	0	0	100000/100000	KGVET-2020-01-2496-3
KGVET-2020-01-2496-3__chr.fasta	KGVET-2020-01-2496-3__completeAssembly.fasta	0.000887494	0	96374/100000	KGVET-2020-01-2496-3
KGVET-2020-01-2496-3__chr.fasta	KGVET-2020-01-2496-3__pl_1.fasta	0.429909	8.4358e-18	6/100000	KGVET-2020-01-2496-3
KGMAR-2016-563__chr.fasta	KGMAR-2016-563__allPlasmids.fasta	0.310955	1.04231e-286	73/100000	KGMAR-2016-563
KGMAR-2016-563__chr.fasta	KGMAR-2016-563__chr.fasta	0	0	100000/100000	KGMAR-2016-563
KGMAR-2016-563__chr.fasta	KGMAR-2016-563__completeAssembly.fasta	0.000607115	0	97498/100000	KGMAR-2016-563
KGMAR-2016-563__chr.fasta	KGMAR-2016-563__pl_1.fasta	0.313636	1.75081e-283	69/100000	KGMAR-2016-563
KGMAR-2016-563__chr.fasta	KGMAR-2016-563__pl_2.fasta	0.347322	1.84475e-139	34/100000	KGMAR-2016-563
KGMAR-2016-563__chr.fasta	KGMAR-2016-563__pl_3.fasta	1	1	0/100000	KGMAR-2016-563
KGMAR-2016-563__chr.fasta	KGMAR-2016-563__pl_4.fasta	1	1	0/100000	KGMAR-2016-563
KGVET-2018-01-3794__chr.fasta	KGVET-2018-01-3794__chr.fasta	0	0	100000/100000	KGVET-2018-01-3794
KGVET-2018-01-3794__chr.fasta	KGVET-2018-01-3794__completeAssembly.fasta	0	0	100000/100000	KGVET-2018-01-3794
KGVET-2020-01-2328-1__chr.fasta	KGVET-2020-01-2328-1__chr.fasta	0	0	100000/100000	KGVET-2020-01-2328-1
KGVET-2020-01-2328-1__chr.fasta	KGVET-2020-01-2328-1__completeAssembly.fasta	0	0	100000/100000	KGVET-2020-01-2328-1
KGVET-2020-01-2959-1__chr.fasta	KGVET-2020-01-2959-1__allPlasmids.fasta	1	1	0/100000	KGVET-2020-01-2959-1
KGVET-2020-01-2959-1__chr.fasta	KGVET-2020-01-2959-1__chr.fasta	0	0	100000/100000	KGVET-2020-01-2959-1
KGVET-2020-01-2959-1__chr.fasta	KGVET-2020-01-2959-1__completeAssembly.fasta	0.000269653	0	98877/100000	KGVET-2020-01-2959-1
KGVET-2020-01-2959-1__chr.fasta	KGVET-2020-01-2959-1__pl_1.fasta	1	1	0/100000	KGVET-2020-01-2959-1
KGVET-2020-01-2959-1__chr.fasta	KGVET-2020-01-2959-1__pl_2.fasta	1	1	0/100000	KGVET-2020-01-2959-1
2018-01-2782__chr.fasta	2018-01-2782__chr.fasta	0	0	100000/100000	2018-01-2782
2018-01-2782__chr.fasta	2018-01-2782__completeAssembly.fasta	0	0	100000/100000	2018-01-2782
2018-01-4107__chr.fasta	2018-01-4107__allPlasmids.fasta	0.351719	4.36821e-123	31/100000	2018-01-4107
2018-01-4107__chr.fasta	2018-01-4107__chr.fasta	0	0	100000/100000	2018-01-4107
2018-01-4107__chr.fasta	2018-01-4107__completeAssembly.fasta	0.0002682	0	98883/100000	2018-01-4107
2018-01-4107__chr.fasta	2018-01-4107__pl_1.fasta	0.351719	2.35205e-127	31/100000	2018-01-4107
2018-01-4107__chr.fasta	2018-01-4107__pl_2.fasta	1	1	0/100000	2018-01-4107
2018-01-4107__chr.fasta	2018-01-4107__pl_3.fasta	1	1	0/100000	2018-01-4107
2018-01-4107__chr.fasta	2018-01-4107__pl_4.fasta	1	1	0/100000	2018-01-4107
2018-01-4107__chr.fasta	2018-01-4107__pl_5.fasta	1	1	0/100000	2018-01-4107
2018-01-4107__chr.fasta	2018-01-4107__pl_6.fasta	1	1	0/100000	2018-01-4107
KGVETS-2019-01-1760__chr.fasta	KGVETS-2019-01-1760__allPlasmids.fasta	1	1	0/100000	KGVETS-2019-01-1760
KGVETS-2019-01-1760__chr.fasta	KGVETS-2019-01-1760__chr.fasta	0	0	100000/100000	KGVETS-2019-01-1760
KGVETS-2019-01-1760__chr.fasta	KGVETS-2019-01-1760__completeAssembly.fasta	0.000947741	0	96135/100000	KGVETS-2019-01-1760
KGVETS-2019-01-1760__chr.fasta	KGVETS-2019-01-1760__pl_1.fasta	1	1	0/100000	KGVETS-2019-01-1760
KGVETS-2019-01-1760__chr.fasta	KGVETS-2019-01-1760__pl_2.fasta	1	1	0/100000	KGVETS-2019-01-1760
KGVETS-2019-01-1760__chr.fasta	KGVETS-2019-01-1760__pl_3.fasta	1	1	0/100000	KGVETS-2019-01-1760
2018-01-3218__chr.fasta	2018-01-3218__chr.fasta	0	0	100000/100000	2018-01-3218
2018-01-3218__chr.fasta	2018-01-3218__completeAssembly.fasta	0	0	100000/100000	2018-01-3218
KGVET-2020-01-4188-1__chr.fasta	KGVET-2020-01-4188-1__chr.fasta	0	0	100000/100000	KGVET-2020-01-4188-1
KGVET-2020-01-4188-1__chr.fasta	KGVET-2020-01-4188-1__completeAssembly.fasta	0	0	100000/100000	KGVET-2020-01-4188-1
KGVET-2020-01-2209-1__chr.fasta	KGVET-2020-01-2209-1__allPlasmids.fasta	0.293209	0	106/100000	KGVET-2020-01-2209-1
KGVET-2020-01-2209-1__chr.fasta	KGVET-2020-01-2209-1__chr.fasta	0	0	100000/100000	KGVET-2020-01-2209-1
KGVET-2020-01-2209-1__chr.fasta	KGVET-2020-01-2209-1__completeAssembly.fasta	0.000852055	0	96515/100000	KGVET-2020-01-2209-1
KGVET-2020-01-2209-1__chr.fasta	KGVET-2020-01-2209-1__pl_1.fasta	0.293209	0	106/100000	KGVET-2020-01-2209-1
KGVET-2020-01-2209-1__chr.fasta	KGVET-2020-01-2209-1__pl_2.fasta	1	1	0/100000	KGVET-2020-01-2209-1
KGVET-2020-01-2209-1__chr.fasta	KGVET-2020-01-2209-1__pl_3.fasta	1	1	0/100000	KGVET-2020-01-2209-1
KGVET-2020-01-2209-1__chr.fasta	KGVET-2020-01-2209-1__pl_4.fasta	1	1	0/100000	KGVET-2020-01-2209-1
KGVET-2020-01-2209-1__chr.fasta	KGVET-2020-01-2209-1__pl_5.fasta	1	1	0/100000	KGVET-2020-01-2209-1
KGVET-2020-01-2209-1__chr.fasta	KGVET-2020-01-2209-1__pl_6.fasta	1	1	0/100000	KGVET-2020-01-2209-1
KGVET-2020-01-1661__chr.fasta	KGVET-2020-01-1661__allPlasmids.fasta	0.24824	0	273/100000	KGVET-2020-01-1661
KGVET-2020-01-1661__chr.fasta	KGVET-2020-01-1661__chr.fasta	0	0	100000/100000	KGVET-2020-01-1661
KGVET-2020-01-1661__chr.fasta	KGVET-2020-01-1661__completeAssembly.fasta	0.00123718	0	94999/100000	KGVET-2020-01-1661
KGVET-2020-01-1661__chr.fasta	KGVET-2020-01-1661__pl_1.fasta	0.256175	0	231/100000	KGVET-2020-01-1661
KGVET-2020-01-1661__chr.fasta	KGVET-2020-01-1661__pl_2.fasta	0.300468	0	91/100000	KGVET-2020-01-1661
KGVET-2020-01-1661__chr.fasta	KGVET-2020-01-1661__pl_3.fasta	1	1	0/100000	KGVET-2020-01-1661
KGVETS-2019-01-1961__chr.fasta	KGVETS-2019-01-1961__allPlasmids.fasta	0.482221	1.88729e-05	2/100000	KGVETS-2019-01-1961
KGVETS-2019-01-1961__chr.fasta	KGVETS-2019-01-1961__chr.fasta	0	0	100000/100000	KGVETS-2019-01-1961
KGVETS-2019-01-1961__chr.fasta	KGVETS-2019-01-1961__completeAssembly.fasta	0.00127579	0	94849/100000	KGVETS-2019-01-1961
KGVETS-2019-01-1961__chr.fasta	KGVETS-2019-01-1961__pl_1.fasta	0.482221	4.96365e-06	2/100000	KGVETS-2019-01-1961
KGVETS-2019-01-1961__chr.fasta	KGVETS-2019-01-1961__pl_2.fasta	1	1	0/100000	KGVETS-2019-01-1961
KGVETS-2019-01-1961__chr.fasta	KGVETS-2019-01-1961__pl_3.fasta	1	1	0/100000	KGVETS-2019-01-1961
KGMAR-2016-319__chr.fasta	KGMAR-2016-319__allPlasmids.fasta	0.263499	0	198/100000	KGMAR-2016-319
KGMAR-2016-319__chr.fasta	KGMAR-2016-319__chr.fasta	0	0	100000/100000	KGMAR-2016-319
KGMAR-2016-319__chr.fasta	KGMAR-2016-319__completeAssembly.fasta	0.000908139	0	96292/100000	KGMAR-2016-319
KGMAR-2016-319__chr.fasta	KGMAR-2016-319__pl_1.fasta	0.263499	0	198/100000	KGMAR-2016-319
KGVET-2019-01-792__chr.fasta	KGVET-2019-01-792__allPlasmids.fasta	0.29059	0	112/100000	KGVET-2019-01-792
KGVET-2019-01-792__chr.fasta	KGVET-2019-01-792__chr.fasta	0	0	100000/100000	KGVET-2019-01-792
KGVET-2019-01-792__chr.fasta	KGVET-2019-01-792__completeAssembly.fasta	0.00122203	0	95058/100000	KGVET-2019-01-792
KGVET-2019-01-792__chr.fasta	KGVET-2019-01-792__pl_1.fasta	0.29232	0	108/100000	KGVET-2019-01-792
KGVET-2019-01-792__chr.fasta	KGVET-2019-01-792__pl_2.fasta	0.302607	0	87/100000	KGVET-2019-01-792
KGVET-2019-01-792__chr.fasta	KGVET-2019-01-792__pl_3.fasta	1	1	0/100000	KGVET-2019-01-792
KGVET-2019-01-792__chr.fasta	KGVET-2019-01-792__pl_4.fasta	1	1	0/100000	KGVET-2019-01-792
T7-213__chr.fasta	T7-213__allPlasmids.fasta	1	1	0/100000	T7-213
T7-213__chr.fasta	T7-213__chr.fasta	0	0	100000/100000	T7-213
T7-213__chr.fasta	T7-213__completeAssembly.fasta	0.000258759	0	98922/100000	T7-213
T7-213__chr.fasta	T7-213__pl_1.fasta	1	1	0/100000	T7-213
KGVET-2019-01-3619__chr.fasta	KGVET-2019-01-3619__allPlasmids.fasta	0.236309	0	351/100000	KGVET-2019-01-3619
KGVET-2019-01-3619__chr.fasta	KGVET-2019-01-3619__chr.fasta	0	0	100000/100000	KGVET-2019-01-3619
KGVET-2019-01-3619__chr.fasta	KGVET-2019-01-3619__completeAssembly.fasta	0.00154701	0	93805/100000	KGVET-2019-01-3619
KGVET-2019-01-3619__chr.fasta	KGVET-2019-01-3619__pl_1.fasta	0.259585	0	215/100000	KGVET-2019-01-3619
KGVET-2019-01-3619__chr.fasta	KGVET-2019-01-3619__pl_2.fasta	0.260478	0	211/100000	KGVET-2019-01-3619
KGVET-2019-01-3619__chr.fasta	KGVET-2019-01-3619__pl_3.fasta	1	1	0/100000	KGVET-2019-01-3619
KGVET-2019-01-3619__chr.fasta	KGVET-2019-01-3619__pl_4.fasta	1	1	0/100000	KGVET-2019-01-3619
KGVET-2019-01-3619__chr.fasta	KGVET-2019-01-3619__pl_5.fasta	1	1	0/100000	KGVET-2019-01-3619
KGVET-2019-01-3619__chr.fasta	KGVET-2019-01-3619__pl_6.fasta	1	1	0/100000	KGVET-2019-01-3619
KGVET-2019-01-3619__chr.fasta	KGVET-2019-01-3619__pl_7.fasta	1	1	0/100000	KGVET-2019-01-3619
KGVETS-2019-01-3127__chr.fasta	KGVETS-2019-01-3127__allPlasmids.fasta	0.37026	3.98332e-68	21/100000	KGVETS-2019-01-3127
KGVETS-2019-01-3127__chr.fasta	KGVETS-2019-01-3127__chr.fasta	0	0	100000/100000	KGVETS-2019-01-3127
KGVETS-2019-01-3127__chr.fasta	KGVETS-2019-01-3127__completeAssembly.fasta	0.00113315	0	95405/100000	KGVETS-2019-01-3127
KGVETS-2019-01-3127__chr.fasta	KGVETS-2019-01-3127__pl_1.fasta	0.368046	2.92989e-77	22/100000	KGVETS-2019-01-3127
KGVETS-2019-01-3127__chr.fasta	KGVETS-2019-01-3127__pl_2.fasta	1	1	0/100000	KGVETS-2019-01-3127
2018-01-880__chr.fasta	2018-01-880__allPlasmids.fasta	1	1	0/100000	2018-01-880
2018-01-880__chr.fasta	2018-01-880__chr.fasta	0	0	100000/100000	2018-01-880
2018-01-880__chr.fasta	2018-01-880__completeAssembly.fasta	2.54967e-05	0	99893/100000	2018-01-880
2018-01-880__chr.fasta	2018-01-880__pl_1.fasta	1	1	0/100000	2018-01-880
2018-01-1439__chr.fasta	2018-01-1439__allPlasmids.fasta	0.348743	8.35625e-111	33/100000	2018-01-1439
2018-01-1439__chr.fasta	2018-01-1439__chr.fasta	0	0	100000/100000	2018-01-1439
2018-01-1439__chr.fasta	2018-01-1439__completeAssembly.fasta	0.0012228	0	95055/100000	2018-01-1439
2018-01-1439__chr.fasta	2018-01-1439__pl_1.fasta	0.348743	4.92795e-119	33/100000	2018-01-1439
2018-01-1439__chr.fasta	2018-01-1439__pl_2.fasta	1	1	0/100000	2018-01-1439
2018-01-1439__chr.fasta	2018-01-1439__pl_3.fasta	1	1	0/100000	2018-01-1439
2018-01-1439__chr.fasta	2018-01-1439__pl_4.fasta	1	1	0/100000	2018-01-1439
2018-01-1439__chr.fasta	2018-01-1439__pl_5.fasta	1	1	0/100000	2018-01-1439
KGVET-2019-01-3472-4__chr.fasta	KGVET-2019-01-3472-4__allPlasmids.fasta	1	1	0/100000	KGVET-2019-01-3472-4
KGVET-2019-01-3472-4__chr.fasta	KGVET-2019-01-3472-4__chr.fasta	0	0	100000/100000	KGVET-2019-01-3472-4
KGVET-2019-01-3472-4__chr.fasta	KGVET-2019-01-3472-4__completeAssembly.fasta	0.000200063	0	99165/100000	KGVET-2019-01-3472-4
KGVET-2019-01-3472-4__chr.fasta	KGVET-2019-01-3472-4__pl_1.fasta	1	1	0/100000	KGVET-2019-01-3472-4
KGVET-2019-01-3472-4__chr.fasta	KGVET-2019-01-3472-4__pl_2.fasta	1	1	0/100000	KGVET-2019-01-3472-4
KGVET-2019-01-3472-4__chr.fasta	KGVET-2019-01-3472-4__pl_3.fasta	1	1	0/100000	KGVET-2019-01-3472-4
KGVETS-2019-01-2870__chr.fasta	KGVETS-2019-01-2870__allPlasmids.fasta	0.41621	4.82092e-21	8/100000	KGVETS-2019-01-2870
KGVETS-2019-01-2870__chr.fasta	KGVETS-2019-01-2870__chr.fasta	0	0	100000/100000	KGVETS-2019-01-2870
KGVETS-2019-01-2870__chr.fasta	KGVETS-2019-01-2870__completeAssembly.fasta	0.0022137	0	91310/100000	KGVETS-2019-01-2870
KGVETS-2019-01-2870__chr.fasta	KGVETS-2019-01-2870__pl_1.fasta	0.41621	3.7421e-23	8/100000	KGVETS-2019-01-2870
KGVETS-2019-01-2870__chr.fasta	KGVETS-2019-01-2870__pl_2.fasta	1	1	0/100000	KGVETS-2019-01-2870
KGVETS-2019-01-2870__chr.fasta	KGVETS-2019-01-2870__pl_3.fasta	1	1	0/100000	KGVETS-2019-01-2870
KGVETS-2019-01-2870__chr.fasta	KGVETS-2019-01-2870__pl_4.fasta	1	1	0/100000	KGVETS-2019-01-2870
KGVETS-2019-01-2870__chr.fasta	KGVETS-2019-01-2870__pl_5.fasta	1	1	0/100000	KGVETS-2019-01-2870
KGVETS-2019-01-2870__chr.fasta	KGVETS-2019-01-2870__pl_6.fasta	1	1	0/100000	KGVETS-2019-01-2870
KGVETS-2019-01-2870__chr.fasta	KGVETS-2019-01-2870__pl_7.fasta	1	1	0/100000	KGVETS-2019-01-2870
2018-01-1024__chr.fasta	2018-01-1024__allPlasmids.fasta	0.33841	9.73437e-146	41/100000	2018-01-1024
2018-01-1024__chr.fasta	2018-01-1024__chr.fasta	0	0	100000/100000	2018-01-1024
2018-01-1024__chr.fasta	2018-01-1024__completeAssembly.fasta	0.000960626	0	96084/100000	2018-01-1024
2018-01-1024__chr.fasta	2018-01-1024__pl_1.fasta	0.336143	7.14898e-163	43/100000	2018-01-1024
2018-01-1024__chr.fasta	2018-01-1024__pl_2.fasta	1	1	0/100000	2018-01-1024
2018-01-1024__chr.fasta	2018-01-1024__pl_3.fasta	1	1	0/100000	2018-01-1024
2018-01-1024__chr.fasta	2018-01-1024__pl_4.fasta	1	1	0/100000	2018-01-1024
2018-01-1024__chr.fasta	2018-01-1024__pl_5.fasta	1	1	0/100000	2018-01-1024
2018-01-1024__chr.fasta	2018-01-1024__pl_6.fasta	1	1	0/100000	2018-01-1024
2018-01-1024__chr.fasta	2018-01-1024__pl_7.fasta	1	1	0/100000	2018-01-1024
2018-01-1024__chr.fasta	2018-01-1024__pl_8.fasta	1	1	0/100000	2018-01-1024
KGVETS-2019-01-3162__chr.fasta	KGVETS-2019-01-3162__allPlasmids.fasta	0.336143	8.79133e-149	43/100000	KGVETS-2019-01-3162
KGVETS-2019-01-3162__chr.fasta	KGVETS-2019-01-3162__chr.fasta	0	0	100000/100000	KGVETS-2019-01-3162
KGVETS-2019-01-3162__chr.fasta	KGVETS-2019-01-3162__completeAssembly.fasta	0.00124953	0	94951/100000	KGVETS-2019-01-3162
KGVETS-2019-01-3162__chr.fasta	KGVETS-2019-01-3162__pl_1.fasta	0.335049	1.66233e-162	44/100000	KGVETS-2019-01-3162
KGVETS-2019-01-3162__chr.fasta	KGVETS-2019-01-3162__pl_2.fasta	0.515228	0.00238754	1/100000	KGVETS-2019-01-3162
KGVETS-2019-01-3162__chr.fasta	KGVETS-2019-01-3162__pl_3.fasta	1	1	0/100000	KGVETS-2019-01-3162
KGMAR-2019-1497__chr.fasta	KGMAR-2019-1497__allPlasmids.fasta	0.294116	0	104/100000	KGMAR-2019-1497
KGMAR-2019-1497__chr.fasta	KGMAR-2019-1497__chr.fasta	0	0	100000/100000	KGMAR-2019-1497
KGMAR-2019-1497__chr.fasta	KGMAR-2019-1497__completeAssembly.fasta	0.00139915	0	94372/100000	KGMAR-2019-1497
KGMAR-2019-1497__chr.fasta	KGMAR-2019-1497__pl_1.fasta	0.29366	0	105/100000	KGMAR-2019-1497
KGMAR-2019-1497__chr.fasta	KGMAR-2019-1497__pl_2.fasta	1	1	0/100000	KGMAR-2019-1497
KGMAR-2019-1497__chr.fasta	KGMAR-2019-1497__pl_3.fasta	1	1	0/100000	KGMAR-2019-1497
KGMAR-2019-1497__chr.fasta	KGMAR-2019-1497__pl_4.fasta	1	1	0/100000	KGMAR-2019-1497
KGMAR-2019-1497__chr.fasta	KGMAR-2019-1497__pl_5.fasta	1	1	0/100000	KGMAR-2019-1497
KGMAR-2019-1497__chr.fasta	KGMAR-2019-1497__pl_6.fasta	1	1	0/100000	KGMAR-2019-1497
KGVETS-2019-01-4118__chr.fasta	KGVETS-2019-01-4118__allPlasmids.fasta	1	1	0/100000	KGVETS-2019-01-4118
KGVETS-2019-01-4118__chr.fasta	KGVETS-2019-01-4118__chr.fasta	0	0	100000/100000	KGVETS-2019-01-4118
KGVETS-2019-01-4118__chr.fasta	KGVETS-2019-01-4118__completeAssembly.fasta	0.000671293	0	97239/100000	KGVETS-2019-01-4118
KGVETS-2019-01-4118__chr.fasta	KGVETS-2019-01-4118__pl_1.fasta	1	1	0/100000	KGVETS-2019-01-4118
KGMAR-2016-1200__chr.fasta	KGMAR-2016-1200__allPlasmids.fasta	0.347322	4.45675e-120	34/100000	KGMAR-2016-1200
KGMAR-2016-1200__chr.fasta	KGMAR-2016-1200__chr.fasta	0	0	100000/100000	KGMAR-2016-1200
KGMAR-2016-1200__chr.fasta	KGMAR-2016-1200__completeAssembly.fasta	0.000835994	0	96579/100000	KGMAR-2016-1200
KGMAR-2016-1200__chr.fasta	KGMAR-2016-1200__pl_1.fasta	0.347322	2.80535e-120	34/100000	KGMAR-2016-1200
KGMAR-2016-1200__chr.fasta	KGMAR-2016-1200__pl_2.fasta	1	1	0/100000	KGMAR-2016-1200
KGMAR-2019-400-2__chr.fasta	KGMAR-2019-400-2__allPlasmids.fasta	0.293209	0	106/100000	KGMAR-2019-400-2
KGMAR-2019-400-2__chr.fasta	KGMAR-2019-400-2__chr.fasta	0	0	100000/100000	KGMAR-2019-400-2
KGMAR-2019-400-2__chr.fasta	KGMAR-2019-400-2__completeAssembly.fasta	0.000852055	0	96515/100000	KGMAR-2019-400-2
KGMAR-2019-400-2__chr.fasta	KGMAR-2019-400-2__pl_1.fasta	0.29366	0	105/100000	KGMAR-2019-400-2
KGMAR-2019-400-2__chr.fasta	KGMAR-2019-400-2__pl_2.fasta	0.422568	7.47768e-27	7/100000	KGMAR-2019-400-2
KGMAR-2019-400-2__chr.fasta	KGMAR-2019-400-2__pl_3.fasta	1	1	0/100000	KGMAR-2019-400-2
KGMAR-2019-400-2__chr.fasta	KGMAR-2019-400-2__pl_4.fasta	1	1	0/100000	KGMAR-2019-400-2
KGVETS-2019-01-376__chr.fasta	KGVETS-2019-01-376__allPlasmids.fasta	1	1	0/100000	KGVETS-2019-01-376
KGVETS-2019-01-376__chr.fasta	KGVETS-2019-01-376__chr.fasta	0	0	100000/100000	KGVETS-2019-01-376
KGVETS-2019-01-376__chr.fasta	KGVETS-2019-01-376__completeAssembly.fasta	0.000822205	0	96634/100000	KGVETS-2019-01-376
KGVETS-2019-01-376__chr.fasta	KGVETS-2019-01-376__pl_1.fasta	1	1	0/100000	KGVETS-2019-01-376
2018-01-2485__chr.fasta	2018-01-2485__allPlasmids.fasta	0.323571	1.63382e-204	56/100000	2018-01-2485
2018-01-2485__chr.fasta	2018-01-2485__chr.fasta	0	0	100000/100000	2018-01-2485
2018-01-2485__chr.fasta	2018-01-2485__completeAssembly.fasta	0.000968969	0	96051/100000	2018-01-2485
2018-01-2485__chr.fasta	2018-01-2485__pl_1.fasta	0.323571	1.07728e-206	56/100000	2018-01-2485
2018-01-2485__chr.fasta	2018-01-2485__pl_2.fasta	1	1	0/100000	2018-01-2485
2018-01-2485__chr.fasta	2018-01-2485__pl_3.fasta	1	1	0/100000	2018-01-2485
2018-01-2485__chr.fasta	2018-01-2485__pl_4.fasta	1	1	0/100000	2018-01-2485
KGVETS-2019-01-4548__chr.fasta	KGVETS-2019-01-4548__allPlasmids.fasta	0.401047	9.64721e-32	11/100000	KGVETS-2019-01-4548
KGVETS-2019-01-4548__chr.fasta	KGVETS-2019-01-4548__chr.fasta	0	0	100000/100000	KGVETS-2019-01-4548
KGVETS-2019-01-4548__chr.fasta	KGVETS-2019-01-4548__completeAssembly.fasta	0.00151665	0	93921/100000	KGVETS-2019-01-4548
KGVETS-2019-01-4548__chr.fasta	KGVETS-2019-01-4548__pl_1.fasta	1	1	0/100000	KGVETS-2019-01-4548
KGVETS-2019-01-4548__chr.fasta	KGVETS-2019-01-4548__pl_2.fasta	0.396904	9.31682e-41	12/100000	KGVETS-2019-01-4548
KGVETS-2019-01-4548__chr.fasta	KGVETS-2019-01-4548__pl_3.fasta	1	1	0/100000	KGVETS-2019-01-4548
KGVETS-2019-01-4548__chr.fasta	KGVETS-2019-01-4548__pl_4.fasta	1	1	0/100000	KGVETS-2019-01-4548
2018-01-711__chr.fasta	2018-01-711__allPlasmids.fasta	1	1	0/100000	2018-01-711
2018-01-711__chr.fasta	2018-01-711__chr.fasta	0	0	100000/100000	2018-01-711
2018-01-711__chr.fasta	2018-01-711__completeAssembly.fasta	6.20257e-05	0	99740/100000	2018-01-711
2018-01-711__chr.fasta	2018-01-711__pl_1.fasta	1	1	0/100000	2018-01-711
2018-01-711__chr.fasta	2018-01-711__pl_2.fasta	1	1	0/100000	2018-01-711
2018-01-711__chr.fasta	2018-01-711__pl_3.fasta	1	1	0/100000	2018-01-711
2018-01-711__chr.fasta	2018-01-711__pl_4.fasta	1	1	0/100000	2018-01-711
KGVET-2020-01-2067-1__chr.fasta	KGVET-2020-01-2067-1__allPlasmids.fasta	1	1	0/100000	KGVET-2020-01-2067-1
KGVET-2020-01-2067-1__chr.fasta	KGVET-2020-01-2067-1__chr.fasta	0	0	100000/100000	KGVET-2020-01-2067-1
KGVET-2020-01-2067-1__chr.fasta	KGVET-2020-01-2067-1__completeAssembly.fasta	1.52454e-05	0	99936/100000	KGVET-2020-01-2067-1
KGVET-2020-01-2067-1__chr.fasta	KGVET-2020-01-2067-1__pl_1.fasta	1	1	0/100000	KGVET-2020-01-2067-1
KGVETS-2019-01-4637__chr.fasta	KGVETS-2019-01-4637__allPlasmids.fasta	0.43859	4.74489e-15	5/100000	KGVETS-2019-01-4637
KGVETS-2019-01-4637__chr.fasta	KGVETS-2019-01-4637__chr.fasta	0	0	100000/100000	KGVETS-2019-01-4637
KGVETS-2019-01-4637__chr.fasta	KGVETS-2019-01-4637__completeAssembly.fasta	0.000691913	0	97156/100000	KGVETS-2019-01-4637
KGVETS-2019-01-4637__chr.fasta	KGVETS-2019-01-4637__pl_1.fasta	0.43859	3.46854e-15	5/100000	KGVETS-2019-01-4637
KGVETS-2019-01-4637__chr.fasta	KGVETS-2019-01-4637__pl_2.fasta	1	1	0/100000	KGVETS-2019-01-4637
KGVET-2020-01-3043-2__chr.fasta	KGVET-2020-01-3043-2__chr.fasta	0	0	100000/100000	KGVET-2020-01-3043-2
KGVET-2020-01-3043-2__chr.fasta	KGVET-2020-01-3043-2__completeAssembly.fasta	0	0	100000/100000	KGVET-2020-01-3043-2
KGVET-2020-01-2318-1__chr.fasta	KGVET-2020-01-2318-1__allPlasmids.fasta	0.515228	0.00431886	1/100000	KGVET-2020-01-2318-1
KGVET-2020-01-2318-1__chr.fasta	KGVET-2020-01-2318-1__chr.fasta	0	0	100000/100000	KGVET-2020-01-2318-1
KGVET-2020-01-2318-1__chr.fasta	KGVET-2020-01-2318-1__completeAssembly.fasta	0.000892778	0	96353/100000	KGVET-2020-01-2318-1
KGVET-2020-01-2318-1__chr.fasta	KGVET-2020-01-2318-1__pl_1.fasta	0.515228	0.00431886	1/100000	KGVET-2020-01-2318-1
2018-01-714__chr.fasta	2018-01-714__allPlasmids.fasta	0.380321	6.3698e-54	17/100000	2018-01-714
2018-01-714__chr.fasta	2018-01-714__chr.fasta	0	0	100000/100000	2018-01-714
2018-01-714__chr.fasta	2018-01-714__completeAssembly.fasta	0.00112626	0	95432/100000	2018-01-714
2018-01-714__chr.fasta	2018-01-714__pl_1.fasta	0.380321	6.3698e-54	17/100000	2018-01-714
KGVETS-2019-01-4639__chr.fasta	KGVETS-2019-01-4639__allPlasmids.fasta	0.328022	1.04565e-195	51/100000	KGVETS-2019-01-4639
KGVETS-2019-01-4639__chr.fasta	KGVETS-2019-01-4639__chr.fasta	0	0	100000/100000	KGVETS-2019-01-4639
KGVETS-2019-01-4639__chr.fasta	KGVETS-2019-01-4639__completeAssembly.fasta	0.000600439	0	97525/100000	KGVETS-2019-01-4639
KGVETS-2019-01-4639__chr.fasta	KGVETS-2019-01-4639__pl_1.fasta	0.328022	1.04565e-195	51/100000	KGVETS-2019-01-4639
KGVETS-2019-01-4937__chr.fasta	KGVETS-2019-01-4937__allPlasmids.fasta	0.306007	4.31104e-304	81/100000	KGVETS-2019-01-4937
KGVETS-2019-01-4937__chr.fasta	KGVETS-2019-01-4937__chr.fasta	0	0	100000/100000	KGVETS-2019-01-4937
KGVETS-2019-01-4937__chr.fasta	KGVETS-2019-01-4937__completeAssembly.fasta	0.00114593	0	95355/100000	KGVETS-2019-01-4937
KGVETS-2019-01-4937__chr.fasta	KGVETS-2019-01-4937__pl_1.fasta	0.360092	5.15841e-92	26/100000	KGVETS-2019-01-4937
KGVETS-2019-01-4937__chr.fasta	KGVETS-2019-01-4937__pl_2.fasta	0.314331	1.06927e-274	68/100000	KGVETS-2019-01-4937
2018-01-4735__chr.fasta	2018-01-4735__allPlasmids.fasta	1	1	0/100000	2018-01-4735
2018-01-4735__chr.fasta	2018-01-4735__chr.fasta	0	0	100000/100000	2018-01-4735
2018-01-4735__chr.fasta	2018-01-4735__completeAssembly.fasta	0.000103671	0	99566/100000	2018-01-4735
2018-01-4735__chr.fasta	2018-01-4735__pl_1.fasta	1	1	0/100000	2018-01-4735
2018-01-4735__chr.fasta	2018-01-4735__pl_2.fasta	1	1	0/100000	2018-01-4735
2018-01-4735__chr.fasta	2018-01-4735__pl_3.fasta	1	1	0/100000	2018-01-4735
2018-01-4735__chr.fasta	2018-01-4735__pl_4.fasta	1	1	0/100000	2018-01-4735
2018-01-3723__chr.fasta	2018-01-3723__allPlasmids.fasta	0.356564	1.50132e-101	28/100000	2018-01-3723
2018-01-3723__chr.fasta	2018-01-3723__chr.fasta	0	0	100000/100000	2018-01-3723
2018-01-3723__chr.fasta	2018-01-3723__completeAssembly.fasta	0.000555265	0	97708/100000	2018-01-3723
2018-01-3723__chr.fasta	2018-01-3723__pl_1.fasta	0.356564	1.50132e-101	28/100000	2018-01-3723
KGVET-2020-01-2800-1__chr.fasta	KGVET-2020-01-2800-1__chr.fasta	0	0	100000/100000	KGVET-2020-01-2800-1
KGVET-2020-01-2800-1__chr.fasta	KGVET-2020-01-2800-1__completeAssembly.fasta	0	0	100000/100000	KGVET-2020-01-2800-1
2018-01-389__chr.fasta	2018-01-389__chr.fasta	0	0	100000/100000	2018-01-389
2018-01-389__chr.fasta	2018-01-389__completeAssembly.fasta	0	0	100000/100000	2018-01-389
2018-01-4639__chr.fasta	2018-01-4639__allPlasmids.fasta	0.351719	4.53755e-95	31/100000	2018-01-4639
2018-01-4639__chr.fasta	2018-01-4639__chr.fasta	0	0	100000/100000	2018-01-4639
2018-01-4639__chr.fasta	2018-01-4639__completeAssembly.fasta	0.00233297	0	90874/100000	2018-01-4639
2018-01-4639__chr.fasta	2018-01-4639__pl_1.fasta	0.351719	2.55501e-104	31/100000	2018-01-4639
2018-01-4639__chr.fasta	2018-01-4639__pl_2.fasta	0.345942	3.51291e-124	35/100000	2018-01-4639
2018-01-4639__chr.fasta	2018-01-4639__pl_3.fasta	1	1	0/100000	2018-01-4639
KGMAR-2019-1766__chr.fasta	KGMAR-2019-1766__allPlasmids.fasta	0.257425	0	225/100000	KGMAR-2019-1766
KGMAR-2019-1766__chr.fasta	KGMAR-2019-1766__chr.fasta	0	0	100000/100000	KGMAR-2019-1766
KGMAR-2019-1766__chr.fasta	KGMAR-2019-1766__completeAssembly.fasta	0.0015245	0	93891/100000	KGMAR-2019-1766
KGMAR-2019-1766__chr.fasta	KGMAR-2019-1766__pl_1.fasta	0.264962	0	192/100000	KGMAR-2019-1766
KGMAR-2019-1766__chr.fasta	KGMAR-2019-1766__pl_2.fasta	1	1	0/100000	KGMAR-2019-1766
KGMAR-2019-1766__chr.fasta	KGMAR-2019-1766__pl_3.fasta	0.282417	0	133/100000	KGMAR-2019-1766
KGMAR-2019-1766__chr.fasta	KGMAR-2019-1766__pl_4.fasta	1	1	0/100000	KGMAR-2019-1766
KGMAR-2019-1766__chr.fasta	KGMAR-2019-1766__pl_5.fasta	1	1	0/100000	KGMAR-2019-1766
KGMAR-2019-1766__chr.fasta	KGMAR-2019-1766__pl_6.fasta	1	1	0/100000	KGMAR-2019-1766
KGMAR-2019-1766__chr.fasta	KGMAR-2019-1766__pl_7.fasta	1	1	0/100000	KGMAR-2019-1766
KGMAR-2016-1198__chr.fasta	KGMAR-2016-1198__allPlasmids.fasta	0.307802	1.49487e-290	78/100000	KGMAR-2016-1198
KGMAR-2016-1198__chr.fasta	KGMAR-2016-1198__chr.fasta	0	0	100000/100000	KGMAR-2016-1198
KGMAR-2016-1198__chr.fasta	KGMAR-2016-1198__completeAssembly.fasta	0.00110916	0	95499/100000	KGMAR-2016-1198
KGMAR-2016-1198__chr.fasta	KGMAR-2016-1198__pl_1.fasta	0.307802	1.49487e-290	78/100000	KGMAR-2016-1198
KGVETS-2019-01-4908__chr.fasta	KGVETS-2019-01-4908__allPlasmids.fasta	1	1	0/100000	KGVETS-2019-01-4908
KGVETS-2019-01-4908__chr.fasta	KGVETS-2019-01-4908__chr.fasta	0	0	100000/100000	KGVETS-2019-01-4908
KGVETS-2019-01-4908__chr.fasta	KGVETS-2019-01-4908__completeAssembly.fasta	0.000541467	0	97764/100000	KGVETS-2019-01-4908
KGVETS-2019-01-4908__chr.fasta	KGVETS-2019-01-4908__pl_1.fasta	1	1	0/100000	KGVETS-2019-01-4908
KGVETS-2019-01-4908__chr.fasta	KGVETS-2019-01-4908__pl_2.fasta	1	1	0/100000	KGVETS-2019-01-4908
KGVETS-2019-01-4908__chr.fasta	KGVETS-2019-01-4908__pl_3.fasta	1	1	0/100000	KGVETS-2019-01-4908
KGVETS-2019-01-4908__chr.fasta	KGVETS-2019-01-4908__pl_4.fasta	1	1	0/100000	KGVETS-2019-01-4908
KGVET-2020-01-236-2__chr.fasta	KGVET-2020-01-236-2__allPlasmids.fasta	1	1	0/100000	KGVET-2020-01-236-2
KGVET-2020-01-236-2__chr.fasta	KGVET-2020-01-236-2__chr.fasta	0	0	100000/100000	KGVET-2020-01-236-2
KGVET-2020-01-236-2__chr.fasta	KGVET-2020-01-236-2__completeAssembly.fasta	0.000102952	0	99569/100000	KGVET-2020-01-236-2
KGVET-2020-01-236-2__chr.fasta	KGVET-2020-01-236-2__pl_1.fasta	1	1	0/100000	KGVET-2020-01-236-2
KGVET-2020-01-236-2__chr.fasta	KGVET-2020-01-236-2__pl_2.fasta	1	1	0/100000	KGVET-2020-01-236-2
KGVET-2020-01-236-2__chr.fasta	KGVET-2020-01-236-2__pl_3.fasta	1	1	0/100000	KGVET-2020-01-236-2
KGVET-2020-01-236-2__chr.fasta	KGVET-2020-01-236-2__pl_4.fasta	1	1	0/100000	KGVET-2020-01-236-2
KGVETS-2019-01-897__chr.fasta	KGVETS-2019-01-897__allPlasmids.fasta	0.515228	0.00375384	1/100000	KGVETS-2019-01-897
KGVETS-2019-01-897__chr.fasta	KGVETS-2019-01-897__chr.fasta	0	0	100000/100000	KGVETS-2019-01-897
KGVETS-2019-01-897__chr.fasta	KGVETS-2019-01-897__completeAssembly.fasta	0.000764168	0	96866/100000	KGVETS-2019-01-897
KGVETS-2019-01-897__chr.fasta	KGVETS-2019-01-897__pl_1.fasta	0.515228	0.00371394	1/100000	KGVETS-2019-01-897
KGVETS-2019-01-897__chr.fasta	KGVETS-2019-01-897__pl_2.fasta	1	1	0/100000	KGVETS-2019-01-897
KGVETS-2019-01-587__chr.fasta	KGVETS-2019-01-587__allPlasmids.fasta	0.363903	5.64229e-77	24/100000	KGVETS-2019-01-587
KGVETS-2019-01-587__chr.fasta	KGVETS-2019-01-587__chr.fasta	0	0	100000/100000	KGVETS-2019-01-587
KGVETS-2019-01-587__chr.fasta	KGVETS-2019-01-587__completeAssembly.fasta	0.00132714	0	94650/100000	KGVETS-2019-01-587
KGVETS-2019-01-587__chr.fasta	KGVETS-2019-01-587__pl_1.fasta	0.363903	1.53086e-81	24/100000	KGVETS-2019-01-587
KGVETS-2019-01-587__chr.fasta	KGVETS-2019-01-587__pl_2.fasta	1	1	0/100000	KGVETS-2019-01-587
KGVETS-2019-01-587__chr.fasta	KGVETS-2019-01-587__pl_3.fasta	1	1	0/100000	KGVETS-2019-01-587
KGMAR-2016-1400__chr.fasta	KGMAR-2016-1400__allPlasmids.fasta	0.289333	0	115/100000	KGMAR-2016-1400
KGMAR-2016-1400__chr.fasta	KGMAR-2016-1400__chr.fasta	0	0	100000/100000	KGMAR-2016-1400
KGMAR-2016-1400__chr.fasta	KGMAR-2016-1400__completeAssembly.fasta	0.000856072	0	96499/100000	KGMAR-2016-1400
KGMAR-2016-1400__chr.fasta	KGMAR-2016-1400__pl_1.fasta	0.289333	0	115/100000	KGMAR-2016-1400
2018-01-2734__chr.fasta	2018-01-2734__allPlasmids.fasta	0.515228	0.00479032	1/100000	2018-01-2734
2018-01-2734__chr.fasta	2018-01-2734__chr.fasta	0	0	100000/100000	2018-01-2734
2018-01-2734__chr.fasta	2018-01-2734__completeAssembly.fasta	0.000897561	0	96334/100000	2018-01-2734
2018-01-2734__chr.fasta	2018-01-2734__pl_1.fasta	0.515228	0.0031401	1/100000	2018-01-2734
2018-01-2734__chr.fasta	2018-01-2734__pl_2.fasta	1	1	0/100000	2018-01-2734
2018-01-2085__chr.fasta	2018-01-2085__allPlasmids.fasta	0.354894	6.8944e-106	29/100000	2018-01-2085
2018-01-2085__chr.fasta	2018-01-2085__chr.fasta	0	0	100000/100000	2018-01-2085
2018-01-2085__chr.fasta	2018-01-2085__completeAssembly.fasta	0.000552801	0	97718/100000	2018-01-2085
2018-01-2085__chr.fasta	2018-01-2085__pl_1.fasta	0.354894	8.32898e-108	29/100000	2018-01-2085
2018-01-2085__chr.fasta	2018-01-2085__pl_2.fasta	1	1	0/100000	2018-01-2085
2018-01-2085__chr.fasta	2018-01-2085__pl_3.fasta	1	1	0/100000	2018-01-2085
2018-01-2085__chr.fasta	2018-01-2085__pl_4.fasta	1	1	0/100000	2018-01-2085
KGVET-2019-01-2264__chr.fasta	KGVET-2019-01-2264__chr.fasta	0	0	100000/100000	KGVET-2019-01-2264
KGVET-2019-01-2264__chr.fasta	KGVET-2019-01-2264__completeAssembly.fasta	0	0	100000/100000	KGVET-2019-01-2264
KGVETS-2019-01-902__chr.fasta	KGVETS-2019-01-902__allPlasmids.fasta	0.363903	1.17446e-81	24/100000	KGVETS-2019-01-902
KGVETS-2019-01-902__chr.fasta	KGVETS-2019-01-902__chr.fasta	0	0	100000/100000	KGVETS-2019-01-902
KGVETS-2019-01-902__chr.fasta	KGVETS-2019-01-902__completeAssembly.fasta	0.000796163	0	96738/100000	KGVETS-2019-01-902
KGVETS-2019-01-902__chr.fasta	KGVETS-2019-01-902__pl_1.fasta	0.363903	1.17446e-81	24/100000	KGVETS-2019-01-902
KGMAR-2019-2186__chr.fasta	KGMAR-2019-2186__chr.fasta	0	0	100000/100000	KGMAR-2019-2186
KGMAR-2019-2186__chr.fasta	KGMAR-2019-2186__completeAssembly.fasta	0	0	100000/100000	KGMAR-2019-2186
KGVETS-2019-01-901__chr.fasta	KGVETS-2019-01-901__allPlasmids.fasta	1	1	0/100000	KGVETS-2019-01-901
KGVETS-2019-01-901__chr.fasta	KGVETS-2019-01-901__chr.fasta	0	0	100000/100000	KGVETS-2019-01-901
KGVETS-2019-01-901__chr.fasta	KGVETS-2019-01-901__completeAssembly.fasta	0.000660372	0	97283/100000	KGVETS-2019-01-901
KGVETS-2019-01-901__chr.fasta	KGVETS-2019-01-901__pl_1.fasta	1	1	0/100000	KGVETS-2019-01-901
KGMAR-2019-604__chr.fasta	KGMAR-2019-604__allPlasmids.fasta	1	1	0/100000	KGMAR-2019-604
KGMAR-2019-604__chr.fasta	KGMAR-2019-604__chr.fasta	0	0	100000/100000	KGMAR-2019-604
KGMAR-2019-604__chr.fasta	KGMAR-2019-604__completeAssembly.fasta	0.000179341	0	99251/100000	KGMAR-2019-604
KGMAR-2019-604__chr.fasta	KGMAR-2019-604__pl_1.fasta	1	1	0/100000	KGMAR-2019-604
NK_H1_002__chr.fasta	NK_H1_002__allPlasmids.fasta	0.274529	0	157/100000	NK_H1_002
NK_H1_002__chr.fasta	NK_H1_002__chr.fasta	0	0	100000/100000	NK_H1_002
NK_H1_002__chr.fasta	NK_H1_002__completeAssembly.fasta	0.000857328	0	96494/100000	NK_H1_002
NK_H1_002__chr.fasta	NK_H1_002__pl_1.fasta	0.274529	0	157/100000	NK_H1_002
NK_H1_002__chr.fasta	NK_H1_002__pl_2.fasta	1	1	0/100000	NK_H1_002
2018-01-2640__chr.fasta	2018-01-2640__allPlasmids.fasta	0.389565	2.04283e-41	14/100000	2018-01-2640
2018-01-2640__chr.fasta	2018-01-2640__chr.fasta	0	0	100000/100000	2018-01-2640
2018-01-2640__chr.fasta	2018-01-2640__completeAssembly.fasta	0.0015567	0	93768/100000	2018-01-2640
2018-01-2640__chr.fasta	2018-01-2640__pl_1.fasta	0.393093	8.37373e-43	13/100000	2018-01-2640
2018-01-2640__chr.fasta	2018-01-2640__pl_2.fasta	1	1	0/100000	2018-01-2640
2018-01-2640__chr.fasta	2018-01-2640__pl_3.fasta	0.515228	0.00185332	1/100000	2018-01-2640
2018-01-2640__chr.fasta	2018-01-2640__pl_4.fasta	1	1	0/100000	2018-01-2640
2018-01-2640__chr.fasta	2018-01-2640__pl_5.fasta	1	1	0/100000	2018-01-2640
KGVET-2020-01-3421-1__chr.fasta	KGVET-2020-01-3421-1__allPlasmids.fasta	0.429909	3.95216e-18	6/100000	KGVET-2020-01-3421-1
KGVET-2020-01-3421-1__chr.fasta	KGVET-2020-01-3421-1__chr.fasta	0	0	100000/100000	KGVET-2020-01-3421-1
KGVET-2020-01-3421-1__chr.fasta	KGVET-2020-01-3421-1__completeAssembly.fasta	0.000731738	0	96996/100000	KGVET-2020-01-3421-1
KGVET-2020-01-3421-1__chr.fasta	KGVET-2020-01-3421-1__pl_1.fasta	0.429909	2.13473e-18	6/100000	KGVET-2020-01-3421-1
KGVET-2020-01-3421-1__chr.fasta	KGVET-2020-01-3421-1__pl_2.fasta	1	1	0/100000	KGVET-2020-01-3421-1
KGVET-2020-01-3421-1__chr.fasta	KGVET-2020-01-3421-1__pl_3.fasta	1	1	0/100000	KGVET-2020-01-3421-1
KGVET-2020-01-3421-1__chr.fasta	KGVET-2020-01-3421-1__pl_4.fasta	1	1	0/100000	KGVET-2020-01-3421-1
KGVET-2020-01-3421-1__chr.fasta	KGVET-2020-01-3421-1__pl_5.fasta	1	1	0/100000	KGVET-2020-01-3421-1
KGVET-2020-01-3421-1__chr.fasta	KGVET-2020-01-3421-1__pl_6.fasta	1	1	0/100000	KGVET-2020-01-3421-1
KP_NORM_BLD_1032__chr.fasta	KP_NORM_BLD_1032__allPlasmids.fasta	0.317965	1.56773e-234	63/100000	KP_NORM_BLD_1032
KP_NORM_BLD_1032__chr.fasta	KP_NORM_BLD_1032__chr.fasta	0	0	100000/100000	KP_NORM_BLD_1032
KP_NORM_BLD_1032__chr.fasta	KP_NORM_BLD_1032__completeAssembly.fasta	0.000932343	0	96196/100000	KP_NORM_BLD_1032
KP_NORM_BLD_1032__chr.fasta	KP_NORM_BLD_1032__pl_1.fasta	0.317965	5.28619e-236	63/100000	KP_NORM_BLD_1032
KP_NORM_BLD_1032__chr.fasta	KP_NORM_BLD_1032__pl_2.fasta	1	1	0/100000	KP_NORM_BLD_1032
KP_NORM_BLD_1032__chr.fasta	KP_NORM_BLD_1032__pl_3.fasta	1	1	0/100000	KP_NORM_BLD_1032
KP_NORM_BLD_1032__chr.fasta	KP_NORM_BLD_1032__pl_4.fasta	1	1	0/100000	KP_NORM_BLD_1032
KP_NORM_BLD_111588__chr.fasta	KP_NORM_BLD_111588__allPlasmids.fasta	0.345942	1.73798e-124	35/100000	KP_NORM_BLD_111588
KP_NORM_BLD_111588__chr.fasta	KP_NORM_BLD_111588__chr.fasta	0	0	100000/100000	KP_NORM_BLD_111588
KP_NORM_BLD_111588__chr.fasta	KP_NORM_BLD_111588__completeAssembly.fasta	0.000821704	0	96636/100000	KP_NORM_BLD_111588
KP_NORM_BLD_111588__chr.fasta	KP_NORM_BLD_111588__pl_1.fasta	0.345942	1.06163e-124	35/100000	KP_NORM_BLD_111588
KP_NORM_BLD_111588__chr.fasta	KP_NORM_BLD_111588__pl_2.fasta	1	1	0/100000	KP_NORM_BLD_111588
KGMAR-2019-1764__chr.fasta	KGMAR-2019-1764__allPlasmids.fasta	0.41621	1.84223e-25	8/100000	KGMAR-2019-1764
KGMAR-2019-1764__chr.fasta	KGMAR-2019-1764__chr.fasta	0	0	100000/100000	KGMAR-2019-1764
KGMAR-2019-1764__chr.fasta	KGMAR-2019-1764__completeAssembly.fasta	0.000624188	0	97429/100000	KGMAR-2019-1764
KGMAR-2019-1764__chr.fasta	KGMAR-2019-1764__pl_1.fasta	0.41621	1.84223e-25	8/100000	KGMAR-2019-1764
KP_NORM_BLD_110772__chr.fasta	KP_NORM_BLD_110772__allPlasmids.fasta	0.482221	4.78301e-06	2/100000	KP_NORM_BLD_110772
KP_NORM_BLD_110772__chr.fasta	KP_NORM_BLD_110772__chr.fasta	0	0	100000/100000	KP_NORM_BLD_110772
KP_NORM_BLD_110772__chr.fasta	KP_NORM_BLD_110772__completeAssembly.fasta	0.000594755	0	97548/100000	KP_NORM_BLD_110772
KP_NORM_BLD_110772__chr.fasta	KP_NORM_BLD_110772__pl_1.fasta	0.482221	4.12613e-06	2/100000	KP_NORM_BLD_110772
KP_NORM_BLD_110772__chr.fasta	KP_NORM_BLD_110772__pl_2.fasta	1	1	0/100000	KP_NORM_BLD_110772
KP_NORM_BLD_111598__chr.fasta	KP_NORM_BLD_111598__allPlasmids.fasta	0.245371	0	290/100000	KP_NORM_BLD_111598
KP_NORM_BLD_111598__chr.fasta	KP_NORM_BLD_111598__chr.fasta	0	0	100000/100000	KP_NORM_BLD_111598
KP_NORM_BLD_111598__chr.fasta	KP_NORM_BLD_111598__completeAssembly.fasta	0.00135534	0	94541/100000	KP_NORM_BLD_111598
KP_NORM_BLD_111598__chr.fasta	KP_NORM_BLD_111598__pl_1.fasta	0.24392	0	299/100000	KP_NORM_BLD_111598
KP_NORM_BLD_111598__chr.fasta	KP_NORM_BLD_111598__pl_2.fasta	1	1	0/100000	KP_NORM_BLD_111598
KP_NORM_BLD_111598__chr.fasta	KP_NORM_BLD_111598__pl_3.fasta	1	1	0/100000	KP_NORM_BLD_111598
KP_NORM_BLD_112908__chr.fasta	KP_NORM_BLD_112908__allPlasmids.fasta	0.410602	8.36671e-29	9/100000	KP_NORM_BLD_112908
KP_NORM_BLD_112908__chr.fasta	KP_NORM_BLD_112908__chr.fasta	0	0	100000/100000	KP_NORM_BLD_112908
KP_NORM_BLD_112908__chr.fasta	KP_NORM_BLD_112908__completeAssembly.fasta	0.000640039	0	97365/100000	KP_NORM_BLD_112908
KP_NORM_BLD_112908__chr.fasta	KP_NORM_BLD_112908__pl_1.fasta	0.410602	8.36671e-29	9/100000	KP_NORM_BLD_112908
KGVET-2020-01-2846-1__chr.fasta	KGVET-2020-01-2846-1__chr.fasta	0	0	100000/100000	KGVET-2020-01-2846-1
KGVET-2020-01-2846-1__chr.fasta	KGVET-2020-01-2846-1__completeAssembly.fasta	0	0	100000/100000	KGVET-2020-01-2846-1
2018-01-1584__chr.fasta	2018-01-1584__allPlasmids.fasta	0.38628	7.73125e-52	15/100000	2018-01-1584
2018-01-1584__chr.fasta	2018-01-1584__chr.fasta	0	0	100000/100000	2018-01-1584
2018-01-1584__chr.fasta	2018-01-1584__completeAssembly.fasta	0.000503091	0	97920/100000	2018-01-1584
2018-01-1584__chr.fasta	2018-01-1584__pl_1.fasta	0.515228	0.00121831	1/100000	2018-01-1584
2018-01-1584__chr.fasta	2018-01-1584__pl_2.fasta	0.389565	8.12096e-53	14/100000	2018-01-1584
2018-01-1584__chr.fasta	2018-01-1584__pl_3.fasta	1	1	0/100000	2018-01-1584
2018-01-1584__chr.fasta	2018-01-1584__pl_4.fasta	1	1	0/100000	2018-01-1584
KP_NORM_BLD_112916__chr.fasta	KP_NORM_BLD_112916__allPlasmids.fasta	0.354894	1.43026e-99	29/100000	KP_NORM_BLD_112916
KP_NORM_BLD_112916__chr.fasta	KP_NORM_BLD_112916__chr.fasta	0	0	100000/100000	KP_NORM_BLD_112916
KP_NORM_BLD_112916__chr.fasta	KP_NORM_BLD_112916__completeAssembly.fasta	0.000888752	0	96369/100000	KP_NORM_BLD_112916
KP_NORM_BLD_112916__chr.fasta	KP_NORM_BLD_112916__pl_1.fasta	0.354894	5.25987e-100	29/100000	KP_NORM_BLD_112916
KP_NORM_BLD_112916__chr.fasta	KP_NORM_BLD_112916__pl_2.fasta	1	1	0/100000	KP_NORM_BLD_112916
KP_NORM_BLD_112916__chr.fasta	KP_NORM_BLD_112916__pl_3.fasta	1	1	0/100000	KP_NORM_BLD_112916
KP_NORM_BLD_114458__chr.fasta	KP_NORM_BLD_114458__allPlasmids.fasta	0.317965	2.85792e-230	63/100000	KP_NORM_BLD_114458
KP_NORM_BLD_114458__chr.fasta	KP_NORM_BLD_114458__chr.fasta	0	0	100000/100000	KP_NORM_BLD_114458
KP_NORM_BLD_114458__chr.fasta	KP_NORM_BLD_114458__completeAssembly.fasta	0.0010595	0	95694/100000	KP_NORM_BLD_114458
KP_NORM_BLD_114458__chr.fasta	KP_NORM_BLD_114458__pl_1.fasta	0.324428	1.48773e-204	55/100000	KP_NORM_BLD_114458
KP_NORM_BLD_114458__chr.fasta	KP_NORM_BLD_114458__pl_2.fasta	0.360092	9.52683e-102	26/100000	KP_NORM_BLD_114458
KP_NORM_BLD_114458__chr.fasta	KP_NORM_BLD_114458__pl_3.fasta	1	1	0/100000	KP_NORM_BLD_114458
KP_NORM_BLD_112925__chr.fasta	KP_NORM_BLD_112925__allPlasmids.fasta	0.337263	5.5592e-159	42/100000	KP_NORM_BLD_112925
KP_NORM_BLD_112925__chr.fasta	KP_NORM_BLD_112925__chr.fasta	0	0	100000/100000	KP_NORM_BLD_112925
KP_NORM_BLD_112925__chr.fasta	KP_NORM_BLD_112925__completeAssembly.fasta	0.000567842	0	97657/100000	KP_NORM_BLD_112925
KP_NORM_BLD_112925__chr.fasta	KP_NORM_BLD_112925__pl_1.fasta	0.337263	5.5592e-159	42/100000	KP_NORM_BLD_112925
KP_NORM_BLD_112904__chr.fasta	KP_NORM_BLD_112904__allPlasmids.fasta	0.249118	0	268/100000	KP_NORM_BLD_112904
KP_NORM_BLD_112904__chr.fasta	KP_NORM_BLD_112904__chr.fasta	0	0	100000/100000	KP_NORM_BLD_112904
KP_NORM_BLD_112904__chr.fasta	KP_NORM_BLD_112904__completeAssembly.fasta	0.00139111	0	94403/100000	KP_NORM_BLD_112904
KP_NORM_BLD_112904__chr.fasta	KP_NORM_BLD_112904__pl_1.fasta	0.249295	0	267/100000	KP_NORM_BLD_112904
KP_NORM_BLD_112904__chr.fasta	KP_NORM_BLD_112904__pl_2.fasta	0.354894	1.73454e-113	29/100000	KP_NORM_BLD_112904
KP_NORM_BLD_112904__chr.fasta	KP_NORM_BLD_112904__pl_3.fasta	0.340791	4.50826e-161	39/100000	KP_NORM_BLD_112904
KP_NORM_BLD_112904__chr.fasta	KP_NORM_BLD_112904__pl_4.fasta	1	1	0/100000	KP_NORM_BLD_112904
KP_NORM_BLD_114309__chr.fasta	KP_NORM_BLD_114309__allPlasmids.fasta	1	1	0/100000	KP_NORM_BLD_114309
KP_NORM_BLD_114309__chr.fasta	KP_NORM_BLD_114309__chr.fasta	0	0	100000/100000	KP_NORM_BLD_114309
KP_NORM_BLD_114309__chr.fasta	KP_NORM_BLD_114309__completeAssembly.fasta	0.000386557	0	98396/100000	KP_NORM_BLD_114309
KP_NORM_BLD_114309__chr.fasta	KP_NORM_BLD_114309__pl_1.fasta	1	1	0/100000	KP_NORM_BLD_114309
KP_NORM_BLD_115369__chr.fasta	KP_NORM_BLD_115369__allPlasmids.fasta	0.449215	1.25695e-11	4/100000	KP_NORM_BLD_115369
KP_NORM_BLD_115369__chr.fasta	KP_NORM_BLD_115369__chr.fasta	0	0	100000/100000	KP_NORM_BLD_115369
KP_NORM_BLD_115369__chr.fasta	KP_NORM_BLD_115369__completeAssembly.fasta	0.000852306	0	96514/100000	KP_NORM_BLD_115369
KP_NORM_BLD_115369__chr.fasta	KP_NORM_BLD_115369__pl_1.fasta	0.482221	5.19301e-06	2/100000	KP_NORM_BLD_115369
KP_NORM_BLD_115369__chr.fasta	KP_NORM_BLD_115369__pl_2.fasta	0.462914	1.6544e-10	3/100000	KP_NORM_BLD_115369
KP_NORM_BLD_114487__chr.fasta	KP_NORM_BLD_114487__allPlasmids.fasta	0.365929	3.97304e-76	23/100000	KP_NORM_BLD_114487
KP_NORM_BLD_114487__chr.fasta	KP_NORM_BLD_114487__chr.fasta	0	0	100000/100000	KP_NORM_BLD_114487
KP_NORM_BLD_114487__chr.fasta	KP_NORM_BLD_114487__completeAssembly.fasta	0.00100771	0	95898/100000	KP_NORM_BLD_114487
KP_NORM_BLD_114487__chr.fasta	KP_NORM_BLD_114487__pl_1.fasta	0.365929	3.97304e-76	23/100000	KP_NORM_BLD_114487
KP_NORM_BLD_112922__chr.fasta	KP_NORM_BLD_112922__allPlasmids.fasta	0.257005	0	227/100000	KP_NORM_BLD_112922
KP_NORM_BLD_112922__chr.fasta	KP_NORM_BLD_112922__chr.fasta	0	0	100000/100000	KP_NORM_BLD_112922
KP_NORM_BLD_112922__chr.fasta	KP_NORM_BLD_112922__completeAssembly.fasta	0.0018817	0	92540/100000	KP_NORM_BLD_112922
KP_NORM_BLD_112922__chr.fasta	KP_NORM_BLD_112922__pl_1.fasta	0.255765	0	233/100000	KP_NORM_BLD_112922
KP_NORM_BLD_112922__chr.fasta	KP_NORM_BLD_112922__pl_2.fasta	0.319501	1.68919e-242	61/100000	KP_NORM_BLD_112922
KP_NORM_BLD_112922__chr.fasta	KP_NORM_BLD_112922__pl_3.fasta	0.294116	0	104/100000	KP_NORM_BLD_112922
KP_NORM_BLD_112922__chr.fasta	KP_NORM_BLD_112922__pl_4.fasta	1	1	0/100000	KP_NORM_BLD_112922
KP_NORM_BLD_112922__chr.fasta	KP_NORM_BLD_112922__pl_5.fasta	1	1	0/100000	KP_NORM_BLD_112922
KP_NORM_BLD_113768__chr.fasta	KP_NORM_BLD_113768__allPlasmids.fasta	0.266985	0	184/100000	KP_NORM_BLD_113768
KP_NORM_BLD_113768__chr.fasta	KP_NORM_BLD_113768__chr.fasta	0	0	100000/100000	KP_NORM_BLD_113768
KP_NORM_BLD_113768__chr.fasta	KP_NORM_BLD_113768__completeAssembly.fasta	0.0017502	0	93034/100000	KP_NORM_BLD_113768
KP_NORM_BLD_113768__chr.fasta	KP_NORM_BLD_113768__pl_1.fasta	0.289333	0	115/100000	KP_NORM_BLD_113768
KP_NORM_BLD_113768__chr.fasta	KP_NORM_BLD_113768__pl_2.fasta	0.401047	3.96959e-37	11/100000	KP_NORM_BLD_113768
KP_NORM_BLD_113768__chr.fasta	KP_NORM_BLD_113768__pl_3.fasta	0.302063	0	88/100000	KP_NORM_BLD_113768
KP_NORM_BLD_113768__chr.fasta	KP_NORM_BLD_113768__pl_4.fasta	0.36196	9.37276e-96	25/100000	KP_NORM_BLD_113768
2018-01-4203__chr.fasta	2018-01-4203__chr.fasta	0	0	100000/100000	2018-01-4203
2018-01-4203__chr.fasta	2018-01-4203__completeAssembly.fasta	0	0	100000/100000	2018-01-4203
KGMAR-2019-1459__chr.fasta	KGMAR-2019-1459__allPlasmids.fasta	0.21695	0	528/100000	KGMAR-2019-1459
KGMAR-2019-1459__chr.fasta	KGMAR-2019-1459__chr.fasta	0	0	100000/100000	KGMAR-2019-1459
KGMAR-2019-1459__chr.fasta	KGMAR-2019-1459__completeAssembly.fasta	0.00161472	0	93547/100000	KGMAR-2019-1459
KGMAR-2019-1459__chr.fasta	KGMAR-2019-1459__pl_1.fasta	0.219154	0	504/100000	KGMAR-2019-1459
KGMAR-2019-1459__chr.fasta	KGMAR-2019-1459__pl_2.fasta	0.279639	0	141/100000	KGMAR-2019-1459
KGMAR-2019-1459__chr.fasta	KGMAR-2019-1459__pl_3.fasta	0.515228	0.0016447	1/100000	KGMAR-2019-1459
KGMAR-2019-1459__chr.fasta	KGMAR-2019-1459__pl_4.fasta	1	1	0/100000	KGMAR-2019-1459
KGMAR-2019-1459__chr.fasta	KGMAR-2019-1459__pl_5.fasta	1	1	0/100000	KGMAR-2019-1459
KP_NORM_BLD_114473__chr.fasta	KP_NORM_BLD_114473__allPlasmids.fasta	0.269098	0	176/100000	KP_NORM_BLD_114473
KP_NORM_BLD_114473__chr.fasta	KP_NORM_BLD_114473__chr.fasta	0	0	100000/100000	KP_NORM_BLD_114473
KP_NORM_BLD_114473__chr.fasta	KP_NORM_BLD_114473__completeAssembly.fasta	0.00197631	0	92187/100000	KP_NORM_BLD_114473
KP_NORM_BLD_114473__chr.fasta	KP_NORM_BLD_114473__pl_10.fasta	1	1	0/100000	KP_NORM_BLD_114473
KP_NORM_BLD_114473__chr.fasta	KP_NORM_BLD_114473__pl_1.fasta	0.274832	0	156/100000	KP_NORM_BLD_114473
KP_NORM_BLD_114473__chr.fasta	KP_NORM_BLD_114473__pl_2.fasta	0.354894	3.8331e-105	29/100000	KP_NORM_BLD_114473
KP_NORM_BLD_114473__chr.fasta	KP_NORM_BLD_114473__pl_3.fasta	1	1	0/100000	KP_NORM_BLD_114473
KP_NORM_BLD_114473__chr.fasta	KP_NORM_BLD_114473__pl_4.fasta	1	1	0/100000	KP_NORM_BLD_114473
KP_NORM_BLD_114473__chr.fasta	KP_NORM_BLD_114473__pl_5.fasta	1	1	0/100000	KP_NORM_BLD_114473
KP_NORM_BLD_114473__chr.fasta	KP_NORM_BLD_114473__pl_6.fasta	1	1	0/100000	KP_NORM_BLD_114473
KP_NORM_BLD_114473__chr.fasta	KP_NORM_BLD_114473__pl_7.fasta	1	1	0/100000	KP_NORM_BLD_114473
KP_NORM_BLD_114473__chr.fasta	KP_NORM_BLD_114473__pl_8.fasta	1	1	0/100000	KP_NORM_BLD_114473
KP_NORM_BLD_114473__chr.fasta	KP_NORM_BLD_114473__pl_9.fasta	1	1	0/100000	KP_NORM_BLD_114473
KGMAR-2020-428__chr.fasta	KGMAR-2020-428__allPlasmids.fasta	0.2457	0	288/100000	KGMAR-2020-428
KGMAR-2020-428__chr.fasta	KGMAR-2020-428__chr.fasta	0	0	100000/100000	KGMAR-2020-428
KGMAR-2020-428__chr.fasta	KGMAR-2020-428__completeAssembly.fasta	0.00176611	0	92974/100000	KGMAR-2020-428
KGMAR-2020-428__chr.fasta	KGMAR-2020-428__pl_1.fasta	0.250374	0	261/100000	KGMAR-2020-428
KGMAR-2020-428__chr.fasta	KGMAR-2020-428__pl_2.fasta	0.329926	1.68019e-190	49/100000	KGMAR-2020-428
KGMAR-2020-428__chr.fasta	KGMAR-2020-428__pl_3.fasta	0.29059	0	112/100000	KGMAR-2020-428
KGMAR-2020-428__chr.fasta	KGMAR-2020-428__pl_4.fasta	1	1	0/100000	KGMAR-2020-428
KGMAR-2020-428__chr.fasta	KGMAR-2020-428__pl_5.fasta	1	1	0/100000	KGMAR-2020-428
KGMAR-2020-428__chr.fasta	KGMAR-2020-428__pl_6.fasta	1	1	0/100000	KGMAR-2020-428
KP_NORM_BLD_115706__chr.fasta	KP_NORM_BLD_115706__allPlasmids.fasta	0.344601	8.34657e-129	36/100000	KP_NORM_BLD_115706
KP_NORM_BLD_115706__chr.fasta	KP_NORM_BLD_115706__chr.fasta	0	0	100000/100000	KP_NORM_BLD_115706
KP_NORM_BLD_115706__chr.fasta	KP_NORM_BLD_115706__completeAssembly.fasta	0.000735477	0	96981/100000	KP_NORM_BLD_115706
KP_NORM_BLD_115706__chr.fasta	KP_NORM_BLD_115706__pl_1.fasta	0.344601	1.30814e-136	36/100000	KP_NORM_BLD_115706
KP_NORM_BLD_115706__chr.fasta	KP_NORM_BLD_115706__pl_2.fasta	1	1	0/100000	KP_NORM_BLD_115706
KP_NORM_BLD_115706__chr.fasta	KP_NORM_BLD_115706__pl_3.fasta	1	1	0/100000	KP_NORM_BLD_115706
KP_NORM_BLD_116392__chr.fasta	KP_NORM_BLD_116392__allPlasmids.fasta	0.515228	0.00113369	1/100000	KP_NORM_BLD_116392
KP_NORM_BLD_116392__chr.fasta	KP_NORM_BLD_116392__chr.fasta	0	0	100000/100000	KP_NORM_BLD_116392
KP_NORM_BLD_116392__chr.fasta	KP_NORM_BLD_116392__completeAssembly.fasta	0.000227331	0	99052/100000	KP_NORM_BLD_116392
KP_NORM_BLD_116392__chr.fasta	KP_NORM_BLD_116392__pl_1.fasta	0.515228	0.00104077	1/100000	KP_NORM_BLD_116392
KP_NORM_BLD_116392__chr.fasta	KP_NORM_BLD_116392__pl_2.fasta	1	1	0/100000	KP_NORM_BLD_116392
2018-01-778__chr.fasta	2018-01-778__allPlasmids.fasta	0.482221	4.29969e-06	2/100000	2018-01-778
2018-01-778__chr.fasta	2018-01-778__chr.fasta	0	0	100000/100000	2018-01-778
2018-01-778__chr.fasta	2018-01-778__completeAssembly.fasta	0.000600192	0	97526/100000	2018-01-778
2018-01-778__chr.fasta	2018-01-778__pl_1.fasta	0.482221	1.52265e-06	2/100000	2018-01-778
2018-01-778__chr.fasta	2018-01-778__pl_2.fasta	1	1	0/100000	2018-01-778
KP_NORM_BLD_116570__chr.fasta	KP_NORM_BLD_116570__chr.fasta	0	0	100000/100000	KP_NORM_BLD_116570
KP_NORM_BLD_116570__chr.fasta	KP_NORM_BLD_116570__completeAssembly.fasta	0	0	100000/100000	KP_NORM_BLD_116570
KP_NORM_BLD_116378__chr.fasta	KP_NORM_BLD_116378__chr.fasta	0	0	100000/100000	KP_NORM_BLD_116378
KP_NORM_BLD_116378__chr.fasta	KP_NORM_BLD_116378__completeAssembly.fasta	0	0	100000/100000	KP_NORM_BLD_116378
KGMAR-2016-1396__chr.fasta	KGMAR-2016-1396__allPlasmids.fasta	0.231311	0	390/100000	KGMAR-2016-1396
KGMAR-2016-1396__chr.fasta	KGMAR-2016-1396__chr.fasta	0	0	100000/100000	KGMAR-2016-1396
KGMAR-2016-1396__chr.fasta	KGMAR-2016-1396__completeAssembly.fasta	0.00119201	0	95175/100000	KGMAR-2016-1396
KGMAR-2016-1396__chr.fasta	KGMAR-2016-1396__pl_1.fasta	0.230706	0	395/100000	KGMAR-2016-1396
KGMAR-2016-1396__chr.fasta	KGMAR-2016-1396__pl_2.fasta	0.351719	3.36479e-130	31/100000	KGMAR-2016-1396
KGMAR-2016-1396__chr.fasta	KGMAR-2016-1396__pl_3.fasta	1	1	0/100000	KGMAR-2016-1396
KGMAR-2016-1396__chr.fasta	KGMAR-2016-1396__pl_4.fasta	0.462914	2.1726e-13	3/100000	KGMAR-2016-1396
KGMAR-2016-1396__chr.fasta	KGMAR-2016-1396__pl_5.fasta	1	1	0/100000	KGMAR-2016-1396
KP_NORM_BLD_117477__chr.fasta	KP_NORM_BLD_117477__allPlasmids.fasta	0.285367	0	125/100000	KP_NORM_BLD_117477
KP_NORM_BLD_117477__chr.fasta	KP_NORM_BLD_117477__chr.fasta	0	0	100000/100000	KP_NORM_BLD_117477
KP_NORM_BLD_117477__chr.fasta	KP_NORM_BLD_117477__completeAssembly.fasta	0.000728	0	97011/100000	KP_NORM_BLD_117477
KP_NORM_BLD_117477__chr.fasta	KP_NORM_BLD_117477__pl_1.fasta	0.285367	0	125/100000	KP_NORM_BLD_117477
KP_NORM_BLD_116566__chr.fasta	KP_NORM_BLD_116566__allPlasmids.fasta	0.312952	2.37446e-262	70/100000	KP_NORM_BLD_116566
KP_NORM_BLD_116566__chr.fasta	KP_NORM_BLD_116566__chr.fasta	0	0	100000/100000	KP_NORM_BLD_116566
KP_NORM_BLD_116566__chr.fasta	KP_NORM_BLD_116566__completeAssembly.fasta	0.000978328	0	96014/100000	KP_NORM_BLD_116566
KP_NORM_BLD_116566__chr.fasta	KP_NORM_BLD_116566__pl_1.fasta	0.312952	2.37446e-262	70/100000	KP_NORM_BLD_116566
KGVETS-2019-01-1759__chr.fasta	KGVETS-2019-01-1759__allPlasmids.fasta	1	1	0/100000	KGVETS-2019-01-1759
KGVETS-2019-01-1759__chr.fasta	KGVETS-2019-01-1759__chr.fasta	0	0	100000/100000	KGVETS-2019-01-1759
KGVETS-2019-01-1759__chr.fasta	KGVETS-2019-01-1759__completeAssembly.fasta	0.000710818	0	97080/100000	KGVETS-2019-01-1759
KGVETS-2019-01-1759__chr.fasta	KGVETS-2019-01-1759__pl_1.fasta	1	1	0/100000	KGVETS-2019-01-1759
KGVETS-2019-01-1759__chr.fasta	KGVETS-2019-01-1759__pl_2.fasta	1	1	0/100000	KGVETS-2019-01-1759
KGVETS-2019-01-1336__chr.fasta	KGVETS-2019-01-1336__allPlasmids.fasta	0.348743	7.82206e-111	33/100000	KGVETS-2019-01-1336
KGVETS-2019-01-1336__chr.fasta	KGVETS-2019-01-1336__chr.fasta	0	0	100000/100000	KGVETS-2019-01-1336
KGVETS-2019-01-1336__chr.fasta	KGVETS-2019-01-1336__completeAssembly.fasta	0.00125493	0	94930/100000	KGVETS-2019-01-1336
KGVETS-2019-01-1336__chr.fasta	KGVETS-2019-01-1336__pl_1.fasta	0.347322	8.39666e-122	34/100000	KGVETS-2019-01-1336
KGVETS-2019-01-1336__chr.fasta	KGVETS-2019-01-1336__pl_2.fasta	1	1	0/100000	KGVETS-2019-01-1336
KGVETS-2019-01-1336__chr.fasta	KGVETS-2019-01-1336__pl_3.fasta	1	1	0/100000	KGVETS-2019-01-1336
NK_H22_075__chr.fasta	NK_H22_075__allPlasmids.fasta	0.372583	4.04064e-65	20/100000	NK_H22_075
NK_H22_075__chr.fasta	NK_H22_075__chr.fasta	0	0	100000/100000	NK_H22_075
NK_H22_075__chr.fasta	NK_H22_075__completeAssembly.fasta	0.0010181	0	95857/100000	NK_H22_075
NK_H22_075__chr.fasta	NK_H22_075__pl_1.fasta	0.372583	3.00706e-65	20/100000	NK_H22_075
NK_H22_075__chr.fasta	NK_H22_075__pl_2.fasta	1	1	0/100000	NK_H22_075
KGMAR-2016-1397__chr.fasta	KGMAR-2016-1397__allPlasmids.fasta	0.235905	0	354/100000	KGMAR-2016-1397
KGMAR-2016-1397__chr.fasta	KGMAR-2016-1397__chr.fasta	0	0	100000/100000	KGMAR-2016-1397
KGMAR-2016-1397__chr.fasta	KGMAR-2016-1397__completeAssembly.fasta	0.00155094	0	93790/100000	KGMAR-2016-1397
KGMAR-2016-1397__chr.fasta	KGMAR-2016-1397__pl_1.fasta	0.236445	0	350/100000	KGMAR-2016-1397
KGMAR-2016-1397__chr.fasta	KGMAR-2016-1397__pl_2.fasta	0.260029	0	213/100000	KGMAR-2016-1397
KGMAR-2016-1397__chr.fasta	KGMAR-2016-1397__pl_3.fasta	0.449215	4.40634e-18	4/100000	KGMAR-2016-1397
KGMAR-2016-1397__chr.fasta	KGMAR-2016-1397__pl_4.fasta	1	1	0/100000	KGMAR-2016-1397
KGMAR-2016-1397__chr.fasta	KGMAR-2016-1397__pl_5.fasta	1	1	0/100000	KGMAR-2016-1397
KGVETS-2019-01-1382__chr.fasta	KGVETS-2019-01-1382__allPlasmids.fasta	0.372583	1.8883e-65	20/100000	KGVETS-2019-01-1382
KGVETS-2019-01-1382__chr.fasta	KGVETS-2019-01-1382__chr.fasta	0	0	100000/100000	KGVETS-2019-01-1382
KGVETS-2019-01-1382__chr.fasta	KGVETS-2019-01-1382__completeAssembly.fasta	0.000946731	0	96139/100000	KGVETS-2019-01-1382
KGVETS-2019-01-1382__chr.fasta	KGVETS-2019-01-1382__pl_1.fasta	0.372583	2.24846e-67	20/100000	KGVETS-2019-01-1382
KGVETS-2019-01-1382__chr.fasta	KGVETS-2019-01-1382__pl_2.fasta	1	1	0/100000	KGVETS-2019-01-1382
KGVETS-2019-01-1382__chr.fasta	KGVETS-2019-01-1382__pl_3.fasta	1	1	0/100000	KGVETS-2019-01-1382
KGVETS-2019-01-1382__chr.fasta	KGVETS-2019-01-1382__pl_4.fasta	1	1	0/100000	KGVETS-2019-01-1382
KP_NORM_BLD_12850__chr.fasta	KP_NORM_BLD_12850__chr.fasta	0	0	100000/100000	KP_NORM_BLD_12850
KP_NORM_BLD_12850__chr.fasta	KP_NORM_BLD_12850__completeAssembly.fasta	0	0	100000/100000	KP_NORM_BLD_12850
KGVET-2020-01-3514__chr.fasta	KGVET-2020-01-3514__chr.fasta	0	0	100000/100000	KGVET-2020-01-3514
KGVET-2020-01-3514__chr.fasta	KGVET-2020-01-3514__completeAssembly.fasta	0	0	100000/100000	KGVET-2020-01-3514
2018-01-2353__chr.fasta	2018-01-2353__allPlasmids.fasta	0.449215	1.85178e-11	4/100000	2018-01-2353
2018-01-2353__chr.fasta	2018-01-2353__chr.fasta	0	0	100000/100000	2018-01-2353
2018-01-2353__chr.fasta	2018-01-2353__completeAssembly.fasta	0.000946731	0	96139/100000	2018-01-2353
2018-01-2353__chr.fasta	2018-01-2353__pl_1.fasta	0.449215	1.69231e-11	4/100000	2018-01-2353
2018-01-2353__chr.fasta	2018-01-2353__pl_2.fasta	1	1	0/100000	2018-01-2353
KP_NORM_BLD_12934__chr.fasta	KP_NORM_BLD_12934__allPlasmids.fasta	0.43859	4.72989e-15	5/100000	KP_NORM_BLD_12934
KP_NORM_BLD_12934__chr.fasta	KP_NORM_BLD_12934__chr.fasta	0	0	100000/100000	KP_NORM_BLD_12934
KP_NORM_BLD_12934__chr.fasta	KP_NORM_BLD_12934__completeAssembly.fasta	0.000704348	0	97106/100000	KP_NORM_BLD_12934
KP_NORM_BLD_12934__chr.fasta	KP_NORM_BLD_12934__pl_1.fasta	0.43859	4.72989e-15	5/100000	KP_NORM_BLD_12934
KGVETS-2019-01-1380__chr.fasta	KGVETS-2019-01-1380__allPlasmids.fasta	0.336143	3.06765e-159	43/100000	KGVETS-2019-01-1380
KGVETS-2019-01-1380__chr.fasta	KGVETS-2019-01-1380__chr.fasta	0	0	100000/100000	KGVETS-2019-01-1380
KGVETS-2019-01-1380__chr.fasta	KGVETS-2019-01-1380__completeAssembly.fasta	0.000653426	0	97311/100000	KGVETS-2019-01-1380
KGVETS-2019-01-1380__chr.fasta	KGVETS-2019-01-1380__pl_1.fasta	0.336143	3.06765e-159	43/100000	KGVETS-2019-01-1380
KGMAR-2019-1417-2__chr.fasta	KGMAR-2019-1417-2__allPlasmids.fasta	0.311611	4.91873e-278	72/100000	KGMAR-2019-1417-2
KGMAR-2019-1417-2__chr.fasta	KGMAR-2019-1417-2__chr.fasta	0	0	100000/100000	KGMAR-2019-1417-2
KGMAR-2019-1417-2__chr.fasta	KGMAR-2019-1417-2__completeAssembly.fasta	0.000795662	0	96740/100000	KGMAR-2019-1417-2
KGMAR-2019-1417-2__chr.fasta	KGMAR-2019-1417-2__pl_1.fasta	0.311611	4.91873e-278	72/100000	KGMAR-2019-1417-2
KGVET-2020-01-2158-1__chr.fasta	KGVET-2020-01-2158-1__allPlasmids.fasta	0.293209	0	106/100000	KGVET-2020-01-2158-1
KGVET-2020-01-2158-1__chr.fasta	KGVET-2020-01-2158-1__chr.fasta	0	0	100000/100000	KGVET-2020-01-2158-1
KGVET-2020-01-2158-1__chr.fasta	KGVET-2020-01-2158-1__completeAssembly.fasta	0.00085105	0	96519/100000	KGVET-2020-01-2158-1
KGVET-2020-01-2158-1__chr.fasta	KGVET-2020-01-2158-1__pl_1.fasta	0.293209	0	106/100000	KGVET-2020-01-2158-1
KGVET-2020-01-2158-1__chr.fasta	KGVET-2020-01-2158-1__pl_2.fasta	1	1	0/100000	KGVET-2020-01-2158-1
KGVET-2020-01-2158-1__chr.fasta	KGVET-2020-01-2158-1__pl_3.fasta	1	1	0/100000	KGVET-2020-01-2158-1
KGVET-2020-01-2158-1__chr.fasta	KGVET-2020-01-2158-1__pl_4.fasta	1	1	0/100000	KGVET-2020-01-2158-1
KGVET-2020-01-2158-1__chr.fasta	KGVET-2020-01-2158-1__pl_5.fasta	1	1	0/100000	KGVET-2020-01-2158-1
KGVET-2020-01-2158-1__chr.fasta	KGVET-2020-01-2158-1__pl_6.fasta	1	1	0/100000	KGVET-2020-01-2158-1
KGVET-2020-01-2158-1__chr.fasta	KGVET-2020-01-2158-1__pl_7.fasta	1	1	0/100000	KGVET-2020-01-2158-1
KGMAR-2020-440__chr.fasta	KGMAR-2020-440__allPlasmids.fasta	0.312952	5.22675e-277	70/100000	KGMAR-2020-440
KGMAR-2020-440__chr.fasta	KGMAR-2020-440__chr.fasta	0	0	100000/100000	KGMAR-2020-440
KGMAR-2020-440__chr.fasta	KGMAR-2020-440__completeAssembly.fasta	0.00063013	0	97405/100000	KGMAR-2020-440
KGMAR-2020-440__chr.fasta	KGMAR-2020-440__pl_1.fasta	0.312952	4.56679e-278	70/100000	KGMAR-2020-440
KGMAR-2020-440__chr.fasta	KGMAR-2020-440__pl_2.fasta	1	1	0/100000	KGMAR-2020-440
KP_NORM_BLD_13123__chr.fasta	KP_NORM_BLD_13123__allPlasmids.fasta	1	1	0/100000	KP_NORM_BLD_13123
KP_NORM_BLD_13123__chr.fasta	KP_NORM_BLD_13123__chr.fasta	0	0	100000/100000	KP_NORM_BLD_13123
KP_NORM_BLD_13123__chr.fasta	KP_NORM_BLD_13123__completeAssembly.fasta	3.0744e-05	0	99871/100000	KP_NORM_BLD_13123
KP_NORM_BLD_13123__chr.fasta	KP_NORM_BLD_13123__pl_1.fasta	1	1	0/100000	KP_NORM_BLD_13123
KP_NORM_BLD_13123__chr.fasta	KP_NORM_BLD_13123__pl_2.fasta	1	1	0/100000	KP_NORM_BLD_13123
2018-01-2730__chr.fasta	2018-01-2730__allPlasmids.fasta	0.393093	2.55596e-38	13/100000	2018-01-2730
2018-01-2730__chr.fasta	2018-01-2730__chr.fasta	0	0	100000/100000	2018-01-2730
2018-01-2730__chr.fasta	2018-01-2730__completeAssembly.fasta	0.00150594	0	93962/100000	2018-01-2730
2018-01-2730__chr.fasta	2018-01-2730__pl_1.fasta	0.389565	1.96087e-46	14/100000	2018-01-2730
2018-01-2730__chr.fasta	2018-01-2730__pl_2.fasta	1	1	0/100000	2018-01-2730
2018-01-2730__chr.fasta	2018-01-2730__pl_3.fasta	1	1	0/100000	2018-01-2730
2018-01-2730__chr.fasta	2018-01-2730__pl_4.fasta	1	1	0/100000	2018-01-2730
KGVET-2020-01-3721-3__chr.fasta	KGVET-2020-01-3721-3__allPlasmids.fasta	0.429909	1.11639e-17	6/100000	KGVET-2020-01-3721-3
KGVET-2020-01-3721-3__chr.fasta	KGVET-2020-01-3721-3__chr.fasta	0	0	100000/100000	KGVET-2020-01-3721-3
KGVET-2020-01-3721-3__chr.fasta	KGVET-2020-01-3721-3__completeAssembly.fasta	0.000893534	0	96350/100000	KGVET-2020-01-3721-3
KGVET-2020-01-3721-3__chr.fasta	KGVET-2020-01-3721-3__pl_1.fasta	0.429909	1.11639e-17	6/100000	KGVET-2020-01-3721-3
KGVET-2020-01-3515__chr.fasta	KGVET-2020-01-3515__allPlasmids.fasta	0.324428	1.42493e-199	55/100000	KGVET-2020-01-3515
KGVET-2020-01-3515__chr.fasta	KGVET-2020-01-3515__chr.fasta	0	0	100000/100000	KGVET-2020-01-3515
KGVET-2020-01-3515__chr.fasta	KGVET-2020-01-3515__completeAssembly.fasta	0.00102952	0	95812/100000	KGVET-2020-01-3515
KGVET-2020-01-3515__chr.fasta	KGVET-2020-01-3515__pl_1.fasta	0.324428	1.42493e-199	55/100000	KGVET-2020-01-3515
KGMAR-2016-733__chr.fasta	KGMAR-2016-733__allPlasmids.fasta	0.248066	0	274/100000	KGMAR-2016-733
KGMAR-2016-733__chr.fasta	KGMAR-2016-733__chr.fasta	0	0	100000/100000	KGMAR-2016-733
KGMAR-2016-733__chr.fasta	KGMAR-2016-733__completeAssembly.fasta	0.00143684	0	94227/100000	KGMAR-2016-733
KGMAR-2016-733__chr.fasta	KGMAR-2016-733__pl_1.fasta	0.250374	0	261/100000	KGMAR-2016-733
KGMAR-2016-733__chr.fasta	KGMAR-2016-733__pl_2.fasta	1	1	0/100000	KGMAR-2016-733
KGMAR-2016-733__chr.fasta	KGMAR-2016-733__pl_3.fasta	0.273333	0	161/100000	KGMAR-2016-733
KGMAR-2016-733__chr.fasta	KGMAR-2016-733__pl_4.fasta	1	1	0/100000	KGMAR-2016-733
KGMAR-2016-733__chr.fasta	KGMAR-2016-733__pl_5.fasta	1	1	0/100000	KGMAR-2016-733
KGMAR-2016-733__chr.fasta	KGMAR-2016-733__pl_6.fasta	1	1	0/100000	KGMAR-2016-733
KGVET-2020-01-4327__chr.fasta	KGVET-2020-01-4327__chr.fasta	0	0	100000/100000	KGVET-2020-01-4327
KGVET-2020-01-4327__chr.fasta	KGVET-2020-01-4327__completeAssembly.fasta	0	0	100000/100000	KGVET-2020-01-4327
KGMAR-2019-1434__chr.fasta	KGMAR-2019-1434__allPlasmids.fasta	0.227346	0	424/100000	KGMAR-2019-1434
KGMAR-2019-1434__chr.fasta	KGMAR-2019-1434__chr.fasta	0	0	100000/100000	KGMAR-2019-1434
KGMAR-2019-1434__chr.fasta	KGMAR-2019-1434__completeAssembly.fasta	0.000925784	0	96222/100000	KGMAR-2019-1434
KGMAR-2019-1434__chr.fasta	KGMAR-2019-1434__pl_1.fasta	0.296459	0	99/100000	KGMAR-2019-1434
KGMAR-2019-1434__chr.fasta	KGMAR-2019-1434__pl_2.fasta	0.260253	0	212/100000	KGMAR-2019-1434
KGMAR-2019-1434__chr.fasta	KGMAR-2019-1434__pl_3.fasta	0.37026	1.03268e-93	21/100000	KGMAR-2019-1434
KGMAR-2019-1434__chr.fasta	KGMAR-2019-1434__pl_4.fasta	0.462914	3.60425e-12	3/100000	KGMAR-2019-1434
KGMAR-2019-1434__chr.fasta	KGMAR-2019-1434__pl_5.fasta	0.401047	2.41428e-48	11/100000	KGMAR-2019-1434
KGMAR-2019-1434__chr.fasta	KGMAR-2019-1434__pl_6.fasta	0.277015	0	149/100000	KGMAR-2019-1434
KGMAR-2019-1434__chr.fasta	KGMAR-2019-1434__pl_7.fasta	1	1	0/100000	KGMAR-2019-1434
KGMAR-2019-1434__chr.fasta	KGMAR-2019-1434__pl_8.fasta	0.515228	8.74976e-05	1/100000	KGMAR-2019-1434
2018-01-2860__chr.fasta	2018-01-2860__allPlasmids.fasta	1	1	0/100000	2018-01-2860
2018-01-2860__chr.fasta	2018-01-2860__chr.fasta	0	0	100000/100000	2018-01-2860
2018-01-2860__chr.fasta	2018-01-2860__completeAssembly.fasta	6.01136e-05	0	99748/100000	2018-01-2860
2018-01-2860__chr.fasta	2018-01-2860__pl_1.fasta	1	1	0/100000	2018-01-2860
2018-01-2860__chr.fasta	2018-01-2860__pl_2.fasta	1	1	0/100000	2018-01-2860
2018-01-2860__chr.fasta	2018-01-2860__pl_3.fasta	1	1	0/100000	2018-01-2860
KP_NORM_BLD_115332__chr.fasta	KP_NORM_BLD_115332__chr.fasta	0	0	100000/100000	KP_NORM_BLD_115332
KP_NORM_BLD_115332__chr.fasta	KP_NORM_BLD_115332__completeAssembly.fasta	0	0	100000/100000	KP_NORM_BLD_115332
KGVET-2020-01-2677-1__chr.fasta	KGVET-2020-01-2677-1__allPlasmids.fasta	1	1	0/100000	KGVET-2020-01-2677-1
KGVET-2020-01-2677-1__chr.fasta	KGVET-2020-01-2677-1__chr.fasta	0	0	100000/100000	KGVET-2020-01-2677-1
KGVET-2020-01-2677-1__chr.fasta	KGVET-2020-01-2677-1__completeAssembly.fasta	0.000326176	0	98644/100000	KGVET-2020-01-2677-1
KGVET-2020-01-2677-1__chr.fasta	KGVET-2020-01-2677-1__pl_1.fasta	1	1	0/100000	KGVET-2020-01-2677-1
KGVET-2020-01-2677-1__chr.fasta	KGVET-2020-01-2677-1__pl_2.fasta	1	1	0/100000	KGVET-2020-01-2677-1
KGVET-2020-01-2677-1__chr.fasta	KGVET-2020-01-2677-1__pl_3.fasta	1	1	0/100000	KGVET-2020-01-2677-1
KGVETS-2019-01-1378__chr.fasta	KGVETS-2019-01-1378__allPlasmids.fasta	0.181589	0	1116/100000	KGVETS-2019-01-1378
KGVETS-2019-01-1378__chr.fasta	KGVETS-2019-01-1378__chr.fasta	0	0	100000/100000	KGVETS-2019-01-1378
KGVETS-2019-01-1378__chr.fasta	KGVETS-2019-01-1378__completeAssembly.fasta	0.000815691	0	96660/100000	KGVETS-2019-01-1378
KGVETS-2019-01-1378__chr.fasta	KGVETS-2019-01-1378__pl_1.fasta	0.18096	0	1131/100000	KGVETS-2019-01-1378
KGVETS-2019-01-1378__chr.fasta	KGVETS-2019-01-1378__pl_2.fasta	0.393093	1.72728e-44	13/100000	KGVETS-2019-01-1378
2018-01-3094__chr.fasta	2018-01-3094__allPlasmids.fasta	1	1	0/100000	2018-01-3094
2018-01-3094__chr.fasta	2018-01-3094__chr.fasta	0	0	100000/100000	2018-01-3094
2018-01-3094__chr.fasta	2018-01-3094__completeAssembly.fasta	0.000551815	0	97722/100000	2018-01-3094
2018-01-3094__chr.fasta	2018-01-3094__pl_1.fasta	1	1	0/100000	2018-01-3094
2018-01-3094__chr.fasta	2018-01-3094__pl_2.fasta	1	1	0/100000	2018-01-3094
2018-01-3094__chr.fasta	2018-01-3094__pl_3.fasta	1	1	0/100000	2018-01-3094
2018-01-3094__chr.fasta	2018-01-3094__pl_4.fasta	1	1	0/100000	2018-01-3094
2018-01-3094__chr.fasta	2018-01-3094__pl_5.fasta	1	1	0/100000	2018-01-3094
2018-01-3094__chr.fasta	2018-01-3094__pl_6.fasta	1	1	0/100000	2018-01-3094
2018-01-3094__chr.fasta	2018-01-3094__pl_7.fasta	1	1	0/100000	2018-01-3094
2018-01-1001__chr.fasta	2018-01-1001__allPlasmids.fasta	0.328965	2.34202e-179	50/100000	2018-01-1001
2018-01-1001__chr.fasta	2018-01-1001__chr.fasta	0	0	100000/100000	2018-01-1001
2018-01-1001__chr.fasta	2018-01-1001__completeAssembly.fasta	0.0010628	0	95681/100000	2018-01-1001
2018-01-1001__chr.fasta	2018-01-1001__pl_1.fasta	0.328022	3.29303e-199	51/100000	2018-01-1001
2018-01-1001__chr.fasta	2018-01-1001__pl_2.fasta	1	1	0/100000	2018-01-1001
2018-01-1001__chr.fasta	2018-01-1001__pl_3.fasta	1	1	0/100000	2018-01-1001
2018-01-1001__chr.fasta	2018-01-1001__pl_4.fasta	1	1	0/100000	2018-01-1001
2018-01-1001__chr.fasta	2018-01-1001__pl_5.fasta	1	1	0/100000	2018-01-1001
2018-01-1001__chr.fasta	2018-01-1001__pl_6.fasta	1	1	0/100000	2018-01-1001
KGVETS-2019-01-604__chr.fasta	KGVETS-2019-01-604__allPlasmids.fasta	1	1	0/100000	KGVETS-2019-01-604
KGVETS-2019-01-604__chr.fasta	KGVETS-2019-01-604__chr.fasta	0	0	100000/100000	KGVETS-2019-01-604
KGVETS-2019-01-604__chr.fasta	KGVETS-2019-01-604__completeAssembly.fasta	0.000512922	0	97880/100000	KGVETS-2019-01-604
KGVETS-2019-01-604__chr.fasta	KGVETS-2019-01-604__pl_1.fasta	1	1	0/100000	KGVETS-2019-01-604
KGVET-2020-01-3775-3__chr.fasta	KGVET-2020-01-3775-3__allPlasmids.fasta	1	1	0/100000	KGVET-2020-01-3775-3
KGVET-2020-01-3775-3__chr.fasta	KGVET-2020-01-3775-3__chr.fasta	0	0	100000/100000	KGVET-2020-01-3775-3
KGVET-2020-01-3775-3__chr.fasta	KGVET-2020-01-3775-3__completeAssembly.fasta	3.86184e-05	0	99838/100000	KGVET-2020-01-3775-3
KGVET-2020-01-3775-3__chr.fasta	KGVET-2020-01-3775-3__pl_1.fasta	1	1	0/100000	KGVET-2020-01-3775-3
KGVET-2020-01-3775-3__chr.fasta	KGVET-2020-01-3775-3__pl_2.fasta	1	1	0/100000	KGVET-2020-01-3775-3
KP_NORM_BLD_112590__chr.fasta	KP_NORM_BLD_112590__allPlasmids.fasta	0.23217	0	383/100000	KP_NORM_BLD_112590
KP_NORM_BLD_112590__chr.fasta	KP_NORM_BLD_112590__chr.fasta	0	0	100000/100000	KP_NORM_BLD_112590
KP_NORM_BLD_112590__chr.fasta	KP_NORM_BLD_112590__completeAssembly.fasta	0.000941681	0	96159/100000	KP_NORM_BLD_112590
KP_NORM_BLD_112590__chr.fasta	KP_NORM_BLD_112590__pl_1.fasta	0.23217	0	383/100000	KP_NORM_BLD_112590
KGVET-2020-04-18146__chr.fasta	KGVET-2020-04-18146__allPlasmids.fasta	0.337263	6.60559e-136	42/100000	KGVET-2020-04-18146
KGVET-2020-04-18146__chr.fasta	KGVET-2020-04-18146__chr.fasta	0	0	100000/100000	KGVET-2020-04-18146
KGVET-2020-04-18146__chr.fasta	KGVET-2020-04-18146__completeAssembly.fasta	0.00200806	0	92069/100000	KGVET-2020-04-18146
KGVET-2020-04-18146__chr.fasta	KGVET-2020-04-18146__pl_1.fasta	0.396904	5.78285e-35	12/100000	KGVET-2020-04-18146
KGVET-2020-04-18146__chr.fasta	KGVET-2020-04-18146__pl_2.fasta	0.336143	1.42724e-163	43/100000	KGVET-2020-04-18146
KGVET-2020-04-18146__chr.fasta	KGVET-2020-04-18146__pl_3.fasta	1	1	0/100000	KGVET-2020-04-18146
KGVET-2020-04-18146__chr.fasta	KGVET-2020-04-18146__pl_4.fasta	1	1	0/100000	KGVET-2020-04-18146
T7-180__chr.fasta	T7-180__allPlasmids.fasta	0.327098	3.84477e-192	52/100000	T7-180
T7-180__chr.fasta	T7-180__chr.fasta	0	0	100000/100000	T7-180
T7-180__chr.fasta	T7-180__completeAssembly.fasta	0.000810431	0	96681/100000	T7-180
T7-180__chr.fasta	T7-180__pl_1.fasta	0.328965	1.15366e-192	50/100000	T7-180
T7-180__chr.fasta	T7-180__pl_2.fasta	0.365929	2.31284e-88	23/100000	T7-180
KGVETS-2019-01-4848__chr.fasta	KGVETS-2019-01-4848__allPlasmids.fasta	0.401047	9.64721e-32	11/100000	KGVETS-2019-01-4848
KGVETS-2019-01-4848__chr.fasta	KGVETS-2019-01-4848__chr.fasta	0	0	100000/100000	KGVETS-2019-01-4848
KGVETS-2019-01-4848__chr.fasta	KGVETS-2019-01-4848__completeAssembly.fasta	0.00151691	0	93920/100000	KGVETS-2019-01-4848
KGVETS-2019-01-4848__chr.fasta	KGVETS-2019-01-4848__pl_1.fasta	1	1	0/100000	KGVETS-2019-01-4848
KGVETS-2019-01-4848__chr.fasta	KGVETS-2019-01-4848__pl_2.fasta	0.396904	9.31682e-41	12/100000	KGVETS-2019-01-4848
KGVETS-2019-01-4848__chr.fasta	KGVETS-2019-01-4848__pl_3.fasta	1	1	0/100000	KGVETS-2019-01-4848
KGVETS-2019-01-4848__chr.fasta	KGVETS-2019-01-4848__pl_4.fasta	1	1	0/100000	KGVETS-2019-01-4848
KP_NORM_BLD_13129__chr.fasta	KP_NORM_BLD_13129__allPlasmids.fasta	0.255562	0	234/100000	KP_NORM_BLD_13129
KP_NORM_BLD_13129__chr.fasta	KP_NORM_BLD_13129__chr.fasta	0	0	100000/100000	KP_NORM_BLD_13129
KP_NORM_BLD_13129__chr.fasta	KP_NORM_BLD_13129__completeAssembly.fasta	0.00132533	0	94657/100000	KP_NORM_BLD_13129
KP_NORM_BLD_13129__chr.fasta	KP_NORM_BLD_13129__pl_1.fasta	0.254359	0	240/100000	KP_NORM_BLD_13129
KP_NORM_BLD_13129__chr.fasta	KP_NORM_BLD_13129__pl_2.fasta	1	1	0/100000	KP_NORM_BLD_13129
KP_NORM_BLD_13129__chr.fasta	KP_NORM_BLD_13129__pl_3.fasta	1	1	0/100000	KP_NORM_BLD_13129
KP_NORM_BLD_13129__chr.fasta	KP_NORM_BLD_13129__pl_4.fasta	1	1	0/100000	KP_NORM_BLD_13129
KP_NORM_BLD_13129__chr.fasta	KP_NORM_BLD_13129__pl_5.fasta	1	1	0/100000	KP_NORM_BLD_13129
KP_NORM_BLD_13129__chr.fasta	KP_NORM_BLD_13129__pl_6.fasta	1	1	0/100000	KP_NORM_BLD_13129
KP_NORM_BLD_113888__chr.fasta	KP_NORM_BLD_113888__allPlasmids.fasta	0.342027	6.91287e-138	38/100000	KP_NORM_BLD_113888
KP_NORM_BLD_113888__chr.fasta	KP_NORM_BLD_113888__chr.fasta	0	0	100000/100000	KP_NORM_BLD_113888
KP_NORM_BLD_113888__chr.fasta	KP_NORM_BLD_113888__completeAssembly.fasta	0.00072252	0	97033/100000	KP_NORM_BLD_113888
KP_NORM_BLD_113888__chr.fasta	KP_NORM_BLD_113888__pl_1.fasta	1	1	0/100000	KP_NORM_BLD_113888
KP_NORM_BLD_113888__chr.fasta	KP_NORM_BLD_113888__pl_2.fasta	0.340791	2.52544e-163	39/100000	KP_NORM_BLD_113888
KP_NORM_BLD_113888__chr.fasta	KP_NORM_BLD_113888__pl_3.fasta	1	1	0/100000	KP_NORM_BLD_113888
KP_NORM_BLD_113888__chr.fasta	KP_NORM_BLD_113888__pl_4.fasta	1	1	0/100000	KP_NORM_BLD_113888
KP_NORM_BLD_113888__chr.fasta	KP_NORM_BLD_113888__pl_5.fasta	1	1	0/100000	KP_NORM_BLD_113888
KP_NORM_BLD_113888__chr.fasta	KP_NORM_BLD_113888__pl_6.fasta	1	1	0/100000	KP_NORM_BLD_113888
KP_NORM_BLD_112911__chr.fasta	KP_NORM_BLD_112911__allPlasmids.fasta	0.429909	1.82474e-17	6/100000	KP_NORM_BLD_112911
KP_NORM_BLD_112911__chr.fasta	KP_NORM_BLD_112911__chr.fasta	0	0	100000/100000	KP_NORM_BLD_112911
KP_NORM_BLD_112911__chr.fasta	KP_NORM_BLD_112911__completeAssembly.fasta	0.000944206	0	96149/100000	KP_NORM_BLD_112911
KP_NORM_BLD_112911__chr.fasta	KP_NORM_BLD_112911__pl_1.fasta	0.429909	1.82474e-17	6/100000	KP_NORM_BLD_112911
KP_NORM_BLD_13375__chr.fasta	KP_NORM_BLD_13375__allPlasmids.fasta	0.298421	0	95/100000	KP_NORM_BLD_13375
KP_NORM_BLD_13375__chr.fasta	KP_NORM_BLD_13375__chr.fasta	0	0	100000/100000	KP_NORM_BLD_13375
KP_NORM_BLD_13375__chr.fasta	KP_NORM_BLD_13375__completeAssembly.fasta	0.00133593	0	94616/100000	KP_NORM_BLD_13375
KP_NORM_BLD_13375__chr.fasta	KP_NORM_BLD_13375__pl_1.fasta	0.302607	0	87/100000	KP_NORM_BLD_13375
KP_NORM_BLD_13375__chr.fasta	KP_NORM_BLD_13375__pl_2.fasta	1	1	0/100000	KP_NORM_BLD_13375
KP_NORM_BLD_13375__chr.fasta	KP_NORM_BLD_13375__pl_3.fasta	0.372583	6.57388e-82	20/100000	KP_NORM_BLD_13375
KP_NORM_BLD_13375__chr.fasta	KP_NORM_BLD_13375__pl_4.fasta	0.375025	3.62668e-87	19/100000	KP_NORM_BLD_13375
KP_NORM_BLD_13375__chr.fasta	KP_NORM_BLD_13375__pl_5.fasta	1	1	0/100000	KP_NORM_BLD_13375
KP_NORM_BLD_13379__chr.fasta	KP_NORM_BLD_13379__allPlasmids.fasta	0.250193	0	262/100000	KP_NORM_BLD_13379
KP_NORM_BLD_13379__chr.fasta	KP_NORM_BLD_13379__chr.fasta	0	0	100000/100000	KP_NORM_BLD_13379
KP_NORM_BLD_13379__chr.fasta	KP_NORM_BLD_13379__completeAssembly.fasta	0.00148896	0	94027/100000	KP_NORM_BLD_13379
KP_NORM_BLD_13379__chr.fasta	KP_NORM_BLD_13379__pl_1.fasta	0.260029	0	213/100000	KP_NORM_BLD_13379
KP_NORM_BLD_13379__chr.fasta	KP_NORM_BLD_13379__pl_2.fasta	0.360092	2.75486e-95	26/100000	KP_NORM_BLD_13379
KP_NORM_BLD_13379__chr.fasta	KP_NORM_BLD_13379__pl_3.fasta	0.295039	0	102/100000	KP_NORM_BLD_13379
KGVET-2020-01-4249-1__chr.fasta	KGVET-2020-01-4249-1__allPlasmids.fasta	0.248764	0	270/100000	KGVET-2020-01-4249-1
KGVET-2020-01-4249-1__chr.fasta	KGVET-2020-01-4249-1__chr.fasta	0	0	100000/100000	KGVET-2020-01-4249-1
KGVET-2020-01-4249-1__chr.fasta	KGVET-2020-01-4249-1__completeAssembly.fasta	0.000742209	0	96954/100000	KGVET-2020-01-4249-1
KGVET-2020-01-4249-1__chr.fasta	KGVET-2020-01-4249-1__pl_1.fasta	0.368046	3.18858e-79	22/100000	KGVET-2020-01-4249-1
KGVET-2020-01-4249-1__chr.fasta	KGVET-2020-01-4249-1__pl_2.fasta	0.251108	0	257/100000	KGVET-2020-01-4249-1
KGVET-2020-01-4249-1__chr.fasta	KGVET-2020-01-4249-1__pl_3.fasta	1	1	0/100000	KGVET-2020-01-4249-1
KGVET-2020-01-4249-1__chr.fasta	KGVET-2020-01-4249-1__pl_4.fasta	1	1	0/100000	KGVET-2020-01-4249-1
2018-01-3465__chr.fasta	2018-01-3465__allPlasmids.fasta	0.365929	1.83999e-81	23/100000	2018-01-3465
2018-01-3465__chr.fasta	2018-01-3465__chr.fasta	0	0	100000/100000	2018-01-3465
2018-01-3465__chr.fasta	2018-01-3465__completeAssembly.fasta	0.000563649	0	97674/100000	2018-01-3465
2018-01-3465__chr.fasta	2018-01-3465__pl_1.fasta	0.365929	5.20439e-82	23/100000	2018-01-3465
2018-01-3465__chr.fasta	2018-01-3465__pl_2.fasta	1	1	0/100000	2018-01-3465
2018-01-3465__chr.fasta	2018-01-3465__pl_3.fasta	1	1	0/100000	2018-01-3465
KP_NORM_BLD_13372__chr.fasta	KP_NORM_BLD_13372__allPlasmids.fasta	0.327098	1.37489e-176	52/100000	KP_NORM_BLD_13372
KP_NORM_BLD_13372__chr.fasta	KP_NORM_BLD_13372__chr.fasta	0	0	100000/100000	KP_NORM_BLD_13372
KP_NORM_BLD_13372__chr.fasta	KP_NORM_BLD_13372__completeAssembly.fasta	0.0017502	0	93034/100000	KP_NORM_BLD_13372
KP_NORM_BLD_13372__chr.fasta	KP_NORM_BLD_13372__pl_1.fasta	0.324428	2.02411e-211	55/100000	KP_NORM_BLD_13372
KP_NORM_BLD_13372__chr.fasta	KP_NORM_BLD_13372__pl_2.fasta	1	1	0/100000	KP_NORM_BLD_13372
KP_NORM_BLD_13372__chr.fasta	KP_NORM_BLD_13372__pl_3.fasta	1	1	0/100000	KP_NORM_BLD_13372
KP_NORM_BLD_13372__chr.fasta	KP_NORM_BLD_13372__pl_4.fasta	1	1	0/100000	KP_NORM_BLD_13372
KP_NORM_BLD_13372__chr.fasta	KP_NORM_BLD_13372__pl_5.fasta	1	1	0/100000	KP_NORM_BLD_13372
KP_NORM_BLD_13383__chr.fasta	KP_NORM_BLD_13383__chr.fasta	0	0	100000/100000	KP_NORM_BLD_13383
KP_NORM_BLD_13383__chr.fasta	KP_NORM_BLD_13383__completeAssembly.fasta	0	0	100000/100000	KP_NORM_BLD_13383
KP_NORM_BLD_1347__chr.fasta	KP_NORM_BLD_1347__allPlasmids.fasta	1	1	0/100000	KP_NORM_BLD_1347
KP_NORM_BLD_1347__chr.fasta	KP_NORM_BLD_1347__chr.fasta	0	0	100000/100000	KP_NORM_BLD_1347
KP_NORM_BLD_1347__chr.fasta	KP_NORM_BLD_1347__completeAssembly.fasta	0.000477558	0	98024/100000	KP_NORM_BLD_1347
KP_NORM_BLD_1347__chr.fasta	KP_NORM_BLD_1347__pl_1.fasta	1	1	0/100000	KP_NORM_BLD_1347
NK_H4_006__chr.fasta	NK_H4_006__allPlasmids.fasta	0.274529	0	157/100000	NK_H4_006
NK_H4_006__chr.fasta	NK_H4_006__chr.fasta	0	0	100000/100000	NK_H4_006
NK_H4_006__chr.fasta	NK_H4_006__completeAssembly.fasta	0.000866623	0	96457/100000	NK_H4_006
NK_H4_006__chr.fasta	NK_H4_006__pl_1.fasta	0.274529	0	157/100000	NK_H4_006
NK_H4_006__chr.fasta	NK_H4_006__pl_2.fasta	1	1	0/100000	NK_H4_006
KP_NORM_BLD_1348__chr.fasta	KP_NORM_BLD_1348__allPlasmids.fasta	0.344601	1.48474e-135	36/100000	KP_NORM_BLD_1348
KP_NORM_BLD_1348__chr.fasta	KP_NORM_BLD_1348__chr.fasta	0	0	100000/100000	KP_NORM_BLD_1348
KP_NORM_BLD_1348__chr.fasta	KP_NORM_BLD_1348__completeAssembly.fasta	0.000508252	0	97899/100000	KP_NORM_BLD_1348
KP_NORM_BLD_1348__chr.fasta	KP_NORM_BLD_1348__pl_1.fasta	0.344601	3.2863e-136	36/100000	KP_NORM_BLD_1348
KP_NORM_BLD_1348__chr.fasta	KP_NORM_BLD_1348__pl_2.fasta	1	1	0/100000	KP_NORM_BLD_1348
NK_H5_014__chr.fasta	NK_H5_014__allPlasmids.fasta	0.308416	1.98875e-297	77/100000	NK_H5_014
NK_H5_014__chr.fasta	NK_H5_014__chr.fasta	0	0	100000/100000	NK_H5_014
NK_H5_014__chr.fasta	NK_H5_014__completeAssembly.fasta	0.000833486	0	96589/100000	NK_H5_014
NK_H5_014__chr.fasta	NK_H5_014__pl_1.fasta	0.308416	1.98875e-297	77/100000	NK_H5_014
KP_NORM_BLD_1339__chr.fasta	KP_NORM_BLD_1339__chr.fasta	0	0	100000/100000	KP_NORM_BLD_1339
KP_NORM_BLD_1339__chr.fasta	KP_NORM_BLD_1339__completeAssembly.fasta	0	0	100000/100000	KP_NORM_BLD_1339
KP_NORM_BLD_13382__chr.fasta	KP_NORM_BLD_13382__allPlasmids.fasta	0.261158	0	208/100000	KP_NORM_BLD_13382
KP_NORM_BLD_13382__chr.fasta	KP_NORM_BLD_13382__chr.fasta	0	0	100000/100000	KP_NORM_BLD_13382
KP_NORM_BLD_13382__chr.fasta	KP_NORM_BLD_13382__completeAssembly.fasta	0.000919984	0	96245/100000	KP_NORM_BLD_13382
KP_NORM_BLD_13382__chr.fasta	KP_NORM_BLD_13382__pl_1.fasta	0.260253	0	212/100000	KP_NORM_BLD_13382
KP_NORM_BLD_13382__chr.fasta	KP_NORM_BLD_13382__pl_2.fasta	0.410602	5.77203e-33	9/100000	KP_NORM_BLD_13382
KP_NORM_BLD_13382__chr.fasta	KP_NORM_BLD_13382__pl_3.fasta	1	1	0/100000	KP_NORM_BLD_13382
KP_NORM_BLD_13382__chr.fasta	KP_NORM_BLD_13382__pl_4.fasta	1	1	0/100000	KP_NORM_BLD_13382
2018-01-707__chr.fasta	2018-01-707__allPlasmids.fasta	0.303713	0	85/100000	2018-01-707
2018-01-707__chr.fasta	2018-01-707__chr.fasta	0	0	100000/100000	2018-01-707
2018-01-707__chr.fasta	2018-01-707__completeAssembly.fasta	0.000975039	0	96027/100000	2018-01-707
2018-01-707__chr.fasta	2018-01-707__pl_1.fasta	0.303157	0	86/100000	2018-01-707
2018-01-707__chr.fasta	2018-01-707__pl_2.fasta	1	1	0/100000	2018-01-707
2018-01-707__chr.fasta	2018-01-707__pl_3.fasta	1	1	0/100000	2018-01-707
2018-01-707__chr.fasta	2018-01-707__pl_4.fasta	1	1	0/100000	2018-01-707
2018-01-707__chr.fasta	2018-01-707__pl_5.fasta	1	1	0/100000	2018-01-707
2018-01-707__chr.fasta	2018-01-707__pl_6.fasta	1	1	0/100000	2018-01-707
KGVET-2020-01-468-1__chr.fasta	KGVET-2020-01-468-1__allPlasmids.fasta	0.360092	1.25318e-86	26/100000	KGVET-2020-01-468-1
KGVET-2020-01-468-1__chr.fasta	KGVET-2020-01-468-1__chr.fasta	0	0	100000/100000	KGVET-2020-01-468-1
KGVET-2020-01-468-1__chr.fasta	KGVET-2020-01-468-1__completeAssembly.fasta	0.00101201	0	95881/100000	KGVET-2020-01-468-1
KGVET-2020-01-468-1__chr.fasta	KGVET-2020-01-468-1__pl_1.fasta	0.358296	1.37662e-95	27/100000	KGVET-2020-01-468-1
KGVET-2020-01-468-1__chr.fasta	KGVET-2020-01-468-1__pl_2.fasta	1	1	0/100000	KGVET-2020-01-468-1
KGVET-2020-01-468-1__chr.fasta	KGVET-2020-01-468-1__pl_3.fasta	1	1	0/100000	KGVET-2020-01-468-1
KP_NORM_BLD_13880__chr.fasta	KP_NORM_BLD_13880__allPlasmids.fasta	0.24392	0	299/100000	KP_NORM_BLD_13880
KP_NORM_BLD_13880__chr.fasta	KP_NORM_BLD_13880__chr.fasta	0	0	100000/100000	KP_NORM_BLD_13880
KP_NORM_BLD_13880__chr.fasta	KP_NORM_BLD_13880__completeAssembly.fasta	0.0014111	0	94326/100000	KP_NORM_BLD_13880
KP_NORM_BLD_13880__chr.fasta	KP_NORM_BLD_13880__pl_1.fasta	0.242666	0	307/100000	KP_NORM_BLD_13880
KP_NORM_BLD_13880__chr.fasta	KP_NORM_BLD_13880__pl_2.fasta	1	1	0/100000	KP_NORM_BLD_13880
KP_NORM_BLD_13880__chr.fasta	KP_NORM_BLD_13880__pl_3.fasta	0.389565	1.11942e-62	14/100000	KP_NORM_BLD_13880
KP_NORM_BLD_13880__chr.fasta	KP_NORM_BLD_13880__pl_4.fasta	1	1	0/100000	KP_NORM_BLD_13880
KP_NORM_BLD_13886__chr.fasta	KP_NORM_BLD_13886__allPlasmids.fasta	0.33841	4.58632e-148	41/100000	KP_NORM_BLD_13886
KP_NORM_BLD_13886__chr.fasta	KP_NORM_BLD_13886__chr.fasta	0	0	100000/100000	KP_NORM_BLD_13886
KP_NORM_BLD_13886__chr.fasta	KP_NORM_BLD_13886__completeAssembly.fasta	0.000761671	0	96876/100000	KP_NORM_BLD_13886
KP_NORM_BLD_13886__chr.fasta	KP_NORM_BLD_13886__pl_1.fasta	0.33841	4.58632e-148	41/100000	KP_NORM_BLD_13886
KP_NORM_BLD_14164__chr.fasta	KP_NORM_BLD_14164__allPlasmids.fasta	0.393093	1.34058e-48	13/100000	KP_NORM_BLD_14164
KP_NORM_BLD_14164__chr.fasta	KP_NORM_BLD_14164__chr.fasta	0	0	100000/100000	KP_NORM_BLD_14164
KP_NORM_BLD_14164__chr.fasta	KP_NORM_BLD_14164__completeAssembly.fasta	0.000215501	0	99101/100000	KP_NORM_BLD_14164
KP_NORM_BLD_14164__chr.fasta	KP_NORM_BLD_14164__pl_1.fasta	0.393093	1.48464e-49	13/100000	KP_NORM_BLD_14164
KP_NORM_BLD_14164__chr.fasta	KP_NORM_BLD_14164__pl_2.fasta	1	1	0/100000	KP_NORM_BLD_14164
KP_NORM_BLD_14164__chr.fasta	KP_NORM_BLD_14164__pl_3.fasta	1	1	0/100000	KP_NORM_BLD_14164
KP_NORM_BLD_1692__chr.fasta	KP_NORM_BLD_1692__chr.fasta	0	0	100000/100000	KP_NORM_BLD_1692
KP_NORM_BLD_1692__chr.fasta	KP_NORM_BLD_1692__completeAssembly.fasta	0	0	100000/100000	KP_NORM_BLD_1692
KP_NORM_BLD_2007_48102__chr.fasta	KP_NORM_BLD_2007_48102__allPlasmids.fasta	0.266727	0	185/100000	KP_NORM_BLD_2007_48102
KP_NORM_BLD_2007_48102__chr.fasta	KP_NORM_BLD_2007_48102__chr.fasta	0	0	100000/100000	KP_NORM_BLD_2007_48102
KP_NORM_BLD_2007_48102__chr.fasta	KP_NORM_BLD_2007_48102__completeAssembly.fasta	0.00130054	0	94753/100000	KP_NORM_BLD_2007_48102
KP_NORM_BLD_2007_48102__chr.fasta	KP_NORM_BLD_2007_48102__pl_1.fasta	0.267766	0	181/100000	KP_NORM_BLD_2007_48102
KP_NORM_BLD_2007_48102__chr.fasta	KP_NORM_BLD_2007_48102__pl_2.fasta	0.377599	1.94497e-63	18/100000	KP_NORM_BLD_2007_48102
KP_NORM_BLD_13748__chr.fasta	KP_NORM_BLD_13748__allPlasmids.fasta	0.26803	0	180/100000	KP_NORM_BLD_13748
KP_NORM_BLD_13748__chr.fasta	KP_NORM_BLD_13748__chr.fasta	0	0	100000/100000	KP_NORM_BLD_13748
KP_NORM_BLD_13748__chr.fasta	KP_NORM_BLD_13748__completeAssembly.fasta	0.00137011	0	94484/100000	KP_NORM_BLD_13748
KP_NORM_BLD_13748__chr.fasta	KP_NORM_BLD_13748__pl_1.fasta	0.342027	1.83608e-136	38/100000	KP_NORM_BLD_13748
KP_NORM_BLD_13748__chr.fasta	KP_NORM_BLD_13748__pl_2.fasta	1	1	0/100000	KP_NORM_BLD_13748
KP_NORM_BLD_13748__chr.fasta	KP_NORM_BLD_13748__pl_3.fasta	0.273927	0	159/100000	KP_NORM_BLD_13748
KP_NORM_BLD_13748__chr.fasta	KP_NORM_BLD_13748__pl_4.fasta	1	1	0/100000	KP_NORM_BLD_13748
KP_NORM_BLD_13748__chr.fasta	KP_NORM_BLD_13748__pl_5.fasta	1	1	0/100000	KP_NORM_BLD_13748
KP_NORM_BLD_13748__chr.fasta	KP_NORM_BLD_13748__pl_6.fasta	1	1	0/100000	KP_NORM_BLD_13748
KP_NORM_BLD_13748__chr.fasta	KP_NORM_BLD_13748__pl_7.fasta	1	1	0/100000	KP_NORM_BLD_13748
KP_NORM_BLD_13748__chr.fasta	KP_NORM_BLD_13748__pl_8.fasta	1	1	0/100000	KP_NORM_BLD_13748
KP_NORM_BLD_13889__chr.fasta	KP_NORM_BLD_13889__allPlasmids.fasta	0.313636	4.68913e-257	69/100000	KP_NORM_BLD_13889
KP_NORM_BLD_13889__chr.fasta	KP_NORM_BLD_13889__chr.fasta	0	0	100000/100000	KP_NORM_BLD_13889
KP_NORM_BLD_13889__chr.fasta	KP_NORM_BLD_13889__completeAssembly.fasta	0.0010247	0	95831/100000	KP_NORM_BLD_13889
KP_NORM_BLD_13889__chr.fasta	KP_NORM_BLD_13889__pl_1.fasta	0.354894	1.01487e-107	29/100000	KP_NORM_BLD_13889
KP_NORM_BLD_13889__chr.fasta	KP_NORM_BLD_13889__pl_2.fasta	0.33841	1.02175e-165	41/100000	KP_NORM_BLD_13889
KP_NORM_BLD_13889__chr.fasta	KP_NORM_BLD_13889__pl_3.fasta	1	1	0/100000	KP_NORM_BLD_13889
KP_NORM_BLD_13889__chr.fasta	KP_NORM_BLD_13889__pl_4.fasta	1	1	0/100000	KP_NORM_BLD_13889
KP_NORM_BLD_13889__chr.fasta	KP_NORM_BLD_13889__pl_5.fasta	1	1	0/100000	KP_NORM_BLD_13889
KP_NORM_BLD_2006_37102__chr.fasta	KP_NORM_BLD_2006_37102__allPlasmids.fasta	0.250193	0	262/100000	KP_NORM_BLD_2006_37102
KP_NORM_BLD_2006_37102__chr.fasta	KP_NORM_BLD_2006_37102__chr.fasta	0	0	100000/100000	KP_NORM_BLD_2006_37102
KP_NORM_BLD_2006_37102__chr.fasta	KP_NORM_BLD_2006_37102__completeAssembly.fasta	0.000623692	0	97431/100000	KP_NORM_BLD_2006_37102
KP_NORM_BLD_2006_37102__chr.fasta	KP_NORM_BLD_2006_37102__pl_1.fasta	0.25074	0	259/100000	KP_NORM_BLD_2006_37102
KP_NORM_BLD_2006_37102__chr.fasta	KP_NORM_BLD_2006_37102__pl_2.fasta	0.348743	8.17543e-133	33/100000	KP_NORM_BLD_2006_37102
KP_NORM_BLD_2006_37102__chr.fasta	KP_NORM_BLD_2006_37102__pl_3.fasta	1	1	0/100000	KP_NORM_BLD_2006_37102
KP_NORM_BLD_2008_54824__chr.fasta	KP_NORM_BLD_2008_54824__allPlasmids.fasta	0.303713	0	85/100000	KP_NORM_BLD_2008_54824
KP_NORM_BLD_2008_54824__chr.fasta	KP_NORM_BLD_2008_54824__chr.fasta	0	0	100000/100000	KP_NORM_BLD_2008_54824
KP_NORM_BLD_2008_54824__chr.fasta	KP_NORM_BLD_2008_54824__completeAssembly.fasta	0.000893534	0	96350/100000	KP_NORM_BLD_2008_54824
KP_NORM_BLD_2008_54824__chr.fasta	KP_NORM_BLD_2008_54824__pl_1.fasta	0.303713	0	85/100000	KP_NORM_BLD_2008_54824
KP_NORM_BLD_2007_48114__chr.fasta	KP_NORM_BLD_2007_48114__chr.fasta	0	0	100000/100000	KP_NORM_BLD_2007_48114
KP_NORM_BLD_2007_48114__chr.fasta	KP_NORM_BLD_2007_48114__completeAssembly.fasta	0	0	100000/100000	KP_NORM_BLD_2007_48114
KP_NORM_BLD_14222__chr.fasta	KP_NORM_BLD_14222__allPlasmids.fasta	0.330907	2.02079e-174	48/100000	KP_NORM_BLD_14222
KP_NORM_BLD_14222__chr.fasta	KP_NORM_BLD_14222__chr.fasta	0	0	100000/100000	KP_NORM_BLD_14222
KP_NORM_BLD_14222__chr.fasta	KP_NORM_BLD_14222__completeAssembly.fasta	0.000868382	0	96450/100000	KP_NORM_BLD_14222
KP_NORM_BLD_14222__chr.fasta	KP_NORM_BLD_14222__pl_1.fasta	0.330907	3.52078e-175	48/100000	KP_NORM_BLD_14222
KP_NORM_BLD_14222__chr.fasta	KP_NORM_BLD_14222__pl_2.fasta	1	1	0/100000	KP_NORM_BLD_14222
KP_NORM_BLD_14222__chr.fasta	KP_NORM_BLD_14222__pl_3.fasta	1	1	0/100000	KP_NORM_BLD_14222
KP_NORM_BLD_2005_1167__chr.fasta	KP_NORM_BLD_2005_1167__allPlasmids.fasta	0.313636	7.37588e-244	69/100000	KP_NORM_BLD_2005_1167
KP_NORM_BLD_2005_1167__chr.fasta	KP_NORM_BLD_2005_1167__chr.fasta	0	0	100000/100000	KP_NORM_BLD_2005_1167
KP_NORM_BLD_2005_1167__chr.fasta	KP_NORM_BLD_2005_1167__completeAssembly.fasta	0.00164236	0	93442/100000	KP_NORM_BLD_2005_1167
KP_NORM_BLD_2005_1167__chr.fasta	KP_NORM_BLD_2005_1167__pl_1.fasta	0.515228	0.00319372	1/100000	KP_NORM_BLD_2005_1167
KP_NORM_BLD_2005_1167__chr.fasta	KP_NORM_BLD_2005_1167__pl_2.fasta	0.429909	3.15545e-19	6/100000	KP_NORM_BLD_2005_1167
KP_NORM_BLD_2005_1167__chr.fasta	KP_NORM_BLD_2005_1167__pl_3.fasta	0.482221	1.22278e-06	2/100000	KP_NORM_BLD_2005_1167
KP_NORM_BLD_2005_1167__chr.fasta	KP_NORM_BLD_2005_1167__pl_4.fasta	0.317216	1.21464e-282	64/100000	KP_NORM_BLD_2005_1167
KP_NORM_BLD_2005_1167__chr.fasta	KP_NORM_BLD_2005_1167__pl_5.fasta	1	1	0/100000	KP_NORM_BLD_2005_1167
KP_NORM_BLD_1883__chr.fasta	KP_NORM_BLD_1883__allPlasmids.fasta	0.227909	0	419/100000	KP_NORM_BLD_1883
KP_NORM_BLD_1883__chr.fasta	KP_NORM_BLD_1883__chr.fasta	0	0	100000/100000	KP_NORM_BLD_1883
KP_NORM_BLD_1883__chr.fasta	KP_NORM_BLD_1883__completeAssembly.fasta	0.00223607	0	91228/100000	KP_NORM_BLD_1883
KP_NORM_BLD_1883__chr.fasta	KP_NORM_BLD_1883__pl_1.fasta	0.247721	0	276/100000	KP_NORM_BLD_1883
KP_NORM_BLD_1883__chr.fasta	KP_NORM_BLD_1883__pl_2.fasta	0.243446	0	302/100000	KP_NORM_BLD_1883
KP_NORM_BLD_1883__chr.fasta	KP_NORM_BLD_1883__pl_3.fasta	1	1	0/100000	KP_NORM_BLD_1883
KP_NORM_BLD_1883__chr.fasta	KP_NORM_BLD_1883__pl_4.fasta	1	1	0/100000	KP_NORM_BLD_1883
KP_NORM_BLD_2008_55014__chr.fasta	KP_NORM_BLD_2008_55014__allPlasmids.fasta	1	1	0/100000	KP_NORM_BLD_2008_55014
KP_NORM_BLD_2008_55014__chr.fasta	KP_NORM_BLD_2008_55014__chr.fasta	0	0	100000/100000	KP_NORM_BLD_2008_55014
KP_NORM_BLD_2008_55014__chr.fasta	KP_NORM_BLD_2008_55014__completeAssembly.fasta	0.00153365	0	93856/100000	KP_NORM_BLD_2008_55014
KP_NORM_BLD_2008_55014__chr.fasta	KP_NORM_BLD_2008_55014__pl_1.fasta	1	1	0/100000	KP_NORM_BLD_2008_55014
KP_NORM_BLD_2008_55014__chr.fasta	KP_NORM_BLD_2008_55014__pl_2.fasta	1	1	0/100000	KP_NORM_BLD_2008_55014
KP_NORM_BLD_2008_55014__chr.fasta	KP_NORM_BLD_2008_55014__pl_3.fasta	1	1	0/100000	KP_NORM_BLD_2008_55014
KP_NORM_BLD_2008_55153__chr.fasta	KP_NORM_BLD_2008_55153__allPlasmids.fasta	0.203267	0	705/100000	KP_NORM_BLD_2008_55153
KP_NORM_BLD_2008_55153__chr.fasta	KP_NORM_BLD_2008_55153__chr.fasta	0	0	100000/100000	KP_NORM_BLD_2008_55153
KP_NORM_BLD_2008_55153__chr.fasta	KP_NORM_BLD_2008_55153__completeAssembly.fasta	0.00159449	0	93624/100000	KP_NORM_BLD_2008_55153
KP_NORM_BLD_2008_55153__chr.fasta	KP_NORM_BLD_2008_55153__pl_1.fasta	0.2185	0	511/100000	KP_NORM_BLD_2008_55153
KP_NORM_BLD_2008_55153__chr.fasta	KP_NORM_BLD_2008_55153__pl_2.fasta	0.339586	1.80436e-160	40/100000	KP_NORM_BLD_2008_55153
KP_NORM_BLD_2008_55153__chr.fasta	KP_NORM_BLD_2008_55153__pl_3.fasta	0.257637	0	224/100000	KP_NORM_BLD_2008_55153
KP_NORM_BLD_2011_74838__chr.fasta	KP_NORM_BLD_2011_74838__allPlasmids.fasta	0.273927	0	159/100000	KP_NORM_BLD_2011_74838
KP_NORM_BLD_2011_74838__chr.fasta	KP_NORM_BLD_2011_74838__chr.fasta	0	0	100000/100000	KP_NORM_BLD_2011_74838
KP_NORM_BLD_2011_74838__chr.fasta	KP_NORM_BLD_2011_74838__completeAssembly.fasta	0.00114235	0	95369/100000	KP_NORM_BLD_2011_74838
KP_NORM_BLD_2011_74838__chr.fasta	KP_NORM_BLD_2011_74838__pl_1.fasta	0.298925	0	94/100000	KP_NORM_BLD_2011_74838
KP_NORM_BLD_2011_74838__chr.fasta	KP_NORM_BLD_2011_74838__pl_2.fasta	0.330907	3.87163e-196	48/100000	KP_NORM_BLD_2011_74838
KP_NORM_BLD_2011_74838__chr.fasta	KP_NORM_BLD_2011_74838__pl_3.fasta	0.313636	5.26335e-296	69/100000	KP_NORM_BLD_2011_74838
KP_NORM_BLD_2008_54367__chr.fasta	KP_NORM_BLD_2008_54367__allPlasmids.fasta	0.284612	0	127/100000	KP_NORM_BLD_2008_54367
KP_NORM_BLD_2008_54367__chr.fasta	KP_NORM_BLD_2008_54367__chr.fasta	0	0	100000/100000	KP_NORM_BLD_2008_54367
KP_NORM_BLD_2008_54367__chr.fasta	KP_NORM_BLD_2008_54367__completeAssembly.fasta	0.00101607	0	95865/100000	KP_NORM_BLD_2008_54367
KP_NORM_BLD_2008_54367__chr.fasta	KP_NORM_BLD_2008_54367__pl_1.fasta	0.292763	0	107/100000	KP_NORM_BLD_2008_54367
KP_NORM_BLD_2008_54367__chr.fasta	KP_NORM_BLD_2008_54367__pl_2.fasta	0.292763	0	107/100000	KP_NORM_BLD_2008_54367
KP_NORM_BLD_2008_54367__chr.fasta	KP_NORM_BLD_2008_54367__pl_3.fasta	1	1	0/100000	KP_NORM_BLD_2008_54367
KP_NORM_BLD_2008_54367__chr.fasta	KP_NORM_BLD_2008_54367__pl_4.fasta	1	1	0/100000	KP_NORM_BLD_2008_54367
KP_NORM_BLD_2008_54367__chr.fasta	KP_NORM_BLD_2008_54367__pl_5.fasta	1	1	0/100000	KP_NORM_BLD_2008_54367
KP_NORM_BLD_2009_63807__chr.fasta	KP_NORM_BLD_2009_63807__allPlasmids.fasta	0.319501	5.5443e-222	61/100000	KP_NORM_BLD_2009_63807
KP_NORM_BLD_2009_63807__chr.fasta	KP_NORM_BLD_2009_63807__chr.fasta	0	0	100000/100000	KP_NORM_BLD_2009_63807
KP_NORM_BLD_2009_63807__chr.fasta	KP_NORM_BLD_2009_63807__completeAssembly.fasta	0.00115411	0	95323/100000	KP_NORM_BLD_2009_63807
KP_NORM_BLD_2009_63807__chr.fasta	KP_NORM_BLD_2009_63807__pl_1.fasta	0.328022	1.5673e-185	51/100000	KP_NORM_BLD_2009_63807
KP_NORM_BLD_2009_63807__chr.fasta	KP_NORM_BLD_2009_63807__pl_2.fasta	0.393093	9.2272e-51	13/100000	KP_NORM_BLD_2009_63807
KP_NORM_BLD_2009_63807__chr.fasta	KP_NORM_BLD_2009_63807__pl_3.fasta	1	1	0/100000	KP_NORM_BLD_2009_63807
KP_NORM_BLD_2009_62777__chr.fasta	KP_NORM_BLD_2009_62777__allPlasmids.fasta	1	1	0/100000	KP_NORM_BLD_2009_62777
KP_NORM_BLD_2009_62777__chr.fasta	KP_NORM_BLD_2009_62777__chr.fasta	0	0	100000/100000	KP_NORM_BLD_2009_62777
KP_NORM_BLD_2009_62777__chr.fasta	KP_NORM_BLD_2009_62777__completeAssembly.fasta	0.000692162	0	97155/100000	KP_NORM_BLD_2009_62777
KP_NORM_BLD_2009_62777__chr.fasta	KP_NORM_BLD_2009_62777__pl_1.fasta	1	1	0/100000	KP_NORM_BLD_2009_62777
KP_NORM_BLD_2011_75117__chr.fasta	KP_NORM_BLD_2011_75117__allPlasmids.fasta	0.282417	0	133/100000	KP_NORM_BLD_2011_75117
KP_NORM_BLD_2011_75117__chr.fasta	KP_NORM_BLD_2011_75117__chr.fasta	0	0	100000/100000	KP_NORM_BLD_2011_75117
KP_NORM_BLD_2011_75117__chr.fasta	KP_NORM_BLD_2011_75117__completeAssembly.fasta	0.00166741	0	93347/100000	KP_NORM_BLD_2011_75117
KP_NORM_BLD_2011_75117__chr.fasta	KP_NORM_BLD_2011_75117__pl_1.fasta	0.279978	0	140/100000	KP_NORM_BLD_2011_75117
KP_NORM_BLD_2011_75117__chr.fasta	KP_NORM_BLD_2011_75117__pl_2.fasta	1	1	0/100000	KP_NORM_BLD_2011_75117
KP_NORM_BLD_2011_75117__chr.fasta	KP_NORM_BLD_2011_75117__pl_3.fasta	1	1	0/100000	KP_NORM_BLD_2011_75117
KP_NORM_BLD_2012_86925__chr.fasta	KP_NORM_BLD_2012_86925__allPlasmids.fasta	0.328965	7.62061e-185	50/100000	KP_NORM_BLD_2012_86925
KP_NORM_BLD_2012_86925__chr.fasta	KP_NORM_BLD_2012_86925__chr.fasta	0	0	100000/100000	KP_NORM_BLD_2012_86925
KP_NORM_BLD_2012_86925__chr.fasta	KP_NORM_BLD_2012_86925__completeAssembly.fasta	0.000824461	0	96625/100000	KP_NORM_BLD_2012_86925
KP_NORM_BLD_2012_86925__chr.fasta	KP_NORM_BLD_2012_86925__pl_1.fasta	0.328965	7.62061e-185	50/100000	KP_NORM_BLD_2012_86925
KP_NORM_BLD_2013_92328__chr.fasta	KP_NORM_BLD_2013_92328__allPlasmids.fasta	0.275138	0	155/100000	KP_NORM_BLD_2013_92328
KP_NORM_BLD_2013_92328__chr.fasta	KP_NORM_BLD_2013_92328__chr.fasta	0	0	100000/100000	KP_NORM_BLD_2013_92328
KP_NORM_BLD_2013_92328__chr.fasta	KP_NORM_BLD_2013_92328__completeAssembly.fasta	0.000794912	0	96743/100000	KP_NORM_BLD_2013_92328
KP_NORM_BLD_2013_92328__chr.fasta	KP_NORM_BLD_2013_92328__pl_1.fasta	0.274529	0	157/100000	KP_NORM_BLD_2013_92328
KP_NORM_BLD_2013_92328__chr.fasta	KP_NORM_BLD_2013_92328__pl_2.fasta	1	1	0/100000	KP_NORM_BLD_2013_92328
KP_NORM_BLD_2013_92328__chr.fasta	KP_NORM_BLD_2013_92328__pl_3.fasta	1	1	0/100000	KP_NORM_BLD_2013_92328
KP_NORM_BLD_2013_92328__chr.fasta	KP_NORM_BLD_2013_92328__pl_4.fasta	1	1	0/100000	KP_NORM_BLD_2013_92328
KP_NORM_BLD_2014_101821__chr.fasta	KP_NORM_BLD_2014_101821__allPlasmids.fasta	0.327098	1.04004e-207	52/100000	KP_NORM_BLD_2014_101821
KP_NORM_BLD_2014_101821__chr.fasta	KP_NORM_BLD_2014_101821__chr.fasta	0	0	100000/100000	KP_NORM_BLD_2014_101821
KP_NORM_BLD_2014_101821__chr.fasta	KP_NORM_BLD_2014_101821__completeAssembly.fasta	0.00033979	0	98588/100000	KP_NORM_BLD_2014_101821
KP_NORM_BLD_2014_101821__chr.fasta	KP_NORM_BLD_2014_101821__pl_1.fasta	0.327098	1.6709e-212	52/100000	KP_NORM_BLD_2014_101821
KP_NORM_BLD_2014_101821__chr.fasta	KP_NORM_BLD_2014_101821__pl_2.fasta	1	1	0/100000	KP_NORM_BLD_2014_101821
KP_NORM_BLD_2014_101821__chr.fasta	KP_NORM_BLD_2014_101821__pl_3.fasta	1	1	0/100000	KP_NORM_BLD_2014_101821
KP_NORM_BLD_2014_101821__chr.fasta	KP_NORM_BLD_2014_101821__pl_4.fasta	1	1	0/100000	KP_NORM_BLD_2014_101821
KP_NORM_BLD_2014_101821__chr.fasta	KP_NORM_BLD_2014_101821__pl_5.fasta	1	1	0/100000	KP_NORM_BLD_2014_101821
KP_NORM_BLD_2010_70236__chr.fasta	KP_NORM_BLD_2010_70236__allPlasmids.fasta	0.482221	9.62682e-06	2/100000	KP_NORM_BLD_2010_70236
KP_NORM_BLD_2010_70236__chr.fasta	KP_NORM_BLD_2010_70236__chr.fasta	0	0	100000/100000	KP_NORM_BLD_2010_70236
KP_NORM_BLD_2010_70236__chr.fasta	KP_NORM_BLD_2010_70236__completeAssembly.fasta	0.000857579	0	96493/100000	KP_NORM_BLD_2010_70236
KP_NORM_BLD_2010_70236__chr.fasta	KP_NORM_BLD_2010_70236__pl_1.fasta	0.482221	9.19057e-06	2/100000	KP_NORM_BLD_2010_70236
KP_NORM_BLD_2010_70236__chr.fasta	KP_NORM_BLD_2010_70236__pl_2.fasta	1	1	0/100000	KP_NORM_BLD_2010_70236
KP_NORM_BLD_2010_70364__chr.fasta	KP_NORM_BLD_2010_70364__allPlasmids.fasta	0.170893	0	1401/100000	KP_NORM_BLD_2010_70364
KP_NORM_BLD_2010_70364__chr.fasta	KP_NORM_BLD_2010_70364__chr.fasta	0	0	100000/100000	KP_NORM_BLD_2010_70364
KP_NORM_BLD_2010_70364__chr.fasta	KP_NORM_BLD_2010_70364__completeAssembly.fasta	0.000826466	0	96617/100000	KP_NORM_BLD_2010_70364
KP_NORM_BLD_2010_70364__chr.fasta	KP_NORM_BLD_2010_70364__pl_1.fasta	0.299948	0	92/100000	KP_NORM_BLD_2010_70364
KP_NORM_BLD_2010_70364__chr.fasta	KP_NORM_BLD_2010_70364__pl_2.fasta	0.172496	0	1354/100000	KP_NORM_BLD_2010_70364
KP_NORM_BLD_2010_70364__chr.fasta	KP_NORM_BLD_2010_70364__pl_3.fasta	0.351719	1.63636e-152	31/100000	KP_NORM_BLD_2010_70364
KP_NORM_BLD_2015_115359__chr.fasta	KP_NORM_BLD_2015_115359__allPlasmids.fasta	0.429909	5.03152e-17	6/100000	KP_NORM_BLD_2015_115359
KP_NORM_BLD_2015_115359__chr.fasta	KP_NORM_BLD_2015_115359__chr.fasta	0	0	100000/100000	KP_NORM_BLD_2015_115359
KP_NORM_BLD_2015_115359__chr.fasta	KP_NORM_BLD_2015_115359__completeAssembly.fasta	0.00120175	0	95137/100000	KP_NORM_BLD_2015_115359
KP_NORM_BLD_2015_115359__chr.fasta	KP_NORM_BLD_2015_115359__pl_1.fasta	0.429909	1.97129e-17	6/100000	KP_NORM_BLD_2015_115359
KP_NORM_BLD_2015_115359__chr.fasta	KP_NORM_BLD_2015_115359__pl_2.fasta	1	1	0/100000	KP_NORM_BLD_2015_115359
KP_NORM_BLD_2014_100833__chr.fasta	KP_NORM_BLD_2014_100833__allPlasmids.fasta	0.260478	0	211/100000	KP_NORM_BLD_2014_100833
KP_NORM_BLD_2014_100833__chr.fasta	KP_NORM_BLD_2014_100833__chr.fasta	0	0	100000/100000	KP_NORM_BLD_2014_100833
KP_NORM_BLD_2014_100833__chr.fasta	KP_NORM_BLD_2014_100833__completeAssembly.fasta	0.00115385	0	95324/100000	KP_NORM_BLD_2014_100833
KP_NORM_BLD_2014_100833__chr.fasta	KP_NORM_BLD_2014_100833__pl_1.fasta	0.283869	0	129/100000	KP_NORM_BLD_2014_100833
KP_NORM_BLD_2014_100833__chr.fasta	KP_NORM_BLD_2014_100833__pl_2.fasta	0.279639	0	141/100000	KP_NORM_BLD_2014_100833
KP_NORM_BLD_2014_100833__chr.fasta	KP_NORM_BLD_2014_100833__pl_3.fasta	1	1	0/100000	KP_NORM_BLD_2014_100833
KP_NORM_BLD_2014_100833__chr.fasta	KP_NORM_BLD_2014_100833__pl_4.fasta	1	1	0/100000	KP_NORM_BLD_2014_100833
KP_NORM_BLD_2015_108843__chr.fasta	KP_NORM_BLD_2015_108843__allPlasmids.fasta	0.282417	0	133/100000	KP_NORM_BLD_2015_108843
KP_NORM_BLD_2015_108843__chr.fasta	KP_NORM_BLD_2015_108843__chr.fasta	0	0	100000/100000	KP_NORM_BLD_2015_108843
KP_NORM_BLD_2015_108843__chr.fasta	KP_NORM_BLD_2015_108843__completeAssembly.fasta	0.00198841	0	92142/100000	KP_NORM_BLD_2015_108843
KP_NORM_BLD_2015_108843__chr.fasta	KP_NORM_BLD_2015_108843__pl_1.fasta	0.279978	0	140/100000	KP_NORM_BLD_2015_108843
KP_NORM_BLD_2015_108843__chr.fasta	KP_NORM_BLD_2015_108843__pl_2.fasta	0.333979	1.23851e-172	45/100000	KP_NORM_BLD_2015_108843
KP_NORM_BLD_2015_108843__chr.fasta	KP_NORM_BLD_2015_108843__pl_3.fasta	0.383207	9.06615e-60	16/100000	KP_NORM_BLD_2015_108843
KP_NORM_BLD_2015_108843__chr.fasta	KP_NORM_BLD_2015_108843__pl_4.fasta	1	1	0/100000	KP_NORM_BLD_2015_108843
KP_NORM_BLD_2015_108843__chr.fasta	KP_NORM_BLD_2015_108843__pl_5.fasta	1	1	0/100000	KP_NORM_BLD_2015_108843
KP_NORM_BLD_2015_108843__chr.fasta	KP_NORM_BLD_2015_108843__pl_6.fasta	1	1	0/100000	KP_NORM_BLD_2015_108843
KP_NORM_BLD_2013_88977__chr.fasta	KP_NORM_BLD_2013_88977__allPlasmids.fasta	0.26571	0	189/100000	KP_NORM_BLD_2013_88977
KP_NORM_BLD_2013_88977__chr.fasta	KP_NORM_BLD_2013_88977__chr.fasta	0	0	100000/100000	KP_NORM_BLD_2013_88977
KP_NORM_BLD_2013_88977__chr.fasta	KP_NORM_BLD_2013_88977__completeAssembly.fasta	0.000692908	0	97152/100000	KP_NORM_BLD_2013_88977
KP_NORM_BLD_2013_88977__chr.fasta	KP_NORM_BLD_2013_88977__pl_1.fasta	0.29232	0	108/100000	KP_NORM_BLD_2013_88977
KP_NORM_BLD_2013_88977__chr.fasta	KP_NORM_BLD_2013_88977__pl_2.fasta	0.304846	0	83/100000	KP_NORM_BLD_2013_88977
KP_NORM_BLD_2013_88977__chr.fasta	KP_NORM_BLD_2013_88977__pl_3.fasta	0.393093	2.24945e-56	13/100000	KP_NORM_BLD_2013_88977
KP_NORM_BLD_2247__chr.fasta	KP_NORM_BLD_2247__chr.fasta	0	0	100000/100000	KP_NORM_BLD_2247
KP_NORM_BLD_2247__chr.fasta	KP_NORM_BLD_2247__completeAssembly.fasta	0	0	100000/100000	KP_NORM_BLD_2247
KP_NORM_BLD_2254__chr.fasta	KP_NORM_BLD_2254__allPlasmids.fasta	1	1	0/100000	KP_NORM_BLD_2254
KP_NORM_BLD_2254__chr.fasta	KP_NORM_BLD_2254__chr.fasta	0	0	100000/100000	KP_NORM_BLD_2254
KP_NORM_BLD_2254__chr.fasta	KP_NORM_BLD_2254__completeAssembly.fasta	0.00051366	0	97877/100000	KP_NORM_BLD_2254
KP_NORM_BLD_2254__chr.fasta	KP_NORM_BLD_2254__pl_1.fasta	1	1	0/100000	KP_NORM_BLD_2254
KP_NORM_BLD_2009_63475__chr.fasta	KP_NORM_BLD_2009_63475__allPlasmids.fasta	0.306598	1.57668e-269	80/100000	KP_NORM_BLD_2009_63475
KP_NORM_BLD_2009_63475__chr.fasta	KP_NORM_BLD_2009_63475__chr.fasta	0	0	100000/100000	KP_NORM_BLD_2009_63475
KP_NORM_BLD_2009_63475__chr.fasta	KP_NORM_BLD_2009_63475__completeAssembly.fasta	0.00144829	0	94183/100000	KP_NORM_BLD_2009_63475
KP_NORM_BLD_2009_63475__chr.fasta	KP_NORM_BLD_2009_63475__pl_1.fasta	0.306598	5.71466e-292	80/100000	KP_NORM_BLD_2009_63475
KP_NORM_BLD_2009_63475__chr.fasta	KP_NORM_BLD_2009_63475__pl_2.fasta	0.482221	1.04265e-05	2/100000	KP_NORM_BLD_2009_63475
KP_NORM_BLD_2009_63475__chr.fasta	KP_NORM_BLD_2009_63475__pl_3.fasta	0.306007	0	81/100000	KP_NORM_BLD_2009_63475
KP_NORM_BLD_2009_63475__chr.fasta	KP_NORM_BLD_2009_63475__pl_4.fasta	1	1	0/100000	KP_NORM_BLD_2009_63475
KP_NORM_BLD_2009_63475__chr.fasta	KP_NORM_BLD_2009_63475__pl_5.fasta	1	1	0/100000	KP_NORM_BLD_2009_63475
KP_NORM_BLD_2012_85054__chr.fasta	KP_NORM_BLD_2012_85054__allPlasmids.fasta	0.401047	3.1492e-33	11/100000	KP_NORM_BLD_2012_85054
KP_NORM_BLD_2012_85054__chr.fasta	KP_NORM_BLD_2012_85054__chr.fasta	0	0	100000/100000	KP_NORM_BLD_2012_85054
KP_NORM_BLD_2012_85054__chr.fasta	KP_NORM_BLD_2012_85054__completeAssembly.fasta	0.00108877	0	95579/100000	KP_NORM_BLD_2012_85054
KP_NORM_BLD_2012_85054__chr.fasta	KP_NORM_BLD_2012_85054__pl_1.fasta	0.401047	2.66172e-33	11/100000	KP_NORM_BLD_2012_85054
KP_NORM_BLD_2012_85054__chr.fasta	KP_NORM_BLD_2012_85054__pl_2.fasta	1	1	0/100000	KP_NORM_BLD_2012_85054
KP_NORM_BLD_2013_90851__chr.fasta	KP_NORM_BLD_2013_90851__allPlasmids.fasta	0.284988	0	126/100000	KP_NORM_BLD_2013_90851
KP_NORM_BLD_2013_90851__chr.fasta	KP_NORM_BLD_2013_90851__chr.fasta	0	0	100000/100000	KP_NORM_BLD_2013_90851
KP_NORM_BLD_2013_90851__chr.fasta	KP_NORM_BLD_2013_90851__completeAssembly.fasta	0.000771911	0	96835/100000	KP_NORM_BLD_2013_90851
KP_NORM_BLD_2013_90851__chr.fasta	KP_NORM_BLD_2013_90851__pl_1.fasta	0.310955	3.63844e-283	73/100000	KP_NORM_BLD_2013_90851
KP_NORM_BLD_2013_90851__chr.fasta	KP_NORM_BLD_2013_90851__pl_2.fasta	0.309038	0	76/100000	KP_NORM_BLD_2013_90851
KP_NORM_BLD_2013_90851__chr.fasta	KP_NORM_BLD_2013_90851__pl_3.fasta	1	1	0/100000	KP_NORM_BLD_2013_90851
KP_NORM_BLD_2014_100848__chr.fasta	KP_NORM_BLD_2014_100848__allPlasmids.fasta	0.401047	2.60635e-33	11/100000	KP_NORM_BLD_2014_100848
KP_NORM_BLD_2014_100848__chr.fasta	KP_NORM_BLD_2014_100848__chr.fasta	0	0	100000/100000	KP_NORM_BLD_2014_100848
KP_NORM_BLD_2014_100848__chr.fasta	KP_NORM_BLD_2014_100848__completeAssembly.fasta	0.00106916	0	95656/100000	KP_NORM_BLD_2014_100848
KP_NORM_BLD_2014_100848__chr.fasta	KP_NORM_BLD_2014_100848__pl_1.fasta	0.401047	2.60635e-33	11/100000	KP_NORM_BLD_2014_100848
KP_NORM_BLD_2012_85408__chr.fasta	KP_NORM_BLD_2012_85408__allPlasmids.fasta	0.277658	0	147/100000	KP_NORM_BLD_2012_85408
KP_NORM_BLD_2012_85408__chr.fasta	KP_NORM_BLD_2012_85408__chr.fasta	0	0	100000/100000	KP_NORM_BLD_2012_85408
KP_NORM_BLD_2012_85408__chr.fasta	KP_NORM_BLD_2012_85408__completeAssembly.fasta	0.0013181	0	94685/100000	KP_NORM_BLD_2012_85408
KP_NORM_BLD_2012_85408__chr.fasta	KP_NORM_BLD_2012_85408__pl_1.fasta	0.277015	0	149/100000	KP_NORM_BLD_2012_85408
KP_NORM_BLD_2012_85408__chr.fasta	KP_NORM_BLD_2012_85408__pl_2.fasta	0.358296	8.92816e-99	27/100000	KP_NORM_BLD_2012_85408
KP_NORM_BLD_2012_85408__chr.fasta	KP_NORM_BLD_2012_85408__pl_3.fasta	1	1	0/100000	KP_NORM_BLD_2012_85408
KP_NORM_BLD_2012_85408__chr.fasta	KP_NORM_BLD_2012_85408__pl_4.fasta	1	1	0/100000	KP_NORM_BLD_2012_85408
KP_NORM_BLD_2012_85408__chr.fasta	KP_NORM_BLD_2012_85408__pl_5.fasta	1	1	0/100000	KP_NORM_BLD_2012_85408
KP_NORM_BLD_2014_104014__chr.fasta	KP_NORM_BLD_2014_104014__allPlasmids.fasta	0.245371	0	290/100000	KP_NORM_BLD_2014_104014
KP_NORM_BLD_2014_104014__chr.fasta	KP_NORM_BLD_2014_104014__chr.fasta	0	0	100000/100000	KP_NORM_BLD_2014_104014
KP_NORM_BLD_2014_104014__chr.fasta	KP_NORM_BLD_2014_104014__completeAssembly.fasta	0.00244812	0	90456/100000	KP_NORM_BLD_2014_104014
KP_NORM_BLD_2014_104014__chr.fasta	KP_NORM_BLD_2014_104014__pl_1.fasta	0.243761	0	300/100000	KP_NORM_BLD_2014_104014
KP_NORM_BLD_2014_104014__chr.fasta	KP_NORM_BLD_2014_104014__pl_2.fasta	1	1	0/100000	KP_NORM_BLD_2014_104014
KP_NORM_BLD_2014_104014__chr.fasta	KP_NORM_BLD_2014_104014__pl_3.fasta	0.380321	2.8409e-62	17/100000	KP_NORM_BLD_2014_104014
KP_NORM_BLD_2014_104014__chr.fasta	KP_NORM_BLD_2014_104014__pl_4.fasta	1	1	0/100000	KP_NORM_BLD_2014_104014
KP_NORM_BLD_2014_104014__chr.fasta	KP_NORM_BLD_2014_104014__pl_5.fasta	1	1	0/100000	KP_NORM_BLD_2014_104014
KP_NORM_BLD_2014_104014__chr.fasta	KP_NORM_BLD_2014_104014__pl_6.fasta	1	1	0/100000	KP_NORM_BLD_2014_104014
KP_NORM_BLD_2014_104014__chr.fasta	KP_NORM_BLD_2014_104014__pl_7.fasta	1	1	0/100000	KP_NORM_BLD_2014_104014
KP_NORM_BLD_2013_91198__chr.fasta	KP_NORM_BLD_2013_91198__allPlasmids.fasta	0.287707	0	119/100000	KP_NORM_BLD_2013_91198
KP_NORM_BLD_2013_91198__chr.fasta	KP_NORM_BLD_2013_91198__chr.fasta	0	0	100000/100000	KP_NORM_BLD_2013_91198
KP_NORM_BLD_2013_91198__chr.fasta	KP_NORM_BLD_2013_91198__completeAssembly.fasta	0.000984908	0	95988/100000	KP_NORM_BLD_2013_91198
KP_NORM_BLD_2013_91198__chr.fasta	KP_NORM_BLD_2013_91198__pl_1.fasta	0.287707	0	119/100000	KP_NORM_BLD_2013_91198
KP_NORM_BLD_2013_91198__chr.fasta	KP_NORM_BLD_2013_91198__pl_2.fasta	1	1	0/100000	KP_NORM_BLD_2013_91198
KP_NORM_BLD_228__chr.fasta	KP_NORM_BLD_228__chr.fasta	0	0	100000/100000	KP_NORM_BLD_228
KP_NORM_BLD_228__chr.fasta	KP_NORM_BLD_228__completeAssembly.fasta	0	0	100000/100000	KP_NORM_BLD_228
KP_NORM_BLD_2010_71621__chr.fasta	KP_NORM_BLD_2010_71621__allPlasmids.fasta	0.295039	0	102/100000	KP_NORM_BLD_2010_71621
KP_NORM_BLD_2010_71621__chr.fasta	KP_NORM_BLD_2010_71621__chr.fasta	0	0	100000/100000	KP_NORM_BLD_2010_71621
KP_NORM_BLD_2010_71621__chr.fasta	KP_NORM_BLD_2010_71621__completeAssembly.fasta	0.00108062	0	95611/100000	KP_NORM_BLD_2010_71621
KP_NORM_BLD_2010_71621__chr.fasta	KP_NORM_BLD_2010_71621__pl_1.fasta	0.482221	5.86285e-06	2/100000	KP_NORM_BLD_2010_71621
KP_NORM_BLD_2010_71621__chr.fasta	KP_NORM_BLD_2010_71621__pl_2.fasta	0.293209	0	106/100000	KP_NORM_BLD_2010_71621
KP_NORM_BLD_2010_71621__chr.fasta	KP_NORM_BLD_2010_71621__pl_3.fasta	1	1	0/100000	KP_NORM_BLD_2010_71621
KP_NORM_BLD_2010_71621__chr.fasta	KP_NORM_BLD_2010_71621__pl_4.fasta	1	1	0/100000	KP_NORM_BLD_2010_71621
KP_NORM_BLD_2010_71621__chr.fasta	KP_NORM_BLD_2010_71621__pl_5.fasta	1	1	0/100000	KP_NORM_BLD_2010_71621
KP_NORM_BLD_2012_86962__chr.fasta	KP_NORM_BLD_2012_86962__allPlasmids.fasta	0.368046	1.89251e-74	22/100000	KP_NORM_BLD_2012_86962
KP_NORM_BLD_2012_86962__chr.fasta	KP_NORM_BLD_2012_86962__chr.fasta	0	0	100000/100000	KP_NORM_BLD_2012_86962
KP_NORM_BLD_2012_86962__chr.fasta	KP_NORM_BLD_2012_86962__completeAssembly.fasta	0.000783907	0	96787/100000	KP_NORM_BLD_2012_86962
KP_NORM_BLD_2012_86962__chr.fasta	KP_NORM_BLD_2012_86962__pl_1.fasta	0.368046	1.89251e-74	22/100000	KP_NORM_BLD_2012_86962
KP_NORM_BLD_2014_104302__chr.fasta	KP_NORM_BLD_2014_104302__allPlasmids.fasta	0.332933	1.75185e-160	46/100000	KP_NORM_BLD_2014_104302
KP_NORM_BLD_2014_104302__chr.fasta	KP_NORM_BLD_2014_104302__chr.fasta	0	0	100000/100000	KP_NORM_BLD_2014_104302
KP_NORM_BLD_2014_104302__chr.fasta	KP_NORM_BLD_2014_104302__completeAssembly.fasta	0.00121124	0	95100/100000	KP_NORM_BLD_2014_104302
KP_NORM_BLD_2014_104302__chr.fasta	KP_NORM_BLD_2014_104302__pl_1.fasta	0.332933	1.75185e-160	46/100000	KP_NORM_BLD_2014_104302
KP_NORM_BLD_225__chr.fasta	KP_NORM_BLD_225__allPlasmids.fasta	0.286134	0	123/100000	KP_NORM_BLD_225
KP_NORM_BLD_225__chr.fasta	KP_NORM_BLD_225__chr.fasta	0	0	100000/100000	KP_NORM_BLD_225
KP_NORM_BLD_225__chr.fasta	KP_NORM_BLD_225__completeAssembly.fasta	0.000811433	0	96677/100000	KP_NORM_BLD_225
KP_NORM_BLD_225__chr.fasta	KP_NORM_BLD_225__pl_1.fasta	1	1	0/100000	KP_NORM_BLD_225
KP_NORM_BLD_225__chr.fasta	KP_NORM_BLD_225__pl_2.fasta	0.329926	7.14685e-201	49/100000	KP_NORM_BLD_225
KP_NORM_BLD_225__chr.fasta	KP_NORM_BLD_225__pl_3.fasta	0.292763	0	107/100000	KP_NORM_BLD_225
KP_NORM_BLD_225__chr.fasta	KP_NORM_BLD_225__pl_4.fasta	1	1	0/100000	KP_NORM_BLD_225
KP_NORM_BLD_2014_102946__chr.fasta	KP_NORM_BLD_2014_102946__allPlasmids.fasta	0.368046	1.14871e-69	22/100000	KP_NORM_BLD_2014_102946
KP_NORM_BLD_2014_102946__chr.fasta	KP_NORM_BLD_2014_102946__chr.fasta	0	0	100000/100000	KP_NORM_BLD_2014_102946
KP_NORM_BLD_2014_102946__chr.fasta	KP_NORM_BLD_2014_102946__completeAssembly.fasta	0.0013243	0	94661/100000	KP_NORM_BLD_2014_102946
KP_NORM_BLD_2014_102946__chr.fasta	KP_NORM_BLD_2014_102946__pl_1.fasta	0.368046	1.36692e-71	22/100000	KP_NORM_BLD_2014_102946
KP_NORM_BLD_2014_102946__chr.fasta	KP_NORM_BLD_2014_102946__pl_2.fasta	1	1	0/100000	KP_NORM_BLD_2014_102946
KP_NORM_BLD_2014_102946__chr.fasta	KP_NORM_BLD_2014_102946__pl_3.fasta	1	1	0/100000	KP_NORM_BLD_2014_102946
KP_NORM_BLD_2014_102946__chr.fasta	KP_NORM_BLD_2014_102946__pl_4.fasta	1	1	0/100000	KP_NORM_BLD_2014_102946
KP_NORM_BLD_2015_111587__chr.fasta	KP_NORM_BLD_2015_111587__allPlasmids.fasta	0.275446	0	154/100000	KP_NORM_BLD_2015_111587
KP_NORM_BLD_2015_111587__chr.fasta	KP_NORM_BLD_2015_111587__chr.fasta	0	0	100000/100000	KP_NORM_BLD_2015_111587
KP_NORM_BLD_2015_111587__chr.fasta	KP_NORM_BLD_2015_111587__completeAssembly.fasta	0.00121407	0	95089/100000	KP_NORM_BLD_2015_111587
KP_NORM_BLD_2015_111587__chr.fasta	KP_NORM_BLD_2015_111587__pl_1.fasta	0.279639	0	141/100000	KP_NORM_BLD_2015_111587
KP_NORM_BLD_2015_111587__chr.fasta	KP_NORM_BLD_2015_111587__pl_2.fasta	0.337263	4.07564e-166	42/100000	KP_NORM_BLD_2015_111587
KP_NORM_BLD_2015_111587__chr.fasta	KP_NORM_BLD_2015_111587__pl_3.fasta	1	1	0/100000	KP_NORM_BLD_2015_111587
KP_NORM_BLD_2015_111587__chr.fasta	KP_NORM_BLD_2015_111587__pl_4.fasta	1	1	0/100000	KP_NORM_BLD_2015_111587
KP_NORM_BLD_2015_111587__chr.fasta	KP_NORM_BLD_2015_111587__pl_5.fasta	1	1	0/100000	KP_NORM_BLD_2015_111587
KP_NORM_BLD_2015_111587__chr.fasta	KP_NORM_BLD_2015_111587__pl_6.fasta	1	1	0/100000	KP_NORM_BLD_2015_111587
KP_NORM_BLD_231__chr.fasta	KP_NORM_BLD_231__allPlasmids.fasta	0.248589	0	271/100000	KP_NORM_BLD_231
KP_NORM_BLD_231__chr.fasta	KP_NORM_BLD_231__chr.fasta	0	0	100000/100000	KP_NORM_BLD_231
KP_NORM_BLD_231__chr.fasta	KP_NORM_BLD_231__completeAssembly.fasta	0.00103714	0	95782/100000	KP_NORM_BLD_231
KP_NORM_BLD_231__chr.fasta	KP_NORM_BLD_231__pl_1.fasta	0.276697	0	150/100000	KP_NORM_BLD_231
KP_NORM_BLD_231__chr.fasta	KP_NORM_BLD_231__pl_2.fasta	0.274227	0	158/100000	KP_NORM_BLD_231
KP_NORM_BLD_231__chr.fasta	KP_NORM_BLD_231__pl_3.fasta	1	1	0/100000	KP_NORM_BLD_231
KP_NORM_BLD_231__chr.fasta	KP_NORM_BLD_231__pl_4.fasta	1	1	0/100000	KP_NORM_BLD_231
KP_NORM_BLD_2014_96855__chr.fasta	KP_NORM_BLD_2014_96855__allPlasmids.fasta	0.358296	1.72268e-83	27/100000	KP_NORM_BLD_2014_96855
KP_NORM_BLD_2014_96855__chr.fasta	KP_NORM_BLD_2014_96855__chr.fasta	0	0	100000/100000	KP_NORM_BLD_2014_96855
KP_NORM_BLD_2014_96855__chr.fasta	KP_NORM_BLD_2014_96855__completeAssembly.fasta	0.00200644	0	92075/100000	KP_NORM_BLD_2014_96855
KP_NORM_BLD_2014_96855__chr.fasta	KP_NORM_BLD_2014_96855__pl_1.fasta	0.356564	3.3486e-95	28/100000	KP_NORM_BLD_2014_96855
KP_NORM_BLD_2014_96855__chr.fasta	KP_NORM_BLD_2014_96855__pl_2.fasta	1	1	0/100000	KP_NORM_BLD_2014_96855
KP_NORM_BLD_2014_96855__chr.fasta	KP_NORM_BLD_2014_96855__pl_3.fasta	1	1	0/100000	KP_NORM_BLD_2014_96855
KP_NORM_BLD_2014_96855__chr.fasta	KP_NORM_BLD_2014_96855__pl_4.fasta	1	1	0/100000	KP_NORM_BLD_2014_96855
KP_NORM_BLD_2013_91444__chr.fasta	KP_NORM_BLD_2013_91444__allPlasmids.fasta	0.260029	0	213/100000	KP_NORM_BLD_2013_91444
KP_NORM_BLD_2013_91444__chr.fasta	KP_NORM_BLD_2013_91444__chr.fasta	0	0	100000/100000	KP_NORM_BLD_2013_91444
KP_NORM_BLD_2013_91444__chr.fasta	KP_NORM_BLD_2013_91444__completeAssembly.fasta	0.00134499	0	94581/100000	KP_NORM_BLD_2013_91444
KP_NORM_BLD_2013_91444__chr.fasta	KP_NORM_BLD_2013_91444__pl_1.fasta	0.265963	0	188/100000	KP_NORM_BLD_2013_91444
KP_NORM_BLD_2013_91444__chr.fasta	KP_NORM_BLD_2013_91444__pl_2.fasta	0.289333	0	115/100000	KP_NORM_BLD_2013_91444
KP_NORM_BLD_2013_91444__chr.fasta	KP_NORM_BLD_2013_91444__pl_3.fasta	0.462914	2.42712e-13	3/100000	KP_NORM_BLD_2013_91444
KP_NORM_BLD_2013_91444__chr.fasta	KP_NORM_BLD_2013_91444__pl_4.fasta	1	1	0/100000	KP_NORM_BLD_2013_91444
KP_NORM_BLD_2395__chr.fasta	KP_NORM_BLD_2395__allPlasmids.fasta	1	1	0/100000	KP_NORM_BLD_2395
KP_NORM_BLD_2395__chr.fasta	KP_NORM_BLD_2395__chr.fasta	0	0	100000/100000	KP_NORM_BLD_2395
KP_NORM_BLD_2395__chr.fasta	KP_NORM_BLD_2395__completeAssembly.fasta	0.000631864	0	97398/100000	KP_NORM_BLD_2395
KP_NORM_BLD_2395__chr.fasta	KP_NORM_BLD_2395__pl_1.fasta	1	1	0/100000	KP_NORM_BLD_2395
KP_NORM_BLD_2014_101320__chr.fasta	KP_NORM_BLD_2014_101320__allPlasmids.fasta	0.351719	1.86404e-106	31/100000	KP_NORM_BLD_2014_101320
KP_NORM_BLD_2014_101320__chr.fasta	KP_NORM_BLD_2014_101320__chr.fasta	0	0	100000/100000	KP_NORM_BLD_2014_101320
KP_NORM_BLD_2014_101320__chr.fasta	KP_NORM_BLD_2014_101320__completeAssembly.fasta	0.000957593	0	96096/100000	KP_NORM_BLD_2014_101320
KP_NORM_BLD_2014_101320__chr.fasta	KP_NORM_BLD_2014_101320__pl_1.fasta	0.351719	1.86404e-106	31/100000	KP_NORM_BLD_2014_101320
KP_NORM_BLD_2799__chr.fasta	KP_NORM_BLD_2799__allPlasmids.fasta	0.360092	1.08072e-96	26/100000	KP_NORM_BLD_2799
KP_NORM_BLD_2799__chr.fasta	KP_NORM_BLD_2799__chr.fasta	0	0	100000/100000	KP_NORM_BLD_2799
KP_NORM_BLD_2799__chr.fasta	KP_NORM_BLD_2799__completeAssembly.fasta	0.000409992	0	98300/100000	KP_NORM_BLD_2799
KP_NORM_BLD_2799__chr.fasta	KP_NORM_BLD_2799__pl_1.fasta	0.360092	1.08072e-96	26/100000	KP_NORM_BLD_2799
KGVETS-2019-01-2201__chr.fasta	KGVETS-2019-01-2201__chr.fasta	0	0	100000/100000	KGVETS-2019-01-2201
KGVETS-2019-01-2201__chr.fasta	KGVETS-2019-01-2201__completeAssembly.fasta	0	0	100000/100000	KGVETS-2019-01-2201
KP_NORM_BLD_2508__chr.fasta	KP_NORM_BLD_2508__allPlasmids.fasta	1	1	0/100000	KP_NORM_BLD_2508
KP_NORM_BLD_2508__chr.fasta	KP_NORM_BLD_2508__chr.fasta	0	0	100000/100000	KP_NORM_BLD_2508
KP_NORM_BLD_2508__chr.fasta	KP_NORM_BLD_2508__completeAssembly.fasta	0.000568336	0	97655/100000	KP_NORM_BLD_2508
KP_NORM_BLD_2508__chr.fasta	KP_NORM_BLD_2508__pl_1.fasta	1	1	0/100000	KP_NORM_BLD_2508
KP_NORM_BLD_2508__chr.fasta	KP_NORM_BLD_2508__pl_2.fasta	1	1	0/100000	KP_NORM_BLD_2508
KGVETS-2019-01-2303__chr.fasta	KGVETS-2019-01-2303__allPlasmids.fasta	0.289749	0	114/100000	KGVETS-2019-01-2303
KGVETS-2019-01-2303__chr.fasta	KGVETS-2019-01-2303__chr.fasta	0	0	100000/100000	KGVETS-2019-01-2303
KGVETS-2019-01-2303__chr.fasta	KGVETS-2019-01-2303__completeAssembly.fasta	0.000718286	0	97050/100000	KGVETS-2019-01-2303
KGVETS-2019-01-2303__chr.fasta	KGVETS-2019-01-2303__pl_1.fasta	0.289749	0	114/100000	KGVETS-2019-01-2303
KP_NORM_BLD_60429__chr.fasta	KP_NORM_BLD_60429__allPlasmids.fasta	0.217947	0	517/100000	KP_NORM_BLD_60429
KP_NORM_BLD_60429__chr.fasta	KP_NORM_BLD_60429__chr.fasta	0	0	100000/100000	KP_NORM_BLD_60429
KP_NORM_BLD_60429__chr.fasta	KP_NORM_BLD_60429__completeAssembly.fasta	0.00217939	0	91436/100000	KP_NORM_BLD_60429
KP_NORM_BLD_60429__chr.fasta	KP_NORM_BLD_60429__pl_1.fasta	0.218223	0	514/100000	KP_NORM_BLD_60429
KP_NORM_BLD_60429__chr.fasta	KP_NORM_BLD_60429__pl_2.fasta	0.339586	6.16651e-153	40/100000	KP_NORM_BLD_60429
KP_NORM_BLD_60429__chr.fasta	KP_NORM_BLD_60429__pl_3.fasta	0.350208	5.4938e-123	32/100000	KP_NORM_BLD_60429
KP_NORM_BLD_60429__chr.fasta	KP_NORM_BLD_60429__pl_4.fasta	0.269369	0	175/100000	KP_NORM_BLD_60429
KP_NORM_BLD_60429__chr.fasta	KP_NORM_BLD_60429__pl_5.fasta	1	1	0/100000	KP_NORM_BLD_60429
KP_NORM_BLD_60429__chr.fasta	KP_NORM_BLD_60429__pl_6.fasta	1	1	0/100000	KP_NORM_BLD_60429
KP_NORM_BLD_3074__chr.fasta	KP_NORM_BLD_3074__allPlasmids.fasta	0.307802	7.45511e-293	78/100000	KP_NORM_BLD_3074
KP_NORM_BLD_3074__chr.fasta	KP_NORM_BLD_3074__chr.fasta	0	0	100000/100000	KP_NORM_BLD_3074
KP_NORM_BLD_3074__chr.fasta	KP_NORM_BLD_3074__completeAssembly.fasta	0.0010656	0	95670/100000	KP_NORM_BLD_3074
KP_NORM_BLD_3074__chr.fasta	KP_NORM_BLD_3074__pl_1.fasta	0.311611	8.8558e-287	72/100000	KP_NORM_BLD_3074
KP_NORM_BLD_3074__chr.fasta	KP_NORM_BLD_3074__pl_2.fasta	0.410602	9.13348e-30	9/100000	KP_NORM_BLD_3074
KP_NORM_BLD_3074__chr.fasta	KP_NORM_BLD_3074__pl_3.fasta	1	1	0/100000	KP_NORM_BLD_3074
KP_NORM_BLD_60562__chr.fasta	KP_NORM_BLD_60562__allPlasmids.fasta	0.515228	0.00601949	1/100000	KP_NORM_BLD_60562
KP_NORM_BLD_60562__chr.fasta	KP_NORM_BLD_60562__chr.fasta	0	0	100000/100000	KP_NORM_BLD_60562
KP_NORM_BLD_60562__chr.fasta	KP_NORM_BLD_60562__completeAssembly.fasta	0.00120072	0	95141/100000	KP_NORM_BLD_60562
KP_NORM_BLD_60562__chr.fasta	KP_NORM_BLD_60562__pl_1.fasta	0.515228	0.00366808	1/100000	KP_NORM_BLD_60562
KP_NORM_BLD_60562__chr.fasta	KP_NORM_BLD_60562__pl_2.fasta	1	1	0/100000	KP_NORM_BLD_60562
KGVETS-2019-01-2871__chr.fasta	KGVETS-2019-01-2871__allPlasmids.fasta	1	1	0/100000	KGVETS-2019-01-2871
KGVETS-2019-01-2871__chr.fasta	KGVETS-2019-01-2871__chr.fasta	0	0	100000/100000	KGVETS-2019-01-2871
KGVETS-2019-01-2871__chr.fasta	KGVETS-2019-01-2871__completeAssembly.fasta	0.000515627	0	97869/100000	KGVETS-2019-01-2871
KGVETS-2019-01-2871__chr.fasta	KGVETS-2019-01-2871__pl_1.fasta	1	1	0/100000	KGVETS-2019-01-2871
KGVETS-2019-01-3187__chr.fasta	KGVETS-2019-01-3187__allPlasmids.fasta	1	1	0/100000	KGVETS-2019-01-3187
KGVETS-2019-01-3187__chr.fasta	KGVETS-2019-01-3187__chr.fasta	0	0	100000/100000	KGVETS-2019-01-3187
KGVETS-2019-01-3187__chr.fasta	KGVETS-2019-01-3187__completeAssembly.fasta	0.000607609	0	97496/100000	KGVETS-2019-01-3187
KGVETS-2019-01-3187__chr.fasta	KGVETS-2019-01-3187__pl_1.fasta	1	1	0/100000	KGVETS-2019-01-3187
KGVETS-2019-01-3158__chr.fasta	KGVETS-2019-01-3158__chr.fasta	0	0	100000/100000	KGVETS-2019-01-3158
KGVETS-2019-01-3158__chr.fasta	KGVETS-2019-01-3158__completeAssembly.fasta	0	0	100000/100000	KGVETS-2019-01-3158
KGVETS-2019-01-1806__chr.fasta	KGVETS-2019-01-1806__allPlasmids.fasta	0.350208	1.11886e-107	32/100000	KGVETS-2019-01-1806
KGVETS-2019-01-1806__chr.fasta	KGVETS-2019-01-1806__chr.fasta	0	0	100000/100000	KGVETS-2019-01-1806
KGVETS-2019-01-1806__chr.fasta	KGVETS-2019-01-1806__completeAssembly.fasta	0.00116639	0	95275/100000	KGVETS-2019-01-1806
KGVETS-2019-01-1806__chr.fasta	KGVETS-2019-01-1806__pl_1.fasta	0.37026	1.35338e-72	21/100000	KGVETS-2019-01-1806
KGVETS-2019-01-1806__chr.fasta	KGVETS-2019-01-1806__pl_2.fasta	0.401047	3.20121e-37	11/100000	KGVETS-2019-01-1806
KGVETS-2019-01-1806__chr.fasta	KGVETS-2019-01-1806__pl_3.fasta	1	1	0/100000	KGVETS-2019-01-1806
KGVETS-2019-01-1806__chr.fasta	KGVETS-2019-01-1806__pl_4.fasta	1	1	0/100000	KGVETS-2019-01-1806
KGVETS-2019-01-1806__chr.fasta	KGVETS-2019-01-1806__pl_5.fasta	1	1	0/100000	KGVETS-2019-01-1806
KP_NORM_BLD_60803__chr.fasta	KP_NORM_BLD_60803__chr.fasta	0	0	100000/100000	KP_NORM_BLD_60803
KP_NORM_BLD_60803__chr.fasta	KP_NORM_BLD_60803__completeAssembly.fasta	0	0	100000/100000	KP_NORM_BLD_60803
KGVETS-2019-01-326__chr.fasta	KGVETS-2019-01-326__allPlasmids.fasta	1	1	0/100000	KGVETS-2019-01-326
KGVETS-2019-01-326__chr.fasta	KGVETS-2019-01-326__chr.fasta	0	0	100000/100000	KGVETS-2019-01-326
KGVETS-2019-01-326__chr.fasta	KGVETS-2019-01-326__completeAssembly.fasta	0.000821453	0	96637/100000	KGVETS-2019-01-326
KGVETS-2019-01-326__chr.fasta	KGVETS-2019-01-326__pl_1.fasta	1	1	0/100000	KGVETS-2019-01-326
KGVETS-2019-01-3793__chr.fasta	KGVETS-2019-01-3793__allPlasmids.fasta	0.515228	0.00343621	1/100000	KGVETS-2019-01-3793
KGVETS-2019-01-3793__chr.fasta	KGVETS-2019-01-3793__chr.fasta	0	0	100000/100000	KGVETS-2019-01-3793
KGVETS-2019-01-3793__chr.fasta	KGVETS-2019-01-3793__completeAssembly.fasta	0.000674521	0	97226/100000	KGVETS-2019-01-3793
KGVETS-2019-01-3793__chr.fasta	KGVETS-2019-01-3793__pl_1.fasta	0.515228	0.00343621	1/100000	KGVETS-2019-01-3793
KP_NORM_BLD_60778__chr.fasta	KP_NORM_BLD_60778__allPlasmids.fasta	0.515228	0.00276666	1/100000	KP_NORM_BLD_60778
KP_NORM_BLD_60778__chr.fasta	KP_NORM_BLD_60778__chr.fasta	0	0	100000/100000	KP_NORM_BLD_60778
KP_NORM_BLD_60778__chr.fasta	KP_NORM_BLD_60778__completeAssembly.fasta	0.000551815	0	97722/100000	KP_NORM_BLD_60778
KP_NORM_BLD_60778__chr.fasta	KP_NORM_BLD_60778__pl_1.fasta	0.515228	0.00276666	1/100000	KP_NORM_BLD_60778
KGVETS-2019-01-4407__chr.fasta	KGVETS-2019-01-4407__allPlasmids.fasta	0.515228	0.00682431	1/100000	KGVETS-2019-01-4407
KGVETS-2019-01-4407__chr.fasta	KGVETS-2019-01-4407__chr.fasta	0	0	100000/100000	KGVETS-2019-01-4407
KGVETS-2019-01-4407__chr.fasta	KGVETS-2019-01-4407__completeAssembly.fasta	0.0013989	0	94373/100000	KGVETS-2019-01-4407
KGVETS-2019-01-4407__chr.fasta	KGVETS-2019-01-4407__pl_1.fasta	0.515228	0.00343504	1/100000	KGVETS-2019-01-4407
KGVETS-2019-01-4407__chr.fasta	KGVETS-2019-01-4407__pl_2.fasta	1	1	0/100000	KGVETS-2019-01-4407
KGVETS-2019-01-4407__chr.fasta	KGVETS-2019-01-4407__pl_3.fasta	1	1	0/100000	KGVETS-2019-01-4407
KGVETS-2019-01-4380__chr.fasta	KGVETS-2019-01-4380__allPlasmids.fasta	0.462914	8.02252e-09	3/100000	KGVETS-2019-01-4380
KGVETS-2019-01-4380__chr.fasta	KGVETS-2019-01-4380__chr.fasta	0	0	100000/100000	KGVETS-2019-01-4380
KGVETS-2019-01-4380__chr.fasta	KGVETS-2019-01-4380__completeAssembly.fasta	0.000717788	0	97052/100000	KGVETS-2019-01-4380
KGVETS-2019-01-4380__chr.fasta	KGVETS-2019-01-4380__pl_1.fasta	0.462914	6.77806e-09	3/100000	KGVETS-2019-01-4380
KGVETS-2019-01-4380__chr.fasta	KGVETS-2019-01-4380__pl_2.fasta	1	1	0/100000	KGVETS-2019-01-4380
KGVETS-2019-01-3185__chr.fasta	KGVETS-2019-01-3185__allPlasmids.fasta	0.26546	0	190/100000	KGVETS-2019-01-3185
KGVETS-2019-01-3185__chr.fasta	KGVETS-2019-01-3185__chr.fasta	0	0	100000/100000	KGVETS-2019-01-3185
KGVETS-2019-01-3185__chr.fasta	KGVETS-2019-01-3185__completeAssembly.fasta	0.00166503	0	93356/100000	KGVETS-2019-01-3185
KGVETS-2019-01-3185__chr.fasta	KGVETS-2019-01-3185__pl_1.fasta	0.329926	4.67227e-178	49/100000	KGVETS-2019-01-3185
KGVETS-2019-01-3185__chr.fasta	KGVETS-2019-01-3185__pl_2.fasta	0.462914	2.32972e-09	3/100000	KGVETS-2019-01-3185
KGVETS-2019-01-3185__chr.fasta	KGVETS-2019-01-3185__pl_3.fasta	0.278309	0	145/100000	KGVETS-2019-01-3185
KGVETS-2019-01-3185__chr.fasta	KGVETS-2019-01-3185__pl_4.fasta	1	1	0/100000	KGVETS-2019-01-3185
KP_NORM_BLD_116239__chr.fasta	KP_NORM_BLD_116239__chr.fasta	0	0	100000/100000	KP_NORM_BLD_116239
KP_NORM_BLD_116239__chr.fasta	KP_NORM_BLD_116239__completeAssembly.fasta	0	0	100000/100000	KP_NORM_BLD_116239
KP_NORM_BLD_113315__chr.fasta	KP_NORM_BLD_113315__allPlasmids.fasta	0.265963	0	188/100000	KP_NORM_BLD_113315
KP_NORM_BLD_113315__chr.fasta	KP_NORM_BLD_113315__chr.fasta	0	0	100000/100000	KP_NORM_BLD_113315
KP_NORM_BLD_113315__chr.fasta	KP_NORM_BLD_113315__completeAssembly.fasta	0.000944711	0	96147/100000	KP_NORM_BLD_113315
KP_NORM_BLD_113315__chr.fasta	KP_NORM_BLD_113315__pl_1.fasta	0.265963	0	188/100000	KP_NORM_BLD_113315
KP_NORM_BLD_113315__chr.fasta	KP_NORM_BLD_113315__pl_2.fasta	1	1	0/100000	KP_NORM_BLD_113315
KP_NORM_BLD_61273__chr.fasta	KP_NORM_BLD_61273__allPlasmids.fasta	0.285749	0	124/100000	KP_NORM_BLD_61273
KP_NORM_BLD_61273__chr.fasta	KP_NORM_BLD_61273__chr.fasta	0	0	100000/100000	KP_NORM_BLD_61273
KP_NORM_BLD_61273__chr.fasta	KP_NORM_BLD_61273__completeAssembly.fasta	0.00198169	0	92167/100000	KP_NORM_BLD_61273
KP_NORM_BLD_61273__chr.fasta	KP_NORM_BLD_61273__pl_1.fasta	0.325302	1.42803e-193	54/100000	KP_NORM_BLD_61273
KP_NORM_BLD_61273__chr.fasta	KP_NORM_BLD_61273__pl_2.fasta	0.286523	0	122/100000	KP_NORM_BLD_61273
KGVETS-2019-01-476__chr.fasta	KGVETS-2019-01-476__allPlasmids.fasta	1	1	0/100000	KGVETS-2019-01-476
KGVETS-2019-01-476__chr.fasta	KGVETS-2019-01-476__chr.fasta	0	0	100000/100000	KGVETS-2019-01-476
KGVETS-2019-01-476__chr.fasta	KGVETS-2019-01-476__completeAssembly.fasta	0.000193313	0	99193/100000	KGVETS-2019-01-476
KGVETS-2019-01-476__chr.fasta	KGVETS-2019-01-476__pl_1.fasta	1	1	0/100000	KGVETS-2019-01-476
KGVETS-2019-01-476__chr.fasta	KGVETS-2019-01-476__pl_2.fasta	1	1	0/100000	KGVETS-2019-01-476
KP_NORM_BLD_114603__chr.fasta	KP_NORM_BLD_114603__allPlasmids.fasta	0.343297	5.09658e-131	37/100000	KP_NORM_BLD_114603
KP_NORM_BLD_114603__chr.fasta	KP_NORM_BLD_114603__chr.fasta	0	0	100000/100000	KP_NORM_BLD_114603
KP_NORM_BLD_114603__chr.fasta	KP_NORM_BLD_114603__completeAssembly.fasta	0.000927045	0	96217/100000	KP_NORM_BLD_114603
KP_NORM_BLD_114603__chr.fasta	KP_NORM_BLD_114603__pl_1.fasta	0.343297	5.09658e-131	37/100000	KP_NORM_BLD_114603
KP_NORM_BLD_112603__chr.fasta	KP_NORM_BLD_112603__allPlasmids.fasta	0.255969	0	232/100000	KP_NORM_BLD_112603
KP_NORM_BLD_112603__chr.fasta	KP_NORM_BLD_112603__chr.fasta	0	0	100000/100000	KP_NORM_BLD_112603
KP_NORM_BLD_112603__chr.fasta	KP_NORM_BLD_112603__completeAssembly.fasta	0.000814689	0	96664/100000	KP_NORM_BLD_112603
KP_NORM_BLD_112603__chr.fasta	KP_NORM_BLD_112603__pl_1.fasta	0.255969	0	232/100000	KP_NORM_BLD_112603
KP_NORM_BLD_112603__chr.fasta	KP_NORM_BLD_112603__pl_2.fasta	1	1	0/100000	KP_NORM_BLD_112603
KP_NORM_BLD_61439__chr.fasta	KP_NORM_BLD_61439__allPlasmids.fasta	0.255765	0	233/100000	KP_NORM_BLD_61439
KP_NORM_BLD_61439__chr.fasta	KP_NORM_BLD_61439__chr.fasta	0	0	100000/100000	KP_NORM_BLD_61439
KP_NORM_BLD_61439__chr.fasta	KP_NORM_BLD_61439__completeAssembly.fasta	0.00145637	0	94152/100000	KP_NORM_BLD_61439
KP_NORM_BLD_61439__chr.fasta	KP_NORM_BLD_61439__pl_1.fasta	0.255157	0	236/100000	KP_NORM_BLD_61439
KP_NORM_BLD_61439__chr.fasta	KP_NORM_BLD_61439__pl_2.fasta	0.316478	5.50442e-260	65/100000	KP_NORM_BLD_61439
KP_NORM_BLD_13127__chr.fasta	KP_NORM_BLD_13127__allPlasmids.fasta	0.300994	0	90/100000	KP_NORM_BLD_13127
KP_NORM_BLD_13127__chr.fasta	KP_NORM_BLD_13127__chr.fasta	0	0	100000/100000	KP_NORM_BLD_13127
KP_NORM_BLD_13127__chr.fasta	KP_NORM_BLD_13127__completeAssembly.fasta	0.00095153	0	96120/100000	KP_NORM_BLD_13127
KP_NORM_BLD_13127__chr.fasta	KP_NORM_BLD_13127__pl_1.fasta	0.300994	0	90/100000	KP_NORM_BLD_13127
KP_NORM_BLD_13127__chr.fasta	KP_NORM_BLD_13127__pl_2.fasta	1	1	0/100000	KP_NORM_BLD_13127
KP_NORM_BLD_13127__chr.fasta	KP_NORM_BLD_13127__pl_3.fasta	1	1	0/100000	KP_NORM_BLD_13127
KP_NORM_BLD_114482__chr.fasta	KP_NORM_BLD_114482__chr.fasta	0	0	100000/100000	KP_NORM_BLD_114482
KP_NORM_BLD_114482__chr.fasta	KP_NORM_BLD_114482__completeAssembly.fasta	0	0	100000/100000	KP_NORM_BLD_114482
KP_NORM_BLD_113321__chr.fasta	KP_NORM_BLD_113321__allPlasmids.fasta	0.233298	0	374/100000	KP_NORM_BLD_113321
KP_NORM_BLD_113321__chr.fasta	KP_NORM_BLD_113321__chr.fasta	0	0	100000/100000	KP_NORM_BLD_113321
KP_NORM_BLD_113321__chr.fasta	KP_NORM_BLD_113321__completeAssembly.fasta	0.00072825	0	97010/100000	KP_NORM_BLD_113321
KP_NORM_BLD_113321__chr.fasta	KP_NORM_BLD_113321__pl_1.fasta	0.233298	0	374/100000	KP_NORM_BLD_113321
KGVETS-2019-01-2116__chr.fasta	KGVETS-2019-01-2116__allPlasmids.fasta	0.320287	1.04614e-229	60/100000	KGVETS-2019-01-2116
KGVETS-2019-01-2116__chr.fasta	KGVETS-2019-01-2116__chr.fasta	0	0	100000/100000	KGVETS-2019-01-2116
KGVETS-2019-01-2116__chr.fasta	KGVETS-2019-01-2116__completeAssembly.fasta	0.000681972	0	97196/100000	KGVETS-2019-01-2116
KGVETS-2019-01-2116__chr.fasta	KGVETS-2019-01-2116__pl_1.fasta	0.320287	1.04614e-229	60/100000	KGVETS-2019-01-2116
KGVETS-2019-01-1761__chr.fasta	KGVETS-2019-01-1761__allPlasmids.fasta	1	1	0/100000	KGVETS-2019-01-1761
KGVETS-2019-01-1761__chr.fasta	KGVETS-2019-01-1761__chr.fasta	0	0	100000/100000	KGVETS-2019-01-1761
KGVETS-2019-01-1761__chr.fasta	KGVETS-2019-01-1761__completeAssembly.fasta	0.000719033	0	97047/100000	KGVETS-2019-01-1761
KGVETS-2019-01-1761__chr.fasta	KGVETS-2019-01-1761__pl_1.fasta	1	1	0/100000	KGVETS-2019-01-1761
KP_NORM_BLD_61459__chr.fasta	KP_NORM_BLD_61459__allPlasmids.fasta	0.43859	2.30235e-15	5/100000	KP_NORM_BLD_61459
KP_NORM_BLD_61459__chr.fasta	KP_NORM_BLD_61459__chr.fasta	0	0	100000/100000	KP_NORM_BLD_61459
KP_NORM_BLD_61459__chr.fasta	KP_NORM_BLD_61459__completeAssembly.fasta	0.000617752	0	97455/100000	KP_NORM_BLD_61459
KP_NORM_BLD_61459__chr.fasta	KP_NORM_BLD_61459__pl_1.fasta	0.43859	2.30235e-15	5/100000	KP_NORM_BLD_61459
KP_NORM_BLD_116241__chr.fasta	KP_NORM_BLD_116241__chr.fasta	0	0	100000/100000	KP_NORM_BLD_116241
KP_NORM_BLD_116241__chr.fasta	KP_NORM_BLD_116241__completeAssembly.fasta	0	0	100000/100000	KP_NORM_BLD_116241
KP_NORM_BLD_61295__chr.fasta	KP_NORM_BLD_61295__allPlasmids.fasta	0.343297	9.08679e-130	37/100000	KP_NORM_BLD_61295
KP_NORM_BLD_61295__chr.fasta	KP_NORM_BLD_61295__chr.fasta	0	0	100000/100000	KP_NORM_BLD_61295
KP_NORM_BLD_61295__chr.fasta	KP_NORM_BLD_61295__completeAssembly.fasta	0.000971751	0	96040/100000	KP_NORM_BLD_61295
KP_NORM_BLD_61295__chr.fasta	KP_NORM_BLD_61295__pl_1.fasta	0.343297	9.08679e-130	37/100000	KP_NORM_BLD_61295
KP_NORM_BLD_115351__chr.fasta	KP_NORM_BLD_115351__allPlasmids.fasta	0.226132	0	435/100000	KP_NORM_BLD_115351
KP_NORM_BLD_115351__chr.fasta	KP_NORM_BLD_115351__chr.fasta	0	0	100000/100000	KP_NORM_BLD_115351
KP_NORM_BLD_115351__chr.fasta	KP_NORM_BLD_115351__completeAssembly.fasta	0.00108418	0	95597/100000	KP_NORM_BLD_115351
KP_NORM_BLD_115351__chr.fasta	KP_NORM_BLD_115351__pl_1.fasta	0.227235	0	425/100000	KP_NORM_BLD_115351
KP_NORM_BLD_115351__chr.fasta	KP_NORM_BLD_115351__pl_2.fasta	0.377599	1.7599e-63	18/100000	KP_NORM_BLD_115351
KP_NORM_BLD_115796__chr.fasta	KP_NORM_BLD_115796__allPlasmids.fasta	0.422568	2.58186e-20	7/100000	KP_NORM_BLD_115796
KP_NORM_BLD_115796__chr.fasta	KP_NORM_BLD_115796__chr.fasta	0	0	100000/100000	KP_NORM_BLD_115796
KP_NORM_BLD_115796__chr.fasta	KP_NORM_BLD_115796__completeAssembly.fasta	0.00112396	0	95441/100000	KP_NORM_BLD_115796
KP_NORM_BLD_115796__chr.fasta	KP_NORM_BLD_115796__pl_1.fasta	0.422568	2.20678e-20	7/100000	KP_NORM_BLD_115796
KP_NORM_BLD_115796__chr.fasta	KP_NORM_BLD_115796__pl_2.fasta	1	1	0/100000	KP_NORM_BLD_115796
KP_NORM_BLD_115796__chr.fasta	KP_NORM_BLD_115796__pl_3.fasta	1	1	0/100000	KP_NORM_BLD_115796
KP_NORM_BLD_112596__chr.fasta	KP_NORM_BLD_112596__allPlasmids.fasta	0.302607	0	87/100000	KP_NORM_BLD_112596
KP_NORM_BLD_112596__chr.fasta	KP_NORM_BLD_112596__chr.fasta	0	0	100000/100000	KP_NORM_BLD_112596
KP_NORM_BLD_112596__chr.fasta	KP_NORM_BLD_112596__completeAssembly.fasta	0.00101328	0	95876/100000	KP_NORM_BLD_112596
KP_NORM_BLD_112596__chr.fasta	KP_NORM_BLD_112596__pl_1.fasta	0.301525	0	89/100000	KP_NORM_BLD_112596
KP_NORM_BLD_112596__chr.fasta	KP_NORM_BLD_112596__pl_2.fasta	0.320287	2.51566e-254	60/100000	KP_NORM_BLD_112596
KP_NORM_BLD_112596__chr.fasta	KP_NORM_BLD_112596__pl_3.fasta	1	1	0/100000	KP_NORM_BLD_112596
KP_NORM_BLD_13380__chr.fasta	KP_NORM_BLD_13380__allPlasmids.fasta	0.296459	0	99/100000	KP_NORM_BLD_13380
KP_NORM_BLD_13380__chr.fasta	KP_NORM_BLD_13380__chr.fasta	0	0	100000/100000	KP_NORM_BLD_13380
KP_NORM_BLD_13380__chr.fasta	KP_NORM_BLD_13380__completeAssembly.fasta	0.0018542	0	92643/100000	KP_NORM_BLD_13380
KP_NORM_BLD_13380__chr.fasta	KP_NORM_BLD_13380__pl_1.fasta	0.296942	0	98/100000	KP_NORM_BLD_13380
KP_NORM_BLD_13380__chr.fasta	KP_NORM_BLD_13380__pl_2.fasta	1	1	0/100000	KP_NORM_BLD_13380
KP_NORM_BLD_13380__chr.fasta	KP_NORM_BLD_13380__pl_3.fasta	0.321087	4.50752e-237	59/100000	KP_NORM_BLD_13380
KP_NORM_BLD_13380__chr.fasta	KP_NORM_BLD_13380__pl_4.fasta	0.462914	1.69307e-13	3/100000	KP_NORM_BLD_13380
KP_NORM_BLD_13380__chr.fasta	KP_NORM_BLD_13380__pl_5.fasta	1	1	0/100000	KP_NORM_BLD_13380
KP_NORM_BLD_13534__chr.fasta	KP_NORM_BLD_13534__allPlasmids.fasta	0.340791	4.12465e-137	39/100000	KP_NORM_BLD_13534
KP_NORM_BLD_13534__chr.fasta	KP_NORM_BLD_13534__chr.fasta	0	0	100000/100000	KP_NORM_BLD_13534
KP_NORM_BLD_13534__chr.fasta	KP_NORM_BLD_13534__completeAssembly.fasta	0.000962648	0	96076/100000	KP_NORM_BLD_13534
KP_NORM_BLD_13534__chr.fasta	KP_NORM_BLD_13534__pl_1.fasta	1	1	0/100000	KP_NORM_BLD_13534
KP_NORM_BLD_13534__chr.fasta	KP_NORM_BLD_13534__pl_2.fasta	1	1	0/100000	KP_NORM_BLD_13534
KP_NORM_BLD_13534__chr.fasta	KP_NORM_BLD_13534__pl_3.fasta	0.33841	2.09336e-165	41/100000	KP_NORM_BLD_13534
KP_NORM_BLD_13534__chr.fasta	KP_NORM_BLD_13534__pl_4.fasta	1	1	0/100000	KP_NORM_BLD_13534
KP_NORM_BLD_13738__chr.fasta	KP_NORM_BLD_13738__allPlasmids.fasta	0.2419	0	312/100000	KP_NORM_BLD_13738
KP_NORM_BLD_13738__chr.fasta	KP_NORM_BLD_13738__chr.fasta	0	0	100000/100000	KP_NORM_BLD_13738
KP_NORM_BLD_13738__chr.fasta	KP_NORM_BLD_13738__completeAssembly.fasta	0.000877432	0	96414/100000	KP_NORM_BLD_13738
KP_NORM_BLD_13738__chr.fasta	KP_NORM_BLD_13738__pl_1.fasta	0.348743	1.48115e-130	33/100000	KP_NORM_BLD_13738
KP_NORM_BLD_13738__chr.fasta	KP_NORM_BLD_13738__pl_2.fasta	1	1	0/100000	KP_NORM_BLD_13738
KP_NORM_BLD_13738__chr.fasta	KP_NORM_BLD_13738__pl_3.fasta	0.242821	0	306/100000	KP_NORM_BLD_13738
KP_NORM_BLD_13738__chr.fasta	KP_NORM_BLD_13738__pl_4.fasta	0.351719	1.74518e-137	31/100000	KP_NORM_BLD_13738
KP_NORM_BLD_13738__chr.fasta	KP_NORM_BLD_13738__pl_5.fasta	1	1	0/100000	KP_NORM_BLD_13738
KP_NORM_BLD_13738__chr.fasta	KP_NORM_BLD_13738__pl_6.fasta	1	1	0/100000	KP_NORM_BLD_13738
KP_NORM_BLD_14179__chr.fasta	KP_NORM_BLD_14179__allPlasmids.fasta	0.263982	0	196/100000	KP_NORM_BLD_14179
KP_NORM_BLD_14179__chr.fasta	KP_NORM_BLD_14179__chr.fasta	0	0	100000/100000	KP_NORM_BLD_14179
KP_NORM_BLD_14179__chr.fasta	KP_NORM_BLD_14179__completeAssembly.fasta	0.00109666	0	95548/100000	KP_NORM_BLD_14179
KP_NORM_BLD_14179__chr.fasta	KP_NORM_BLD_14179__pl_1.fasta	0.26374	0	197/100000	KP_NORM_BLD_14179
KP_NORM_BLD_14179__chr.fasta	KP_NORM_BLD_14179__pl_2.fasta	1	1	0/100000	KP_NORM_BLD_14179
KP_NORM_BLD_13757__chr.fasta	KP_NORM_BLD_13757__allPlasmids.fasta	1	1	0/100000	KP_NORM_BLD_13757
KP_NORM_BLD_13757__chr.fasta	KP_NORM_BLD_13757__chr.fasta	0	0	100000/100000	KP_NORM_BLD_13757
KP_NORM_BLD_13757__chr.fasta	KP_NORM_BLD_13757__completeAssembly.fasta	0.000542945	0	97758/100000	KP_NORM_BLD_13757
KP_NORM_BLD_13757__chr.fasta	KP_NORM_BLD_13757__pl_1.fasta	1	1	0/100000	KP_NORM_BLD_13757
KP_NORM_BLD_13757__chr.fasta	KP_NORM_BLD_13757__pl_2.fasta	1	1	0/100000	KP_NORM_BLD_13757
KP_NORM_BLD_13757__chr.fasta	KP_NORM_BLD_13757__pl_3.fasta	1	1	0/100000	KP_NORM_BLD_13757
KP_NORM_BLD_14177__chr.fasta	KP_NORM_BLD_14177__allPlasmids.fasta	0.247721	0	276/100000	KP_NORM_BLD_14177
KP_NORM_BLD_14177__chr.fasta	KP_NORM_BLD_14177__chr.fasta	0	0	100000/100000	KP_NORM_BLD_14177
KP_NORM_BLD_14177__chr.fasta	KP_NORM_BLD_14177__completeAssembly.fasta	0.000488355	0	97980/100000	KP_NORM_BLD_14177
KP_NORM_BLD_14177__chr.fasta	KP_NORM_BLD_14177__pl_1.fasta	0.310955	7.27001e-318	73/100000	KP_NORM_BLD_14177
KP_NORM_BLD_14177__chr.fasta	KP_NORM_BLD_14177__pl_2.fasta	0.256796	0	228/100000	KP_NORM_BLD_14177
KP_NORM_BLD_14177__chr.fasta	KP_NORM_BLD_14177__pl_3.fasta	1	1	0/100000	KP_NORM_BLD_14177
KP_NORM_BLD_14177__chr.fasta	KP_NORM_BLD_14177__pl_4.fasta	0.449215	5.93394e-18	4/100000	KP_NORM_BLD_14177
KP_NORM_BLD_2009_61298__chr.fasta	KP_NORM_BLD_2009_61298__allPlasmids.fasta	1	1	0/100000	KP_NORM_BLD_2009_61298
KP_NORM_BLD_2009_61298__chr.fasta	KP_NORM_BLD_2009_61298__chr.fasta	0	0	100000/100000	KP_NORM_BLD_2009_61298
KP_NORM_BLD_2009_61298__chr.fasta	KP_NORM_BLD_2009_61298__completeAssembly.fasta	0.000692162	0	97155/100000	KP_NORM_BLD_2009_61298
KP_NORM_BLD_2009_61298__chr.fasta	KP_NORM_BLD_2009_61298__pl_1.fasta	1	1	0/100000	KP_NORM_BLD_2009_61298
KP_NORM_BLD_2009_61895__chr.fasta	KP_NORM_BLD_2009_61895__allPlasmids.fasta	0.270191	0	172/100000	KP_NORM_BLD_2009_61895
KP_NORM_BLD_2009_61895__chr.fasta	KP_NORM_BLD_2009_61895__chr.fasta	0	0	100000/100000	KP_NORM_BLD_2009_61895
KP_NORM_BLD_2009_61895__chr.fasta	KP_NORM_BLD_2009_61895__completeAssembly.fasta	0.00131732	0	94688/100000	KP_NORM_BLD_2009_61895
KP_NORM_BLD_2009_61895__chr.fasta	KP_NORM_BLD_2009_61895__pl_1.fasta	0.307196	7.65802e-322	79/100000	KP_NORM_BLD_2009_61895
KP_NORM_BLD_2009_61895__chr.fasta	KP_NORM_BLD_2009_61895__pl_2.fasta	1	1	0/100000	KP_NORM_BLD_2009_61895
KP_NORM_BLD_2009_61895__chr.fasta	KP_NORM_BLD_2009_61895__pl_3.fasta	0.29366	0	105/100000	KP_NORM_BLD_2009_61895
KP_NORM_BLD_2009_61895__chr.fasta	KP_NORM_BLD_2009_61895__pl_4.fasta	1	1	0/100000	KP_NORM_BLD_2009_61895
KP_NORM_BLD_2009_61895__chr.fasta	KP_NORM_BLD_2009_61895__pl_5.fasta	1	1	0/100000	KP_NORM_BLD_2009_61895
KP_NORM_BLD_2009_61895__chr.fasta	KP_NORM_BLD_2009_61895__pl_6.fasta	1	1	0/100000	KP_NORM_BLD_2009_61895
KP_NORM_BLD_13377__chr.fasta	KP_NORM_BLD_13377__chr.fasta	0	0	100000/100000	KP_NORM_BLD_13377
KP_NORM_BLD_13377__chr.fasta	KP_NORM_BLD_13377__completeAssembly.fasta	0	0	100000/100000	KP_NORM_BLD_13377
KP_NORM_BLD_2009_62172__chr.fasta	KP_NORM_BLD_2009_62172__allPlasmids.fasta	0.286914	0	121/100000	KP_NORM_BLD_2009_62172
KP_NORM_BLD_2009_62172__chr.fasta	KP_NORM_BLD_2009_62172__chr.fasta	0	0	100000/100000	KP_NORM_BLD_2009_62172
KP_NORM_BLD_2009_62172__chr.fasta	KP_NORM_BLD_2009_62172__completeAssembly.fasta	0.00171153	0	93180/100000	KP_NORM_BLD_2009_62172
KP_NORM_BLD_2009_62172__chr.fasta	KP_NORM_BLD_2009_62172__pl_1.fasta	0.304846	5.67408e-318	83/100000	KP_NORM_BLD_2009_62172
KP_NORM_BLD_2009_62172__chr.fasta	KP_NORM_BLD_2009_62172__pl_2.fasta	0.317216	1.25991e-248	64/100000	KP_NORM_BLD_2009_62172
KP_NORM_BLD_2009_62172__chr.fasta	KP_NORM_BLD_2009_62172__pl_3.fasta	0.319501	4.90814e-257	61/100000	KP_NORM_BLD_2009_62172
KP_NORM_BLD_2006_36504__chr.fasta	KP_NORM_BLD_2006_36504__allPlasmids.fasta	0.325302	2.02818e-191	54/100000	KP_NORM_BLD_2006_36504
KP_NORM_BLD_2006_36504__chr.fasta	KP_NORM_BLD_2006_36504__chr.fasta	0	0	100000/100000	KP_NORM_BLD_2006_36504
KP_NORM_BLD_2006_36504__chr.fasta	KP_NORM_BLD_2006_36504__completeAssembly.fasta	0.0012467	0	94962/100000	KP_NORM_BLD_2006_36504
KP_NORM_BLD_2006_36504__chr.fasta	KP_NORM_BLD_2006_36504__pl_1.fasta	0.328022	2.14922e-190	51/100000	KP_NORM_BLD_2006_36504
KP_NORM_BLD_2006_36504__chr.fasta	KP_NORM_BLD_2006_36504__pl_2.fasta	0.429909	2.97301e-19	6/100000	KP_NORM_BLD_2006_36504
KP_NORM_BLD_2006_36504__chr.fasta	KP_NORM_BLD_2006_36504__pl_3.fasta	1	1	0/100000	KP_NORM_BLD_2006_36504
NK_H8_022__chr.fasta	NK_H8_022__allPlasmids.fasta	0.318727	7.75709e-229	62/100000	NK_H8_022
NK_H8_022__chr.fasta	NK_H8_022__chr.fasta	0	0	100000/100000	NK_H8_022
NK_H8_022__chr.fasta	NK_H8_022__completeAssembly.fasta	0.00096189	0	96079/100000	NK_H8_022
NK_H8_022__chr.fasta	NK_H8_022__pl_1.fasta	0.318727	2.28719e-229	62/100000	NK_H8_022
NK_H8_022__chr.fasta	NK_H8_022__pl_2.fasta	1	1	0/100000	NK_H8_022
KP_NORM_BLD_61444__chr.fasta	KP_NORM_BLD_61444__chr.fasta	0	0	100000/100000	KP_NORM_BLD_61444
KP_NORM_BLD_61444__chr.fasta	KP_NORM_BLD_61444__completeAssembly.fasta	0	0	100000/100000	KP_NORM_BLD_61444
KP_NORM_BLD_61886__chr.fasta	KP_NORM_BLD_61886__chr.fasta	0	0	100000/100000	KP_NORM_BLD_61886
KP_NORM_BLD_61886__chr.fasta	KP_NORM_BLD_61886__completeAssembly.fasta	0	0	100000/100000	KP_NORM_BLD_61886
KP_NORM_BLD_2011_75461__chr.fasta	KP_NORM_BLD_2011_75461__allPlasmids.fasta	0.313636	1.45851e-235	69/100000	KP_NORM_BLD_2011_75461
KP_NORM_BLD_2011_75461__chr.fasta	KP_NORM_BLD_2011_75461__chr.fasta	0	0	100000/100000	KP_NORM_BLD_2011_75461
KP_NORM_BLD_2011_75461__chr.fasta	KP_NORM_BLD_2011_75461__completeAssembly.fasta	0.00198142	0	92168/100000	KP_NORM_BLD_2011_75461
KP_NORM_BLD_2011_75461__chr.fasta	KP_NORM_BLD_2011_75461__pl_1.fasta	0.312277	1.90741e-253	71/100000	KP_NORM_BLD_2011_75461
KP_NORM_BLD_2011_75461__chr.fasta	KP_NORM_BLD_2011_75461__pl_2.fasta	1	1	0/100000	KP_NORM_BLD_2011_75461
KP_NORM_BLD_2011_75461__chr.fasta	KP_NORM_BLD_2011_75461__pl_3.fasta	1	1	0/100000	KP_NORM_BLD_2011_75461
KP_NORM_BLD_2011_75461__chr.fasta	KP_NORM_BLD_2011_75461__pl_4.fasta	0.309038	0	76/100000	KP_NORM_BLD_2011_75461
KP_NORM_BLD_2015_112126__chr.fasta	KP_NORM_BLD_2015_112126__allPlasmids.fasta	0.298421	0	95/100000	KP_NORM_BLD_2015_112126
KP_NORM_BLD_2015_112126__chr.fasta	KP_NORM_BLD_2015_112126__chr.fasta	0	0	100000/100000	KP_NORM_BLD_2015_112126
KP_NORM_BLD_2015_112126__chr.fasta	KP_NORM_BLD_2015_112126__completeAssembly.fasta	0.00236925	0	90742/100000	KP_NORM_BLD_2015_112126
KP_NORM_BLD_2015_112126__chr.fasta	KP_NORM_BLD_2015_112126__pl_1.fasta	0.297923	0	96/100000	KP_NORM_BLD_2015_112126
KP_NORM_BLD_2015_112126__chr.fasta	KP_NORM_BLD_2015_112126__pl_2.fasta	1	1	0/100000	KP_NORM_BLD_2015_112126
KP_NORM_BLD_2015_112126__chr.fasta	KP_NORM_BLD_2015_112126__pl_3.fasta	0.372583	4.54489e-73	20/100000	KP_NORM_BLD_2015_112126
KP_NORM_BLD_2015_112126__chr.fasta	KP_NORM_BLD_2015_112126__pl_4.fasta	1	1	0/100000	KP_NORM_BLD_2015_112126
KP_NORM_URN_58342__chr.fasta	KP_NORM_URN_58342__allPlasmids.fasta	0.26374	0	197/100000	KP_NORM_URN_58342
KP_NORM_URN_58342__chr.fasta	KP_NORM_URN_58342__chr.fasta	0	0	100000/100000	KP_NORM_URN_58342
KP_NORM_URN_58342__chr.fasta	KP_NORM_URN_58342__completeAssembly.fasta	0.0010384	0	95777/100000	KP_NORM_URN_58342
KP_NORM_URN_58342__chr.fasta	KP_NORM_URN_58342__pl_1.fasta	0.263022	0	200/100000	KP_NORM_URN_58342
KP_NORM_URN_58342__chr.fasta	KP_NORM_URN_58342__pl_2.fasta	0.354894	6.59514e-113	29/100000	KP_NORM_URN_58342
KP_NORM_URN_58342__chr.fasta	KP_NORM_URN_58342__pl_3.fasta	1	1	0/100000	KP_NORM_URN_58342
KP_NORM_URN_58342__chr.fasta	KP_NORM_URN_58342__pl_4.fasta	1	1	0/100000	KP_NORM_URN_58342
KP_NORM_BLD_61894__chr.fasta	KP_NORM_BLD_61894__allPlasmids.fasta	0.262785	0	201/100000	KP_NORM_BLD_61894
KP_NORM_BLD_61894__chr.fasta	KP_NORM_BLD_61894__chr.fasta	0	0	100000/100000	KP_NORM_BLD_61894
KP_NORM_BLD_61894__chr.fasta	KP_NORM_BLD_61894__completeAssembly.fasta	0.00115897	0	95304/100000	KP_NORM_BLD_61894
KP_NORM_BLD_61894__chr.fasta	KP_NORM_BLD_61894__pl_1.fasta	0.295508	0	101/100000	KP_NORM_BLD_61894
KP_NORM_BLD_61894__chr.fasta	KP_NORM_BLD_61894__pl_2.fasta	0.281356	0	136/100000	KP_NORM_BLD_61894
KP_NORM_BLD_60723__chr.fasta	KP_NORM_BLD_60723__allPlasmids.fasta	0.41621	2.2638e-25	8/100000	KP_NORM_BLD_60723
KP_NORM_BLD_60723__chr.fasta	KP_NORM_BLD_60723__chr.fasta	0	0	100000/100000	KP_NORM_BLD_60723
KP_NORM_BLD_60723__chr.fasta	KP_NORM_BLD_60723__completeAssembly.fasta	0.000624188	0	97429/100000	KP_NORM_BLD_60723
KP_NORM_BLD_60723__chr.fasta	KP_NORM_BLD_60723__pl_1.fasta	0.41621	2.00346e-25	8/100000	KP_NORM_BLD_60723
KP_NORM_BLD_60723__chr.fasta	KP_NORM_BLD_60723__pl_2.fasta	1	1	0/100000	KP_NORM_BLD_60723
KP_NORM_BLD_2014_103381__chr.fasta	KP_NORM_BLD_2014_103381__allPlasmids.fasta	0.410602	1.5005e-27	9/100000	KP_NORM_BLD_2014_103381
KP_NORM_BLD_2014_103381__chr.fasta	KP_NORM_BLD_2014_103381__chr.fasta	0	0	100000/100000	KP_NORM_BLD_2014_103381
KP_NORM_BLD_2014_103381__chr.fasta	KP_NORM_BLD_2014_103381__completeAssembly.fasta	0.000875169	0	96423/100000	KP_NORM_BLD_2014_103381
KP_NORM_BLD_2014_103381__chr.fasta	KP_NORM_BLD_2014_103381__pl_1.fasta	0.410602	1.25732e-27	9/100000	KP_NORM_BLD_2014_103381
KP_NORM_BLD_2014_103381__chr.fasta	KP_NORM_BLD_2014_103381__pl_2.fasta	1	1	0/100000	KP_NORM_BLD_2014_103381
KP_NORM_BLD_60874__chr.fasta	KP_NORM_BLD_60874__allPlasmids.fasta	0.351719	1.19484e-114	31/100000	KP_NORM_BLD_60874
KP_NORM_BLD_60874__chr.fasta	KP_NORM_BLD_60874__chr.fasta	0	0	100000/100000	KP_NORM_BLD_60874
KP_NORM_BLD_60874__chr.fasta	KP_NORM_BLD_60874__completeAssembly.fasta	0.000499406	0	97935/100000	KP_NORM_BLD_60874
KP_NORM_BLD_60874__chr.fasta	KP_NORM_BLD_60874__pl_1.fasta	0.351719	1.19484e-114	31/100000	KP_NORM_BLD_60874
KP_NORM_BLD_62164__chr.fasta	KP_NORM_BLD_62164__allPlasmids.fasta	1	1	0/100000	KP_NORM_BLD_62164
KP_NORM_BLD_62164__chr.fasta	KP_NORM_BLD_62164__chr.fasta	0	0	100000/100000	KP_NORM_BLD_62164
KP_NORM_BLD_62164__chr.fasta	KP_NORM_BLD_62164__completeAssembly.fasta	4.41088e-05	0	99815/100000	KP_NORM_BLD_62164
KP_NORM_BLD_62164__chr.fasta	KP_NORM_BLD_62164__pl_1.fasta	1	1	0/100000	KP_NORM_BLD_62164
KP_NORM_BLD_62164__chr.fasta	KP_NORM_BLD_62164__pl_2.fasta	1	1	0/100000	KP_NORM_BLD_62164
KP_NORM_BLD_62202__chr.fasta	KP_NORM_BLD_62202__allPlasmids.fasta	0.265963	0	188/100000	KP_NORM_BLD_62202
KP_NORM_BLD_62202__chr.fasta	KP_NORM_BLD_62202__chr.fasta	0	0	100000/100000	KP_NORM_BLD_62202
KP_NORM_BLD_62202__chr.fasta	KP_NORM_BLD_62202__completeAssembly.fasta	0.00082421	0	96626/100000	KP_NORM_BLD_62202
KP_NORM_BLD_62202__chr.fasta	KP_NORM_BLD_62202__pl_1.fasta	0.265963	0	188/100000	KP_NORM_BLD_62202
KP_NORM_BLD_62202__chr.fasta	KP_NORM_BLD_62202__pl_2.fasta	0.368046	5.66692e-95	22/100000	KP_NORM_BLD_62202
KP_NORM_BLD_62202__chr.fasta	KP_NORM_BLD_62202__pl_3.fasta	1	1	0/100000	KP_NORM_BLD_62202
KP_NORM_BLD_62486__chr.fasta	KP_NORM_BLD_62486__allPlasmids.fasta	0.380321	1.0372e-66	17/100000	KP_NORM_BLD_62486
KP_NORM_BLD_62486__chr.fasta	KP_NORM_BLD_62486__chr.fasta	0	0	100000/100000	KP_NORM_BLD_62486
KP_NORM_BLD_62486__chr.fasta	KP_NORM_BLD_62486__completeAssembly.fasta	0.000158646	0	99337/100000	KP_NORM_BLD_62486
KP_NORM_BLD_62486__chr.fasta	KP_NORM_BLD_62486__pl_1.fasta	0.380321	1.0372e-66	17/100000	KP_NORM_BLD_62486
KP_NORM_BLD_62504__chr.fasta	KP_NORM_BLD_62504__allPlasmids.fasta	0.252993	0	247/100000	KP_NORM_BLD_62504
KP_NORM_BLD_62504__chr.fasta	KP_NORM_BLD_62504__chr.fasta	0	0	100000/100000	KP_NORM_BLD_62504
KP_NORM_BLD_62504__chr.fasta	KP_NORM_BLD_62504__completeAssembly.fasta	0.00139526	0	94387/100000	KP_NORM_BLD_62504
KP_NORM_BLD_62504__chr.fasta	KP_NORM_BLD_62504__pl_1.fasta	0.268294	0	179/100000	KP_NORM_BLD_62504
KP_NORM_BLD_62504__chr.fasta	KP_NORM_BLD_62504__pl_2.fasta	0.268828	0	177/100000	KP_NORM_BLD_62504
KP_NORM_BLD_62504__chr.fasta	KP_NORM_BLD_62504__pl_3.fasta	0.289333	0	115/100000	KP_NORM_BLD_62504
KP_NORM_BLD_62504__chr.fasta	KP_NORM_BLD_62504__pl_4.fasta	0.377599	2.73925e-98	18/100000	KP_NORM_BLD_62504
KP_NORM_BLD_62649__chr.fasta	KP_NORM_BLD_62649__allPlasmids.fasta	0.365929	6.79965e-81	23/100000	KP_NORM_BLD_62649
KP_NORM_BLD_62649__chr.fasta	KP_NORM_BLD_62649__chr.fasta	0	0	100000/100000	KP_NORM_BLD_62649
KP_NORM_BLD_62649__chr.fasta	KP_NORM_BLD_62649__completeAssembly.fasta	0.000605631	0	97504/100000	KP_NORM_BLD_62649
KP_NORM_BLD_62649__chr.fasta	KP_NORM_BLD_62649__pl_1.fasta	0.365929	6.79965e-81	23/100000	KP_NORM_BLD_62649
KP_NORM_BLD_62638__chr.fasta	KP_NORM_BLD_62638__allPlasmids.fasta	0.333979	5.57536e-180	45/100000	KP_NORM_BLD_62638
KP_NORM_BLD_62638__chr.fasta	KP_NORM_BLD_62638__chr.fasta	0	0	100000/100000	KP_NORM_BLD_62638
KP_NORM_BLD_62638__chr.fasta	KP_NORM_BLD_62638__completeAssembly.fasta	0.00034052	0	98585/100000	KP_NORM_BLD_62638
KP_NORM_BLD_62638__chr.fasta	KP_NORM_BLD_62638__pl_1.fasta	0.333979	5.57536e-180	45/100000	KP_NORM_BLD_62638
KP_NORM_BLD_62512__chr.fasta	KP_NORM_BLD_62512__allPlasmids.fasta	0.271593	0	167/100000	KP_NORM_BLD_62512
KP_NORM_BLD_62512__chr.fasta	KP_NORM_BLD_62512__chr.fasta	0	0	100000/100000	KP_NORM_BLD_62512
KP_NORM_BLD_62512__chr.fasta	KP_NORM_BLD_62512__completeAssembly.fasta	0.00110278	0	95524/100000	KP_NORM_BLD_62512
KP_NORM_BLD_62512__chr.fasta	KP_NORM_BLD_62512__pl_1.fasta	0.271593	0	167/100000	KP_NORM_BLD_62512
KP_NORM_BLD_62912__chr.fasta	KP_NORM_BLD_62912__allPlasmids.fasta	0.302063	0	88/100000	KP_NORM_BLD_62912
KP_NORM_BLD_62912__chr.fasta	KP_NORM_BLD_62912__chr.fasta	0	0	100000/100000	KP_NORM_BLD_62912
KP_NORM_BLD_62912__chr.fasta	KP_NORM_BLD_62912__completeAssembly.fasta	0.00079191	0	96755/100000	KP_NORM_BLD_62912
KP_NORM_BLD_62912__chr.fasta	KP_NORM_BLD_62912__pl_1.fasta	0.302063	0	88/100000	KP_NORM_BLD_62912
KP_NORM_BLD_62912__chr.fasta	KP_NORM_BLD_62912__pl_2.fasta	1	1	0/100000	KP_NORM_BLD_62912
KP_NORM_BLD_62920__chr.fasta	KP_NORM_BLD_62920__allPlasmids.fasta	0.309038	2.47098e-289	76/100000	KP_NORM_BLD_62920
KP_NORM_BLD_62920__chr.fasta	KP_NORM_BLD_62920__chr.fasta	0	0	100000/100000	KP_NORM_BLD_62920
KP_NORM_BLD_62920__chr.fasta	KP_NORM_BLD_62920__completeAssembly.fasta	0.000884223	0	96387/100000	KP_NORM_BLD_62920
KP_NORM_BLD_62920__chr.fasta	KP_NORM_BLD_62920__pl_1.fasta	0.309038	2.47098e-289	76/100000	KP_NORM_BLD_62920
KP_NORM_BLD_62926__chr.fasta	KP_NORM_BLD_62926__chr.fasta	0	0	100000/100000	KP_NORM_BLD_62926
KP_NORM_BLD_62926__chr.fasta	KP_NORM_BLD_62926__completeAssembly.fasta	0	0	100000/100000	KP_NORM_BLD_62926
KP_NORM_BLD_62914__chr.fasta	KP_NORM_BLD_62914__allPlasmids.fasta	0.354894	8.67181e-102	29/100000	KP_NORM_BLD_62914
KP_NORM_BLD_62914__chr.fasta	KP_NORM_BLD_62914__chr.fasta	0	0	100000/100000	KP_NORM_BLD_62914
KP_NORM_BLD_62914__chr.fasta	KP_NORM_BLD_62914__completeAssembly.fasta	0.000752935	0	96911/100000	KP_NORM_BLD_62914
KP_NORM_BLD_62914__chr.fasta	KP_NORM_BLD_62914__pl_1.fasta	0.354894	3.41087e-102	29/100000	KP_NORM_BLD_62914
KP_NORM_BLD_62914__chr.fasta	KP_NORM_BLD_62914__pl_2.fasta	1	1	0/100000	KP_NORM_BLD_62914
NK_H12_028__chr.fasta	NK_H12_028__allPlasmids.fasta	0.318727	7.75775e-229	62/100000	NK_H12_028
NK_H12_028__chr.fasta	NK_H12_028__chr.fasta	0	0	100000/100000	NK_H12_028
NK_H12_028__chr.fasta	NK_H12_028__completeAssembly.fasta	0.00096189	0	96079/100000	NK_H12_028
NK_H12_028__chr.fasta	NK_H12_028__pl_1.fasta	0.318727	2.28738e-229	62/100000	NK_H12_028
NK_H12_028__chr.fasta	NK_H12_028__pl_2.fasta	1	1	0/100000	NK_H12_028
KP_NORM_BLD_62934__chr.fasta	KP_NORM_BLD_62934__chr.fasta	0	0	100000/100000	KP_NORM_BLD_62934
KP_NORM_BLD_62934__chr.fasta	KP_NORM_BLD_62934__completeAssembly.fasta	0	0	100000/100000	KP_NORM_BLD_62934
KP_NORM_BLD_62922__chr.fasta	KP_NORM_BLD_62922__allPlasmids.fasta	0.389565	2.97243e-43	14/100000	KP_NORM_BLD_62922
KP_NORM_BLD_62922__chr.fasta	KP_NORM_BLD_62922__chr.fasta	0	0	100000/100000	KP_NORM_BLD_62922
KP_NORM_BLD_62922__chr.fasta	KP_NORM_BLD_62922__completeAssembly.fasta	0.00115871	0	95305/100000	KP_NORM_BLD_62922
KP_NORM_BLD_62922__chr.fasta	KP_NORM_BLD_62922__pl_1.fasta	0.38628	1.95416e-50	15/100000	KP_NORM_BLD_62922
KP_NORM_BLD_62922__chr.fasta	KP_NORM_BLD_62922__pl_2.fasta	1	1	0/100000	KP_NORM_BLD_62922
KP_NORM_BLD_62922__chr.fasta	KP_NORM_BLD_62922__pl_3.fasta	1	1	0/100000	KP_NORM_BLD_62922
KP_NORM_BLD_62922__chr.fasta	KP_NORM_BLD_62922__pl_4.fasta	1	1	0/100000	KP_NORM_BLD_62922
KP_NORM_BLD_63395__chr.fasta	KP_NORM_BLD_63395__allPlasmids.fasta	0.243289	0	303/100000	KP_NORM_BLD_63395
KP_NORM_BLD_63395__chr.fasta	KP_NORM_BLD_63395__chr.fasta	0	0	100000/100000	KP_NORM_BLD_63395
KP_NORM_BLD_63395__chr.fasta	KP_NORM_BLD_63395__completeAssembly.fasta	0.000984402	0	95990/100000	KP_NORM_BLD_63395
KP_NORM_BLD_63395__chr.fasta	KP_NORM_BLD_63395__pl_1.fasta	0.2457	0	288/100000	KP_NORM_BLD_63395
KP_NORM_BLD_63395__chr.fasta	KP_NORM_BLD_63395__pl_2.fasta	0.318727	3.79364e-257	62/100000	KP_NORM_BLD_63395
KP_NORM_BLD_63395__chr.fasta	KP_NORM_BLD_63395__pl_3.fasta	1	1	0/100000	KP_NORM_BLD_63395
KP_NORM_BLD_63801__chr.fasta	KP_NORM_BLD_63801__allPlasmids.fasta	0.266216	0	187/100000	KP_NORM_BLD_63801
KP_NORM_BLD_63801__chr.fasta	KP_NORM_BLD_63801__chr.fasta	0	0	100000/100000	KP_NORM_BLD_63801
KP_NORM_BLD_63801__chr.fasta	KP_NORM_BLD_63801__completeAssembly.fasta	0.00161841	0	93533/100000	KP_NORM_BLD_63801
KP_NORM_BLD_63801__chr.fasta	KP_NORM_BLD_63801__pl_1.fasta	0.267504	0	182/100000	KP_NORM_BLD_63801
KP_NORM_BLD_63801__chr.fasta	KP_NORM_BLD_63801__pl_2.fasta	1	1	0/100000	KP_NORM_BLD_63801
KP_NORM_BLD_63801__chr.fasta	KP_NORM_BLD_63801__pl_3.fasta	0.321901	5.68251e-240	58/100000	KP_NORM_BLD_63801
KP_NORM_BLD_63801__chr.fasta	KP_NORM_BLD_63801__pl_4.fasta	1	1	0/100000	KP_NORM_BLD_63801
KP_NORM_URN_106487__chr.fasta	KP_NORM_URN_106487__allPlasmids.fasta	0.29366	0	105/100000	KP_NORM_URN_106487
KP_NORM_URN_106487__chr.fasta	KP_NORM_URN_106487__chr.fasta	0	0	100000/100000	KP_NORM_URN_106487
KP_NORM_URN_106487__chr.fasta	KP_NORM_URN_106487__completeAssembly.fasta	0.000385094	0	98402/100000	KP_NORM_URN_106487
KP_NORM_URN_106487__chr.fasta	KP_NORM_URN_106487__pl_1.fasta	0.29366	0	105/100000	KP_NORM_URN_106487
KP_NORM_BLD_70__chr.fasta	KP_NORM_BLD_70__allPlasmids.fasta	0.320287	1.57449e-220	60/100000	KP_NORM_BLD_70
KP_NORM_BLD_70__chr.fasta	KP_NORM_BLD_70__chr.fasta	0	0	100000/100000	KP_NORM_BLD_70
KP_NORM_BLD_70__chr.fasta	KP_NORM_BLD_70__completeAssembly.fasta	0.000970992	0	96043/100000	KP_NORM_BLD_70
KP_NORM_BLD_70__chr.fasta	KP_NORM_BLD_70__pl_1.fasta	0.33191	1.65106e-180	47/100000	KP_NORM_BLD_70
KP_NORM_BLD_70__chr.fasta	KP_NORM_BLD_70__pl_2.fasta	0.326191	4.48834e-211	53/100000	KP_NORM_BLD_70
KP_NORM_BLD_70__chr.fasta	KP_NORM_BLD_70__pl_3.fasta	1	1	0/100000	KP_NORM_BLD_70
KP_NORM_BLD_70__chr.fasta	KP_NORM_BLD_70__pl_4.fasta	1	1	0/100000	KP_NORM_BLD_70
KP_NORM_BLD_63839__chr.fasta	KP_NORM_BLD_63839__allPlasmids.fasta	0.324428	2.68293e-191	55/100000	KP_NORM_BLD_63839
KP_NORM_BLD_63839__chr.fasta	KP_NORM_BLD_63839__chr.fasta	0	0	100000/100000	KP_NORM_BLD_63839
KP_NORM_BLD_63839__chr.fasta	KP_NORM_BLD_63839__completeAssembly.fasta	0.00150907	0	93950/100000	KP_NORM_BLD_63839
KP_NORM_BLD_63839__chr.fasta	KP_NORM_BLD_63839__pl_1.fasta	0.323571	3.82071e-209	56/100000	KP_NORM_BLD_63839
KP_NORM_BLD_63839__chr.fasta	KP_NORM_BLD_63839__pl_2.fasta	1	1	0/100000	KP_NORM_BLD_63839
KP_NORM_BLD_63839__chr.fasta	KP_NORM_BLD_63839__pl_3.fasta	1	1	0/100000	KP_NORM_BLD_63839
KP_NORM_BLD_63839__chr.fasta	KP_NORM_BLD_63839__pl_4.fasta	1	1	0/100000	KP_NORM_BLD_63839
KP_NORM_BLD_63839__chr.fasta	KP_NORM_BLD_63839__pl_5.fasta	1	1	0/100000	KP_NORM_BLD_63839
KP_NORM_BLD_63842__chr.fasta	KP_NORM_BLD_63842__allPlasmids.fasta	0.292763	0	107/100000	KP_NORM_BLD_63842
KP_NORM_BLD_63842__chr.fasta	KP_NORM_BLD_63842__chr.fasta	0	0	100000/100000	KP_NORM_BLD_63842
KP_NORM_BLD_63842__chr.fasta	KP_NORM_BLD_63842__completeAssembly.fasta	0.00134473	0	94582/100000	KP_NORM_BLD_63842
KP_NORM_BLD_63842__chr.fasta	KP_NORM_BLD_63842__pl_1.fasta	0.291882	0	109/100000	KP_NORM_BLD_63842
KP_NORM_BLD_63842__chr.fasta	KP_NORM_BLD_63842__pl_2.fasta	1	1	0/100000	KP_NORM_BLD_63842
KP_NORM_BLD_63815__chr.fasta	KP_NORM_BLD_63815__allPlasmids.fasta	0.272455	0	164/100000	KP_NORM_BLD_63815
KP_NORM_BLD_63815__chr.fasta	KP_NORM_BLD_63815__chr.fasta	0	0	100000/100000	KP_NORM_BLD_63815
KP_NORM_BLD_63815__chr.fasta	KP_NORM_BLD_63815__completeAssembly.fasta	0.00171576	0	93164/100000	KP_NORM_BLD_63815
KP_NORM_BLD_63815__chr.fasta	KP_NORM_BLD_63815__pl_1.fasta	0.272455	0	164/100000	KP_NORM_BLD_63815
KP_NORM_URN_106847__chr.fasta	KP_NORM_URN_106847__allPlasmids.fasta	0.515228	0.00476513	1/100000	KP_NORM_URN_106847
KP_NORM_URN_106847__chr.fasta	KP_NORM_URN_106847__chr.fasta	0	0	100000/100000	KP_NORM_URN_106847
KP_NORM_URN_106847__chr.fasta	KP_NORM_URN_106847__completeAssembly.fasta	0.000973016	0	96035/100000	KP_NORM_URN_106847
KP_NORM_URN_106847__chr.fasta	KP_NORM_URN_106847__pl_1.fasta	0.515228	0.00476513	1/100000	KP_NORM_URN_106847
KP_NORM_URN_109342__chr.fasta	KP_NORM_URN_109342__allPlasmids.fasta	0.299948	0	92/100000	KP_NORM_URN_109342
KP_NORM_URN_109342__chr.fasta	KP_NORM_URN_109342__chr.fasta	0	0	100000/100000	KP_NORM_URN_109342
KP_NORM_URN_109342__chr.fasta	KP_NORM_URN_109342__completeAssembly.fasta	0.000469954	0	98055/100000	KP_NORM_URN_109342
KP_NORM_URN_109342__chr.fasta	KP_NORM_URN_109342__pl_1.fasta	0.299948	0	92/100000	KP_NORM_URN_109342
KP_NORM_URN_107976__chr.fasta	KP_NORM_URN_107976__allPlasmids.fasta	0.257214	0	226/100000	KP_NORM_URN_107976
KP_NORM_URN_107976__chr.fasta	KP_NORM_URN_107976__chr.fasta	0	0	100000/100000	KP_NORM_URN_107976
KP_NORM_URN_107976__chr.fasta	KP_NORM_URN_107976__completeAssembly.fasta	0.00190096	0	92468/100000	KP_NORM_URN_107976
KP_NORM_URN_107976__chr.fasta	KP_NORM_URN_107976__pl_1.fasta	0.259365	0	216/100000	KP_NORM_URN_107976
KP_NORM_URN_107976__chr.fasta	KP_NORM_URN_107976__pl_2.fasta	0.37026	1.87291e-69	21/100000	KP_NORM_URN_107976
KP_NORM_URN_107976__chr.fasta	KP_NORM_URN_107976__pl_3.fasta	1	1	0/100000	KP_NORM_URN_107976
KP_NORM_URN_107976__chr.fasta	KP_NORM_URN_107976__pl_4.fasta	1	1	0/100000	KP_NORM_URN_107976
KP_NORM_URN_107976__chr.fasta	KP_NORM_URN_107976__pl_5.fasta	1	1	0/100000	KP_NORM_URN_107976
KP_NORM_URN_114421__chr.fasta	KP_NORM_URN_114421__allPlasmids.fasta	0.292763	0	107/100000	KP_NORM_URN_114421
KP_NORM_URN_114421__chr.fasta	KP_NORM_URN_114421__chr.fasta	0	0	100000/100000	KP_NORM_URN_114421
KP_NORM_URN_114421__chr.fasta	KP_NORM_URN_114421__completeAssembly.fasta	0.00114414	0	95362/100000	KP_NORM_URN_114421
KP_NORM_URN_114421__chr.fasta	KP_NORM_URN_114421__pl_1.fasta	0.291882	0	109/100000	KP_NORM_URN_114421
KP_NORM_URN_114421__chr.fasta	KP_NORM_URN_114421__pl_2.fasta	0.360092	2.88898e-95	26/100000	KP_NORM_URN_114421
KP_NORM_URN_114421__chr.fasta	KP_NORM_URN_114421__pl_3.fasta	1	1	0/100000	KP_NORM_URN_114421
KP_NORM_URN_114421__chr.fasta	KP_NORM_URN_114421__pl_4.fasta	1	1	0/100000	KP_NORM_URN_114421
KP_NORM_URN_113027__chr.fasta	KP_NORM_URN_113027__allPlasmids.fasta	0.347322	1.21478e-122	34/100000	KP_NORM_URN_113027
KP_NORM_URN_113027__chr.fasta	KP_NORM_URN_113027__chr.fasta	0	0	100000/100000	KP_NORM_URN_113027
KP_NORM_URN_113027__chr.fasta	KP_NORM_URN_113027__completeAssembly.fasta	0.000717041	0	97055/100000	KP_NORM_URN_113027
KP_NORM_URN_113027__chr.fasta	KP_NORM_URN_113027__pl_1.fasta	0.347322	1.21478e-122	34/100000	KP_NORM_URN_113027
KP_NORM_URN_2012_81416__chr.fasta	KP_NORM_URN_2012_81416__allPlasmids.fasta	0.309038	2.51618e-281	76/100000	KP_NORM_URN_2012_81416
KP_NORM_URN_2012_81416__chr.fasta	KP_NORM_URN_2012_81416__chr.fasta	0	0	100000/100000	KP_NORM_URN_2012_81416
KP_NORM_URN_2012_81416__chr.fasta	KP_NORM_URN_2012_81416__completeAssembly.fasta	0.00115871	0	95305/100000	KP_NORM_URN_2012_81416
KP_NORM_URN_2012_81416__chr.fasta	KP_NORM_URN_2012_81416__pl_1.fasta	0.309038	8.43939e-282	76/100000	KP_NORM_URN_2012_81416
KP_NORM_URN_2012_81416__chr.fasta	KP_NORM_URN_2012_81416__pl_2.fasta	1	1	0/100000	KP_NORM_URN_2012_81416
KP_NORM_URN_2012_81428__chr.fasta	KP_NORM_URN_2012_81428__allPlasmids.fasta	0.329926	4.16217e-163	49/100000	KP_NORM_URN_2012_81428
KP_NORM_URN_2012_81428__chr.fasta	KP_NORM_URN_2012_81428__chr.fasta	0	0	100000/100000	KP_NORM_URN_2012_81428
KP_NORM_URN_2012_81428__chr.fasta	KP_NORM_URN_2012_81428__completeAssembly.fasta	0.00157926	0	93682/100000	KP_NORM_URN_2012_81428
KP_NORM_URN_2012_81428__chr.fasta	KP_NORM_URN_2012_81428__pl_1.fasta	0.35328	1.87283e-102	30/100000	KP_NORM_URN_2012_81428
KP_NORM_URN_2012_81428__chr.fasta	KP_NORM_URN_2012_81428__pl_2.fasta	0.33841	1.73899e-152	41/100000	KP_NORM_URN_2012_81428
KP_NORM_URN_2012_81428__chr.fasta	KP_NORM_URN_2012_81428__pl_3.fasta	1	1	0/100000	KP_NORM_URN_2012_81428
KP_NORM_URN_2012_81428__chr.fasta	KP_NORM_URN_2012_81428__pl_4.fasta	1	1	0/100000	KP_NORM_URN_2012_81428
KP_NORM_URN_2013_95819__chr.fasta	KP_NORM_URN_2013_95819__allPlasmids.fasta	0.33841	3.71728e-143	41/100000	KP_NORM_URN_2013_95819
KP_NORM_URN_2013_95819__chr.fasta	KP_NORM_URN_2013_95819__chr.fasta	0	0	100000/100000	KP_NORM_URN_2013_95819
KP_NORM_URN_2013_95819__chr.fasta	KP_NORM_URN_2013_95819__completeAssembly.fasta	0.00109106	0	95570/100000	KP_NORM_URN_2013_95819
KP_NORM_URN_2013_95819__chr.fasta	KP_NORM_URN_2013_95819__pl_1.fasta	0.33841	2.20393e-147	41/100000	KP_NORM_URN_2013_95819
KP_NORM_URN_2013_95819__chr.fasta	KP_NORM_URN_2013_95819__pl_2.fasta	0.38628	2.3884e-57	15/100000	KP_NORM_URN_2013_95819
KP_NORM_URN_2013_95819__chr.fasta	KP_NORM_URN_2013_95819__pl_3.fasta	1	1	0/100000	KP_NORM_URN_2013_95819
KP_NORM_URN_2013_95819__chr.fasta	KP_NORM_URN_2013_95819__pl_4.fasta	1	1	0/100000	KP_NORM_URN_2013_95819
KP_NORM_URN_2013_95788__chr.fasta	KP_NORM_URN_2013_95788__allPlasmids.fasta	0.276697	0	150/100000	KP_NORM_URN_2013_95788
KP_NORM_URN_2013_95788__chr.fasta	KP_NORM_URN_2013_95788__chr.fasta	0	0	100000/100000	KP_NORM_URN_2013_95788
KP_NORM_URN_2013_95788__chr.fasta	KP_NORM_URN_2013_95788__completeAssembly.fasta	0.00116537	0	95279/100000	KP_NORM_URN_2013_95788
KP_NORM_URN_2013_95788__chr.fasta	KP_NORM_URN_2013_95788__pl_1.fasta	0.303157	0	86/100000	KP_NORM_URN_2013_95788
KP_NORM_URN_2013_95788__chr.fasta	KP_NORM_URN_2013_95788__pl_2.fasta	0.287309	0	120/100000	KP_NORM_URN_2013_95788
KP_NORM_URN_2013_95788__chr.fasta	KP_NORM_URN_2013_95788__pl_3.fasta	1	1	0/100000	KP_NORM_URN_2013_95788
KP_NORM_URN_2013_95788__chr.fasta	KP_NORM_URN_2013_95788__pl_4.fasta	1	1	0/100000	KP_NORM_URN_2013_95788
KP_NORM_URN_2013_95788__chr.fasta	KP_NORM_URN_2013_95788__pl_5.fasta	1	1	0/100000	KP_NORM_URN_2013_95788
KP_NORM_URN_2013_96200__chr.fasta	KP_NORM_URN_2013_96200__allPlasmids.fasta	0.372583	5.13132e-66	20/100000	KP_NORM_URN_2013_96200
KP_NORM_URN_2013_96200__chr.fasta	KP_NORM_URN_2013_96200__chr.fasta	0	0	100000/100000	KP_NORM_URN_2013_96200
KP_NORM_URN_2013_96200__chr.fasta	KP_NORM_URN_2013_96200__completeAssembly.fasta	0.000910659	0	96282/100000	KP_NORM_URN_2013_96200
KP_NORM_URN_2013_96200__chr.fasta	KP_NORM_URN_2013_96200__pl_1.fasta	0.37026	3.16011e-72	21/100000	KP_NORM_URN_2013_96200
KP_NORM_URN_2013_96200__chr.fasta	KP_NORM_URN_2013_96200__pl_2.fasta	1	1	0/100000	KP_NORM_URN_2013_96200
KP_NORM_URN_2013_96200__chr.fasta	KP_NORM_URN_2013_96200__pl_3.fasta	1	1	0/100000	KP_NORM_URN_2013_96200
KP_NORM_URN_2013_96200__chr.fasta	KP_NORM_URN_2013_96200__pl_4.fasta	1	1	0/100000	KP_NORM_URN_2013_96200
KP_NORM_URN_2013_95439__chr.fasta	KP_NORM_URN_2013_95439__allPlasmids.fasta	0.246531	0	283/100000	KP_NORM_URN_2013_95439
KP_NORM_URN_2013_95439__chr.fasta	KP_NORM_URN_2013_95439__chr.fasta	0	0	100000/100000	KP_NORM_URN_2013_95439
KP_NORM_URN_2013_95439__chr.fasta	KP_NORM_URN_2013_95439__completeAssembly.fasta	0.00213483	0	91600/100000	KP_NORM_URN_2013_95439
KP_NORM_URN_2013_95439__chr.fasta	KP_NORM_URN_2013_95439__pl_1.fasta	0.324428	2.68796e-194	55/100000	KP_NORM_URN_2013_95439
KP_NORM_URN_2013_95439__chr.fasta	KP_NORM_URN_2013_95439__pl_2.fasta	0.280662	0	138/100000	KP_NORM_URN_2013_95439
KP_NORM_URN_2013_95439__chr.fasta	KP_NORM_URN_2013_95439__pl_3.fasta	0.268294	0	179/100000	KP_NORM_URN_2013_95439
KP_NORM_URN_2013_95439__chr.fasta	KP_NORM_URN_2013_95439__pl_4.fasta	1	1	0/100000	KP_NORM_URN_2013_95439
KP_NORM_URN_2013_95439__chr.fasta	KP_NORM_URN_2013_95439__pl_5.fasta	1	1	0/100000	KP_NORM_URN_2013_95439
KP_NORM_URN_2013_95951__chr.fasta	KP_NORM_URN_2013_95951__allPlasmids.fasta	0.253186	0	246/100000	KP_NORM_URN_2013_95951
KP_NORM_URN_2013_95951__chr.fasta	KP_NORM_URN_2013_95951__chr.fasta	0	0	100000/100000	KP_NORM_URN_2013_95951
KP_NORM_URN_2013_95951__chr.fasta	KP_NORM_URN_2013_95951__completeAssembly.fasta	0.000909903	0	96285/100000	KP_NORM_URN_2013_95951
KP_NORM_URN_2013_95951__chr.fasta	KP_NORM_URN_2013_95951__pl_1.fasta	0.273333	0	161/100000	KP_NORM_URN_2013_95951
KP_NORM_URN_2013_95951__chr.fasta	KP_NORM_URN_2013_95951__pl_2.fasta	0.294116	0	104/100000	KP_NORM_URN_2013_95951
KP_NORM_URN_2013_95951__chr.fasta	KP_NORM_URN_2013_95951__pl_3.fasta	1	1	0/100000	KP_NORM_URN_2013_95951
KP_NORM_URN_2014_101205__chr.fasta	KP_NORM_URN_2014_101205__allPlasmids.fasta	0.449215	3.07506e-11	4/100000	KP_NORM_URN_2014_101205
KP_NORM_URN_2014_101205__chr.fasta	KP_NORM_URN_2014_101205__chr.fasta	0	0	100000/100000	KP_NORM_URN_2014_101205
KP_NORM_URN_2014_101205__chr.fasta	KP_NORM_URN_2014_101205__completeAssembly.fasta	0.0010796	0	95615/100000	KP_NORM_URN_2014_101205
KP_NORM_URN_2014_101205__chr.fasta	KP_NORM_URN_2014_101205__pl_1.fasta	0.449215	2.67984e-11	4/100000	KP_NORM_URN_2014_101205
KP_NORM_URN_2014_101205__chr.fasta	KP_NORM_URN_2014_101205__pl_2.fasta	1	1	0/100000	KP_NORM_URN_2014_101205
KP_NORM_URN_2014_101205__chr.fasta	KP_NORM_URN_2014_101205__pl_3.fasta	1	1	0/100000	KP_NORM_URN_2014_101205
KP_NORM_URN_2014_99206__chr.fasta	KP_NORM_URN_2014_99206__allPlasmids.fasta	0.358296	1.81145e-91	27/100000	KP_NORM_URN_2014_99206
KP_NORM_URN_2014_99206__chr.fasta	KP_NORM_URN_2014_99206__chr.fasta	0	0	100000/100000	KP_NORM_URN_2014_99206
KP_NORM_URN_2014_99206__chr.fasta	KP_NORM_URN_2014_99206__completeAssembly.fasta	0.000956077	0	96102/100000	KP_NORM_URN_2014_99206
KP_NORM_URN_2014_99206__chr.fasta	KP_NORM_URN_2014_99206__pl_1.fasta	0.358296	9.62827e-92	27/100000	KP_NORM_URN_2014_99206
KP_NORM_URN_2014_99206__chr.fasta	KP_NORM_URN_2014_99206__pl_2.fasta	1	1	0/100000	KP_NORM_URN_2014_99206
KP_NORM_URN_2014_97411__chr.fasta	KP_NORM_URN_2014_97411__allPlasmids.fasta	0.287707	0	119/100000	KP_NORM_URN_2014_97411
KP_NORM_URN_2014_97411__chr.fasta	KP_NORM_URN_2014_97411__chr.fasta	0	0	100000/100000	KP_NORM_URN_2014_97411
KP_NORM_URN_2014_97411__chr.fasta	KP_NORM_URN_2014_97411__completeAssembly.fasta	0.000621712	0	97439/100000	KP_NORM_URN_2014_97411
KP_NORM_URN_2014_97411__chr.fasta	KP_NORM_URN_2014_97411__pl_1.fasta	0.287707	0	119/100000	KP_NORM_URN_2014_97411
NK_H16_021__chr.fasta	NK_H16_021__allPlasmids.fasta	0.330907	1.08534e-170	48/100000	NK_H16_021
NK_H16_021__chr.fasta	NK_H16_021__chr.fasta	0	0	100000/100000	NK_H16_021
NK_H16_021__chr.fasta	NK_H16_021__completeAssembly.fasta	0.000919228	0	96248/100000	NK_H16_021
NK_H16_021__chr.fasta	NK_H16_021__pl_1.fasta	0.343297	2.87956e-135	37/100000	NK_H16_021
NK_H16_021__chr.fasta	NK_H16_021__pl_2.fasta	0.348743	7.3883e-126	33/100000	NK_H16_021
KP_NORM_URN_2015_107836__chr.fasta	KP_NORM_URN_2015_107836__allPlasmids.fasta	0.325302	4.89584e-200	54/100000	KP_NORM_URN_2015_107836
KP_NORM_URN_2015_107836__chr.fasta	KP_NORM_URN_2015_107836__chr.fasta	0	0	100000/100000	KP_NORM_URN_2015_107836
KP_NORM_URN_2015_107836__chr.fasta	KP_NORM_URN_2015_107836__completeAssembly.fasta	0.000857077	0	96495/100000	KP_NORM_URN_2015_107836
KP_NORM_URN_2015_107836__chr.fasta	KP_NORM_URN_2015_107836__pl_1.fasta	0.325302	4.89584e-200	54/100000	KP_NORM_URN_2015_107836
KP_NORM_URN_2014_97671__chr.fasta	KP_NORM_URN_2014_97671__allPlasmids.fasta	0.26803	0	180/100000	KP_NORM_URN_2014_97671
KP_NORM_URN_2014_97671__chr.fasta	KP_NORM_URN_2014_97671__chr.fasta	0	0	100000/100000	KP_NORM_URN_2014_97671
KP_NORM_URN_2014_97671__chr.fasta	KP_NORM_URN_2014_97671__completeAssembly.fasta	0.00126265	0	94900/100000	KP_NORM_URN_2014_97671
KP_NORM_URN_2014_97671__chr.fasta	KP_NORM_URN_2014_97671__pl_1.fasta	0.288108	0	118/100000	KP_NORM_URN_2014_97671
KP_NORM_URN_2014_97671__chr.fasta	KP_NORM_URN_2014_97671__pl_2.fasta	0.315752	5.99022e-276	66/100000	KP_NORM_URN_2014_97671
KP_NORM_URN_2014_97671__chr.fasta	KP_NORM_URN_2014_97671__pl_3.fasta	1	1	0/100000	KP_NORM_URN_2014_97671
KP_NORM_URN_2014_96612__chr.fasta	KP_NORM_URN_2014_96612__allPlasmids.fasta	0.262549	0	202/100000	KP_NORM_URN_2014_96612
KP_NORM_URN_2014_96612__chr.fasta	KP_NORM_URN_2014_96612__chr.fasta	0	0	100000/100000	KP_NORM_URN_2014_96612
KP_NORM_URN_2014_96612__chr.fasta	KP_NORM_URN_2014_96612__completeAssembly.fasta	0.00117509	0	95241/100000	KP_NORM_URN_2014_96612
KP_NORM_URN_2014_96612__chr.fasta	KP_NORM_URN_2014_96612__pl_1.fasta	0.283869	0	129/100000	KP_NORM_URN_2014_96612
KP_NORM_URN_2014_96612__chr.fasta	KP_NORM_URN_2014_96612__pl_2.fasta	0.282776	0	132/100000	KP_NORM_URN_2014_96612
KP_NORM_URN_2014_96612__chr.fasta	KP_NORM_URN_2014_96612__pl_3.fasta	1	1	0/100000	KP_NORM_URN_2014_96612
KP_NORM_URN_2014_96612__chr.fasta	KP_NORM_URN_2014_96612__pl_4.fasta	1	1	0/100000	KP_NORM_URN_2014_96612
KP_NORM_URN_2015_107962__chr.fasta	KP_NORM_URN_2015_107962__allPlasmids.fasta	0.321087	7.39266e-209	59/100000	KP_NORM_URN_2015_107962
KP_NORM_URN_2015_107962__chr.fasta	KP_NORM_URN_2015_107962__chr.fasta	0	0	100000/100000	KP_NORM_URN_2015_107962
KP_NORM_URN_2015_107962__chr.fasta	KP_NORM_URN_2015_107962__completeAssembly.fasta	0.00137477	0	94466/100000	KP_NORM_URN_2015_107962
KP_NORM_URN_2015_107962__chr.fasta	KP_NORM_URN_2015_107962__pl_1.fasta	0.319501	1.00695e-227	61/100000	KP_NORM_URN_2015_107962
KP_NORM_URN_2015_107962__chr.fasta	KP_NORM_URN_2015_107962__pl_2.fasta	1	1	0/100000	KP_NORM_URN_2015_107962
KP_NORM_URN_2014_97677__chr.fasta	KP_NORM_URN_2014_97677__allPlasmids.fasta	0.295039	0	102/100000	KP_NORM_URN_2014_97677
KP_NORM_URN_2014_97677__chr.fasta	KP_NORM_URN_2014_97677__chr.fasta	0	0	100000/100000	KP_NORM_URN_2014_97677
KP_NORM_URN_2014_97677__chr.fasta	KP_NORM_URN_2014_97677__completeAssembly.fasta	0.000642022	0	97357/100000	KP_NORM_URN_2014_97677
KP_NORM_URN_2014_97677__chr.fasta	KP_NORM_URN_2014_97677__pl_1.fasta	0.295039	0	102/100000	KP_NORM_URN_2014_97677
KP_NORM_URN_2014_97392__chr.fasta	KP_NORM_URN_2014_97392__allPlasmids.fasta	0.266727	0	185/100000	KP_NORM_URN_2014_97392
KP_NORM_URN_2014_97392__chr.fasta	KP_NORM_URN_2014_97392__chr.fasta	0	0	100000/100000	KP_NORM_URN_2014_97392
KP_NORM_URN_2014_97392__chr.fasta	KP_NORM_URN_2014_97392__completeAssembly.fasta	0.000610577	0	97484/100000	KP_NORM_URN_2014_97392
KP_NORM_URN_2014_97392__chr.fasta	KP_NORM_URN_2014_97392__pl_1.fasta	0.266727	0	185/100000	KP_NORM_URN_2014_97392
KP_NORM_URN_2014_97392__chr.fasta	KP_NORM_URN_2014_97392__pl_2.fasta	1	1	0/100000	KP_NORM_URN_2014_97392
KP_NORM_URN_2015_109056__chr.fasta	KP_NORM_URN_2015_109056__allPlasmids.fasta	0.482221	5.88865e-06	2/100000	KP_NORM_URN_2015_109056
KP_NORM_URN_2015_109056__chr.fasta	KP_NORM_URN_2015_109056__chr.fasta	0	0	100000/100000	KP_NORM_URN_2015_109056
KP_NORM_URN_2015_109056__chr.fasta	KP_NORM_URN_2015_109056__completeAssembly.fasta	0.000702855	0	97112/100000	KP_NORM_URN_2015_109056
KP_NORM_URN_2015_109056__chr.fasta	KP_NORM_URN_2015_109056__pl_1.fasta	0.482221	5.54434e-06	2/100000	KP_NORM_URN_2015_109056
KP_NORM_URN_2015_109056__chr.fasta	KP_NORM_URN_2015_109056__pl_2.fasta	1	1	0/100000	KP_NORM_URN_2015_109056
KP_NORM_URN_56534__chr.fasta	KP_NORM_URN_56534__allPlasmids.fasta	1	1	0/100000	KP_NORM_URN_56534
KP_NORM_URN_56534__chr.fasta	KP_NORM_URN_56534__chr.fasta	0	0	100000/100000	KP_NORM_URN_56534
KP_NORM_URN_56534__chr.fasta	KP_NORM_URN_56534__completeAssembly.fasta	0.000469954	0	98055/100000	KP_NORM_URN_56534
KP_NORM_URN_56534__chr.fasta	KP_NORM_URN_56534__pl_1.fasta	1	1	0/100000	KP_NORM_URN_56534
KP_NORM_URN_56534__chr.fasta	KP_NORM_URN_56534__pl_2.fasta	1	1	0/100000	KP_NORM_URN_56534
KP_NORM_URN_2015_109604__chr.fasta	KP_NORM_URN_2015_109604__allPlasmids.fasta	0.396904	2.41845e-38	12/100000	KP_NORM_URN_2015_109604
KP_NORM_URN_2015_109604__chr.fasta	KP_NORM_URN_2015_109604__chr.fasta	0	0	100000/100000	KP_NORM_URN_2015_109604
KP_NORM_URN_2015_109604__chr.fasta	KP_NORM_URN_2015_109604__completeAssembly.fasta	0.000771412	0	96837/100000	KP_NORM_URN_2015_109604
KP_NORM_URN_2015_109604__chr.fasta	KP_NORM_URN_2015_109604__pl_1.fasta	0.396904	2.41845e-38	12/100000	KP_NORM_URN_2015_109604
KP_NORM_URN_2015_109238__chr.fasta	KP_NORM_URN_2015_109238__allPlasmids.fasta	1	1	0/100000	KP_NORM_URN_2015_109238
KP_NORM_URN_2015_109238__chr.fasta	KP_NORM_URN_2015_109238__chr.fasta	0	0	100000/100000	KP_NORM_URN_2015_109238
KP_NORM_URN_2015_109238__chr.fasta	KP_NORM_URN_2015_109238__completeAssembly.fasta	0.000441047	0	98173/100000	KP_NORM_URN_2015_109238
KP_NORM_URN_2015_109238__chr.fasta	KP_NORM_URN_2015_109238__pl_1.fasta	1	1	0/100000	KP_NORM_URN_2015_109238
KP_NORM_URN_2015_109358__chr.fasta	KP_NORM_URN_2015_109358__allPlasmids.fasta	0.321901	1.47535e-210	58/100000	KP_NORM_URN_2015_109358
KP_NORM_URN_2015_109358__chr.fasta	KP_NORM_URN_2015_109358__chr.fasta	0	0	100000/100000	KP_NORM_URN_2015_109358
KP_NORM_URN_2015_109358__chr.fasta	KP_NORM_URN_2015_109358__completeAssembly.fasta	0.00102876	0	95815/100000	KP_NORM_URN_2015_109358
KP_NORM_URN_2015_109358__chr.fasta	KP_NORM_URN_2015_109358__pl_1.fasta	0.321901	1.47535e-210	58/100000	KP_NORM_URN_2015_109358
KP_NORM_URN_56668__chr.fasta	KP_NORM_URN_56668__allPlasmids.fasta	0.321087	1.213e-219	59/100000	KP_NORM_URN_56668
KP_NORM_URN_56668__chr.fasta	KP_NORM_URN_56668__chr.fasta	0	0	100000/100000	KP_NORM_URN_56668
KP_NORM_URN_56668__chr.fasta	KP_NORM_URN_56668__completeAssembly.fasta	0.000842015	0	96555/100000	KP_NORM_URN_56668
KP_NORM_URN_56668__chr.fasta	KP_NORM_URN_56668__pl_1.fasta	0.321087	1.213e-219	59/100000	KP_NORM_URN_56668
KP_NORM_URN_56847__chr.fasta	KP_NORM_URN_56847__allPlasmids.fasta	0.325302	3.63337e-196	54/100000	KP_NORM_URN_56847
KP_NORM_URN_56847__chr.fasta	KP_NORM_URN_56847__chr.fasta	0	0	100000/100000	KP_NORM_URN_56847
KP_NORM_URN_56847__chr.fasta	KP_NORM_URN_56847__completeAssembly.fasta	0.000967452	0	96057/100000	KP_NORM_URN_56847
KP_NORM_URN_56847__chr.fasta	KP_NORM_URN_56847__pl_1.fasta	0.340791	1.96094e-141	39/100000	KP_NORM_URN_56847
KP_NORM_URN_56847__chr.fasta	KP_NORM_URN_56847__pl_2.fasta	0.377599	2.28343e-68	18/100000	KP_NORM_URN_56847
KP_NORM_URN_57002__chr.fasta	KP_NORM_URN_57002__allPlasmids.fasta	0.354894	1.83054e-102	29/100000	KP_NORM_URN_57002
KP_NORM_URN_57002__chr.fasta	KP_NORM_URN_57002__chr.fasta	0	0	100000/100000	KP_NORM_URN_57002
KP_NORM_URN_57002__chr.fasta	KP_NORM_URN_57002__completeAssembly.fasta	0.000713058	0	97071/100000	KP_NORM_URN_57002
KP_NORM_URN_57002__chr.fasta	KP_NORM_URN_57002__pl_1.fasta	0.354894	1.83054e-102	29/100000	KP_NORM_URN_57002
KP_NORM_URN_57023__chr.fasta	KP_NORM_URN_57023__allPlasmids.fasta	0.267504	0	182/100000	KP_NORM_URN_57023
KP_NORM_URN_57023__chr.fasta	KP_NORM_URN_57023__chr.fasta	0	0	100000/100000	KP_NORM_URN_57023
KP_NORM_URN_57023__chr.fasta	KP_NORM_URN_57023__completeAssembly.fasta	0.00142618	0	94268/100000	KP_NORM_URN_57023
KP_NORM_URN_57023__chr.fasta	KP_NORM_URN_57023__pl_1.fasta	0.267766	0	181/100000	KP_NORM_URN_57023
KP_NORM_URN_57023__chr.fasta	KP_NORM_URN_57023__pl_2.fasta	0.327098	4.47408e-203	52/100000	KP_NORM_URN_57023
KP_NORM_URN_57023__chr.fasta	KP_NORM_URN_57023__pl_3.fasta	0.36196	2.6322e-121	25/100000	KP_NORM_URN_57023
KP_NORM_URN_57023__chr.fasta	KP_NORM_URN_57023__pl_4.fasta	1	1	0/100000	KP_NORM_URN_57023
KP_NORM_URN_57023__chr.fasta	KP_NORM_URN_57023__pl_5.fasta	1	1	0/100000	KP_NORM_URN_57023
KP_NORM_URN_57023__chr.fasta	KP_NORM_URN_57023__pl_6.fasta	1	1	0/100000	KP_NORM_URN_57023
KP_NORM_URN_57023__chr.fasta	KP_NORM_URN_57023__pl_7.fasta	1	1	0/100000	KP_NORM_URN_57023
KP_NORM_URN_57023__chr.fasta	KP_NORM_URN_57023__pl_8.fasta	1	1	0/100000	KP_NORM_URN_57023
KP_NORM_URN_57042__chr.fasta	KP_NORM_URN_57042__allPlasmids.fasta	0.256588	0	229/100000	KP_NORM_URN_57042
KP_NORM_URN_57042__chr.fasta	KP_NORM_URN_57042__chr.fasta	0	0	100000/100000	KP_NORM_URN_57042
KP_NORM_URN_57042__chr.fasta	KP_NORM_URN_57042__completeAssembly.fasta	0.000801668	0	96716/100000	KP_NORM_URN_57042
KP_NORM_URN_57042__chr.fasta	KP_NORM_URN_57042__pl_1.fasta	0.256588	0	229/100000	KP_NORM_URN_57042
KP_NORM_URN_57455__chr.fasta	KP_NORM_URN_57455__chr.fasta	0	0	100000/100000	KP_NORM_URN_57455
KP_NORM_URN_57455__chr.fasta	KP_NORM_URN_57455__completeAssembly.fasta	0	0	100000/100000	KP_NORM_URN_57455
KP_NORM_URN_57225__chr.fasta	KP_NORM_URN_57225__allPlasmids.fasta	0.26521	0	191/100000	KP_NORM_URN_57225
KP_NORM_URN_57225__chr.fasta	KP_NORM_URN_57225__chr.fasta	0	0	100000/100000	KP_NORM_URN_57225
KP_NORM_URN_57225__chr.fasta	KP_NORM_URN_57225__completeAssembly.fasta	0.00082421	0	96626/100000	KP_NORM_URN_57225
KP_NORM_URN_57225__chr.fasta	KP_NORM_URN_57225__pl_1.fasta	0.264962	0	192/100000	KP_NORM_URN_57225
KP_NORM_URN_57225__chr.fasta	KP_NORM_URN_57225__pl_2.fasta	1	1	0/100000	KP_NORM_URN_57225
KP_NORM_URN_57225__chr.fasta	KP_NORM_URN_57225__pl_3.fasta	1	1	0/100000	KP_NORM_URN_57225
KP_NORM_URN_57225__chr.fasta	KP_NORM_URN_57225__pl_4.fasta	1	1	0/100000	KP_NORM_URN_57225
KP_NORM_URN_57225__chr.fasta	KP_NORM_URN_57225__pl_5.fasta	1	1	0/100000	KP_NORM_URN_57225
KP_NORM_URN_57695__chr.fasta	KP_NORM_URN_57695__allPlasmids.fasta	1	1	0/100000	KP_NORM_URN_57695
KP_NORM_URN_57695__chr.fasta	KP_NORM_URN_57695__chr.fasta	0	0	100000/100000	KP_NORM_URN_57695
KP_NORM_URN_57695__chr.fasta	KP_NORM_URN_57695__completeAssembly.fasta	2.81201e-05	0	99882/100000	KP_NORM_URN_57695
KP_NORM_URN_57695__chr.fasta	KP_NORM_URN_57695__pl_1.fasta	1	1	0/100000	KP_NORM_URN_57695
KP_NORM_URN_57409__chr.fasta	KP_NORM_URN_57409__allPlasmids.fasta	0.429909	1.18248e-18	6/100000	KP_NORM_URN_57409
KP_NORM_URN_57409__chr.fasta	KP_NORM_URN_57409__chr.fasta	0	0	100000/100000	KP_NORM_URN_57409
KP_NORM_URN_57409__chr.fasta	KP_NORM_URN_57409__completeAssembly.fasta	0.000617505	0	97456/100000	KP_NORM_URN_57409
KP_NORM_URN_57409__chr.fasta	KP_NORM_URN_57409__pl_1.fasta	0.429909	1.18248e-18	6/100000	KP_NORM_URN_57409
KP_NORM_URN_57447__chr.fasta	KP_NORM_URN_57447__allPlasmids.fasta	0.363903	1.31193e-80	24/100000	KP_NORM_URN_57447
KP_NORM_URN_57447__chr.fasta	KP_NORM_URN_57447__chr.fasta	0	0	100000/100000	KP_NORM_URN_57447
KP_NORM_URN_57447__chr.fasta	KP_NORM_URN_57447__completeAssembly.fasta	0.000865115	0	96463/100000	KP_NORM_URN_57447
KP_NORM_URN_57447__chr.fasta	KP_NORM_URN_57447__pl_1.fasta	0.363903	8.98377e-81	24/100000	KP_NORM_URN_57447
KP_NORM_URN_57447__chr.fasta	KP_NORM_URN_57447__pl_2.fasta	1	1	0/100000	KP_NORM_URN_57447
KP_NORM_URN_57979__chr.fasta	KP_NORM_URN_57979__chr.fasta	0	0	100000/100000	KP_NORM_URN_57979
KP_NORM_URN_57979__chr.fasta	KP_NORM_URN_57979__completeAssembly.fasta	0	0	100000/100000	KP_NORM_URN_57979
KP_NORM_URN_58012__chr.fasta	KP_NORM_URN_58012__allPlasmids.fasta	1	1	0/100000	KP_NORM_URN_58012
KP_NORM_URN_58012__chr.fasta	KP_NORM_URN_58012__chr.fasta	0	0	100000/100000	KP_NORM_URN_58012
KP_NORM_URN_58012__chr.fasta	KP_NORM_URN_58012__completeAssembly.fasta	0.000494002	0	97957/100000	KP_NORM_URN_58012
KP_NORM_URN_58012__chr.fasta	KP_NORM_URN_58012__pl_1.fasta	1	1	0/100000	KP_NORM_URN_58012
KP_NORM_URN_58012__chr.fasta	KP_NORM_URN_58012__pl_2.fasta	1	1	0/100000	KP_NORM_URN_58012
KP_NORM_URN_58261__chr.fasta	KP_NORM_URN_58261__allPlasmids.fasta	0.365929	2.85024e-78	23/100000	KP_NORM_URN_58261
KP_NORM_URN_58261__chr.fasta	KP_NORM_URN_58261__chr.fasta	0	0	100000/100000	KP_NORM_URN_58261
KP_NORM_URN_58261__chr.fasta	KP_NORM_URN_58261__completeAssembly.fasta	0.000825213	0	96622/100000	KP_NORM_URN_58261
KP_NORM_URN_58261__chr.fasta	KP_NORM_URN_58261__pl_1.fasta	0.365929	2.85024e-78	23/100000	KP_NORM_URN_58261
KP_NORM_URN_58233__chr.fasta	KP_NORM_URN_58233__allPlasmids.fasta	0.303713	0	85/100000	KP_NORM_URN_58233
KP_NORM_URN_58233__chr.fasta	KP_NORM_URN_58233__chr.fasta	0	0	100000/100000	KP_NORM_URN_58233
KP_NORM_URN_58233__chr.fasta	KP_NORM_URN_58233__completeAssembly.fasta	0.000501371	0	97927/100000	KP_NORM_URN_58233
KP_NORM_URN_58233__chr.fasta	KP_NORM_URN_58233__pl_1.fasta	0.303713	0	85/100000	KP_NORM_URN_58233
KP_NORM_URN_58251__chr.fasta	KP_NORM_URN_58251__allPlasmids.fasta	0.281707	0	135/100000	KP_NORM_URN_58251
KP_NORM_URN_58251__chr.fasta	KP_NORM_URN_58251__chr.fasta	0	0	100000/100000	KP_NORM_URN_58251
KP_NORM_URN_58251__chr.fasta	KP_NORM_URN_58251__completeAssembly.fasta	0.00116588	0	95277/100000	KP_NORM_URN_58251
KP_NORM_URN_58251__chr.fasta	KP_NORM_URN_58251__pl_1.fasta	0.280662	0	138/100000	KP_NORM_URN_58251
KP_NORM_URN_58251__chr.fasta	KP_NORM_URN_58251__pl_2.fasta	1	1	0/100000	KP_NORM_URN_58251
NK_H10_003__chr.fasta	NK_H10_003__allPlasmids.fasta	0.515228	0.004293	1/100000	NK_H10_003
NK_H10_003__chr.fasta	NK_H10_003__chr.fasta	0	0	100000/100000	NK_H10_003
NK_H10_003__chr.fasta	NK_H10_003__completeAssembly.fasta	0.000879193	0	96407/100000	NK_H10_003
NK_H10_003__chr.fasta	NK_H10_003__pl_1.fasta	0.482221	6.03519e-06	2/100000	NK_H10_003
NK_H10_003__chr.fasta	NK_H10_003__pl_2.fasta	1	1	0/100000	NK_H10_003
NK_H12_018__chr.fasta	NK_H12_018__allPlasmids.fasta	0.329926	1.70479e-183	49/100000	NK_H12_018
NK_H12_018__chr.fasta	NK_H12_018__chr.fasta	0	0	100000/100000	NK_H12_018
NK_H12_018__chr.fasta	NK_H12_018__completeAssembly.fasta	0.000676011	0	97220/100000	NK_H12_018
NK_H12_018__chr.fasta	NK_H12_018__pl_1.fasta	0.329926	4.20459e-184	49/100000	NK_H12_018
NK_H12_018__chr.fasta	NK_H12_018__pl_2.fasta	1	1	0/100000	NK_H12_018
NK_H11_006__chr.fasta	NK_H11_006__allPlasmids.fasta	0.260253	0	212/100000	NK_H11_006
NK_H11_006__chr.fasta	NK_H11_006__chr.fasta	0	0	100000/100000	NK_H11_006
NK_H11_006__chr.fasta	NK_H11_006__completeAssembly.fasta	0.00107247	0	95643/100000	NK_H11_006
NK_H11_006__chr.fasta	NK_H11_006__pl_1.fasta	0.275138	0	155/100000	NK_H11_006
NK_H11_006__chr.fasta	NK_H11_006__pl_2.fasta	0.320287	2.21298e-248	60/100000	NK_H11_006
KP_NORM_URN_58394__chr.fasta	KP_NORM_URN_58394__allPlasmids.fasta	0.335049	2.10262e-155	44/100000	KP_NORM_URN_58394
KP_NORM_URN_58394__chr.fasta	KP_NORM_URN_58394__chr.fasta	0	0	100000/100000	KP_NORM_URN_58394
KP_NORM_URN_58394__chr.fasta	KP_NORM_URN_58394__completeAssembly.fasta	0.00110406	0	95519/100000	KP_NORM_URN_58394
KP_NORM_URN_58394__chr.fasta	KP_NORM_URN_58394__pl_1.fasta	0.335049	3.37647e-156	44/100000	KP_NORM_URN_58394
KP_NORM_URN_58394__chr.fasta	KP_NORM_URN_58394__pl_2.fasta	1	1	0/100000	KP_NORM_URN_58394
KP_NORM_URN_58394__chr.fasta	KP_NORM_URN_58394__pl_3.fasta	1	1	0/100000	KP_NORM_URN_58394
KP_NORM_URN_58394__chr.fasta	KP_NORM_URN_58394__pl_4.fasta	1	1	0/100000	KP_NORM_URN_58394
NK_H12_023__chr.fasta	NK_H12_023__allPlasmids.fasta	0.271593	0	167/100000	NK_H12_023
NK_H12_023__chr.fasta	NK_H12_023__chr.fasta	0	0	100000/100000	NK_H12_023
NK_H12_023__chr.fasta	NK_H12_023__completeAssembly.fasta	0.000909399	0	96287/100000	NK_H12_023
NK_H12_023__chr.fasta	NK_H12_023__pl_1.fasta	0.29059	0	112/100000	NK_H12_023
NK_H12_023__chr.fasta	NK_H12_023__pl_2.fasta	0.307802	4.94066e-324	78/100000	NK_H12_023
NK_H11_013__chr.fasta	NK_H11_013__allPlasmids.fasta	0.287309	0	120/100000	NK_H11_013
NK_H11_013__chr.fasta	NK_H11_013__chr.fasta	0	0	100000/100000	NK_H11_013
NK_H11_013__chr.fasta	NK_H11_013__completeAssembly.fasta	0.000759674	0	96884/100000	NK_H11_013
NK_H11_013__chr.fasta	NK_H11_013__pl_1.fasta	0.287309	0	120/100000	NK_H11_013
NK_H12_035__chr.fasta	NK_H12_035__allPlasmids.fasta	0.25223	0	251/100000	NK_H12_035
NK_H12_035__chr.fasta	NK_H12_035__chr.fasta	0	0	100000/100000	NK_H12_035
NK_H12_035__chr.fasta	NK_H12_035__completeAssembly.fasta	0.00116076	0	95297/100000	NK_H12_035
NK_H12_035__chr.fasta	NK_H12_035__pl_1.fasta	0.251853	0	253/100000	NK_H12_035
NK_H12_035__chr.fasta	NK_H12_035__pl_2.fasta	1	1	0/100000	NK_H12_035
NK_H12_057__chr.fasta	NK_H12_057__chr.fasta	0	0	100000/100000	NK_H12_057
NK_H12_057__chr.fasta	NK_H12_057__completeAssembly.fasta	0	0	100000/100000	NK_H12_057
NK_H12_038__chr.fasta	NK_H12_038__allPlasmids.fasta	0.271593	0	167/100000	NK_H12_038
NK_H12_038__chr.fasta	NK_H12_038__chr.fasta	0	0	100000/100000	NK_H12_038
NK_H12_038__chr.fasta	NK_H12_038__completeAssembly.fasta	0.000909399	0	96287/100000	NK_H12_038
NK_H12_038__chr.fasta	NK_H12_038__pl_1.fasta	0.29059	0	112/100000	NK_H12_038
NK_H12_038__chr.fasta	NK_H12_038__pl_2.fasta	0.307802	4.94066e-324	78/100000	NK_H12_038
NK_H12_053__chr.fasta	NK_H12_053__allPlasmids.fasta	0.270191	0	172/100000	NK_H12_053
NK_H12_053__chr.fasta	NK_H12_053__chr.fasta	0	0	100000/100000	NK_H12_053
NK_H12_053__chr.fasta	NK_H12_053__completeAssembly.fasta	0.00105365	0	95717/100000	NK_H12_053
NK_H12_053__chr.fasta	NK_H12_053__pl_1.fasta	0.269915	0	173/100000	NK_H12_053
NK_H12_053__chr.fasta	NK_H12_053__pl_2.fasta	0.36196	1.80823e-113	25/100000	NK_H12_053
NK_H12_053__chr.fasta	NK_H12_053__pl_3.fasta	1	1	0/100000	NK_H12_053
NK_H12_053__chr.fasta	NK_H12_053__pl_4.fasta	1	1	0/100000	NK_H12_053
NK_H12_053__chr.fasta	NK_H12_053__pl_5.fasta	1	1	0/100000	NK_H12_053
NK_H12_063__chr.fasta	NK_H12_063__chr.fasta	0	0	100000/100000	NK_H12_063
NK_H12_063__chr.fasta	NK_H12_063__completeAssembly.fasta	0	0	100000/100000	NK_H12_063
NK_H12_048__chr.fasta	NK_H12_048__allPlasmids.fasta	0.302607	0	87/100000	NK_H12_048
NK_H12_048__chr.fasta	NK_H12_048__chr.fasta	0	0	100000/100000	NK_H12_048
NK_H12_048__chr.fasta	NK_H12_048__completeAssembly.fasta	0.000478048	0	98022/100000	NK_H12_048
NK_H12_048__chr.fasta	NK_H12_048__pl_1.fasta	0.302607	0	87/100000	NK_H12_048
NK_H12_048__chr.fasta	NK_H12_048__pl_2.fasta	1	1	0/100000	NK_H12_048
NK_H12_034__chr.fasta	NK_H12_034__allPlasmids.fasta	0.243133	0	304/100000	NK_H12_034
NK_H12_034__chr.fasta	NK_H12_034__chr.fasta	0	0	100000/100000	NK_H12_034
NK_H12_034__chr.fasta	NK_H12_034__completeAssembly.fasta	0.00155644	0	93769/100000	NK_H12_034
NK_H12_034__chr.fasta	NK_H12_034__pl_1.fasta	0.291017	0	111/100000	NK_H12_034
NK_H12_034__chr.fasta	NK_H12_034__pl_2.fasta	0.248764	0	270/100000	NK_H12_034
NK_H12_034__chr.fasta	NK_H12_034__pl_3.fasta	1	1	0/100000	NK_H12_034
NK_H12_068__chr.fasta	NK_H12_068__allPlasmids.fasta	0.377599	8.99874e-72	18/100000	NK_H12_068
NK_H12_068__chr.fasta	NK_H12_068__chr.fasta	0	0	100000/100000	NK_H12_068
NK_H12_068__chr.fasta	NK_H12_068__completeAssembly.fasta	0.000159368	0	99334/100000	NK_H12_068
NK_H12_068__chr.fasta	NK_H12_068__pl_1.fasta	0.377599	6.81389e-73	18/100000	NK_H12_068
NK_H12_068__chr.fasta	NK_H12_068__pl_2.fasta	1	1	0/100000	NK_H12_068
NK_H12_068__chr.fasta	NK_H12_068__pl_3.fasta	1	1	0/100000	NK_H12_068
NK_H12_041__chr.fasta	NK_H12_041__allPlasmids.fasta	0.26521	0	191/100000	NK_H12_041
NK_H12_041__chr.fasta	NK_H12_041__chr.fasta	0	0	100000/100000	NK_H12_041
NK_H12_041__chr.fasta	NK_H12_041__completeAssembly.fasta	0.00153339	0	93857/100000	NK_H12_041
NK_H12_041__chr.fasta	NK_H12_041__pl_1.fasta	0.263982	0	196/100000	NK_H12_041
NK_H12_041__chr.fasta	NK_H12_041__pl_2.fasta	0.339586	7.27137e-161	40/100000	NK_H12_041
NK_H12_041__chr.fasta	NK_H12_041__pl_3.fasta	1	1	0/100000	NK_H12_041
NK_H12_041__chr.fasta	NK_H12_041__pl_4.fasta	0.275756	0	153/100000	NK_H12_041
NK_H12_086__chr.fasta	NK_H12_086__allPlasmids.fasta	0.365929	1.48932e-79	23/100000	NK_H12_086
NK_H12_086__chr.fasta	NK_H12_086__chr.fasta	0	0	100000/100000	NK_H12_086
NK_H12_086__chr.fasta	NK_H12_086__completeAssembly.fasta	0.000673031	0	97232/100000	NK_H12_086
NK_H12_086__chr.fasta	NK_H12_086__pl_1.fasta	0.365929	1.02317e-79	23/100000	NK_H12_086
NK_H12_086__chr.fasta	NK_H12_086__pl_2.fasta	1	1	0/100000	NK_H12_086
NK_H14_036__chr.fasta	NK_H14_036__allPlasmids.fasta	0.332933	8.39342e-177	46/100000	NK_H14_036
NK_H14_036__chr.fasta	NK_H14_036__chr.fasta	0	0	100000/100000	NK_H14_036
NK_H14_036__chr.fasta	NK_H14_036__completeAssembly.fasta	0.000540482	0	97768/100000	NK_H14_036
NK_H14_036__chr.fasta	NK_H14_036__pl_1.fasta	0.332933	2.25798e-178	46/100000	NK_H14_036
NK_H14_036__chr.fasta	NK_H14_036__pl_2.fasta	1	1	0/100000	NK_H14_036
NK_H14_010__chr.fasta	NK_H14_010__allPlasmids.fasta	0.318727	7.75806e-229	62/100000	NK_H14_010
NK_H14_010__chr.fasta	NK_H14_010__chr.fasta	0	0	100000/100000	NK_H14_010
NK_H14_010__chr.fasta	NK_H14_010__completeAssembly.fasta	0.000961637	0	96080/100000	NK_H14_010
NK_H14_010__chr.fasta	NK_H14_010__pl_1.fasta	0.318727	2.28747e-229	62/100000	NK_H14_010
NK_H14_010__chr.fasta	NK_H14_010__pl_2.fasta	1	1	0/100000	NK_H14_010
NK_H13_003__chr.fasta	NK_H13_003__allPlasmids.fasta	0.302607	0	87/100000	NK_H13_003
NK_H13_003__chr.fasta	NK_H13_003__chr.fasta	0	0	100000/100000	NK_H13_003
NK_H13_003__chr.fasta	NK_H13_003__completeAssembly.fasta	0.00106636	0	95667/100000	NK_H13_003
NK_H13_003__chr.fasta	NK_H13_003__pl_1.fasta	0.312277	1.18008e-281	71/100000	NK_H13_003
NK_H13_003__chr.fasta	NK_H13_003__pl_2.fasta	0.319501	2.24598e-241	61/100000	NK_H13_003
NK_H13_003__chr.fasta	NK_H13_003__pl_3.fasta	1	1	0/100000	NK_H13_003
NK_H14_033__chr.fasta	NK_H14_033__allPlasmids.fasta	0.256381	0	230/100000	NK_H14_033
NK_H14_033__chr.fasta	NK_H14_033__chr.fasta	0	0	100000/100000	NK_H14_033
NK_H14_033__chr.fasta	NK_H14_033__completeAssembly.fasta	0.000744453	0	96945/100000	NK_H14_033
NK_H14_033__chr.fasta	NK_H14_033__pl_1.fasta	0.256175	0	231/100000	NK_H14_033
NK_H14_033__chr.fasta	NK_H14_033__pl_2.fasta	1	1	0/100000	NK_H14_033
NK_H14_033__chr.fasta	NK_H14_033__pl_3.fasta	1	1	0/100000	NK_H14_033
NK_H12_100__chr.fasta	NK_H12_100__allPlasmids.fasta	0.429909	1.70913e-17	6/100000	NK_H12_100
NK_H12_100__chr.fasta	NK_H12_100__chr.fasta	0	0	100000/100000	NK_H12_100
NK_H12_100__chr.fasta	NK_H12_100__completeAssembly.fasta	0.000908643	0	96290/100000	NK_H12_100
NK_H12_100__chr.fasta	NK_H12_100__pl_1.fasta	0.429909	1.70913e-17	6/100000	NK_H12_100
NK_H14_001__chr.fasta	NK_H14_001__allPlasmids.fasta	0.368046	1.98773e-72	22/100000	NK_H14_001
NK_H14_001__chr.fasta	NK_H14_001__chr.fasta	0	0	100000/100000	NK_H14_001
NK_H14_001__chr.fasta	NK_H14_001__completeAssembly.fasta	0.00100618	0	95904/100000	NK_H14_001
NK_H14_001__chr.fasta	NK_H14_001__pl_1.fasta	0.368046	1.98773e-72	22/100000	NK_H14_001
NK_H14_015__chr.fasta	NK_H14_015__allPlasmids.fasta	0.33191	2.4759e-165	47/100000	NK_H14_015
NK_H14_015__chr.fasta	NK_H14_015__chr.fasta	0	0	100000/100000	NK_H14_015
NK_H14_015__chr.fasta	NK_H14_015__completeAssembly.fasta	0.00112574	0	95434/100000	NK_H14_015
NK_H14_015__chr.fasta	NK_H14_015__pl_1.fasta	0.333979	1.83851e-169	45/100000	NK_H14_015
NK_H14_015__chr.fasta	NK_H14_015__pl_2.fasta	0.336143	5.00316e-164	43/100000	NK_H14_015
NK_H14_015__chr.fasta	NK_H14_015__pl_3.fasta	0.482221	4.88965e-09	2/100000	NK_H14_015
NK_H14_042__chr.fasta	NK_H14_042__allPlasmids.fasta	0.482221	3.74023e-06	2/100000	NK_H14_042
NK_H14_042__chr.fasta	NK_H14_042__chr.fasta	0	0	100000/100000	NK_H14_042
NK_H14_042__chr.fasta	NK_H14_042__completeAssembly.fasta	0.000549843	0	97730/100000	NK_H14_042
NK_H14_042__chr.fasta	NK_H14_042__pl_1.fasta	0.482221	3.00383e-06	2/100000	NK_H14_042
NK_H14_042__chr.fasta	NK_H14_042__pl_2.fasta	1	1	0/100000	NK_H14_042
NK_H14_042__chr.fasta	NK_H14_042__pl_3.fasta	1	1	0/100000	NK_H14_042
NK_H14_037__chr.fasta	NK_H14_037__allPlasmids.fasta	0.260703	0	210/100000	NK_H14_037
NK_H14_037__chr.fasta	NK_H14_037__chr.fasta	0	0	100000/100000	NK_H14_037
NK_H14_037__chr.fasta	NK_H14_037__completeAssembly.fasta	0.00116741	0	95271/100000	NK_H14_037
NK_H14_037__chr.fasta	NK_H14_037__pl_1.fasta	0.311611	1.37993e-276	72/100000	NK_H14_037
NK_H14_037__chr.fasta	NK_H14_037__pl_2.fasta	0.27897	0	143/100000	NK_H14_037
NK_H14_037__chr.fasta	NK_H14_037__pl_3.fasta	1	1	0/100000	NK_H14_037
NK_H14_037__chr.fasta	NK_H14_037__pl_4.fasta	1	1	0/100000	NK_H14_037
NK_H14_057__chr.fasta	NK_H14_057__chr.fasta	0	0	100000/100000	NK_H14_057
NK_H14_057__chr.fasta	NK_H14_057__completeAssembly.fasta	0	0	100000/100000	NK_H14_057
NK_H14_058__chr.fasta	NK_H14_058__allPlasmids.fasta	1	1	0/100000	NK_H14_058
NK_H14_058__chr.fasta	NK_H14_058__chr.fasta	0	0	100000/100000	NK_H14_058
NK_H14_058__chr.fasta	NK_H14_058__completeAssembly.fasta	0.000259727	0	98918/100000	NK_H14_058
NK_H14_058__chr.fasta	NK_H14_058__pl_1.fasta	1	1	0/100000	NK_H14_058
NK_H15_014__chr.fasta	NK_H15_014__chr.fasta	0	0	100000/100000	NK_H15_014
NK_H15_014__chr.fasta	NK_H15_014__completeAssembly.fasta	0	0	100000/100000	NK_H15_014
NK_H14_050__chr.fasta	NK_H14_050__allPlasmids.fasta	0.264962	0	192/100000	NK_H14_050
NK_H14_050__chr.fasta	NK_H14_050__chr.fasta	0	0	100000/100000	NK_H14_050
NK_H14_050__chr.fasta	NK_H14_050__completeAssembly.fasta	0.00111936	0	95459/100000	NK_H14_050
NK_H14_050__chr.fasta	NK_H14_050__pl_1.fasta	0.264715	0	193/100000	NK_H14_050
NK_H14_050__chr.fasta	NK_H14_050__pl_2.fasta	1	1	0/100000	NK_H14_050
NK_H14_050__chr.fasta	NK_H14_050__pl_3.fasta	1	1	0/100000	NK_H14_050
NK_H14_063__chr.fasta	NK_H14_063__allPlasmids.fasta	0.33191	3.30574e-163	47/100000	NK_H14_063
NK_H14_063__chr.fasta	NK_H14_063__chr.fasta	0	0	100000/100000	NK_H14_063
NK_H14_063__chr.fasta	NK_H14_063__completeAssembly.fasta	0.00133335	0	94626/100000	NK_H14_063
NK_H14_063__chr.fasta	NK_H14_063__pl_1.fasta	0.329926	8.56311e-182	49/100000	NK_H14_063
NK_H14_063__chr.fasta	NK_H14_063__pl_2.fasta	0.43859	8.0695e-16	5/100000	NK_H14_063
NK_H14_063__chr.fasta	NK_H14_063__pl_3.fasta	1	1	0/100000	NK_H14_063
NK_H15_002__chr.fasta	NK_H15_002__allPlasmids.fasta	0.345942	2.76343e-125	35/100000	NK_H15_002
NK_H15_002__chr.fasta	NK_H15_002__chr.fasta	0	0	100000/100000	NK_H15_002
NK_H15_002__chr.fasta	NK_H15_002__completeAssembly.fasta	0.00077391	0	96827/100000	NK_H15_002
NK_H15_002__chr.fasta	NK_H15_002__pl_1.fasta	0.345942	1.6398e-125	35/100000	NK_H15_002
NK_H15_002__chr.fasta	NK_H15_002__pl_2.fasta	1	1	0/100000	NK_H15_002
NK_H15_001__chr.fasta	NK_H15_001__allPlasmids.fasta	0.23658	0	349/100000	NK_H15_001
NK_H15_001__chr.fasta	NK_H15_001__chr.fasta	0	0	100000/100000	NK_H15_001
NK_H15_001__chr.fasta	NK_H15_001__completeAssembly.fasta	0.00141474	0	94312/100000	NK_H15_001
NK_H15_001__chr.fasta	NK_H15_001__pl_1.fasta	0.23658	0	349/100000	NK_H15_001
NK_H15_021__chr.fasta	NK_H15_021__allPlasmids.fasta	0.482221	1.06662e-05	2/100000	NK_H15_021
NK_H15_021__chr.fasta	NK_H15_021__chr.fasta	0	0	100000/100000	NK_H15_021
NK_H15_021__chr.fasta	NK_H15_021__completeAssembly.fasta	0.000930325	0	96204/100000	NK_H15_021
NK_H15_021__chr.fasta	NK_H15_021__pl_1.fasta	0.482221	1.06662e-05	2/100000	NK_H15_021
NK_H15_022__chr.fasta	NK_H15_022__allPlasmids.fasta	0.368046	7.3712e-73	22/100000	NK_H15_022
NK_H15_022__chr.fasta	NK_H15_022__chr.fasta	0	0	100000/100000	NK_H15_022
NK_H15_022__chr.fasta	NK_H15_022__completeAssembly.fasta	0.000978834	0	96012/100000	NK_H15_022
NK_H15_022__chr.fasta	NK_H15_022__pl_1.fasta	0.368046	5.26054e-73	22/100000	NK_H15_022
NK_H15_022__chr.fasta	NK_H15_022__pl_2.fasta	1	1	0/100000	NK_H15_022
NK_H15_032__chr.fasta	NK_H15_032__allPlasmids.fasta	0.422568	2.84335e-20	7/100000	NK_H15_032
NK_H15_032__chr.fasta	NK_H15_032__chr.fasta	0	0	100000/100000	NK_H15_032
NK_H15_032__chr.fasta	NK_H15_032__completeAssembly.fasta	0.00113877	0	95383/100000	NK_H15_032
NK_H15_032__chr.fasta	NK_H15_032__pl_1.fasta	0.422568	3.77405e-21	7/100000	NK_H15_032
NK_H15_032__chr.fasta	NK_H15_032__pl_2.fasta	1	1	0/100000	NK_H15_032
NK_H15_032__chr.fasta	NK_H15_032__pl_3.fasta	1	1	0/100000	NK_H15_032
NK_H15_025__chr.fasta	NK_H15_025__allPlasmids.fasta	0.368046	2.96796e-69	22/100000	NK_H15_025
NK_H15_025__chr.fasta	NK_H15_025__chr.fasta	0	0	100000/100000	NK_H15_025
NK_H15_025__chr.fasta	NK_H15_025__completeAssembly.fasta	0.00136751	0	94494/100000	NK_H15_025
NK_H15_025__chr.fasta	NK_H15_025__pl_1.fasta	1	1	0/100000	NK_H15_025
NK_H15_025__chr.fasta	NK_H15_025__pl_2.fasta	0.368046	4.3407e-81	22/100000	NK_H15_025
NK_H15_025__chr.fasta	NK_H15_025__pl_3.fasta	1	1	0/100000	NK_H15_025
NK_H15_025__chr.fasta	NK_H15_025__pl_4.fasta	1	1	0/100000	NK_H15_025
NK_H15_025__chr.fasta	NK_H15_025__pl_5.fasta	1	1	0/100000	NK_H15_025
NK_H15_047__chr.fasta	NK_H15_047__allPlasmids.fasta	0.324428	3.08518e-201	55/100000	NK_H15_047
NK_H15_047__chr.fasta	NK_H15_047__chr.fasta	0	0	100000/100000	NK_H15_047
NK_H15_047__chr.fasta	NK_H15_047__completeAssembly.fasta	0.000966946	0	96059/100000	NK_H15_047
NK_H15_047__chr.fasta	NK_H15_047__pl_1.fasta	0.324428	3.08518e-201	55/100000	NK_H15_047
NK_H15_042__chr.fasta	NK_H15_042__allPlasmids.fasta	0.260029	0	213/100000	NK_H15_042
NK_H15_042__chr.fasta	NK_H15_042__chr.fasta	0	0	100000/100000	NK_H15_042
NK_H15_042__chr.fasta	NK_H15_042__completeAssembly.fasta	0.00131035	0	94715/100000	NK_H15_042
NK_H15_042__chr.fasta	NK_H15_042__pl_1.fasta	0.258493	0	220/100000	NK_H15_042
NK_H15_042__chr.fasta	NK_H15_042__pl_2.fasta	0.332933	3.5895e-178	46/100000	NK_H15_042
NK_H15_060__chr.fasta	NK_H15_060__allPlasmids.fasta	1	1	0/100000	NK_H15_060
NK_H15_060__chr.fasta	NK_H15_060__chr.fasta	0	0	100000/100000	NK_H15_060
NK_H15_060__chr.fasta	NK_H15_060__completeAssembly.fasta	2.0251e-05	0	99915/100000	NK_H15_060
NK_H15_060__chr.fasta	NK_H15_060__pl_1.fasta	1	1	0/100000	NK_H15_060
NK_H16_012__chr.fasta	NK_H16_012__allPlasmids.fasta	0.271027	0	169/100000	NK_H16_012
NK_H16_012__chr.fasta	NK_H16_012__chr.fasta	0	0	100000/100000	NK_H16_012
NK_H16_012__chr.fasta	NK_H16_012__completeAssembly.fasta	0.00106535	0	95671/100000	NK_H16_012
NK_H16_012__chr.fasta	NK_H16_012__pl_1.fasta	0.273927	0	159/100000	NK_H16_012
NK_H16_012__chr.fasta	NK_H16_012__pl_2.fasta	0.345942	5.15769e-132	35/100000	NK_H16_012
NK_H15_048__chr.fasta	NK_H15_048__allPlasmids.fasta	0.318727	1.07246e-228	62/100000	NK_H15_048
NK_H15_048__chr.fasta	NK_H15_048__chr.fasta	0	0	100000/100000	NK_H15_048
NK_H15_048__chr.fasta	NK_H15_048__completeAssembly.fasta	0.000961637	0	96080/100000	NK_H15_048
NK_H15_048__chr.fasta	NK_H15_048__pl_1.fasta	0.318727	3.18352e-229	62/100000	NK_H15_048
NK_H15_048__chr.fasta	NK_H15_048__pl_2.fasta	1	1	0/100000	NK_H15_048
NK_H16_005__chr.fasta	NK_H16_005__allPlasmids.fasta	0.318727	7.75775e-229	62/100000	NK_H16_005
NK_H16_005__chr.fasta	NK_H16_005__chr.fasta	0	0	100000/100000	NK_H16_005
NK_H16_005__chr.fasta	NK_H16_005__completeAssembly.fasta	0.000961637	0	96080/100000	NK_H16_005
NK_H16_005__chr.fasta	NK_H16_005__pl_1.fasta	0.318727	2.28738e-229	62/100000	NK_H16_005
NK_H16_005__chr.fasta	NK_H16_005__pl_2.fasta	1	1	0/100000	NK_H16_005
NK_H16_016__chr.fasta	NK_H16_016__allPlasmids.fasta	0.462914	5.52948e-09	3/100000	NK_H16_016
NK_H16_016__chr.fasta	NK_H16_016__chr.fasta	0	0	100000/100000	NK_H16_016
NK_H16_016__chr.fasta	NK_H16_016__completeAssembly.fasta	0.000626663	0	97419/100000	NK_H16_016
NK_H16_016__chr.fasta	NK_H16_016__pl_1.fasta	0.462914	5.15156e-09	3/100000	NK_H16_016
NK_H16_016__chr.fasta	NK_H16_016__pl_2.fasta	1	1	0/100000	NK_H16_016
NK_H17_018__chr.fasta	NK_H17_018__allPlasmids.fasta	0.363903	1.89161e-87	24/100000	NK_H17_018
NK_H17_018__chr.fasta	NK_H17_018__chr.fasta	0	0	100000/100000	NK_H17_018
NK_H17_018__chr.fasta	NK_H17_018__completeAssembly.fasta	0.000496949	0	97945/100000	NK_H17_018
NK_H17_018__chr.fasta	NK_H17_018__pl_1.fasta	0.363903	1.89161e-87	24/100000	NK_H17_018
NK_H16_023__chr.fasta	NK_H16_023__allPlasmids.fasta	0.283502	0	130/100000	NK_H16_023
NK_H16_023__chr.fasta	NK_H16_023__chr.fasta	0	0	100000/100000	NK_H16_023
NK_H16_023__chr.fasta	NK_H16_023__completeAssembly.fasta	0.00101683	0	95862/100000	NK_H16_023
NK_H16_023__chr.fasta	NK_H16_023__pl_1.fasta	0.282061	0	134/100000	NK_H16_023
NK_H16_023__chr.fasta	NK_H16_023__pl_2.fasta	0.33841	2.03598e-156	41/100000	NK_H16_023
NK_H16_023__chr.fasta	NK_H16_023__pl_3.fasta	0.375025	3.37539e-91	19/100000	NK_H16_023
NK_H16_023__chr.fasta	NK_H16_023__pl_4.fasta	1	1	0/100000	NK_H16_023
NK_H17_017__chr.fasta	NK_H17_017__allPlasmids.fasta	1	1	0/100000	NK_H17_017
NK_H17_017__chr.fasta	NK_H17_017__chr.fasta	0	0	100000/100000	NK_H17_017
NK_H17_017__chr.fasta	NK_H17_017__completeAssembly.fasta	0.00028225	0	98825/100000	NK_H17_017
NK_H17_017__chr.fasta	NK_H17_017__pl_1.fasta	1	1	0/100000	NK_H17_017
NK_H17_017__chr.fasta	NK_H17_017__pl_2.fasta	1	1	0/100000	NK_H17_017
NK_H17_017__chr.fasta	NK_H17_017__pl_3.fasta	1	1	0/100000	NK_H17_017
NK_H17_017__chr.fasta	NK_H17_017__pl_4.fasta	1	1	0/100000	NK_H17_017
NK_H17_002__chr.fasta	NK_H17_002__allPlasmids.fasta	0.248414	0	272/100000	NK_H17_002
NK_H17_002__chr.fasta	NK_H17_002__chr.fasta	0	0	100000/100000	NK_H17_002
NK_H17_002__chr.fasta	NK_H17_002__completeAssembly.fasta	0.00176479	0	92979/100000	NK_H17_002
NK_H17_002__chr.fasta	NK_H17_002__pl_1.fasta	0.274227	0	158/100000	NK_H17_002
NK_H17_002__chr.fasta	NK_H17_002__pl_2.fasta	0.275138	0	155/100000	NK_H17_002
NK_H17_002__chr.fasta	NK_H17_002__pl_3.fasta	0.299434	0	93/100000	NK_H17_002
NK_H17_002__chr.fasta	NK_H17_002__pl_4.fasta	0.313636	1.79812e-312	69/100000	NK_H17_002
NK_H17_002__chr.fasta	NK_H17_002__pl_5.fasta	0.358296	2.7285e-126	27/100000	NK_H17_002
NK_H17_002__chr.fasta	NK_H17_002__pl_6.fasta	1	1	0/100000	NK_H17_002
NK_H17_002__chr.fasta	NK_H17_002__pl_7.fasta	1	1	0/100000	NK_H17_002
NK_H18_003__chr.fasta	NK_H18_003__allPlasmids.fasta	0.312952	6.28623e-267	70/100000	NK_H18_003
NK_H18_003__chr.fasta	NK_H18_003__chr.fasta	0	0	100000/100000	NK_H18_003
NK_H18_003__chr.fasta	NK_H18_003__completeAssembly.fasta	0.000837499	0	96573/100000	NK_H18_003
NK_H18_003__chr.fasta	NK_H18_003__pl_1.fasta	0.312952	6.28623e-267	70/100000	NK_H18_003
NK_H17_023__chr.fasta	NK_H17_023__allPlasmids.fasta	0.329926	1.27402e-166	49/100000	NK_H17_023
NK_H17_023__chr.fasta	NK_H17_023__chr.fasta	0	0	100000/100000	NK_H17_023
NK_H17_023__chr.fasta	NK_H17_023__completeAssembly.fasta	0.00151822	0	93915/100000	NK_H17_023
NK_H17_023__chr.fasta	NK_H17_023__pl_1.fasta	0.333979	4.31762e-158	45/100000	NK_H17_023
NK_H17_023__chr.fasta	NK_H17_023__pl_2.fasta	0.41621	3.48794e-26	8/100000	NK_H17_023
NK_H17_042__chr.fasta	NK_H17_042__allPlasmids.fasta	0.293209	0	106/100000	NK_H17_042
NK_H17_042__chr.fasta	NK_H17_042__chr.fasta	0	0	100000/100000	NK_H17_042
NK_H17_042__chr.fasta	NK_H17_042__completeAssembly.fasta	0.000606373	0	97501/100000	NK_H17_042
NK_H17_042__chr.fasta	NK_H17_042__pl_1.fasta	0.292763	0	107/100000	NK_H17_042
NK_H17_042__chr.fasta	NK_H17_042__pl_2.fasta	1	1	0/100000	NK_H17_042
NK_H17_042__chr.fasta	NK_H17_042__pl_3.fasta	1	1	0/100000	NK_H17_042
NK_H18_005__chr.fasta	NK_H18_005__chr.fasta	0	0	100000/100000	NK_H18_005
NK_H18_005__chr.fasta	NK_H18_005__completeAssembly.fasta	0	0	100000/100000	NK_H18_005
NK_H18_038__chr.fasta	NK_H18_038__allPlasmids.fasta	0.372583	3.24985e-65	20/100000	NK_H18_038
NK_H18_038__chr.fasta	NK_H18_038__chr.fasta	0	0	100000/100000	NK_H18_038
NK_H18_038__chr.fasta	NK_H18_038__completeAssembly.fasta	0.00095633	0	96101/100000	NK_H18_038
NK_H18_038__chr.fasta	NK_H18_038__pl_1.fasta	0.37026	6.32539e-74	21/100000	NK_H18_038
NK_H18_038__chr.fasta	NK_H18_038__pl_2.fasta	0.377599	2.66872e-64	18/100000	NK_H18_038
NK_H17_034__chr.fasta	NK_H17_034__allPlasmids.fasta	0.155262	0	1956/100000	NK_H17_034
NK_H17_034__chr.fasta	NK_H17_034__chr.fasta	0	0	100000/100000	NK_H17_034
NK_H17_034__chr.fasta	NK_H17_034__completeAssembly.fasta	0.00160158	0	93597/100000	NK_H17_034
NK_H17_034__chr.fasta	NK_H17_034__pl_1.fasta	0.233552	0	372/100000	NK_H17_034
NK_H17_034__chr.fasta	NK_H17_034__pl_2.fasta	0.363903	4.29191e-88	24/100000	NK_H17_034
NK_H17_034__chr.fasta	NK_H17_034__pl_3.fasta	0.160976	0	1731/100000	NK_H17_034
NK_H17_034__chr.fasta	NK_H17_034__pl_4.fasta	1	1	0/100000	NK_H17_034
NK_H17_034__chr.fasta	NK_H17_034__pl_5.fasta	0.326191	8.33673e-272	53/100000	NK_H17_034
NK_H17_034__chr.fasta	NK_H17_034__pl_6.fasta	1	1	0/100000	NK_H17_034
NK_H18_026__chr.fasta	NK_H18_026__allPlasmids.fasta	0.354894	1.30265e-97	29/100000	NK_H18_026
NK_H18_026__chr.fasta	NK_H18_026__chr.fasta	0	0	100000/100000	NK_H18_026
NK_H18_026__chr.fasta	NK_H18_026__completeAssembly.fasta	0.00107731	0	95624/100000	NK_H18_026
NK_H18_026__chr.fasta	NK_H18_026__pl_1.fasta	0.35328	9.81878e-103	30/100000	NK_H18_026
NK_H18_026__chr.fasta	NK_H18_026__pl_2.fasta	1	1	0/100000	NK_H18_026
NK_H18_026__chr.fasta	NK_H18_026__pl_3.fasta	1	1	0/100000	NK_H18_026
NK_H18_026__chr.fasta	NK_H18_026__pl_4.fasta	1	1	0/100000	NK_H18_026
NK_H18_026__chr.fasta	NK_H18_026__pl_5.fasta	1	1	0/100000	NK_H18_026
NK_H18_026__chr.fasta	NK_H18_026__pl_6.fasta	1	1	0/100000	NK_H18_026
NK_H18_072__chr.fasta	NK_H18_072__chr.fasta	0	0	100000/100000	NK_H18_072
NK_H18_072__chr.fasta	NK_H18_072__completeAssembly.fasta	0	0	100000/100000	NK_H18_072
NK_H18_019__chr.fasta	NK_H18_019__allPlasmids.fasta	0.283502	0	130/100000	NK_H18_019
NK_H18_019__chr.fasta	NK_H18_019__chr.fasta	0	0	100000/100000	NK_H18_019
NK_H18_019__chr.fasta	NK_H18_019__completeAssembly.fasta	0.00100542	0	95907/100000	NK_H18_019
NK_H18_019__chr.fasta	NK_H18_019__pl_1.fasta	0.285367	0	125/100000	NK_H18_019
NK_H18_019__chr.fasta	NK_H18_019__pl_2.fasta	0.337263	1.47283e-171	42/100000	NK_H18_019
NK_H18_054__chr.fasta	NK_H18_054__chr.fasta	0	0	100000/100000	NK_H18_054
NK_H18_054__chr.fasta	NK_H18_054__completeAssembly.fasta	0	0	100000/100000	NK_H18_054
NK_H18_074__chr.fasta	NK_H18_074__allPlasmids.fasta	0.33841	2.42689e-143	41/100000	NK_H18_074
NK_H18_074__chr.fasta	NK_H18_074__chr.fasta	0	0	100000/100000	NK_H18_074
NK_H18_074__chr.fasta	NK_H18_074__completeAssembly.fasta	0.00107934	0	95616/100000	NK_H18_074
NK_H18_074__chr.fasta	NK_H18_074__pl_1.fasta	0.33841	2.42689e-143	41/100000	NK_H18_074
NK_H18_050__chr.fasta	NK_H18_050__chr.fasta	0	0	100000/100000	NK_H18_050
NK_H18_050__chr.fasta	NK_H18_050__completeAssembly.fasta	0	0	100000/100000	NK_H18_050
NK_H19_011__chr.fasta	NK_H19_011__allPlasmids.fasta	0.292763	0	107/100000	NK_H19_011
NK_H19_011__chr.fasta	NK_H19_011__chr.fasta	0	0	100000/100000	NK_H19_011
NK_H19_011__chr.fasta	NK_H19_011__completeAssembly.fasta	0.000909147	0	96288/100000	NK_H19_011
NK_H19_011__chr.fasta	NK_H19_011__pl_1.fasta	0.292763	0	107/100000	NK_H19_011
NK_H19_011__chr.fasta	NK_H19_011__pl_2.fasta	1	1	0/100000	NK_H19_011
NK_H19_015__chr.fasta	NK_H19_015__allPlasmids.fasta	0.345942	4.94869e-118	35/100000	NK_H19_015
NK_H19_015__chr.fasta	NK_H19_015__chr.fasta	0	0	100000/100000	NK_H19_015
NK_H19_015__chr.fasta	NK_H19_015__completeAssembly.fasta	0.00128971	0	94795/100000	NK_H19_015
NK_H19_015__chr.fasta	NK_H19_015__pl_1.fasta	0.343297	4.28126e-134	37/100000	NK_H19_015
NK_H19_015__chr.fasta	NK_H19_015__pl_2.fasta	0.38628	7.29532e-52	15/100000	NK_H19_015
NK_H19_015__chr.fasta	NK_H19_015__pl_3.fasta	1	1	0/100000	NK_H19_015
NK_H19_015__chr.fasta	NK_H19_015__pl_4.fasta	1	1	0/100000	NK_H19_015
NK_H18_073__chr.fasta	NK_H18_073__allPlasmids.fasta	0.41621	2.39843e-24	8/100000	NK_H18_073
NK_H18_073__chr.fasta	NK_H18_073__chr.fasta	0	0	100000/100000	NK_H18_073
NK_H18_073__chr.fasta	NK_H18_073__completeAssembly.fasta	0.000853059	0	96511/100000	NK_H18_073
NK_H18_073__chr.fasta	NK_H18_073__pl_1.fasta	0.41621	1.63264e-24	8/100000	NK_H18_073
NK_H18_073__chr.fasta	NK_H18_073__pl_2.fasta	1	1	0/100000	NK_H18_073
NK_H1_001__chr.fasta	NK_H1_001__allPlasmids.fasta	0.429909	2.11405e-17	6/100000	NK_H1_001
NK_H1_001__chr.fasta	NK_H1_001__chr.fasta	0	0	100000/100000	NK_H1_001
NK_H1_001__chr.fasta	NK_H1_001__completeAssembly.fasta	0.0010247	0	95831/100000	NK_H1_001
NK_H1_001__chr.fasta	NK_H1_001__pl_1.fasta	1	1	0/100000	NK_H1_001
NK_H1_001__chr.fasta	NK_H1_001__pl_2.fasta	0.429909	1.29888e-27	6/100000	NK_H1_001
NK_H1_011__chr.fasta	NK_H1_011__allPlasmids.fasta	0.315752	3.6071e-255	66/100000	NK_H1_011
NK_H1_011__chr.fasta	NK_H1_011__chr.fasta	0	0	100000/100000	NK_H1_011
NK_H1_011__chr.fasta	NK_H1_011__completeAssembly.fasta	0.000691167	0	97159/100000	NK_H1_011
NK_H1_011__chr.fasta	NK_H1_011__pl_1.fasta	0.315752	3.6071e-255	66/100000	NK_H1_011
NK_H1_050__chr.fasta	NK_H1_050__chr.fasta	0	0	100000/100000	NK_H1_050
NK_H1_050__chr.fasta	NK_H1_050__completeAssembly.fasta	0	0	100000/100000	NK_H1_050
NK_H1_059__chr.fasta	NK_H1_059__allPlasmids.fasta	1	1	0/100000	NK_H1_059
NK_H1_059__chr.fasta	NK_H1_059__chr.fasta	0	0	100000/100000	NK_H1_059
NK_H1_059__chr.fasta	NK_H1_059__completeAssembly.fasta	0.000179341	0	99251/100000	NK_H1_059
NK_H1_059__chr.fasta	NK_H1_059__pl_1.fasta	1	1	0/100000	NK_H1_059
NK_H1_059__chr.fasta	NK_H1_059__pl_2.fasta	1	1	0/100000	NK_H1_059
NK_H1_037__chr.fasta	NK_H1_037__allPlasmids.fasta	0.347322	4.70932e-122	34/100000	NK_H1_037
NK_H1_037__chr.fasta	NK_H1_037__chr.fasta	0	0	100000/100000	NK_H1_037
NK_H1_037__chr.fasta	NK_H1_037__completeAssembly.fasta	0.000746947	0	96935/100000	NK_H1_037
NK_H1_037__chr.fasta	NK_H1_037__pl_1.fasta	0.354894	1.07487e-102	29/100000	NK_H1_037
NK_H1_037__chr.fasta	NK_H1_037__pl_2.fasta	0.43859	1.14865e-22	5/100000	NK_H1_037
NK_H1_040__chr.fasta	NK_H1_040__allPlasmids.fasta	0.311611	4.22361e-262	72/100000	NK_H1_040
NK_H1_040__chr.fasta	NK_H1_040__chr.fasta	0	0	100000/100000	NK_H1_040
NK_H1_040__chr.fasta	NK_H1_040__completeAssembly.fasta	0.00132921	0	94642/100000	NK_H1_040
NK_H1_040__chr.fasta	NK_H1_040__pl_1.fasta	0.329926	4.61418e-180	49/100000	NK_H1_040
NK_H1_040__chr.fasta	NK_H1_040__pl_2.fasta	0.360092	3.62141e-95	26/100000	NK_H1_040
NK_H1_044__chr.fasta	NK_H1_044__chr.fasta	0	0	100000/100000	NK_H1_044
NK_H1_044__chr.fasta	NK_H1_044__completeAssembly.fasta	0	0	100000/100000	NK_H1_044
NK_H1_084__chr.fasta	NK_H1_084__allPlasmids.fasta	0.274529	0	157/100000	NK_H1_084
NK_H1_084__chr.fasta	NK_H1_084__chr.fasta	0	0	100000/100000	NK_H1_084
NK_H1_084__chr.fasta	NK_H1_084__completeAssembly.fasta	0.001478	0	94069/100000	NK_H1_084
NK_H1_084__chr.fasta	NK_H1_084__pl_1.fasta	0.274529	0	157/100000	NK_H1_084
NK_H1_074__chr.fasta	NK_H1_074__allPlasmids.fasta	0.262549	0	202/100000	NK_H1_074
NK_H1_074__chr.fasta	NK_H1_074__chr.fasta	0	0	100000/100000	NK_H1_074
NK_H1_074__chr.fasta	NK_H1_074__completeAssembly.fasta	0.00107171	0	95646/100000	NK_H1_074
NK_H1_074__chr.fasta	NK_H1_074__pl_1.fasta	0.266727	0	185/100000	NK_H1_074
NK_H1_074__chr.fasta	NK_H1_074__pl_2.fasta	1	1	0/100000	NK_H1_074
NK_H1_074__chr.fasta	NK_H1_074__pl_3.fasta	0.309038	0	76/100000	NK_H1_074
NK_H1_041__chr.fasta	NK_H1_041__allPlasmids.fasta	0.319501	9.60175e-225	61/100000	NK_H1_041
NK_H1_041__chr.fasta	NK_H1_041__chr.fasta	0	0	100000/100000	NK_H1_041
NK_H1_041__chr.fasta	NK_H1_041__completeAssembly.fasta	0.000961637	0	96080/100000	NK_H1_041
NK_H1_041__chr.fasta	NK_H1_041__pl_1.fasta	0.319501	2.88739e-225	61/100000	NK_H1_041
NK_H1_041__chr.fasta	NK_H1_041__pl_2.fasta	1	1	0/100000	NK_H1_041
NK_H1_012__chr.fasta	NK_H1_012__chr.fasta	0	0	100000/100000	NK_H1_012
NK_H1_012__chr.fasta	NK_H1_012__completeAssembly.fasta	0	0	100000/100000	NK_H1_012
NK_H1_098__chr.fasta	NK_H1_098__allPlasmids.fasta	0.274832	0	156/100000	NK_H1_098
NK_H1_098__chr.fasta	NK_H1_098__chr.fasta	0	0	100000/100000	NK_H1_098
NK_H1_098__chr.fasta	NK_H1_098__completeAssembly.fasta	0.000904361	0	96307/100000	NK_H1_098
NK_H1_098__chr.fasta	NK_H1_098__pl_1.fasta	0.274832	0	156/100000	NK_H1_098
NK_H1_098__chr.fasta	NK_H1_098__pl_2.fasta	1	1	0/100000	NK_H1_098
NK_H1_098__chr.fasta	NK_H1_098__pl_3.fasta	1	1	0/100000	NK_H1_098
NK_H20_007__chr.fasta	NK_H20_007__allPlasmids.fasta	0.482221	4.88957e-09	2/100000	NK_H20_007
NK_H20_007__chr.fasta	NK_H20_007__chr.fasta	0	0	100000/100000	NK_H20_007
NK_H20_007__chr.fasta	NK_H20_007__completeAssembly.fasta	2.12046e-05	0	99911/100000	NK_H20_007
NK_H20_007__chr.fasta	NK_H20_007__pl_1.fasta	0.482221	4.88957e-09	2/100000	NK_H20_007
NK_H1_111__chr.fasta	NK_H1_111__allPlasmids.fasta	0.273038	0	162/100000	NK_H1_111
NK_H1_111__chr.fasta	NK_H1_111__chr.fasta	0	0	100000/100000	NK_H1_111
NK_H1_111__chr.fasta	NK_H1_111__completeAssembly.fasta	0.00117945	0	95224/100000	NK_H1_111
NK_H1_111__chr.fasta	NK_H1_111__pl_1.fasta	0.273038	0	162/100000	NK_H1_111
NK_H1_111__chr.fasta	NK_H1_111__pl_2.fasta	0.380321	1.41653e-66	17/100000	NK_H1_111
NK_H1_091__chr.fasta	NK_H1_091__allPlasmids.fasta	0.317965	4.25969e-228	63/100000	NK_H1_091
NK_H1_091__chr.fasta	NK_H1_091__chr.fasta	0	0	100000/100000	NK_H1_091
NK_H1_091__chr.fasta	NK_H1_091__completeAssembly.fasta	0.00118432	0	95205/100000	NK_H1_091
NK_H1_091__chr.fasta	NK_H1_091__pl_1.fasta	0.317965	1.9706e-228	63/100000	NK_H1_091
NK_H1_091__chr.fasta	NK_H1_091__pl_2.fasta	1	1	0/100000	NK_H1_091
NK_H20_015__chr.fasta	NK_H20_015__allPlasmids.fasta	0.25223	0	251/100000	NK_H20_015
NK_H20_015__chr.fasta	NK_H20_015__chr.fasta	0	0	100000/100000	NK_H20_015
NK_H20_015__chr.fasta	NK_H20_015__completeAssembly.fasta	0.000885733	0	96381/100000	NK_H20_015
NK_H20_015__chr.fasta	NK_H20_015__pl_1.fasta	0.25223	0	251/100000	NK_H20_015
NK_H21_010__chr.fasta	NK_H21_010__allPlasmids.fasta	0.37026	5.1091e-71	21/100000	NK_H21_010
NK_H21_010__chr.fasta	NK_H21_010__chr.fasta	0	0	100000/100000	NK_H21_010
NK_H21_010__chr.fasta	NK_H21_010__completeAssembly.fasta	0.000684209	0	97187/100000	NK_H21_010
NK_H21_010__chr.fasta	NK_H21_010__pl_1.fasta	0.37026	5.1091e-71	21/100000	NK_H21_010
NK_H1_109__chr.fasta	NK_H1_109__allPlasmids.fasta	0.315036	1.51446e-260	67/100000	NK_H1_109
NK_H1_109__chr.fasta	NK_H1_109__chr.fasta	0	0	100000/100000	NK_H1_109
NK_H1_109__chr.fasta	NK_H1_109__completeAssembly.fasta	0.000669058	0	97248/100000	NK_H1_109
NK_H1_109__chr.fasta	NK_H1_109__pl_1.fasta	0.314331	6.1342e-268	68/100000	NK_H1_109
NK_H1_109__chr.fasta	NK_H1_109__pl_2.fasta	1	1	0/100000	NK_H1_109
NK_H1_109__chr.fasta	NK_H1_109__pl_3.fasta	1	1	0/100000	NK_H1_109
NK_H1_109__chr.fasta	NK_H1_109__pl_4.fasta	1	1	0/100000	NK_H1_109
NK_H1_109__chr.fasta	NK_H1_109__pl_5.fasta	1	1	0/100000	NK_H1_109
NK_H21_023__chr.fasta	NK_H21_023__allPlasmids.fasta	0.344601	4.36872e-125	36/100000	NK_H21_023
NK_H21_023__chr.fasta	NK_H21_023__chr.fasta	0	0	100000/100000	NK_H21_023
NK_H21_023__chr.fasta	NK_H21_023__completeAssembly.fasta	0.000934109	0	96189/100000	NK_H21_023
NK_H21_023__chr.fasta	NK_H21_023__pl_1.fasta	0.343297	1.59468e-129	37/100000	NK_H21_023
NK_H21_023__chr.fasta	NK_H21_023__pl_2.fasta	1	1	0/100000	NK_H21_023
NK_H21_023__chr.fasta	NK_H21_023__pl_3.fasta	1	1	0/100000	NK_H21_023
NK_H21_029__chr.fasta	NK_H21_029__allPlasmids.fasta	0.322728	5.07818e-200	57/100000	NK_H21_029
NK_H21_029__chr.fasta	NK_H21_029__chr.fasta	0	0	100000/100000	NK_H21_029
NK_H21_029__chr.fasta	NK_H21_029__completeAssembly.fasta	0.00135819	0	94530/100000	NK_H21_029
NK_H21_029__chr.fasta	NK_H21_029__pl_1.fasta	0.322728	1.57109e-209	57/100000	NK_H21_029
NK_H21_029__chr.fasta	NK_H21_029__pl_2.fasta	0.515228	0.00242755	1/100000	NK_H21_029
NK_H21_011__chr.fasta	NK_H21_011__allPlasmids.fasta	0.254756	0	238/100000	NK_H21_011
NK_H21_011__chr.fasta	NK_H21_011__chr.fasta	0	0	100000/100000	NK_H21_011
NK_H21_011__chr.fasta	NK_H21_011__completeAssembly.fasta	0.000870896	0	96440/100000	NK_H21_011
NK_H21_011__chr.fasta	NK_H21_011__pl_1.fasta	0.383207	9.98323e-56	16/100000	NK_H21_011
NK_H21_011__chr.fasta	NK_H21_011__pl_2.fasta	0.253965	0	242/100000	NK_H21_011
NK_H21_011__chr.fasta	NK_H21_011__pl_3.fasta	1	1	0/100000	NK_H21_011
NK_H21_015__chr.fasta	NK_H21_015__allPlasmids.fasta	0.317965	5.34904e-235	63/100000	NK_H21_015
NK_H21_015__chr.fasta	NK_H21_015__chr.fasta	0	0	100000/100000	NK_H21_015
NK_H21_015__chr.fasta	NK_H21_015__completeAssembly.fasta	0.000891268	0	96359/100000	NK_H21_015
NK_H21_015__chr.fasta	NK_H21_015__pl_1.fasta	0.317965	1.38943e-235	63/100000	NK_H21_015
NK_H21_015__chr.fasta	NK_H21_015__pl_2.fasta	1	1	0/100000	NK_H21_015
NK_H20_010__chr.fasta	NK_H20_010__allPlasmids.fasta	0.515228	0.00338964	1/100000	NK_H20_010
NK_H20_010__chr.fasta	NK_H20_010__chr.fasta	0	0	100000/100000	NK_H20_010
NK_H20_010__chr.fasta	NK_H20_010__completeAssembly.fasta	0.000672037	0	97236/100000	NK_H20_010
NK_H20_010__chr.fasta	NK_H20_010__pl_1.fasta	0.515228	0.00338964	1/100000	NK_H20_010
NK_H21_014__chr.fasta	NK_H21_014__allPlasmids.fasta	0.237403	0	343/100000	NK_H21_014
NK_H21_014__chr.fasta	NK_H21_014__chr.fasta	0	0	100000/100000	NK_H21_014
NK_H21_014__chr.fasta	NK_H21_014__completeAssembly.fasta	0.00123436	0	95010/100000	NK_H21_014
NK_H21_014__chr.fasta	NK_H21_014__pl_1.fasta	0.239962	0	325/100000	NK_H21_014
NK_H21_014__chr.fasta	NK_H21_014__pl_2.fasta	0.309038	0	76/100000	NK_H21_014
NK_H21_014__chr.fasta	NK_H21_014__pl_3.fasta	1	1	0/100000	NK_H21_014
NK_H21_014__chr.fasta	NK_H21_014__pl_4.fasta	1	1	0/100000	NK_H21_014
NK_H21_049__chr.fasta	NK_H21_049__allPlasmids.fasta	0.482221	1.0171e-06	2/100000	NK_H21_049
NK_H21_049__chr.fasta	NK_H21_049__chr.fasta	0	0	100000/100000	NK_H21_049
NK_H21_049__chr.fasta	NK_H21_049__completeAssembly.fasta	0.000315001	0	98690/100000	NK_H21_049
NK_H21_049__chr.fasta	NK_H21_049__pl_1.fasta	0.482221	9.03891e-07	2/100000	NK_H21_049
NK_H21_049__chr.fasta	NK_H21_049__pl_2.fasta	1	1	0/100000	NK_H21_049
NK_H21_005__chr.fasta	NK_H21_005__allPlasmids.fasta	0.220682	0	488/100000	NK_H21_005
NK_H21_005__chr.fasta	NK_H21_005__chr.fasta	0	0	100000/100000	NK_H21_005
NK_H21_005__chr.fasta	NK_H21_005__completeAssembly.fasta	0.000726007	0	97019/100000	NK_H21_005
NK_H21_005__chr.fasta	NK_H21_005__pl_1.fasta	0.220585	0	489/100000	NK_H21_005
NK_H21_005__chr.fasta	NK_H21_005__pl_2.fasta	1	1	0/100000	NK_H21_005
NK_H21_005__chr.fasta	NK_H21_005__pl_3.fasta	1	1	0/100000	NK_H21_005
NK_H21_037__chr.fasta	NK_H21_037__allPlasmids.fasta	0.401047	2.05948e-33	11/100000	NK_H21_037
NK_H21_037__chr.fasta	NK_H21_037__chr.fasta	0	0	100000/100000	NK_H21_037
NK_H21_037__chr.fasta	NK_H21_037__completeAssembly.fasta	0.00104603	0	95747/100000	NK_H21_037
NK_H21_037__chr.fasta	NK_H21_037__pl_1.fasta	0.401047	2.05948e-33	11/100000	NK_H21_037
NK_H21_056A__chr.fasta	NK_H21_056A__allPlasmids.fasta	0.339586	6.73696e-141	40/100000	NK_H21_056A
NK_H21_056A__chr.fasta	NK_H21_056A__chr.fasta	0	0	100000/100000	NK_H21_056A
NK_H21_056A__chr.fasta	NK_H21_056A__completeAssembly.fasta	0.000902598	0	96314/100000	NK_H21_056A
NK_H21_056A__chr.fasta	NK_H21_056A__pl_1.fasta	0.368046	1.20121e-73	22/100000	NK_H21_056A
NK_H21_056A__chr.fasta	NK_H21_056A__pl_2.fasta	0.372583	1.08563e-83	20/100000	NK_H21_056A
NK_H21_067__chr.fasta	NK_H21_067__allPlasmids.fasta	0.302063	0	88/100000	NK_H21_067
NK_H21_067__chr.fasta	NK_H21_067__chr.fasta	0	0	100000/100000	NK_H21_067
NK_H21_067__chr.fasta	NK_H21_067__completeAssembly.fasta	0.000964165	0	96070/100000	NK_H21_067
NK_H21_067__chr.fasta	NK_H21_067__pl_1.fasta	0.300994	0	90/100000	NK_H21_067
NK_H21_067__chr.fasta	NK_H21_067__pl_2.fasta	0.360092	8.02963e-103	26/100000	NK_H21_067
NK_H21_036__chr.fasta	NK_H21_036__allPlasmids.fasta	0.318727	1.26849e-220	62/100000	NK_H21_036
NK_H21_036__chr.fasta	NK_H21_036__chr.fasta	0	0	100000/100000	NK_H21_036
NK_H21_036__chr.fasta	NK_H21_036__completeAssembly.fasta	0.0013556	0	94540/100000	NK_H21_036
NK_H21_036__chr.fasta	NK_H21_036__pl_1.fasta	0.318727	2.28738e-229	62/100000	NK_H21_036
NK_H21_036__chr.fasta	NK_H21_036__pl_2.fasta	1	1	0/100000	NK_H21_036
NK_H21_036__chr.fasta	NK_H21_036__pl_3.fasta	1	1	0/100000	NK_H21_036
T7-445__chr.fasta	T7-445__allPlasmids.fasta	1	1	0/100000	T7-445
T7-445__chr.fasta	T7-445__chr.fasta	0	0	100000/100000	T7-445
T7-445__chr.fasta	T7-445__completeAssembly.fasta	0.000171878	0	99282/100000	T7-445
T7-445__chr.fasta	T7-445__pl_1.fasta	1	1	0/100000	T7-445
T7-445__chr.fasta	T7-445__pl_2.fasta	1	1	0/100000	T7-445
NK_H21_050__chr.fasta	NK_H21_050__allPlasmids.fasta	0.178765	0	1185/100000	NK_H21_050
NK_H21_050__chr.fasta	NK_H21_050__chr.fasta	0	0	100000/100000	NK_H21_050
NK_H21_050__chr.fasta	NK_H21_050__completeAssembly.fasta	0.000884223	0	96387/100000	NK_H21_050
NK_H21_050__chr.fasta	NK_H21_050__pl_1.fasta	0.25242	0	250/100000	NK_H21_050
NK_H21_050__chr.fasta	NK_H21_050__pl_2.fasta	0.186761	0	1000/100000	NK_H21_050
NK_H21_050__chr.fasta	NK_H21_050__pl_3.fasta	1	1	0/100000	NK_H21_050
NK_H21_050__chr.fasta	NK_H21_050__pl_4.fasta	0.326191	2.31742e-278	53/100000	NK_H21_050
NK_H21_050__chr.fasta	NK_H21_050__pl_5.fasta	1	1	0/100000	NK_H21_050
NK_H21_050__chr.fasta	NK_H21_050__pl_6.fasta	1	1	0/100000	NK_H21_050
NK_H21_076__chr.fasta	NK_H21_076__allPlasmids.fasta	0.449215	1.36995e-12	4/100000	NK_H21_076
NK_H21_076__chr.fasta	NK_H21_076__chr.fasta	0	0	100000/100000	NK_H21_076
NK_H21_076__chr.fasta	NK_H21_076__completeAssembly.fasta	0.000476331	0	98029/100000	NK_H21_076
NK_H21_076__chr.fasta	NK_H21_076__pl_1.fasta	0.449215	1.36995e-12	4/100000	NK_H21_076
NK_H21_080__chr.fasta	NK_H21_080__chr.fasta	0	0	100000/100000	NK_H21_080
NK_H21_080__chr.fasta	NK_H21_080__completeAssembly.fasta	0	0	100000/100000	NK_H21_080
NK_H22_009__chr.fasta	NK_H22_009__chr.fasta	0	0	100000/100000	NK_H22_009
NK_H22_009__chr.fasta	NK_H22_009__completeAssembly.fasta	0	0	100000/100000	NK_H22_009
NK_H22_015__chr.fasta	NK_H22_015__allPlasmids.fasta	1	1	0/100000	NK_H22_015
NK_H22_015__chr.fasta	NK_H22_015__chr.fasta	0	0	100000/100000	NK_H22_015
NK_H22_015__chr.fasta	NK_H22_015__completeAssembly.fasta	0.000716045	0	97059/100000	NK_H22_015
NK_H22_015__chr.fasta	NK_H22_015__pl_1.fasta	1	1	0/100000	NK_H22_015
NK_H22_018__chr.fasta	NK_H22_018__allPlasmids.fasta	0.462914	6.41256e-09	3/100000	NK_H22_018
NK_H22_018__chr.fasta	NK_H22_018__chr.fasta	0	0	100000/100000	NK_H22_018
NK_H22_018__chr.fasta	NK_H22_018__completeAssembly.fasta	0.000646235	0	97340/100000	NK_H22_018
NK_H22_018__chr.fasta	NK_H22_018__pl_1.fasta	0.462914	5.92825e-09	3/100000	NK_H22_018
NK_H22_018__chr.fasta	NK_H22_018__pl_2.fasta	1	1	0/100000	NK_H22_018
NK_H22_027__chr.fasta	NK_H22_027__allPlasmids.fasta	0.283138	0	131/100000	NK_H22_027
NK_H22_027__chr.fasta	NK_H22_027__chr.fasta	0	0	100000/100000	NK_H22_027
NK_H22_027__chr.fasta	NK_H22_027__completeAssembly.fasta	0.00117919	0	95225/100000	NK_H22_027
NK_H22_027__chr.fasta	NK_H22_027__pl_1.fasta	0.283138	0	131/100000	NK_H22_027
NK_H22_027__chr.fasta	NK_H22_027__pl_2.fasta	1	1	0/100000	NK_H22_027
NK_H22_027__chr.fasta	NK_H22_027__pl_3.fasta	1	1	0/100000	NK_H22_027
NK_H22_013__chr.fasta	NK_H22_013__allPlasmids.fasta	0.325302	1.76843e-196	54/100000	NK_H22_013
NK_H22_013__chr.fasta	NK_H22_013__chr.fasta	0	0	100000/100000	NK_H22_013
NK_H22_013__chr.fasta	NK_H22_013__completeAssembly.fasta	0.00101556	0	95867/100000	NK_H22_013
NK_H22_013__chr.fasta	NK_H22_013__pl_1.fasta	0.422568	3.34637e-22	7/100000	NK_H22_013
NK_H22_013__chr.fasta	NK_H22_013__pl_2.fasta	0.324428	3.50989e-221	55/100000	NK_H22_013
NK_H22_013__chr.fasta	NK_H22_013__pl_3.fasta	1	1	0/100000	NK_H22_013
T7-011__chr.fasta	T7-011__allPlasmids.fasta	0.291017	0	111/100000	T7-011
T7-011__chr.fasta	T7-011__chr.fasta	0	0	100000/100000	T7-011
T7-011__chr.fasta	T7-011__completeAssembly.fasta	0.00071729	0	97054/100000	T7-011
T7-011__chr.fasta	T7-011__pl_1.fasta	0.291017	0	111/100000	T7-011
NK_H21_078__chr.fasta	NK_H21_078__allPlasmids.fasta	0.185048	0	1037/100000	NK_H21_078
NK_H21_078__chr.fasta	NK_H21_078__chr.fasta	0	0	100000/100000	NK_H21_078
NK_H21_078__chr.fasta	NK_H21_078__completeAssembly.fasta	0.00110916	0	95499/100000	NK_H21_078
NK_H21_078__chr.fasta	NK_H21_078__pl_1.fasta	0.251108	0	257/100000	NK_H21_078
NK_H21_078__chr.fasta	NK_H21_078__pl_2.fasta	0.19747	0	797/100000	NK_H21_078
NK_H21_078__chr.fasta	NK_H21_078__pl_3.fasta	1	1	0/100000	NK_H21_078
NK_H21_078__chr.fasta	NK_H21_078__pl_4.fasta	0.38628	3.31142e-73	15/100000	NK_H21_078
NK_H22_053__chr.fasta	NK_H22_053__allPlasmids.fasta	0.309669	4.38598e-289	75/100000	NK_H22_053
NK_H22_053__chr.fasta	NK_H22_053__chr.fasta	0	0	100000/100000	NK_H22_053
NK_H22_053__chr.fasta	NK_H22_053__completeAssembly.fasta	0.000805673	0	96700/100000	NK_H22_053
NK_H22_053__chr.fasta	NK_H22_053__pl_1.fasta	0.309669	4.38598e-289	75/100000	NK_H22_053
NK_H22_045__chr.fasta	NK_H22_045__allPlasmids.fasta	0.330907	7.2133e-170	48/100000	NK_H22_045
NK_H22_045__chr.fasta	NK_H22_045__chr.fasta	0	0	100000/100000	NK_H22_045
NK_H22_045__chr.fasta	NK_H22_045__completeAssembly.fasta	0.00104958	0	95733/100000	NK_H22_045
NK_H22_045__chr.fasta	NK_H22_045__pl_1.fasta	0.342027	2.55049e-138	38/100000	NK_H22_045
NK_H22_045__chr.fasta	NK_H22_045__pl_2.fasta	0.348743	9.34248e-126	33/100000	NK_H22_045
NK_H22_070__chr.fasta	NK_H22_070__chr.fasta	0	0	100000/100000	NK_H22_070
NK_H22_070__chr.fasta	NK_H22_070__completeAssembly.fasta	0	0	100000/100000	NK_H22_070
NK_H23_002__chr.fasta	NK_H23_002__allPlasmids.fasta	0.318727	7.74176e-229	62/100000	NK_H23_002
NK_H23_002__chr.fasta	NK_H23_002__chr.fasta	0	0	100000/100000	NK_H23_002
NK_H23_002__chr.fasta	NK_H23_002__completeAssembly.fasta	0.000961637	0	96080/100000	NK_H23_002
NK_H23_002__chr.fasta	NK_H23_002__pl_1.fasta	0.318727	2.28256e-229	62/100000	NK_H23_002
NK_H23_002__chr.fasta	NK_H23_002__pl_2.fasta	1	1	0/100000	NK_H23_002
NK_H23_015__chr.fasta	NK_H23_015__allPlasmids.fasta	0.246868	0	281/100000	NK_H23_015
NK_H23_015__chr.fasta	NK_H23_015__chr.fasta	0	0	100000/100000	NK_H23_015
NK_H23_015__chr.fasta	NK_H23_015__completeAssembly.fasta	0.0008885	0	96370/100000	NK_H23_015
NK_H23_015__chr.fasta	NK_H23_015__pl_1.fasta	0.246868	0	281/100000	NK_H23_015
NK_H22_076__chr.fasta	NK_H22_076__allPlasmids.fasta	0.317216	5.80205e-216	64/100000	NK_H22_076
NK_H22_076__chr.fasta	NK_H22_076__chr.fasta	0	0	100000/100000	NK_H22_076
NK_H22_076__chr.fasta	NK_H22_076__completeAssembly.fasta	0.00216008	0	91507/100000	NK_H22_076
NK_H22_076__chr.fasta	NK_H22_076__pl_1.fasta	0.321901	1.65424e-198	58/100000	NK_H22_076
NK_H22_076__chr.fasta	NK_H22_076__pl_2.fasta	0.351719	5.57749e-117	31/100000	NK_H22_076
NK_H22_076__chr.fasta	NK_H22_076__pl_3.fasta	1	1	0/100000	NK_H22_076
NK_H23_006__chr.fasta	NK_H23_006__allPlasmids.fasta	0.339586	1.6863e-139	40/100000	NK_H23_006
NK_H23_006__chr.fasta	NK_H23_006__chr.fasta	0	0	100000/100000	NK_H23_006
NK_H23_006__chr.fasta	NK_H23_006__completeAssembly.fasta	0.00107323	0	95640/100000	NK_H23_006
NK_H23_006__chr.fasta	NK_H23_006__pl_1.fasta	0.339586	1.6863e-139	40/100000	NK_H23_006
NK_H22_060__chr.fasta	NK_H22_060__allPlasmids.fasta	0.279303	0	142/100000	NK_H22_060
NK_H22_060__chr.fasta	NK_H22_060__chr.fasta	0	0	100000/100000	NK_H22_060
NK_H22_060__chr.fasta	NK_H22_060__completeAssembly.fasta	0.00245558	0	90429/100000	NK_H22_060
NK_H22_060__chr.fasta	NK_H22_060__pl_1.fasta	0.372583	5.12479e-66	20/100000	NK_H22_060
NK_H22_060__chr.fasta	NK_H22_060__pl_2.fasta	0.283502	0	130/100000	NK_H22_060
NK_H22_060__chr.fasta	NK_H22_060__pl_3.fasta	1	1	0/100000	NK_H22_060
NK_H22_060__chr.fasta	NK_H22_060__pl_4.fasta	0.363903	7.40877e-88	24/100000	NK_H22_060
NK_H22_060__chr.fasta	NK_H22_060__pl_5.fasta	1	1	0/100000	NK_H22_060
NK_H22_060__chr.fasta	NK_H22_060__pl_6.fasta	1	1	0/100000	NK_H22_060
NK_H23_019__chr.fasta	NK_H23_019__allPlasmids.fasta	0.35328	1.01659e-116	30/100000	NK_H23_019
NK_H23_019__chr.fasta	NK_H23_019__chr.fasta	0	0	100000/100000	NK_H23_019
NK_H23_019__chr.fasta	NK_H23_019__completeAssembly.fasta	0.000331766	0	98621/100000	NK_H23_019
NK_H23_019__chr.fasta	NK_H23_019__pl_1.fasta	0.35328	2.0149e-117	30/100000	NK_H23_019
NK_H23_019__chr.fasta	NK_H23_019__pl_2.fasta	1	1	0/100000	NK_H23_019
NK_H23_005__chr.fasta	NK_H23_005__allPlasmids.fasta	0.348743	3.08411e-129	33/100000	NK_H23_005
NK_H23_005__chr.fasta	NK_H23_005__chr.fasta	0	0	100000/100000	NK_H23_005
NK_H23_005__chr.fasta	NK_H23_005__completeAssembly.fasta	0.000325933	0	98645/100000	NK_H23_005
NK_H23_005__chr.fasta	NK_H23_005__pl_1.fasta	0.348743	3.08411e-129	33/100000	NK_H23_005
NK_H23_007__chr.fasta	NK_H23_007__allPlasmids.fasta	0.365929	3.24391e-76	23/100000	NK_H23_007
NK_H23_007__chr.fasta	NK_H23_007__chr.fasta	0	0	100000/100000	NK_H23_007
NK_H23_007__chr.fasta	NK_H23_007__completeAssembly.fasta	0.00104653	0	95745/100000	NK_H23_007
NK_H23_007__chr.fasta	NK_H23_007__pl_1.fasta	0.365929	1.34823e-77	23/100000	NK_H23_007
NK_H23_007__chr.fasta	NK_H23_007__pl_2.fasta	1	1	0/100000	NK_H23_007
NK_H23_027__chr.fasta	NK_H23_027__allPlasmids.fasta	0.318727	7.75775e-229	62/100000	NK_H23_027
NK_H23_027__chr.fasta	NK_H23_027__chr.fasta	0	0	100000/100000	NK_H23_027
NK_H23_027__chr.fasta	NK_H23_027__completeAssembly.fasta	0.000961637	0	96080/100000	NK_H23_027
NK_H23_027__chr.fasta	NK_H23_027__pl_1.fasta	0.318727	2.28738e-229	62/100000	NK_H23_027
NK_H23_027__chr.fasta	NK_H23_027__pl_2.fasta	1	1	0/100000	NK_H23_027
NK_H23_049__chr.fasta	NK_H23_049__allPlasmids.fasta	0.313636	4.17712e-251	69/100000	NK_H23_049
NK_H23_049__chr.fasta	NK_H23_049__chr.fasta	0	0	100000/100000	NK_H23_049
NK_H23_049__chr.fasta	NK_H23_049__completeAssembly.fasta	0.00127862	0	94838/100000	NK_H23_049
NK_H23_049__chr.fasta	NK_H23_049__pl_1.fasta	0.311611	1.14065e-277	72/100000	NK_H23_049
NK_H23_049__chr.fasta	NK_H23_049__pl_2.fasta	1	1	0/100000	NK_H23_049
NK_H23_041__chr.fasta	NK_H23_041__allPlasmids.fasta	0.264962	0	192/100000	NK_H23_041
NK_H23_041__chr.fasta	NK_H23_041__chr.fasta	0	0	100000/100000	NK_H23_041
NK_H23_041__chr.fasta	NK_H23_041__completeAssembly.fasta	0.00083148	0	96597/100000	NK_H23_041
NK_H23_041__chr.fasta	NK_H23_041__pl_1.fasta	0.271593	0	167/100000	NK_H23_041
NK_H23_041__chr.fasta	NK_H23_041__pl_2.fasta	0.340791	2.25139e-161	39/100000	NK_H23_041
NK_H23_041__chr.fasta	NK_H23_041__pl_3.fasta	1	1	0/100000	NK_H23_041
NK_H23_045__chr.fasta	NK_H23_045__allPlasmids.fasta	0.306598	3.63019e-295	80/100000	NK_H23_045
NK_H23_045__chr.fasta	NK_H23_045__chr.fasta	0	0	100000/100000	NK_H23_045
NK_H23_045__chr.fasta	NK_H23_045__completeAssembly.fasta	0.00126111	0	94906/100000	NK_H23_045
NK_H23_045__chr.fasta	NK_H23_045__pl_1.fasta	0.310307	3.53183e-285	74/100000	NK_H23_045
NK_H23_045__chr.fasta	NK_H23_045__pl_2.fasta	0.368046	1.2761e-79	22/100000	NK_H23_045
NK_H23_045__chr.fasta	NK_H23_045__pl_3.fasta	1	1	0/100000	NK_H23_045
NK_H24_006__chr.fasta	NK_H24_006__allPlasmids.fasta	1	1	0/100000	NK_H24_006
NK_H24_006__chr.fasta	NK_H24_006__chr.fasta	0	0	100000/100000	NK_H24_006
NK_H24_006__chr.fasta	NK_H24_006__completeAssembly.fasta	3.8857e-05	0	99837/100000	NK_H24_006
NK_H24_006__chr.fasta	NK_H24_006__pl_1.fasta	1	1	0/100000	NK_H24_006
NK_H24_006__chr.fasta	NK_H24_006__pl_2.fasta	1	1	0/100000	NK_H24_006
NK_H25_002__chr.fasta	NK_H25_002__allPlasmids.fasta	0.258493	0	220/100000	NK_H25_002
NK_H25_002__chr.fasta	NK_H25_002__chr.fasta	0	0	100000/100000	NK_H25_002
NK_H25_002__chr.fasta	NK_H25_002__completeAssembly.fasta	0.000569076	0	97652/100000	NK_H25_002
NK_H25_002__chr.fasta	NK_H25_002__pl_1.fasta	0.258493	0	220/100000	NK_H25_002
NK_H24_054__chr.fasta	NK_H24_054__allPlasmids.fasta	0.342027	2.53113e-134	38/100000	NK_H24_054
NK_H24_054__chr.fasta	NK_H24_054__chr.fasta	0	0	100000/100000	NK_H24_054
NK_H24_054__chr.fasta	NK_H24_054__completeAssembly.fasta	0.000931838	0	96198/100000	NK_H24_054
NK_H24_054__chr.fasta	NK_H24_054__pl_1.fasta	0.342027	2.53113e-134	38/100000	NK_H24_054
NK_H23_014__chr.fasta	NK_H23_014__allPlasmids.fasta	0.482221	1.00575e-05	2/100000	NK_H23_014
NK_H23_014__chr.fasta	NK_H23_014__chr.fasta	0	0	100000/100000	NK_H23_014
NK_H23_014__chr.fasta	NK_H23_014__completeAssembly.fasta	0.000914187	0	96268/100000	NK_H23_014
NK_H23_014__chr.fasta	NK_H23_014__pl_1.fasta	0.482221	1.00575e-05	2/100000	NK_H23_014
NK_H24_028__chr.fasta	NK_H24_028__allPlasmids.fasta	0.344601	1.17225e-123	36/100000	NK_H24_028
NK_H24_028__chr.fasta	NK_H24_028__chr.fasta	0	0	100000/100000	NK_H24_028
NK_H24_028__chr.fasta	NK_H24_028__completeAssembly.fasta	0.0010445	0	95753/100000	NK_H24_028
NK_H24_028__chr.fasta	NK_H24_028__pl_1.fasta	0.344601	1.17225e-123	36/100000	NK_H24_028
NK_H28_005__chr.fasta	NK_H28_005__allPlasmids.fasta	0.351719	7.21132e-110	31/100000	NK_H28_005
NK_H28_005__chr.fasta	NK_H28_005__chr.fasta	0	0	100000/100000	NK_H28_005
NK_H28_005__chr.fasta	NK_H28_005__completeAssembly.fasta	0.000706587	0	97097/100000	NK_H28_005
NK_H28_005__chr.fasta	NK_H28_005__pl_1.fasta	0.351719	1.48864e-110	31/100000	NK_H28_005
NK_H28_005__chr.fasta	NK_H28_005__pl_2.fasta	1	1	0/100000	NK_H28_005
NK_H28_005__chr.fasta	NK_H28_005__pl_3.fasta	1	1	0/100000	NK_H28_005
NK_H24_016__chr.fasta	NK_H24_016__allPlasmids.fasta	0.43859	7.84592e-16	5/100000	NK_H24_016
NK_H24_016__chr.fasta	NK_H24_016__chr.fasta	0	0	100000/100000	NK_H24_016
NK_H24_016__chr.fasta	NK_H24_016__completeAssembly.fasta	0.000505302	0	97911/100000	NK_H24_016
NK_H24_016__chr.fasta	NK_H24_016__pl_1.fasta	0.43859	7.84592e-16	5/100000	NK_H24_016
T7-160__chr.fasta	T7-160__allPlasmids.fasta	0.316478	2.09558e-223	65/100000	T7-160
T7-160__chr.fasta	T7-160__chr.fasta	0	0	100000/100000	T7-160
T7-160__chr.fasta	T7-160__completeAssembly.fasta	0.00180464	0	92829/100000	T7-160
T7-160__chr.fasta	T7-160__pl_1.fasta	0.315752	1.05254e-236	66/100000	T7-160
T7-160__chr.fasta	T7-160__pl_2.fasta	1	1	0/100000	T7-160
NK_H26_006__chr.fasta	NK_H26_006__allPlasmids.fasta	1	1	0/100000	NK_H26_006
NK_H26_006__chr.fasta	NK_H26_006__chr.fasta	0	0	100000/100000	NK_H26_006
NK_H26_006__chr.fasta	NK_H26_006__completeAssembly.fasta	2.33505e-05	0	99902/100000	NK_H26_006
NK_H26_006__chr.fasta	NK_H26_006__pl_1.fasta	1	1	0/100000	NK_H26_006
NK_H25_013__chr.fasta	NK_H25_013__allPlasmids.fasta	0.289333	0	115/100000	NK_H25_013
NK_H25_013__chr.fasta	NK_H25_013__chr.fasta	0	0	100000/100000	NK_H25_013
NK_H25_013__chr.fasta	NK_H25_013__completeAssembly.fasta	0.000804171	0	96706/100000	NK_H25_013
NK_H25_013__chr.fasta	NK_H25_013__pl_1.fasta	0.302607	0	87/100000	NK_H25_013
NK_H25_013__chr.fasta	NK_H25_013__pl_2.fasta	0.356564	2.33298e-108	28/100000	NK_H25_013
NK_H25_013__chr.fasta	NK_H25_013__pl_3.fasta	0.462914	2.16614e-13	3/100000	NK_H25_013
NK_H25_013__chr.fasta	NK_H25_013__pl_4.fasta	0.358296	1.69177e-136	27/100000	NK_H25_013
NK_H25_013__chr.fasta	NK_H25_013__pl_5.fasta	1	1	0/100000	NK_H25_013
NK_H24_010__chr.fasta	NK_H24_010__allPlasmids.fasta	0.317965	2.94361e-235	63/100000	NK_H24_010
NK_H24_010__chr.fasta	NK_H24_010__chr.fasta	0	0	100000/100000	NK_H24_010
NK_H24_010__chr.fasta	NK_H24_010__completeAssembly.fasta	0.000874666	0	96425/100000	NK_H24_010
NK_H24_010__chr.fasta	NK_H24_010__pl_1.fasta	0.317965	7.54062e-236	63/100000	NK_H24_010
NK_H24_010__chr.fasta	NK_H24_010__pl_2.fasta	1	1	0/100000	NK_H24_010
NK_H2_021__chr.fasta	NK_H2_021__allPlasmids.fasta	0.275446	0	154/100000	NK_H2_021
NK_H2_021__chr.fasta	NK_H2_021__chr.fasta	0	0	100000/100000	NK_H2_021
NK_H2_021__chr.fasta	NK_H2_021__completeAssembly.fasta	0.00101379	0	95874/100000	NK_H2_021
NK_H2_021__chr.fasta	NK_H2_021__pl_1.fasta	0.302607	0	87/100000	NK_H2_021
NK_H2_021__chr.fasta	NK_H2_021__pl_2.fasta	0.300468	0	91/100000	NK_H2_021
NK_H2_007__chr.fasta	NK_H2_007__allPlasmids.fasta	0.314331	4.99117e-244	68/100000	NK_H2_007
NK_H2_007__chr.fasta	NK_H2_007__chr.fasta	0	0	100000/100000	NK_H2_007
NK_H2_007__chr.fasta	NK_H2_007__completeAssembly.fasta	0.00139786	0	94377/100000	NK_H2_007
NK_H2_007__chr.fasta	NK_H2_007__pl_1.fasta	0.312952	3.81892e-264	70/100000	NK_H2_007
NK_H2_007__chr.fasta	NK_H2_007__pl_2.fasta	1	1	0/100000	NK_H2_007
NK_H3_007__chr.fasta	NK_H3_007__allPlasmids.fasta	1	1	0/100000	NK_H3_007
NK_H3_007__chr.fasta	NK_H3_007__chr.fasta	0	0	100000/100000	NK_H3_007
NK_H3_007__chr.fasta	NK_H3_007__completeAssembly.fasta	0.000146627	0	99387/100000	NK_H3_007
NK_H3_007__chr.fasta	NK_H3_007__pl_1.fasta	1	1	0/100000	NK_H3_007
NK_H3_007__chr.fasta	NK_H3_007__pl_2.fasta	1	1	0/100000	NK_H3_007
NK_H3_002__chr.fasta	NK_H3_002__allPlasmids.fasta	0.339586	1.37811e-130	40/100000	NK_H3_002
NK_H3_002__chr.fasta	NK_H3_002__chr.fasta	0	0	100000/100000	NK_H3_002
NK_H3_002__chr.fasta	NK_H3_002__completeAssembly.fasta	0.00180544	0	92826/100000	NK_H3_002
NK_H3_002__chr.fasta	NK_H3_002__pl_1.fasta	0.372583	2.45818e-66	20/100000	NK_H3_002
NK_H3_002__chr.fasta	NK_H3_002__pl_2.fasta	0.337263	5.7222e-160	42/100000	NK_H3_002
NK_H3_002__chr.fasta	NK_H3_002__pl_3.fasta	0.375025	1.06122e-67	19/100000	NK_H3_002
NK_H2_020__chr.fasta	NK_H2_020__allPlasmids.fasta	0.43859	4.52703e-14	5/100000	NK_H2_020
NK_H2_020__chr.fasta	NK_H2_020__chr.fasta	0	0	100000/100000	NK_H2_020
NK_H2_020__chr.fasta	NK_H2_020__completeAssembly.fasta	0.00110508	0	95515/100000	NK_H2_020
NK_H2_020__chr.fasta	NK_H2_020__pl_1.fasta	0.43859	4.52703e-14	5/100000	NK_H2_020
NK_H29_003__chr.fasta	NK_H29_003__allPlasmids.fasta	0.310955	6.88676e-267	73/100000	NK_H29_003
NK_H29_003__chr.fasta	NK_H29_003__chr.fasta	0	0	100000/100000	NK_H29_003
NK_H29_003__chr.fasta	NK_H29_003__completeAssembly.fasta	0.00121304	0	95093/100000	NK_H29_003
NK_H29_003__chr.fasta	NK_H29_003__pl_1.fasta	0.332933	1.25897e-168	46/100000	NK_H29_003
NK_H29_003__chr.fasta	NK_H29_003__pl_2.fasta	0.358296	3.00058e-99	27/100000	NK_H29_003
NK_H3_009__chr.fasta	NK_H3_009__allPlasmids.fasta	0.314331	1.00945e-247	68/100000	NK_H3_009
NK_H3_009__chr.fasta	NK_H3_009__chr.fasta	0	0	100000/100000	NK_H3_009
NK_H3_009__chr.fasta	NK_H3_009__completeAssembly.fasta	0.00120611	0	95120/100000	NK_H3_009
NK_H3_009__chr.fasta	NK_H3_009__pl_1.fasta	0.314331	1.00945e-247	68/100000	NK_H3_009
NK_H3_001__chr.fasta	NK_H3_001__allPlasmids.fasta	0.291882	0	109/100000	NK_H3_001
NK_H3_001__chr.fasta	NK_H3_001__chr.fasta	0	0	100000/100000	NK_H3_001
NK_H3_001__chr.fasta	NK_H3_001__completeAssembly.fasta	0.000915447	0	96263/100000	NK_H3_001
NK_H3_001__chr.fasta	NK_H3_001__pl_1.fasta	0.291882	0	109/100000	NK_H3_001
NK_H3_025__chr.fasta	NK_H3_025__allPlasmids.fasta	1	1	0/100000	NK_H3_025
NK_H3_025__chr.fasta	NK_H3_025__chr.fasta	0	0	100000/100000	NK_H3_025
NK_H3_025__chr.fasta	NK_H3_025__completeAssembly.fasta	0.000425145	0	98238/100000	NK_H3_025
NK_H3_025__chr.fasta	NK_H3_025__pl_1.fasta	1	1	0/100000	NK_H3_025
NK_H3_025__chr.fasta	NK_H3_025__pl_2.fasta	1	1	0/100000	NK_H3_025
NK_H3_019__chr.fasta	NK_H3_019__allPlasmids.fasta	0.244239	0	297/100000	NK_H3_019
NK_H3_019__chr.fasta	NK_H3_019__chr.fasta	0	0	100000/100000	NK_H3_019
NK_H3_019__chr.fasta	NK_H3_019__completeAssembly.fasta	0.000972004	0	96039/100000	NK_H3_019
NK_H3_019__chr.fasta	NK_H3_019__pl_1.fasta	0.248764	0	270/100000	NK_H3_019
NK_H3_019__chr.fasta	NK_H3_019__pl_2.fasta	0.316478	3.80253e-281	65/100000	NK_H3_019
NK_H3_019__chr.fasta	NK_H3_019__pl_3.fasta	0.368046	8.73476e-107	22/100000	NK_H3_019
NK_H3_019__chr.fasta	NK_H3_019__pl_4.fasta	1	1	0/100000	NK_H3_019
NK_H3_015__chr.fasta	NK_H3_015__allPlasmids.fasta	0.323571	1.33071e-204	56/100000	NK_H3_015
NK_H3_015__chr.fasta	NK_H3_015__chr.fasta	0	0	100000/100000	NK_H3_015
NK_H3_015__chr.fasta	NK_H3_015__completeAssembly.fasta	0.000971245	0	96042/100000	NK_H3_015
NK_H3_015__chr.fasta	NK_H3_015__pl_1.fasta	0.323571	1.33071e-204	56/100000	NK_H3_015
T7-220__chr.fasta	T7-220__allPlasmids.fasta	0.348743	5.90015e-110	33/100000	T7-220
T7-220__chr.fasta	T7-220__chr.fasta	0	0	100000/100000	T7-220
T7-220__chr.fasta	T7-220__completeAssembly.fasta	0.0012503	0	94948/100000	T7-220
T7-220__chr.fasta	T7-220__pl_1.fasta	0.348743	4.17519e-116	33/100000	T7-220
T7-220__chr.fasta	T7-220__pl_2.fasta	1	1	0/100000	T7-220
NK_H4_026__chr.fasta	NK_H4_026__allPlasmids.fasta	0.286914	0	121/100000	NK_H4_026
NK_H4_026__chr.fasta	NK_H4_026__chr.fasta	0	0	100000/100000	NK_H4_026
NK_H4_026__chr.fasta	NK_H4_026__completeAssembly.fasta	0.00125493	0	94930/100000	NK_H4_026
NK_H4_026__chr.fasta	NK_H4_026__pl_1.fasta	0.318727	5.72689e-241	62/100000	NK_H4_026
NK_H4_026__chr.fasta	NK_H4_026__pl_2.fasta	1	1	0/100000	NK_H4_026
NK_H4_026__chr.fasta	NK_H4_026__pl_3.fasta	0.317216	1.2114e-285	64/100000	NK_H4_026
NK_H4_026__chr.fasta	NK_H4_026__pl_4.fasta	1	1	0/100000	NK_H4_026
NK_H5_016__chr.fasta	NK_H5_016__allPlasmids.fasta	1	1	0/100000	NK_H5_016
NK_H5_016__chr.fasta	NK_H5_016__chr.fasta	0	0	100000/100000	NK_H5_016
NK_H5_016__chr.fasta	NK_H5_016__completeAssembly.fasta	0.000510464	0	97890/100000	NK_H5_016
NK_H5_016__chr.fasta	NK_H5_016__pl_1.fasta	1	1	0/100000	NK_H5_016
NK_H24_044__chr.fasta	NK_H24_044__chr.fasta	0	0	100000/100000	NK_H24_044
NK_H24_044__chr.fasta	NK_H24_044__completeAssembly.fasta	0	0	100000/100000	NK_H24_044
NK_H2_019__chr.fasta	NK_H2_019__allPlasmids.fasta	0.449215	6.33982e-12	4/100000	NK_H2_019
NK_H2_019__chr.fasta	NK_H2_019__chr.fasta	0	0	100000/100000	NK_H2_019
NK_H2_019__chr.fasta	NK_H2_019__completeAssembly.fasta	0.000691416	0	97158/100000	NK_H2_019
NK_H2_019__chr.fasta	NK_H2_019__pl_1.fasta	0.449215	6.33982e-12	4/100000	NK_H2_019
T7-266__chr.fasta	T7-266__allPlasmids.fasta	0.330907	8.07801e-191	48/100000	T7-266
T7-266__chr.fasta	T7-266__chr.fasta	0	0	100000/100000	T7-266
T7-266__chr.fasta	T7-266__completeAssembly.fasta	0.0004183	0	98266/100000	T7-266
T7-266__chr.fasta	T7-266__pl_1.fasta	0.330907	1.3982e-192	48/100000	T7-266
T7-266__chr.fasta	T7-266__pl_2.fasta	1	1	0/100000	T7-266
T7-266__chr.fasta	T7-266__pl_3.fasta	1	1	0/100000	T7-266
NK_H5_010__chr.fasta	NK_H5_010__allPlasmids.fasta	0.318727	7.75714e-229	62/100000	NK_H5_010
NK_H5_010__chr.fasta	NK_H5_010__chr.fasta	0	0	100000/100000	NK_H5_010
NK_H5_010__chr.fasta	NK_H5_010__completeAssembly.fasta	0.000961637	0	96080/100000	NK_H5_010
NK_H5_010__chr.fasta	NK_H5_010__pl_1.fasta	0.318727	2.2872e-229	62/100000	NK_H5_010
NK_H5_010__chr.fasta	NK_H5_010__pl_2.fasta	1	1	0/100000	NK_H5_010
NK_H7_005__chr.fasta	NK_H7_005__allPlasmids.fasta	0.261158	0	208/100000	NK_H7_005
NK_H7_005__chr.fasta	NK_H7_005__chr.fasta	0	0	100000/100000	NK_H7_005
NK_H7_005__chr.fasta	NK_H7_005__completeAssembly.fasta	0.00103714	0	95782/100000	NK_H7_005
NK_H7_005__chr.fasta	NK_H7_005__pl_1.fasta	0.260478	0	211/100000	NK_H7_005
NK_H7_005__chr.fasta	NK_H7_005__pl_2.fasta	1	1	0/100000	NK_H7_005
NK_H7_005__chr.fasta	NK_H7_005__pl_3.fasta	1	1	0/100000	NK_H7_005
NK_H7_005__chr.fasta	NK_H7_005__pl_4.fasta	1	1	0/100000	NK_H7_005
NK_H4_002__chr.fasta	NK_H4_002__allPlasmids.fasta	0.302063	0	88/100000	NK_H4_002
NK_H4_002__chr.fasta	NK_H4_002__chr.fasta	0	0	100000/100000	NK_H4_002
NK_H4_002__chr.fasta	NK_H4_002__completeAssembly.fasta	0.000697135	0	97135/100000	NK_H4_002
NK_H4_002__chr.fasta	NK_H4_002__pl_1.fasta	0.302063	0	88/100000	NK_H4_002
NK_H8_008__chr.fasta	NK_H8_008__allPlasmids.fasta	0.344601	3.67559e-128	36/100000	NK_H8_008
NK_H8_008__chr.fasta	NK_H8_008__chr.fasta	0	0	100000/100000	NK_H8_008
NK_H8_008__chr.fasta	NK_H8_008__completeAssembly.fasta	0.000825965	0	96619/100000	NK_H8_008
NK_H8_008__chr.fasta	NK_H8_008__pl_1.fasta	0.344601	3.67559e-128	36/100000	NK_H8_008
NK_H8_002__chr.fasta	NK_H8_002__allPlasmids.fasta	0.318727	7.75775e-229	62/100000	NK_H8_002
NK_H8_002__chr.fasta	NK_H8_002__chr.fasta	0	0	100000/100000	NK_H8_002
NK_H8_002__chr.fasta	NK_H8_002__completeAssembly.fasta	0.00096189	0	96079/100000	NK_H8_002
NK_H8_002__chr.fasta	NK_H8_002__pl_1.fasta	0.318727	2.28738e-229	62/100000	NK_H8_002
NK_H8_002__chr.fasta	NK_H8_002__pl_2.fasta	1	1	0/100000	NK_H8_002
NK_H8_044__chr.fasta	NK_H8_044__chr.fasta	0	0	100000/100000	NK_H8_044
NK_H8_044__chr.fasta	NK_H8_044__completeAssembly.fasta	0	0	100000/100000	NK_H8_044
NK_H7_010__chr.fasta	NK_H7_010__allPlasmids.fasta	0.275446	0	154/100000	NK_H7_010
NK_H7_010__chr.fasta	NK_H7_010__chr.fasta	0	0	100000/100000	NK_H7_010
NK_H7_010__chr.fasta	NK_H7_010__completeAssembly.fasta	0.00109666	0	95548/100000	NK_H7_010
NK_H7_010__chr.fasta	NK_H7_010__pl_1.fasta	0.275138	0	155/100000	NK_H7_010
NK_H7_010__chr.fasta	NK_H7_010__pl_2.fasta	0.429909	1.17837e-20	6/100000	NK_H7_010
NK_H7_010__chr.fasta	NK_H7_010__pl_3.fasta	1	1	0/100000	NK_H7_010
NK_H7_010__chr.fasta	NK_H7_010__pl_4.fasta	1	1	0/100000	NK_H7_010
NK_H5_031__chr.fasta	NK_H5_031__allPlasmids.fasta	0.365929	6.98093e-74	23/100000	NK_H5_031
NK_H5_031__chr.fasta	NK_H5_031__chr.fasta	0	0	100000/100000	NK_H5_031
NK_H5_031__chr.fasta	NK_H5_031__completeAssembly.fasta	0.00124361	0	94974/100000	NK_H5_031
NK_H5_031__chr.fasta	NK_H5_031__pl_1.fasta	0.365929	2.53427e-79	23/100000	NK_H5_031
NK_H5_031__chr.fasta	NK_H5_031__pl_2.fasta	0.363903	3.57324e-87	24/100000	NK_H5_031
NK_H5_031__chr.fasta	NK_H5_031__pl_3.fasta	1	1	0/100000	NK_H5_031
NK_H5_031__chr.fasta	NK_H5_031__pl_4.fasta	1	1	0/100000	NK_H5_031
NK_H5_031__chr.fasta	NK_H5_031__pl_5.fasta	1	1	0/100000	NK_H5_031
NK_H8_011__chr.fasta	NK_H8_011__allPlasmids.fasta	0.176858	0	1234/100000	NK_H8_011
NK_H8_011__chr.fasta	NK_H8_011__chr.fasta	0	0	100000/100000	NK_H8_011
NK_H8_011__chr.fasta	NK_H8_011__completeAssembly.fasta	0.00124078	0	94985/100000	NK_H8_011
NK_H8_011__chr.fasta	NK_H8_011__pl_1.fasta	0.238665	0	334/100000	NK_H8_011
NK_H8_011__chr.fasta	NK_H8_011__pl_2.fasta	0.188735	0	959/100000	NK_H8_011
NK_H8_011__chr.fasta	NK_H8_011__pl_3.fasta	1	1	0/100000	NK_H8_011
NK_H8_052__chr.fasta	NK_H8_052__chr.fasta	0	0	100000/100000	NK_H8_052
NK_H8_052__chr.fasta	NK_H8_052__completeAssembly.fasta	0	0	100000/100000	NK_H8_052
NK_H8_057__chr.fasta	NK_H8_057__allPlasmids.fasta	0.318727	7.13461e-229	62/100000	NK_H8_057
NK_H8_057__chr.fasta	NK_H8_057__chr.fasta	0	0	100000/100000	NK_H8_057
NK_H8_057__chr.fasta	NK_H8_057__completeAssembly.fasta	0.000961637	0	96080/100000	NK_H8_057
NK_H8_057__chr.fasta	NK_H8_057__pl_1.fasta	0.318727	2.09852e-229	62/100000	NK_H8_057
NK_H8_057__chr.fasta	NK_H8_057__pl_2.fasta	1	1	0/100000	NK_H8_057
NK_H8_070__chr.fasta	NK_H8_070__allPlasmids.fasta	0.335049	4.47845e-153	44/100000	NK_H8_070
NK_H8_070__chr.fasta	NK_H8_070__chr.fasta	0	0	100000/100000	NK_H8_070
NK_H8_070__chr.fasta	NK_H8_070__completeAssembly.fasta	0.00118919	0	95186/100000	NK_H8_070
NK_H8_070__chr.fasta	NK_H8_070__pl_1.fasta	0.335049	5.89299e-161	44/100000	NK_H8_070
NK_H8_070__chr.fasta	NK_H8_070__pl_2.fasta	0.41621	1.12064e-26	8/100000	NK_H8_070
NK_H8_060__chr.fasta	NK_H8_060__allPlasmids.fasta	0.515228	0.00416295	1/100000	NK_H8_060
NK_H8_060__chr.fasta	NK_H8_060__chr.fasta	0	0	100000/100000	NK_H8_060
NK_H8_060__chr.fasta	NK_H8_060__completeAssembly.fasta	0.000856826	0	96496/100000	NK_H8_060
NK_H8_060__chr.fasta	NK_H8_060__pl_1.fasta	0.515228	0.00409268	1/100000	NK_H8_060
NK_H8_060__chr.fasta	NK_H8_060__pl_2.fasta	1	1	0/100000	NK_H8_060
NK_H8_077__chr.fasta	NK_H8_077__allPlasmids.fasta	0.150246	0	2178/100000	NK_H8_077
NK_H8_077__chr.fasta	NK_H8_077__chr.fasta	0	0	100000/100000	NK_H8_077
NK_H8_077__chr.fasta	NK_H8_077__completeAssembly.fasta	0.00155251	0	93784/100000	NK_H8_077
NK_H8_077__chr.fasta	NK_H8_077__pl_1.fasta	0.298421	0	95/100000	NK_H8_077
NK_H8_077__chr.fasta	NK_H8_077__pl_2.fasta	0.149063	0	2234/100000	NK_H8_077
NK_H8_077__chr.fasta	NK_H8_077__pl_3.fasta	0.330907	3.5451e-187	48/100000	NK_H8_077
NK_H8_077__chr.fasta	NK_H8_077__pl_4.fasta	0.36196	2.69023e-97	25/100000	NK_H8_077
NK_H8_077__chr.fasta	NK_H8_077__pl_5.fasta	1	1	0/100000	NK_H8_077
NK_H8_045__chr.fasta	NK_H8_045__allPlasmids.fasta	0.299434	0	93/100000	NK_H8_045
NK_H8_045__chr.fasta	NK_H8_045__chr.fasta	0	0	100000/100000	NK_H8_045
NK_H8_045__chr.fasta	NK_H8_045__completeAssembly.fasta	0.0012678	0	94880/100000	NK_H8_045
NK_H8_045__chr.fasta	NK_H8_045__pl_1.fasta	0.309669	1.37213e-287	75/100000	NK_H8_045
NK_H8_045__chr.fasta	NK_H8_045__pl_2.fasta	0.343297	4.23368e-141	37/100000	NK_H8_045
NK_H8_045__chr.fasta	NK_H8_045__pl_3.fasta	0.377599	1.80638e-86	18/100000	NK_H8_045
NK_H8_045__chr.fasta	NK_H8_045__pl_4.fasta	1	1	0/100000	NK_H8_045
NK_H8_083__chr.fasta	NK_H8_083__allPlasmids.fasta	0.429909	2.31253e-17	6/100000	NK_H8_083
NK_H8_083__chr.fasta	NK_H8_083__chr.fasta	0	0	100000/100000	NK_H8_083
NK_H8_083__chr.fasta	NK_H8_083__completeAssembly.fasta	0.00104399	0	95755/100000	NK_H8_083
NK_H8_083__chr.fasta	NK_H8_083__pl_1.fasta	0.449215	2.47197e-11	4/100000	NK_H8_083
NK_H8_083__chr.fasta	NK_H8_083__pl_2.fasta	0.482221	8.0625e-09	2/100000	NK_H8_083
NK_H8_111__chr.fasta	NK_H8_111__allPlasmids.fasta	0.318727	1.02056e-228	62/100000	NK_H8_111
NK_H8_111__chr.fasta	NK_H8_111__chr.fasta	0	0	100000/100000	NK_H8_111
NK_H8_111__chr.fasta	NK_H8_111__completeAssembly.fasta	0.000961637	0	96080/100000	NK_H8_111
NK_H8_111__chr.fasta	NK_H8_111__pl_1.fasta	0.318727	3.02703e-229	62/100000	NK_H8_111
NK_H8_111__chr.fasta	NK_H8_111__pl_2.fasta	1	1	0/100000	NK_H8_111
NK_H8_114__chr.fasta	NK_H8_114__allPlasmids.fasta	0.36196	1.21775e-85	25/100000	NK_H8_114
NK_H8_114__chr.fasta	NK_H8_114__chr.fasta	0	0	100000/100000	NK_H8_114
NK_H8_114__chr.fasta	NK_H8_114__completeAssembly.fasta	0.00083474	0	96584/100000	NK_H8_114
NK_H8_114__chr.fasta	NK_H8_114__pl_1.fasta	0.36196	1.21775e-85	25/100000	NK_H8_114
NK_H8_118__chr.fasta	NK_H8_118__allPlasmids.fasta	0.311611	3.73326e-270	72/100000	NK_H8_118
NK_H8_118__chr.fasta	NK_H8_118__chr.fasta	0	0	100000/100000	NK_H8_118
NK_H8_118__chr.fasta	NK_H8_118__completeAssembly.fasta	0.000999089	0	95932/100000	NK_H8_118
NK_H8_118__chr.fasta	NK_H8_118__pl_1.fasta	0.311611	1.81113e-271	72/100000	NK_H8_118
NK_H8_118__chr.fasta	NK_H8_118__pl_2.fasta	1	1	0/100000	NK_H8_118
NK_H8_118__chr.fasta	NK_H8_118__pl_3.fasta	1	1	0/100000	NK_H8_118
NK_H8_100__chr.fasta	NK_H8_100__allPlasmids.fasta	0.196415	0	815/100000	NK_H8_100
NK_H8_100__chr.fasta	NK_H8_100__chr.fasta	0	0	100000/100000	NK_H8_100
NK_H8_100__chr.fasta	NK_H8_100__completeAssembly.fasta	0.00108545	0	95592/100000	NK_H8_100
NK_H8_100__chr.fasta	NK_H8_100__pl_1.fasta	0.256175	0	231/100000	NK_H8_100
NK_H8_100__chr.fasta	NK_H8_100__pl_2.fasta	0.295039	0	102/100000	NK_H8_100
NK_H8_100__chr.fasta	NK_H8_100__pl_3.fasta	0.209882	0	613/100000	NK_H8_100
NK_H8_100__chr.fasta	NK_H8_100__pl_4.fasta	1	1	0/100000	NK_H8_100
NK_H8_100__chr.fasta	NK_H8_100__pl_5.fasta	1	1	0/100000	NK_H8_100
NK_H8_121__chr.fasta	NK_H8_121__allPlasmids.fasta	0.33841	4.10093e-142	41/100000	NK_H8_121
NK_H8_121__chr.fasta	NK_H8_121__chr.fasta	0	0	100000/100000	NK_H8_121
NK_H8_121__chr.fasta	NK_H8_121__completeAssembly.fasta	0.00117561	0	95239/100000	NK_H8_121
NK_H8_121__chr.fasta	NK_H8_121__pl_1.fasta	0.354894	2.26538e-101	29/100000	NK_H8_121
NK_H8_121__chr.fasta	NK_H8_121__pl_2.fasta	0.372583	1.11175e-74	20/100000	NK_H8_121
NK_H8_121__chr.fasta	NK_H8_121__pl_3.fasta	1	1	0/100000	NK_H8_121
NK_H8_121__chr.fasta	NK_H8_121__pl_4.fasta	1	1	0/100000	NK_H8_121
NK_H8_121__chr.fasta	NK_H8_121__pl_5.fasta	1	1	0/100000	NK_H8_121
NK_H9_006__chr.fasta	NK_H9_006__allPlasmids.fasta	0.335049	2.06084e-157	44/100000	NK_H9_006
NK_H9_006__chr.fasta	NK_H9_006__chr.fasta	0	0	100000/100000	NK_H9_006
NK_H9_006__chr.fasta	NK_H9_006__completeAssembly.fasta	0.00097934	0	96010/100000	NK_H9_006
NK_H9_006__chr.fasta	NK_H9_006__pl_1.fasta	0.335049	6.54933e-158	44/100000	NK_H9_006
NK_H9_006__chr.fasta	NK_H9_006__pl_2.fasta	1	1	0/100000	NK_H9_006
NK_H9_003__chr.fasta	NK_H9_003__allPlasmids.fasta	0.43859	4.3313e-15	5/100000	NK_H9_003
NK_H9_003__chr.fasta	NK_H9_003__chr.fasta	0	0	100000/100000	NK_H9_003
NK_H9_003__chr.fasta	NK_H9_003__completeAssembly.fasta	0.000749691	0	96924/100000	NK_H9_003
NK_H9_003__chr.fasta	NK_H9_003__pl_1.fasta	0.43859	4.3313e-15	5/100000	NK_H9_003
NK_H9_001__chr.fasta	NK_H9_001__allPlasmids.fasta	0.358296	2.295e-89	27/100000	NK_H9_001
NK_H9_001__chr.fasta	NK_H9_001__chr.fasta	0	0	100000/100000	NK_H9_001
NK_H9_001__chr.fasta	NK_H9_001__completeAssembly.fasta	0.00115795	0	95308/100000	NK_H9_001
NK_H9_001__chr.fasta	NK_H9_001__pl_1.fasta	0.356564	6.02751e-96	28/100000	NK_H9_001
NK_H9_001__chr.fasta	NK_H9_001__pl_2.fasta	1	1	0/100000	NK_H9_001
T7-010__chr.fasta	T7-010__allPlasmids.fasta	0.238665	0	334/100000	T7-010
T7-010__chr.fasta	T7-010__chr.fasta	0	0	100000/100000	T7-010
T7-010__chr.fasta	T7-010__completeAssembly.fasta	0.00106077	0	95689/100000	T7-010
T7-010__chr.fasta	T7-010__pl_1.fasta	0.238665	0	334/100000	T7-010
T7-010__chr.fasta	T7-010__pl_2.fasta	0.377599	4.40851e-85	18/100000	T7-010
T7-007__chr.fasta	T7-007__allPlasmids.fasta	0.23524	0	359/100000	T7-007
T7-007__chr.fasta	T7-007__chr.fasta	0	0	100000/100000	T7-007
T7-007__chr.fasta	T7-007__completeAssembly.fasta	0.00143502	0	94234/100000	T7-007
T7-007__chr.fasta	T7-007__pl_1.fasta	0.234584	0	364/100000	T7-007
T7-007__chr.fasta	T7-007__pl_2.fasta	1	1	0/100000	T7-007
T7-007__chr.fasta	T7-007__pl_3.fasta	1	1	0/100000	T7-007
T7-007__chr.fasta	T7-007__pl_4.fasta	1	1	0/100000	T7-007
T7-007__chr.fasta	T7-007__pl_5.fasta	1	1	0/100000	T7-007
T7-007__chr.fasta	T7-007__pl_6.fasta	1	1	0/100000	T7-007
T7-007__chr.fasta	T7-007__pl_7.fasta	1	1	0/100000	T7-007
T7-012__chr.fasta	T7-012__allPlasmids.fasta	0.268294	0	179/100000	T7-012
T7-012__chr.fasta	T7-012__chr.fasta	0	0	100000/100000	T7-012
T7-012__chr.fasta	T7-012__completeAssembly.fasta	0.000593519	0	97553/100000	T7-012
T7-012__chr.fasta	T7-012__pl_1.fasta	0.267766	0	181/100000	T7-012
T7-012__chr.fasta	T7-012__pl_2.fasta	1	1	0/100000	T7-012
T7-012__chr.fasta	T7-012__pl_3.fasta	1	1	0/100000	T7-012
T7-012__chr.fasta	T7-012__pl_4.fasta	1	1	0/100000	T7-012
T7-013__chr.fasta	T7-013__allPlasmids.fasta	0.26326	0	199/100000	T7-013
T7-013__chr.fasta	T7-013__chr.fasta	0	0	100000/100000	T7-013
T7-013__chr.fasta	T7-013__completeAssembly.fasta	0.000596237	0	97542/100000	T7-013
T7-013__chr.fasta	T7-013__pl_1.fasta	0.26326	0	199/100000	T7-013
T7-013__chr.fasta	T7-013__pl_2.fasta	1	1	0/100000	T7-013
T7-019__chr.fasta	T7-019__allPlasmids.fasta	0.233425	0	373/100000	T7-019
T7-019__chr.fasta	T7-019__chr.fasta	0	0	100000/100000	T7-019
T7-019__chr.fasta	T7-019__completeAssembly.fasta	0.00124027	0	94987/100000	T7-019
T7-019__chr.fasta	T7-019__pl_1.fasta	0.232668	0	379/100000	T7-019
T7-019__chr.fasta	T7-019__pl_2.fasta	0.351719	5.85055e-122	31/100000	T7-019
T7-019__chr.fasta	T7-019__pl_3.fasta	1	1	0/100000	T7-019
T7-019__chr.fasta	T7-019__pl_4.fasta	1	1	0/100000	T7-019
T7-019__chr.fasta	T7-019__pl_5.fasta	1	1	0/100000	T7-019
T7-020__chr.fasta	T7-020__allPlasmids.fasta	0.230706	0	395/100000	T7-020
T7-020__chr.fasta	T7-020__chr.fasta	0	0	100000/100000	T7-020
T7-020__chr.fasta	T7-020__completeAssembly.fasta	0.00148531	0	94041/100000	T7-020
T7-020__chr.fasta	T7-020__pl_1.fasta	0.350208	5.18378e-112	32/100000	T7-020
T7-020__chr.fasta	T7-020__pl_2.fasta	1	1	0/100000	T7-020
T7-020__chr.fasta	T7-020__pl_3.fasta	0.230586	0	396/100000	T7-020
T7-032__chr.fasta	T7-032__allPlasmids.fasta	0.43859	1.29684e-22	5/100000	T7-032
T7-032__chr.fasta	T7-032__chr.fasta	0	0	100000/100000	T7-032
T7-032__chr.fasta	T7-032__completeAssembly.fasta	1.97742e-05	0	99917/100000	T7-032
T7-032__chr.fasta	T7-032__pl_1.fasta	0.43859	1.29684e-22	5/100000	T7-032
T7-036__chr.fasta	T7-036__chr.fasta	0	0	100000/100000	T7-036
T7-036__chr.fasta	T7-036__completeAssembly.fasta	0	0	100000/100000	T7-036
T7-050__chr.fasta	T7-050__chr.fasta	0	0	100000/100000	T7-050
T7-050__chr.fasta	T7-050__completeAssembly.fasta	0	0	100000/100000	T7-050
T7-051__chr.fasta	T7-051__allPlasmids.fasta	0.482221	5.57074e-06	2/100000	T7-051
T7-051__chr.fasta	T7-051__chr.fasta	0	0	100000/100000	T7-051
T7-051__chr.fasta	T7-051__completeAssembly.fasta	0.00067924	0	97207/100000	T7-051
T7-051__chr.fasta	T7-051__pl_1.fasta	0.482221	5.57074e-06	2/100000	T7-051
T7-034__chr.fasta	T7-034__allPlasmids.fasta	0.290168	0	113/100000	T7-034
T7-034__chr.fasta	T7-034__chr.fasta	0	0	100000/100000	T7-034
T7-034__chr.fasta	T7-034__completeAssembly.fasta	0.0025268	0	90172/100000	T7-034
T7-034__chr.fasta	T7-034__pl_1.fasta	0.342027	4.25511e-134	38/100000	T7-034
T7-034__chr.fasta	T7-034__pl_2.fasta	0.294575	0	103/100000	T7-034
T7-034__chr.fasta	T7-034__pl_3.fasta	0.365929	4.2671e-83	23/100000	T7-034
T7-034__chr.fasta	T7-034__pl_4.fasta	1	1	0/100000	T7-034
T7-034__chr.fasta	T7-034__pl_5.fasta	0.33191	8.73323e-210	47/100000	T7-034
T7-034__chr.fasta	T7-034__pl_6.fasta	1	1	0/100000	T7-034
T7-034__chr.fasta	T7-034__pl_7.fasta	1	1	0/100000	T7-034
T7-072__chr.fasta	T7-072__chr.fasta	0	0	100000/100000	T7-072
T7-072__chr.fasta	T7-072__completeAssembly.fasta	0	0	100000/100000	T7-072
T7-089__chr.fasta	T7-089__chr.fasta	0	0	100000/100000	T7-089
T7-089__chr.fasta	T7-089__completeAssembly.fasta	0	0	100000/100000	T7-089
T7-078__chr.fasta	T7-078__allPlasmids.fasta	0.301525	0	89/100000	T7-078
T7-078__chr.fasta	T7-078__chr.fasta	0	0	100000/100000	T7-078
T7-078__chr.fasta	T7-078__completeAssembly.fasta	0.000744453	0	96945/100000	T7-078
T7-078__chr.fasta	T7-078__pl_1.fasta	0.301525	0	89/100000	T7-078
T7-078__chr.fasta	T7-078__pl_2.fasta	1	1	0/100000	T7-078
T7-103__chr.fasta	T7-103__allPlasmids.fasta	0.238523	0	335/100000	T7-103
T7-103__chr.fasta	T7-103__chr.fasta	0	0	100000/100000	T7-103
T7-103__chr.fasta	T7-103__completeAssembly.fasta	0.000768164	0	96850/100000	T7-103
T7-103__chr.fasta	T7-103__pl_1.fasta	0.238523	0	335/100000	T7-103
T7-103__chr.fasta	T7-103__pl_2.fasta	1	1	0/100000	T7-103
T7-085__chr.fasta	T7-085__allPlasmids.fasta	0.275756	0	153/100000	T7-085
T7-085__chr.fasta	T7-085__chr.fasta	0	0	100000/100000	T7-085
T7-085__chr.fasta	T7-085__completeAssembly.fasta	0.00188518	0	92527/100000	T7-085
T7-085__chr.fasta	T7-085__pl_1.fasta	0.283502	0	130/100000	T7-085
T7-085__chr.fasta	T7-085__pl_2.fasta	0.301525	0	89/100000	T7-085
T7-085__chr.fasta	T7-085__pl_3.fasta	0.336143	1.48261e-168	43/100000	T7-085
T7-085__chr.fasta	T7-085__pl_4.fasta	0.375025	4.6279e-89	19/100000	T7-085
T7-085__chr.fasta	T7-085__pl_5.fasta	1	1	0/100000	T7-085
T7-085__chr.fasta	T7-085__pl_6.fasta	1	1	0/100000	T7-085
T7-085__chr.fasta	T7-085__pl_7.fasta	1	1	0/100000	T7-085
T7-085__chr.fasta	T7-085__pl_8.fasta	1	1	0/100000	T7-085
T7-085__chr.fasta	T7-085__pl_9.fasta	1	1	0/100000	T7-085
T7-097__chr.fasta	T7-097__allPlasmids.fasta	0.239237	0	330/100000	T7-097
T7-097__chr.fasta	T7-097__chr.fasta	0	0	100000/100000	T7-097
T7-097__chr.fasta	T7-097__completeAssembly.fasta	0.00144543	0	94194/100000	T7-097
T7-097__chr.fasta	T7-097__pl_1.fasta	0.23796	0	339/100000	T7-097
T7-097__chr.fasta	T7-097__pl_2.fasta	1	1	0/100000	T7-097
T7-097__chr.fasta	T7-097__pl_3.fasta	1	1	0/100000	T7-097
T7-096__chr.fasta	T7-096__allPlasmids.fasta	0.226023	0	436/100000	T7-096
T7-096__chr.fasta	T7-096__chr.fasta	0	0	100000/100000	T7-096
T7-096__chr.fasta	T7-096__completeAssembly.fasta	0.00251015	0	90232/100000	T7-096
T7-096__chr.fasta	T7-096__pl_1.fasta	0.262081	0	204/100000	T7-096
T7-096__chr.fasta	T7-096__pl_2.fasta	0.2381	0	338/100000	T7-096
T7-096__chr.fasta	T7-096__pl_3.fasta	0.26093	0	209/100000	T7-096
T7-105__chr.fasta	T7-105__allPlasmids.fasta	0.291447	0	110/100000	T7-105
T7-105__chr.fasta	T7-105__chr.fasta	0	0	100000/100000	T7-105
T7-105__chr.fasta	T7-105__completeAssembly.fasta	0.000442026	0	98169/100000	T7-105
T7-105__chr.fasta	T7-105__pl_1.fasta	0.309669	2.47033e-323	75/100000	T7-105
T7-105__chr.fasta	T7-105__pl_2.fasta	0.326191	2.63104e-223	53/100000	T7-105
T7-125__chr.fasta	T7-125__allPlasmids.fasta	0.368046	2.13947e-72	22/100000	T7-125
T7-125__chr.fasta	T7-125__chr.fasta	0	0	100000/100000	T7-125
T7-125__chr.fasta	T7-125__completeAssembly.fasta	0.00100973	0	95890/100000	T7-125
T7-125__chr.fasta	T7-125__pl_1.fasta	0.368046	1.23459e-72	22/100000	T7-125
T7-125__chr.fasta	T7-125__pl_2.fasta	1	1	0/100000	T7-125
T7-115__chr.fasta	T7-115__allPlasmids.fasta	0.29743	0	97/100000	T7-115
T7-115__chr.fasta	T7-115__chr.fasta	0	0	100000/100000	T7-115
T7-115__chr.fasta	T7-115__completeAssembly.fasta	0.00126368	0	94896/100000	T7-115
T7-115__chr.fasta	T7-115__pl_1.fasta	0.296942	0	98/100000	T7-115
T7-115__chr.fasta	T7-115__pl_2.fasta	0.462914	9.18473e-11	3/100000	T7-115
T7-115__chr.fasta	T7-115__pl_3.fasta	1	1	0/100000	T7-115
T7-115__chr.fasta	T7-115__pl_4.fasta	1	1	0/100000	T7-115
T7-115__chr.fasta	T7-115__pl_5.fasta	1	1	0/100000	T7-115
T7-133__chr.fasta	T7-133__allPlasmids.fasta	0.255359	0	235/100000	T7-133
T7-133__chr.fasta	T7-133__chr.fasta	0	0	100000/100000	T7-133
T7-133__chr.fasta	T7-133__completeAssembly.fasta	0.00109412	0	95558/100000	T7-133
T7-133__chr.fasta	T7-133__pl_1.fasta	0.254359	0	240/100000	T7-133
T7-133__chr.fasta	T7-133__pl_2.fasta	0.332933	1.38068e-202	46/100000	T7-133
T7-133__chr.fasta	T7-133__pl_3.fasta	0.429909	1.46933e-25	6/100000	T7-133
T7-133__chr.fasta	T7-133__pl_4.fasta	1	1	0/100000	T7-133
T7-133__chr.fasta	T7-133__pl_5.fasta	1	1	0/100000	T7-133
T7-146__chr.fasta	T7-146__allPlasmids.fasta	1	1	0/100000	T7-146
T7-146__chr.fasta	T7-146__chr.fasta	0	0	100000/100000	T7-146
T7-146__chr.fasta	T7-146__completeAssembly.fasta	0.000237961	0	99008/100000	T7-146
T7-146__chr.fasta	T7-146__pl_1.fasta	1	1	0/100000	T7-146
T7-129__chr.fasta	T7-129__allPlasmids.fasta	1	1	0/100000	T7-129
T7-129__chr.fasta	T7-129__chr.fasta	0	0	100000/100000	T7-129
T7-129__chr.fasta	T7-129__completeAssembly.fasta	0.000268926	0	98880/100000	T7-129
T7-129__chr.fasta	T7-129__pl_1.fasta	1	1	0/100000	T7-129
T7-141__chr.fasta	T7-141__allPlasmids.fasta	0.276067	0	152/100000	T7-141
T7-141__chr.fasta	T7-141__chr.fasta	0	0	100000/100000	T7-141
T7-141__chr.fasta	T7-141__completeAssembly.fasta	0.00192505	0	92378/100000	T7-141
T7-141__chr.fasta	T7-141__pl_1.fasta	0.282417	0	133/100000	T7-141
T7-141__chr.fasta	T7-141__pl_2.fasta	0.354894	2.43665e-106	29/100000	T7-141
T7-141__chr.fasta	T7-141__pl_3.fasta	1	1	0/100000	T7-141
T7-141__chr.fasta	T7-141__pl_4.fasta	0.405585	1.41822e-36	10/100000	T7-141
T7-153__chr.fasta	T7-153__allPlasmids.fasta	0.245045	0	292/100000	T7-153
T7-153__chr.fasta	T7-153__chr.fasta	0	0	100000/100000	T7-153
T7-153__chr.fasta	T7-153__completeAssembly.fasta	0.000918724	0	96250/100000	T7-153
T7-153__chr.fasta	T7-153__pl_1.fasta	0.245045	0	292/100000	T7-153
T7-158__chr.fasta	T7-158__allPlasmids.fasta	0.482221	7.59474e-06	2/100000	T7-158
T7-158__chr.fasta	T7-158__chr.fasta	0	0	100000/100000	T7-158
T7-158__chr.fasta	T7-158__completeAssembly.fasta	0.000779908	0	96803/100000	T7-158
T7-158__chr.fasta	T7-158__pl_1.fasta	0.482221	7.59474e-06	2/100000	T7-158
T7-181__chr.fasta	T7-181__allPlasmids.fasta	1	1	0/100000	T7-181
T7-181__chr.fasta	T7-181__chr.fasta	0	0	100000/100000	T7-181
T7-181__chr.fasta	T7-181__completeAssembly.fasta	3.93344e-05	0	99835/100000	T7-181
T7-181__chr.fasta	T7-181__pl_1.fasta	1	1	0/100000	T7-181
T7-181__chr.fasta	T7-181__pl_2.fasta	1	1	0/100000	T7-181
T7-179__chr.fasta	T7-179__allPlasmids.fasta	0.29059	0	112/100000	T7-179
T7-179__chr.fasta	T7-179__chr.fasta	0	0	100000/100000	T7-179
T7-179__chr.fasta	T7-179__completeAssembly.fasta	0.000399735	0	98342/100000	T7-179
T7-179__chr.fasta	T7-179__pl_1.fasta	0.291447	0	110/100000	T7-179
T7-179__chr.fasta	T7-179__pl_2.fasta	0.358296	8.56695e-112	27/100000	T7-179
T7-179__chr.fasta	T7-179__pl_3.fasta	1	1	0/100000	T7-179
T7-185__chr.fasta	T7-185__allPlasmids.fasta	0.289333	0	115/100000	T7-185
T7-185__chr.fasta	T7-185__chr.fasta	0	0	100000/100000	T7-185
T7-185__chr.fasta	T7-185__completeAssembly.fasta	0.00123564	0	95005/100000	T7-185
T7-185__chr.fasta	T7-185__pl_1.fasta	0.302063	0	88/100000	T7-185
T7-185__chr.fasta	T7-185__pl_2.fasta	1	1	0/100000	T7-185
T7-185__chr.fasta	T7-185__pl_3.fasta	0.322728	1.2354e-244	57/100000	T7-185
T7-189__chr.fasta	T7-189__allPlasmids.fasta	0.212176	0	584/100000	T7-189
T7-189__chr.fasta	T7-189__chr.fasta	0	0	100000/100000	T7-189
T7-189__chr.fasta	T7-189__completeAssembly.fasta	0.00135275	0	94551/100000	T7-189
T7-189__chr.fasta	T7-189__pl_1.fasta	0.219248	0	503/100000	T7-189
T7-189__chr.fasta	T7-189__pl_2.fasta	0.268294	0	179/100000	T7-189
T7-189__chr.fasta	T7-189__pl_3.fasta	0.29743	0	97/100000	T7-189
T7-189__chr.fasta	T7-189__pl_4.fasta	0.312277	0	71/100000	T7-189
T7-189__chr.fasta	T7-189__pl_5.fasta	0.313636	0	69/100000	T7-189
T7-189__chr.fasta	T7-189__pl_6.fasta	1	1	0/100000	T7-189
T7-165__chr.fasta	T7-165__allPlasmids.fasta	0.303713	2.19425e-300	85/100000	T7-165
T7-165__chr.fasta	T7-165__chr.fasta	0	0	100000/100000	T7-165
T7-165__chr.fasta	T7-165__completeAssembly.fasta	0.00178444	0	92905/100000	T7-165
T7-165__chr.fasta	T7-165__pl_1.fasta	0.309038	6.72298e-300	76/100000	T7-165
T7-165__chr.fasta	T7-165__pl_2.fasta	0.462914	2.77337e-09	3/100000	T7-165
T7-165__chr.fasta	T7-165__pl_3.fasta	0.356564	5.15293e-103	28/100000	T7-165
T7-165__chr.fasta	T7-165__pl_4.fasta	0.332933	7.42742e-188	46/100000	T7-165
T7-165__chr.fasta	T7-165__pl_5.fasta	1	1	0/100000	T7-165
T7-165__chr.fasta	T7-165__pl_6.fasta	1	1	0/100000	T7-165
T7-165__chr.fasta	T7-165__pl_7.fasta	1	1	0/100000	T7-165
T7-211__chr.fasta	T7-211__allPlasmids.fasta	0.389565	5.82199e-46	14/100000	T7-211
T7-211__chr.fasta	T7-211__chr.fasta	0	0	100000/100000	T7-211
T7-211__chr.fasta	T7-211__completeAssembly.fasta	0.00073448	0	96985/100000	T7-211
T7-211__chr.fasta	T7-211__pl_1.fasta	0.389565	4.55214e-46	14/100000	T7-211
T7-211__chr.fasta	T7-211__pl_2.fasta	1	1	0/100000	T7-211
T7-200__chr.fasta	T7-200__allPlasmids.fasta	0.245208	0	291/100000	T7-200
T7-200__chr.fasta	T7-200__chr.fasta	0	0	100000/100000	T7-200
T7-200__chr.fasta	T7-200__completeAssembly.fasta	0.00111579	0	95473/100000	T7-200
T7-200__chr.fasta	T7-200__pl_1.fasta	0.245045	0	292/100000	T7-200
T7-200__chr.fasta	T7-200__pl_2.fasta	1	1	0/100000	T7-200
T7-200__chr.fasta	T7-200__pl_3.fasta	1	1	0/100000	T7-200
T7-225__chr.fasta	T7-225__allPlasmids.fasta	0.317965	2.6561e-229	63/100000	T7-225
T7-225__chr.fasta	T7-225__chr.fasta	0	0	100000/100000	T7-225
T7-225__chr.fasta	T7-225__completeAssembly.fasta	0.00109131	0	95569/100000	T7-225
T7-225__chr.fasta	T7-225__pl_1.fasta	0.317965	5.61377e-239	63/100000	T7-225
T7-225__chr.fasta	T7-225__pl_2.fasta	1	1	0/100000	T7-225
T7-209__chr.fasta	T7-209__allPlasmids.fasta	0.356564	8.23865e-91	28/100000	T7-209
T7-209__chr.fasta	T7-209__chr.fasta	0	0	100000/100000	T7-209
T7-209__chr.fasta	T7-209__completeAssembly.fasta	0.00136311	0	94511/100000	T7-209
T7-209__chr.fasta	T7-209__pl_1.fasta	0.360092	2.8278e-91	26/100000	T7-209
T7-209__chr.fasta	T7-209__pl_2.fasta	0.515228	0.00239875	1/100000	T7-209
T7-209__chr.fasta	T7-209__pl_3.fasta	0.515228	0.00122131	1/100000	T7-209
T7-259__chr.fasta	T7-259__allPlasmids.fasta	0.306007	4.41055e-311	81/100000	T7-259
T7-259__chr.fasta	T7-259__chr.fasta	0	0	100000/100000	T7-259
T7-259__chr.fasta	T7-259__completeAssembly.fasta	0.000880199	0	96403/100000	T7-259
T7-259__chr.fasta	T7-259__pl_1.fasta	0.306007	4.41055e-311	81/100000	T7-259
T7-242__chr.fasta	T7-242__allPlasmids.fasta	0.239094	0	331/100000	T7-242
T7-242__chr.fasta	T7-242__chr.fasta	0	0	100000/100000	T7-242
T7-242__chr.fasta	T7-242__completeAssembly.fasta	0.00142852	0	94259/100000	T7-242
T7-242__chr.fasta	T7-242__pl_1.fasta	0.238382	0	336/100000	T7-242
T7-242__chr.fasta	T7-242__pl_2.fasta	1	1	0/100000	T7-242
T7-242__chr.fasta	T7-242__pl_3.fasta	0.383207	2.15138e-61	16/100000	T7-242
T7-242__chr.fasta	T7-242__pl_4.fasta	1	1	0/100000	T7-242
T7-242__chr.fasta	T7-242__pl_5.fasta	1	1	0/100000	T7-242
T7-240__chr.fasta	T7-240__allPlasmids.fasta	1	1	0/100000	T7-240
T7-240__chr.fasta	T7-240__chr.fasta	0	0	100000/100000	T7-240
T7-240__chr.fasta	T7-240__completeAssembly.fasta	2.00126e-05	0	99916/100000	T7-240
T7-240__chr.fasta	T7-240__pl_1.fasta	1	1	0/100000	T7-240
T7-262__chr.fasta	T7-262__allPlasmids.fasta	1	1	0/100000	T7-262
T7-262__chr.fasta	T7-262__chr.fasta	0	0	100000/100000	T7-262
T7-262__chr.fasta	T7-262__completeAssembly.fasta	0.000500143	0	97932/100000	T7-262
T7-262__chr.fasta	T7-262__pl_1.fasta	1	1	0/100000	T7-262
T7-234__chr.fasta	T7-234__allPlasmids.fasta	0.299948	0	92/100000	T7-234
T7-234__chr.fasta	T7-234__chr.fasta	0	0	100000/100000	T7-234
T7-234__chr.fasta	T7-234__completeAssembly.fasta	0.00100441	0	95911/100000	T7-234
T7-234__chr.fasta	T7-234__pl_1.fasta	0.302063	0	88/100000	T7-234
T7-234__chr.fasta	T7-234__pl_2.fasta	0.325302	9.57411e-221	54/100000	T7-234
T7-234__chr.fasta	T7-234__pl_3.fasta	1	1	0/100000	T7-234
T7-264__chr.fasta	T7-264__chr.fasta	0	0	100000/100000	T7-264
T7-264__chr.fasta	T7-264__completeAssembly.fasta	0	0	100000/100000	T7-264
T7-286__chr.fasta	T7-286__chr.fasta	0	0	100000/100000	T7-286
T7-286__chr.fasta	T7-286__completeAssembly.fasta	0	0	100000/100000	T7-286
T7-273__chr.fasta	T7-273__allPlasmids.fasta	1	1	0/100000	T7-273
T7-273__chr.fasta	T7-273__chr.fasta	0	0	100000/100000	T7-273
T7-273__chr.fasta	T7-273__completeAssembly.fasta	0.000591295	0	97562/100000	T7-273
T7-273__chr.fasta	T7-273__pl_1.fasta	1	1	0/100000	T7-273
T7-273__chr.fasta	T7-273__pl_2.fasta	1	1	0/100000	T7-273
T7-289__chr.fasta	T7-289__allPlasmids.fasta	0.288513	0	117/100000	T7-289
T7-289__chr.fasta	T7-289__chr.fasta	0	0	100000/100000	T7-289
T7-289__chr.fasta	T7-289__completeAssembly.fasta	0.000597967	0	97535/100000	T7-289
T7-289__chr.fasta	T7-289__pl_1.fasta	0.288513	0	117/100000	T7-289
T7-267__chr.fasta	T7-267__allPlasmids.fasta	0.256588	0	229/100000	T7-267
T7-267__chr.fasta	T7-267__chr.fasta	0	0	100000/100000	T7-267
T7-267__chr.fasta	T7-267__completeAssembly.fasta	0.00241084	0	90591/100000	T7-267
T7-267__chr.fasta	T7-267__pl_1.fasta	0.255359	0	235/100000	T7-267
T7-267__chr.fasta	T7-267__pl_2.fasta	0.482221	4.33254e-06	2/100000	T7-267
T7-267__chr.fasta	T7-267__pl_3.fasta	1	1	0/100000	T7-267
T7-292__chr.fasta	T7-292__allPlasmids.fasta	1	1	0/100000	T7-292
T7-292__chr.fasta	T7-292__chr.fasta	0	0	100000/100000	T7-292
T7-292__chr.fasta	T7-292__completeAssembly.fasta	3.45614e-05	0	99855/100000	T7-292
T7-292__chr.fasta	T7-292__pl_1.fasta	1	1	0/100000	T7-292
T7-292__chr.fasta	T7-292__pl_2.fasta	1	1	0/100000	T7-292
T7-296__chr.fasta	T7-296__allPlasmids.fasta	0.215536	0	544/100000	T7-296
T7-296__chr.fasta	T7-296__chr.fasta	0	0	100000/100000	T7-296
T7-296__chr.fasta	T7-296__completeAssembly.fasta	0.00144595	0	94192/100000	T7-296
T7-296__chr.fasta	T7-296__pl_1.fasta	0.215973	0	539/100000	T7-296
T7-296__chr.fasta	T7-296__pl_2.fasta	0.276067	0	152/100000	T7-296
T7-296__chr.fasta	T7-296__pl_3.fasta	0.354894	1.85034e-122	29/100000	T7-296
T7-296__chr.fasta	T7-296__pl_4.fasta	0.462914	2.17272e-13	3/100000	T7-296
T7-296__chr.fasta	T7-296__pl_5.fasta	1	1	0/100000	T7-296
T7-290__chr.fasta	T7-290__allPlasmids.fasta	0.401047	3.14228e-36	11/100000	T7-290
T7-290__chr.fasta	T7-290__chr.fasta	0	0	100000/100000	T7-290
T7-290__chr.fasta	T7-290__completeAssembly.fasta	0.000538266	0	97777/100000	T7-290
T7-290__chr.fasta	T7-290__pl_1.fasta	0.401047	1.91215e-36	11/100000	T7-290
T7-290__chr.fasta	T7-290__pl_2.fasta	1	1	0/100000	T7-290
T7-326__chr.fasta	T7-326__allPlasmids.fasta	0.372583	1.43761e-65	20/100000	T7-326
T7-326__chr.fasta	T7-326__chr.fasta	0	0	100000/100000	T7-326
T7-326__chr.fasta	T7-326__completeAssembly.fasta	0.000961384	0	96081/100000	T7-326
T7-326__chr.fasta	T7-326__pl_1.fasta	0.372583	1.22835e-65	20/100000	T7-326
T7-326__chr.fasta	T7-326__pl_2.fasta	1	1	0/100000	T7-326
T7-333__chr.fasta	T7-333__chr.fasta	0	0	100000/100000	T7-333
T7-333__chr.fasta	T7-333__completeAssembly.fasta	0	0	100000/100000	T7-333
T7-311__chr.fasta	T7-311__allPlasmids.fasta	0.243446	0	302/100000	T7-311
T7-311__chr.fasta	T7-311__chr.fasta	0	0	100000/100000	T7-311
T7-311__chr.fasta	T7-311__completeAssembly.fasta	0.00185607	0	92636/100000	T7-311
T7-311__chr.fasta	T7-311__pl_1.fasta	0.253769	0	243/100000	T7-311
T7-311__chr.fasta	T7-311__pl_2.fasta	0.340791	4.25229e-152	39/100000	T7-311
T7-311__chr.fasta	T7-311__pl_3.fasta	0.287309	0	120/100000	T7-311
T7-311__chr.fasta	T7-311__pl_4.fasta	0.317216	3.30905e-269	64/100000	T7-311
T7-311__chr.fasta	T7-311__pl_5.fasta	1	1	0/100000	T7-311
T7-311__chr.fasta	T7-311__pl_6.fasta	1	1	0/100000	T7-311
T7-311__chr.fasta	T7-311__pl_7.fasta	1	1	0/100000	T7-311
T7-311__chr.fasta	T7-311__pl_8.fasta	0.405585	1.5786e-47	10/100000	T7-311
T7-311__chr.fasta	T7-311__pl_9.fasta	1	1	0/100000	T7-311
T7-335__chr.fasta	T7-335__allPlasmids.fasta	0.462914	6.67188e-09	3/100000	T7-335
T7-335__chr.fasta	T7-335__chr.fasta	0	0	100000/100000	T7-335
T7-335__chr.fasta	T7-335__completeAssembly.fasta	0.000655162	0	97304/100000	T7-335
T7-335__chr.fasta	T7-335__pl_1.fasta	0.462914	6.67188e-09	3/100000	T7-335
T7-349__chr.fasta	T7-349__allPlasmids.fasta	0.229055	0	409/100000	T7-349
T7-349__chr.fasta	T7-349__chr.fasta	0	0	100000/100000	T7-349
T7-349__chr.fasta	T7-349__completeAssembly.fasta	0.00110584	0	95512/100000	T7-349
T7-349__chr.fasta	T7-349__pl_1.fasta	0.23524	0	359/100000	T7-349
T7-349__chr.fasta	T7-349__pl_2.fasta	0.274227	0	158/100000	T7-349
T7-349__chr.fasta	T7-349__pl_3.fasta	0.383207	6.38629e-75	16/100000	T7-349
T7-349__chr.fasta	T7-349__pl_4.fasta	0.37026	9.05997e-103	21/100000	T7-349
T7-349__chr.fasta	T7-349__pl_5.fasta	1	1	0/100000	T7-349
T7-365__chr.fasta	T7-365__allPlasmids.fasta	0.289333	0	115/100000	T7-365
T7-365__chr.fasta	T7-365__chr.fasta	0	0	100000/100000	T7-365
T7-365__chr.fasta	T7-365__completeAssembly.fasta	0.00169963	0	93225/100000	T7-365
T7-365__chr.fasta	T7-365__pl_1.fasta	0.285367	0	125/100000	T7-365
T7-365__chr.fasta	T7-365__pl_2.fasta	1	1	0/100000	T7-365
T7-365__chr.fasta	T7-365__pl_3.fasta	0.33191	2.32646e-190	47/100000	T7-365
T7-365__chr.fasta	T7-365__pl_4.fasta	1	1	0/100000	T7-365
T7-365__chr.fasta	T7-365__pl_5.fasta	1	1	0/100000	T7-365
T7-365__chr.fasta	T7-365__pl_6.fasta	1	1	0/100000	T7-365
T7-393__chr.fasta	T7-393__allPlasmids.fasta	0.315036	1.772e-248	67/100000	T7-393
T7-393__chr.fasta	T7-393__chr.fasta	0	0	100000/100000	T7-393
T7-393__chr.fasta	T7-393__completeAssembly.fasta	0.00105263	0	95721/100000	T7-393
T7-393__chr.fasta	T7-393__pl_1.fasta	0.314331	6.68306e-270	68/100000	T7-393
T7-393__chr.fasta	T7-393__pl_2.fasta	1	1	0/100000	T7-393
T7-378__chr.fasta	T7-378__allPlasmids.fasta	0.239094	0	331/100000	T7-378
T7-378__chr.fasta	T7-378__chr.fasta	0	0	100000/100000	T7-378
T7-378__chr.fasta	T7-378__completeAssembly.fasta	0.00117894	0	95226/100000	T7-378
T7-378__chr.fasta	T7-378__pl_1.fasta	0.246699	0	282/100000	T7-378
T7-378__chr.fasta	T7-378__pl_2.fasta	0.274832	0	156/100000	T7-378
T7-378__chr.fasta	T7-378__pl_3.fasta	1	1	0/100000	T7-378
T7-378__chr.fasta	T7-378__pl_4.fasta	1	1	0/100000	T7-378
T7-410__chr.fasta	T7-410__allPlasmids.fasta	0.23796	0	339/100000	T7-410
T7-410__chr.fasta	T7-410__chr.fasta	0	0	100000/100000	T7-410
T7-410__chr.fasta	T7-410__completeAssembly.fasta	0.00119149	0	95177/100000	T7-410
T7-410__chr.fasta	T7-410__pl_1.fasta	0.237403	0	343/100000	T7-410
T7-410__chr.fasta	T7-410__pl_2.fasta	1	1	0/100000	T7-410
T7-410__chr.fasta	T7-410__pl_3.fasta	1	1	0/100000	T7-410
T7-410__chr.fasta	T7-410__pl_4.fasta	0.482221	3.4258e-09	2/100000	T7-410
T7-410__chr.fasta	T7-410__pl_5.fasta	1	1	0/100000	T7-410
T7-398__chr.fasta	T7-398__allPlasmids.fasta	0.23699	0	346/100000	T7-398
T7-398__chr.fasta	T7-398__chr.fasta	0	0	100000/100000	T7-398
T7-398__chr.fasta	T7-398__completeAssembly.fasta	0.00113264	0	95407/100000	T7-398
T7-398__chr.fasta	T7-398__pl_1.fasta	0.236853	0	347/100000	T7-398
T7-398__chr.fasta	T7-398__pl_2.fasta	1	1	0/100000	T7-398
T7-398__chr.fasta	T7-398__pl_3.fasta	1	1	0/100000	T7-398
T7-402__chr.fasta	T7-402__allPlasmids.fasta	0.337263	5.16009e-160	42/100000	T7-402
T7-402__chr.fasta	T7-402__chr.fasta	0	0	100000/100000	T7-402
T7-402__chr.fasta	T7-402__completeAssembly.fasta	0.000494002	0	97957/100000	T7-402
T7-402__chr.fasta	T7-402__pl_1.fasta	0.337263	4.89643e-162	42/100000	T7-402
T7-402__chr.fasta	T7-402__pl_2.fasta	1	1	0/100000	T7-402
T7-402__chr.fasta	T7-402__pl_3.fasta	1	1	0/100000	T7-402
T7-402__chr.fasta	T7-402__pl_4.fasta	1	1	0/100000	T7-402
T7-414__chr.fasta	T7-414__allPlasmids.fasta	0.269369	0	175/100000	T7-414
T7-414__chr.fasta	T7-414__chr.fasta	0	0	100000/100000	T7-414
T7-414__chr.fasta	T7-414__completeAssembly.fasta	0.000632854	0	97394/100000	T7-414
T7-414__chr.fasta	T7-414__pl_1.fasta	0.271879	0	166/100000	T7-414
T7-414__chr.fasta	T7-414__pl_2.fasta	0.383207	5.59193e-75	16/100000	T7-414
T7-414__chr.fasta	T7-414__pl_3.fasta	1	1	0/100000	T7-414
T7-414__chr.fasta	T7-414__pl_4.fasta	1	1	0/100000	T7-414
T7-414__chr.fasta	T7-414__pl_5.fasta	1	1	0/100000	T7-414
T7-414__chr.fasta	T7-414__pl_6.fasta	1	1	0/100000	T7-414
T7-424__chr.fasta	T7-424__allPlasmids.fasta	0.307802	3.63711e-306	78/100000	T7-424
T7-424__chr.fasta	T7-424__chr.fasta	0	0	100000/100000	T7-424
T7-424__chr.fasta	T7-424__completeAssembly.fasta	0.000689179	0	97167/100000	T7-424
T7-424__chr.fasta	T7-424__pl_1.fasta	0.307802	3.63711e-306	78/100000	T7-424
T7-394__chr.fasta	T7-394__allPlasmids.fasta	0.271593	0	167/100000	T7-394
T7-394__chr.fasta	T7-394__chr.fasta	0	0	100000/100000	T7-394
T7-394__chr.fasta	T7-394__completeAssembly.fasta	0.000944458	0	96148/100000	T7-394
T7-394__chr.fasta	T7-394__pl_1.fasta	0.29059	0	112/100000	T7-394
T7-394__chr.fasta	T7-394__pl_2.fasta	0.309038	3.58149e-315	76/100000	T7-394
T7-442__chr.fasta	T7-442__allPlasmids.fasta	0.259145	0	217/100000	T7-442
T7-442__chr.fasta	T7-442__chr.fasta	0	0	100000/100000	T7-442
T7-442__chr.fasta	T7-442__completeAssembly.fasta	0.00127141	0	94866/100000	T7-442
T7-442__chr.fasta	T7-442__pl_1.fasta	0.261617	0	206/100000	T7-442
T7-442__chr.fasta	T7-442__pl_2.fasta	0.389565	4.65265e-51	14/100000	T7-442
T7-439__chr.fasta	T7-439__allPlasmids.fasta	0.227346	0	424/100000	T7-439
T7-439__chr.fasta	T7-439__chr.fasta	0	0	100000/100000	T7-439
T7-439__chr.fasta	T7-439__completeAssembly.fasta	0.000788658	0	96768/100000	T7-439
T7-439__chr.fasta	T7-439__pl_1.fasta	0.227123	0	426/100000	T7-439
T7-439__chr.fasta	T7-439__pl_2.fasta	1	1	0/100000	T7-439
T7-439__chr.fasta	T7-439__pl_3.fasta	1	1	0/100000	T7-439
T7-439__chr.fasta	T7-439__pl_4.fasta	1	1	0/100000	T7-439
T7-425__chr.fasta	T7-425__allPlasmids.fasta	0.279978	0	140/100000	T7-425
T7-425__chr.fasta	T7-425__chr.fasta	0	0	100000/100000	T7-425
T7-425__chr.fasta	T7-425__completeAssembly.fasta	0.00138229	0	94437/100000	T7-425
T7-425__chr.fasta	T7-425__pl_1.fasta	0.27897	0	143/100000	T7-425
T7-425__chr.fasta	T7-425__pl_2.fasta	0.37026	6.39227e-75	21/100000	T7-425
T7-425__chr.fasta	T7-425__pl_3.fasta	1	1	0/100000	T7-425
T7-425__chr.fasta	T7-425__pl_4.fasta	0.449215	3.33435e-18	4/100000	T7-425
T7-457__chr.fasta	T7-457__allPlasmids.fasta	1	1	0/100000	T7-457
T7-457__chr.fasta	T7-457__chr.fasta	0	0	100000/100000	T7-457
T7-457__chr.fasta	T7-457__completeAssembly.fasta	0.000583885	0	97592/100000	T7-457
T7-457__chr.fasta	T7-457__pl_1.fasta	1	1	0/100000	T7-457
T7-457__chr.fasta	T7-457__pl_2.fasta	1	1	0/100000	T7-457
T7-460__chr.fasta	T7-460__allPlasmids.fasta	0.316478	3.3879e-244	65/100000	T7-460
T7-460__chr.fasta	T7-460__chr.fasta	0	0	100000/100000	T7-460
T7-460__chr.fasta	T7-460__completeAssembly.fasta	0.000880953	0	96400/100000	T7-460
T7-460__chr.fasta	T7-460__pl_1.fasta	0.316478	1.30584e-244	65/100000	T7-460
T7-460__chr.fasta	T7-460__pl_2.fasta	1	1	0/100000	T7-460
T7-475__chr.fasta	T7-475__allPlasmids.fasta	1	1	0/100000	T7-475
T7-475__chr.fasta	T7-475__chr.fasta	0	0	100000/100000	T7-475
T7-475__chr.fasta	T7-475__completeAssembly.fasta	1.47688e-05	0	99938/100000	T7-475
T7-475__chr.fasta	T7-475__pl_1.fasta	1	1	0/100000	T7-475
T7-472__chr.fasta	T7-472__chr.fasta	0	0	100000/100000	T7-472
T7-472__chr.fasta	T7-472__completeAssembly.fasta	0	0	100000/100000	T7-472
T7-482__chr.fasta	T7-482__allPlasmids.fasta	0.265963	0	188/100000	T7-482
T7-482__chr.fasta	T7-482__chr.fasta	0	0	100000/100000	T7-482
T7-482__chr.fasta	T7-482__completeAssembly.fasta	0.00146106	0	94134/100000	T7-482
T7-482__chr.fasta	T7-482__pl_1.fasta	0.269915	0	173/100000	T7-482
T7-482__chr.fasta	T7-482__pl_2.fasta	0.365929	1.07839e-83	23/100000	T7-482
T7-482__chr.fasta	T7-482__pl_3.fasta	1	1	0/100000	T7-482
T7-488__chr.fasta	T7-488__allPlasmids.fasta	0.270747	0	170/100000	T7-488
T7-488__chr.fasta	T7-488__chr.fasta	0	0	100000/100000	T7-488
T7-488__chr.fasta	T7-488__completeAssembly.fasta	0.000902094	0	96316/100000	T7-488
T7-488__chr.fasta	T7-488__pl_1.fasta	0.289749	0	114/100000	T7-488
T7-488__chr.fasta	T7-488__pl_2.fasta	0.307196	0	79/100000	T7-488
T7-493__chr.fasta	T7-493__allPlasmids.fasta	0.229521	0	405/100000	T7-493
T7-493__chr.fasta	T7-493__chr.fasta	0	0	100000/100000	T7-493
T7-493__chr.fasta	T7-493__completeAssembly.fasta	0.000686196	0	97179/100000	T7-493
T7-493__chr.fasta	T7-493__pl_1.fasta	0.229521	0	405/100000	T7-493
T7-493__chr.fasta	T7-493__pl_2.fasta	0.313636	0	69/100000	T7-493
