ToolName,tag,duration,total_seconds,total_minutes,peak_rss,peak_rss_gb
SPAdes,2018-01-880,19m 38s,1178,19.633333333333333,4.4 GB,4.4
SPAdes,NK_H17_018,17m 25s,1045,17.416666666666668,4.4 GB,4.4
PlasmidSPAdes,2018-01-2860,22m 52s,1372,22.866666666666667,4.7 GB,4.7
SPAdes,KGMAR-2016-1200,18m 32s,1112,18.53333333333333,4.4 GB,4.4
SPAdes,KGVET-2020-01-2846-1,30m 11s,1811,30.183333333333334,4.4 GB,4.4
PlaScope (reads),2018-01-3723,19m 3s,1143,19.05,4.8 GB,4.8
SPAdes,KGVET-2020-01-2318-1,18m 36s,1116,18.6,4.4 GB,4.4
PlaScope (reads),KGVET-2020-01-2318-1,21m 58s,1318,21.966666666666665,4.8 GB,4.8
PlasmidSPAdes,2018-01-4107,22m 38s,1358,22.633333333333333,4.9 GB,4.9
PlasmidSPAdes,KGVET-2020-01-3043-2,28m 44s,1724,28.73333333333333,5.9 GB,5.9
SPAdes,KGMAR-2016-1400,10m 31s,631,10.516666666666667,4.4 GB,4.4
PlasmidSPAdes,2018-01-710,57m 21s,3441,57.35,5.1 GB,5.1
HyAsp,2018-01-880,8m 52s,532,8.866666666666667,1.4 GB,1.4
HyAsp,KGMAR-2016-1200,8m 39s,519,8.65,1.4 GB,1.4
HyAsp,KGVET-2020-01-2318-1,8m 21s,501,8.35,1.3 GB,1.3
HyAsp,NK_H17_018,8m 47s,527,8.783333333333333,1.2 GB,1.2
HyAsp,KGVET-2020-01-2846-1,8m 38s,518,8.633333333333333,1.4 GB,1.4
HyAsp,KGMAR-2016-1400,8m 39s,519,8.65,1.4 GB,1.4
SPAdes,2018-01-4735,27m 28s,1648,27.466666666666665,4.4 GB,4.4
SPAdes,KGMAR-2016-319,18m 57s,1137,18.95,4.4 GB,4.4
PlaScope (reads),KGVET-2020-01-202-1,23m 56s,1436,23.933333333333334,4.7 GB,4.7
SPAdes,KGMAR-2019-1792,20m 20s,1220,20.33333333333333,4.4 GB,4.4
PlasmidSPAdes,2018-01-880,23m 29s,1409,23.48333333333333,4.7 GB,4.7
PlaScope (reads),KGMAR-2016-1397,24m 30s,1470,24.5,4.6 GB,4.6
PlaScope (reads),KGVET-2020-01-2496-3,33m 58s,2038,33.96666666666667,5 GB,5
PlaScope (reads),2018-01-778,57m 8s,3428,57.13333333333333,5.1 GB,5.1
SPAdes,2018-01-710,29m,1740,29,4.4 GB,4.4
PlaScope (reads),2018-01-2640,25m 30s,1530,25.5,4.8 GB,4.8
PlaScope (reads),2018-01-707,1h 11m 28s,4288,71.46666666666667,5.5 GB,5.5
SPAdes,KGVET-2018-01-3794,18m 48s,1128,18.8,4.4 GB,4.4
PlasmidSPAdes,KGVET-2020-01-2496-3,25m 54s,1554,25.9,5 GB,5
SPAdes,KGVET-2020-01-2800-1,14m 38s,878,14.633333333333333,4.4 GB,4.4
PlasmidSPAdes,KGMAR-2019-2186,25m 50s,1550,25.83333333333333,4.4 GB,4.4
PlasmidSPAdes,KGMAR-2019-1434,17m 55s,1075,17.916666666666668,4.8 GB,4.8
SPAdes,2018-01-2485,13m 44s,824,13.733333333333333,4.4 GB,4.4
PlaScope (reads),KGMAR-2019-400-2,13m 19s,799,13.316666666666666,4.6 GB,4.6
PlaScope (reads),KGMAR-2020-428,33m 28s,2008,33.46666666666667,5.1 GB,5.1
PlaScope (reads),KGMAR-2019-1792,25m 39s,1539,25.65,5.1 GB,5.1
PlaScope (reads),KGVET-2019-01-2264,27m 6s,1626,27.1,4.9 GB,4.9
SPAdes,2018-01-4107,20m 52s,1252,20.866666666666667,4.6 GB,4.6
SPAdes,2018-01-2085,46m 21s,2781,46.35,5.8 GB,5.8
PlasmidSPAdes,KGMAR-2016-1396,20m 32s,1232,20.53333333333333,4.6 GB,4.6
PlasmidSPAdes,KGVET-2020-01-2209-1,24m 45s,1485,24.75,5.6 GB,5.6
PlaScope (reads),2018-01-2734,2h 59m 31s,10771,179.51666666666668,9.4 GB,9.4
PlasmidSPAdes,KGMAR-2019-400-2,10m 10s,610,10.166666666666666,4.5 GB,4.5
PlaScope (reads),2018-01-2782,20m 25s,1225,20.416666666666668,4.9 GB,4.9
PlasmidSPAdes,2018-01-2085,2h 35m 50s,9350,155.83333333333334,9.6 GB,9.6
SPAdes,KGMAR-2016-1076,17m 59s,1079,17.983333333333334,4.6 GB,4.6
SPAdes,KGVET-2020-01-2209-1,23m 6s,1386,23.1,4.9 GB,4.9
SPAdes,2018-01-3218,22m 17s,1337,22.28333333333333,4.7 GB,4.7
SPAdes,2018-01-3094,18m 11s,1091,18.183333333333334,4.7 GB,4.7
PlaScope (reads),KGMAR-2016-319,28m 49s,1729,28.816666666666663,4.8 GB,4.8
SPAdes,KGVET-2020-01-126,16m 18s,978,16.3,4.4 GB,4.4
PlasmidSPAdes,2018-01-3218,20m 18s,1218,20.3,4.6 GB,4.6
PlasmidSPAdes,KGVET-2020-01-2328-1,15m 10s,910,15.166666666666666,4.4 GB,4.4
SPAdes,KGMAR-2019-400-2,8m 48s,528,8.8,4.4 GB,4.4
PlaScope (reads),KGVETS-2019-01-1760,15m 31s,931,15.516666666666667,4.9 GB,4.9
PlasmidSPAdes,2018-01-711,51m 12s,3072,51.2,5.4 GB,5.4
PlaScope (reads),KGVET-2019-01-3619,35m 49s,2149,35.81666666666667,5.1 GB,5.1
PlasmidSPAdes,KGVET-2020-01-1661,13m 42s,822,13.7,4.5 GB,4.5
PlasmidSPAdes,KGVETS-2019-01-1961,13m 14s,794,13.233333333333333,4.7 GB,4.7
PlasmidSPAdes,KGMAR-2016-1397,15m 40s,940,15.666666666666666,4.5 GB,4.5
PlasmidSPAdes,2018-01-4735,29m 20s,1760,29.33333333333333,4.9 GB,4.9
PlasmidSPAdes,KGVET-2020-01-4249-1,21m 23s,1283,21.383333333333333,4.7 GB,4.7
SPAdes,KGVET-2020-01-2677-1,22m 31s,1351,22.516666666666666,4.7 GB,4.7
PlaScope (reads),KGMAR-2019-2186,30m 7s,1807,30.116666666666667,5.4 GB,5.4
PlasmidSPAdes,2018-01-778,45m 19s,2719,45.31666666666667,5.1 GB,5.1
PlasmidSPAdes,2018-01-2640,17m 28s,1048,17.466666666666665,4.6 GB,4.6
PlasmidSPAdes,2018-01-1024,19m 26s,1166,19.433333333333334,4.7 GB,4.7
PlaScope (reads),KGMAR-2019-604,16m 4s,964,16.066666666666666,5 GB,5
PlaScope (reads),KGVET-2020-01-2209-1,29m 3s,1743,29.05,5.6 GB,5.6
SPAdes,2018-01-707,29m 54s,1794,29.9,4.5 GB,4.5
PlaScope (reads),2018-01-389,2h 16m 6s,8166,136.1,6.2 GB,6.2
PlasmidSPAdes,2018-01-2782,15m 36s,936,15.6,4.9 GB,4.9
PlasmidSPAdes,2018-01-3094,15m 16s,916,15.266666666666667,4.5 GB,4.5
SPAdes,KGMAR-2019-1764,13m 17s,797,13.283333333333331,4.6 GB,4.6
SPAdes,KGMAR-2016-1396,16m 11s,971,16.183333333333334,4.6 GB,4.6
PlasmidSPAdes,KGMAR-2019-1766,11m 17s,677,11.283333333333331,4.8 GB,4.8
SPAdes,KGMAR-2016-1198,21m 14s,1274,21.23333333333333,4.9 GB,4.9
PlaScope (reads),2018-01-3465,13m 52s,832,13.866666666666667,4.3 GB,4.3
SPAdes,2018-01-2353,47m 9s,2829,47.15,6.4 GB,6.4
SPAdes,KGMAR-2019-1434,14m 28s,868,14.466666666666669,4.6 GB,4.6
PlaScope (reads),KGMAR-2019-1434,22m 56s,1376,22.933333333333334,4.9 GB,4.9
PlasmidSPAdes,2018-01-2485,14m 7s,847,14.116666666666667,4.5 GB,4.5
SPAdes,KGVET-2020-01-3513-1,13m 17s,797,13.283333333333331,4.5 GB,4.5
SPAdes,2018-01-714,33m 9s,1989,33.15,4.9 GB,4.9
PlasmidSPAdes,KGVET-2020-01-3513-1,14m 45s,885,14.75,4.6 GB,4.6
SPAdes,KGMAR-2020-440,21m 16s,1276,21.266666666666666,4.9 GB,4.9
PlasmidSPAdes,KGVETS-2019-01-3185,11m 12s,672,11.2,4.4 GB,4.4
SPAdes,KGVETS-2019-01-3187,11m 10s,670,11.166666666666666,4.5 GB,4.5
PlasmidSPAdes,2018-01-3465,10m 18s,618,10.3,4.1 GB,4.1
PlasmidSPAdes,2018-01-3723,11m 44s,704,11.733333333333333,4.4 GB,4.4
SPAdes,2018-01-3465,10m 44s,644,10.733333333333333,4.1 GB,4.1
PlasmidSPAdes,KGVET-2020-01-3514,21m 18s,1278,21.3,5.3 GB,5.3
PlaScope (reads),KGVET-2020-01-2158-1,29m 53s,1793,29.883333333333333,5.1 GB,5.1
PlasmidSPAdes,2018-01-1001,30m 5s,1805,30.08333333333333,5.1 GB,5.1
PlaScope (reads),2018-01-1024,26m 15s,1575,26.25,4.8 GB,4.8
PlaScope (reads),KGVETS-2019-01-2871,34m 29s,2069,34.483333333333334,5.2 GB,5.2
SPAdes,KGVET-2020-01-3515,11m 12s,672,11.2,4.4 GB,4.4
PlasmidSPAdes,KGVET-2020-01-2158-1,24m 52s,1492,24.866666666666667,5 GB,5
SPAdes,KGVET-2019-01-3619,31m 11s,1871,31.183333333333334,4.4 GB,4.4
SPAdes,2018-01-2730,44m 45s,2685,44.75,6.1 GB,6.1
PlaScope (reads),KGMAR-2016-1200,24m 41s,1481,24.683333333333334,4.9 GB,4.9
PlasmidSPAdes,KGMAR-2019-1459,18m 32s,1112,18.53333333333333,4.9 GB,4.9
SPAdes,KGVET-2019-01-3472-4,29m 58s,1798,29.966666666666665,4.5 GB,4.5
PlasmidSPAdes,KGVET-2020-01-2800-1,16m 27s,987,16.45,4.4 GB,4.4
SPAdes,KGMAR-2019-1459,17m 2s,1022,17.033333333333335,4.5 GB,4.5
SPAdes,KGVET-2020-01-3421-1,15m 45s,945,15.75,4.4 GB,4.4
SPAdes,KGVET-2020-01-3721-3,23m 54s,1434,23.9,4.4 GB,4.4
SPAdes,KGMAR-2019-1417-2,17m 43s,1063,17.716666666666665,4.4 GB,4.4
PlaScope (reads),KGMAR-2019-1764,21m 45s,1305,21.75,4.9 GB,4.9
PlasmidSPAdes,KGVET-2020-01-3721-3,25m 3s,1503,25.05,5.4 GB,5.4
PlaScope (reads),KGVET-2020-01-3721-3,31m 37s,1897,31.616666666666667,5.5 GB,5.5
PlaScope (reads),2018-01-1584,29m 40s,1780,29.666666666666668,4.8 GB,4.8
SPAdes,KGVET-2020-01-4188-1,20m 51s,1251,20.85,4.6 GB,4.6
PlaScope (reads),KGVET-2020-01-2800-1,20m 39s,1239,20.65,4.9 GB,4.9
PlasmidSPAdes,2018-01-2730,2h 17m 46s,8266,137.76666666666668,9.2 GB,9.2
PlaScope (reads),KGVET-2020-01-3775-3,25m 50s,1550,25.83333333333333,4.9 GB,4.9
PlasmidSPAdes,KGMAR-2016-1076,19m 45s,1185,19.75,4.5 GB,4.5
PlaScope (reads),KGVETS-2019-01-376,18m 33s,1113,18.55,4.8 GB,4.8
SPAdes,KGVET-2020-01-2496-3,21m 31s,1291,21.516666666666666,4.5 GB,4.5
SPAdes,KGVET-2020-01-4249-1,21m 49s,1309,21.816666666666663,4.6 GB,4.6
PlaScope (reads),KGVET-2020-01-4327,14m 1s,841,14.016666666666667,4.6 GB,4.6
PlasmidSPAdes,KGVET-2020-01-4188-1,23m 27s,1407,23.45,4.9 GB,4.9
SPAdes,2018-01-2640,19m 20s,1160,19.33333333333333,4.9 GB,4.9
PlaScope (reads),KGVET-2020-01-4249-1,27m 55s,1675,27.916666666666668,4.8 GB,4.8
PlaScope (reads),2018-01-3094,21m 41s,1301,21.683333333333334,5.2 GB,5.2
PlaScope (reads),KGVET-2020-01-2328-1,18m 13s,1093,18.216666666666665,5.3 GB,5.3
PlaScope (reads),KGMAR-2020-440,33m 10s,1990,33.166666666666664,5.9 GB,5.9
SPAdes,KGVET-2018-04-44577,14m 18s,858,14.3,4.9 GB,4.9
PlaScope (reads),2018-01-714,1h 13m 18s,4398,73.3,5.5 GB,5.5
PlaScope (reads),2018-01-2085,2h 59m 59s,10799,179.98333333333332,9.8 GB,9.8
PlasmidSPAdes,KGVET-2020-01-4327,10m 15s,615,10.25,4.5 GB,4.5
PlasmidSPAdes,KGVET-2020-01-2318-1,16m 18s,978,16.3,4.9 GB,4.9
SPAdes,KGVETS-2019-01-1336,18m 27s,1107,18.45,4.8 GB,4.8
SPAdes,KGVET-2020-04-18146,20m 46s,1246,20.766666666666666,4.6 GB,4.6
SPAdes,KGVETS-2019-01-897,15m 22s,922,15.366666666666667,5 GB,5
PlasmidSPAdes,KGVET-2020-01-2959-1,13m 33s,813,13.55,4.4 GB,4.4
SPAdes,2018-01-4203,13m 22s,802,13.366666666666667,4.4 GB,4.4
PlaScope (reads),KGVET-2020-01-468-1,48m 26s,2906,48.43333333333333,6.7 GB,6.7
PlasmidSPAdes,KGVET-2020-01-202-1,17m 30s,1050,17.5,4.4 GB,4.4
PlasmidSPAdes,KGVET-2020-01-2677-1,25m 20s,1520,25.33333333333333,5.2 GB,5.2
PlaScope (reads),KGVET-2020-04-18146,31m 23s,1883,31.383333333333333,5.2 GB,5.2
SPAdes,KGVET-2019-01-2264,19m 1s,1141,19.016666666666666,4.4 GB,4.4
PlaScope (reads),KGMAR-2019-1459,24m 1s,1441,24.016666666666666,4.9 GB,4.9
SPAdes,KGVETS-2019-01-1380,17m 43s,1063,17.716666666666665,4.7 GB,4.7
PlasmidSPAdes,KGMAR-2019-1764,16m 2s,962,16.033333333333335,4.4 GB,4.4
SPAdes,2018-01-2734,46m 42s,2802,46.7,5.9 GB,5.9
PlaScope (reads),KGMAR-2019-1766,15m 35s,935,15.583333333333334,4.8 GB,4.8
SPAdes,KGMAR-2019-2186,27m 3s,1623,27.05,4.5 GB,4.5
PlaScope (reads),2018-01-4107,27m 19s,1639,27.316666666666663,4.9 GB,4.9
PlaScope (reads),KGVETS-2019-01-1336,28m 22s,1702,28.366666666666667,4.8 GB,4.8
PlaScope (reads),2018-01-711,1h 2m 29s,3749,62.48333333333333,5.4 GB,5.4
PlasmidSPAdes,2018-01-707,56m 57s,3417,56.95,5.6 GB,5.6
PlasmidSPAdes,KGVET-2018-01-3794,17m 23s,1043,17.383333333333333,4.9 GB,4.9
PlaScope (reads),KGVETS-2019-01-1378,17m 41s,1061,17.683333333333334,4.8 GB,4.8
PlaScope (reads),KGVETS-2019-01-1380,22m 25s,1345,22.416666666666668,4.8 GB,4.8
PlasmidSPAdes,KGVET-2019-01-3619,29m 11s,1751,29.183333333333334,4.9 GB,4.9
SPAdes,KGMAR-2020-428,19m 34s,1174,19.566666666666663,4.6 GB,4.6
PlaScope (reads),KGMAR-2016-563,25m 51s,1551,25.85,4.9 GB,4.9
PlasmidSPAdes,2018-01-714,1h 5m 8s,3908,65.13333333333334,5.4 GB,5.4
PlaScope (reads),KGVET-2020-01-3043-2,34m 41s,2081,34.68333333333333,6 GB,6
PlasmidSPAdes,KGMAR-2016-563,20m 8s,1208,20.133333333333333,4.7 GB,4.7
PlaScope (reads),KGVETS-2019-01-1382,22m 35s,1355,22.58333333333333,4.9 GB,4.9
PlaScope (reads),2018-01-2730,2h 38m 21s,9501,158.35,9.3 GB,9.3
PlaScope (reads),2018-01-4203,20m 10s,1210,20.166666666666668,4.8 GB,4.8
PlasmidSPAdes,KGVET-2020-01-2067-1,14m 27s,867,14.45,4.4 GB,4.4
SPAdes,KGVET-2020-01-202-1,17m 25s,1045,17.416666666666668,4.7 GB,4.7
PlasmidSPAdes,KGMAR-2016-319,22m 46s,1366,22.766666666666666,4.9 GB,4.9
SPAdes,KGVET-2020-01-2328-1,14m 51s,891,14.85,4.5 GB,4.5
PlaScope (reads),KGVET-2020-01-3421-1,24m 31s,1471,24.516666666666666,5 GB,5
PlaScope (reads),KGVET-2020-01-236-2,42m 16s,2536,42.266666666666666,6.6 GB,6.6
PlaScope (reads),2018-01-2485,17m 46s,1066,17.766666666666666,4.8 GB,4.8
SPAdes,KGVETS-2019-01-1382,15m 1s,901,15.016666666666667,4.5 GB,4.5
SPAdes,KGMAR-2016-1178,21m 23s,1283,21.383333333333333,4.5 GB,4.5
PlasmidSPAdes,KGVET-2020-04-18146,25m 52s,1552,25.866666666666667,5 GB,5
PlasmidSPAdes,KGVET-2020-01-2846-1,33m 47s,2027,33.78333333333333,4.9 GB,4.9
PlaScope (reads),2018-01-880,30m 22s,1822,30.366666666666667,5.1 GB,5.1
PlasmidSPAdes,KGVETS-2019-01-1336,23m 24s,1404,23.4,4.7 GB,4.7
PlaScope (reads),KGVET-2019-01-792,25m 42s,1542,25.7,4.9 GB,4.9
PlasmidSPAdes,KGVETS-2019-01-1378,18m 46s,1126,18.766666666666666,4.5 GB,4.5
PlaScope (reads),KGVET-2019-01-3472-4,40m 5s,2405,40.083333333333336,4.9 GB,4.9
SPAdes,KGVET-2020-01-1661,20m 17s,1217,20.28333333333333,4.7 GB,4.7
PlaScope (reads),KP_NORM_BLD_112904,26m 9s,1569,26.15,4.6 GB,4.6
PlasmidSPAdes,KGMAR-2016-1200,22m 4s,1324,22.066666666666663,4.4 GB,4.4
SPAdes,KGMAR-2016-563,24m 13s,1453,24.216666666666665,4.6 GB,4.6
PlasmidSPAdes,2018-01-4203,21m 55s,1315,21.916666666666668,5 GB,5
SPAdes,2018-01-2782,23m 59s,1439,23.98333333333333,4.8 GB,4.8
PlaScope (reads),KGVETS-2019-01-1759,26m 52s,1612,26.866666666666667,4.5 GB,4.5
PlasmidSPAdes,KGMAR-2019-1417-2,26m 39s,1599,26.65,5 GB,5
PlaScope (reads),KGVET-2020-01-3515,22m 18s,1338,22.3,5.2 GB,5.2
PlaScope (reads),KGVET-2020-01-2067-1,38m 4s,2284,38.06666666666667,5.5 GB,5.5
SPAdes,KGVETS-2019-01-1378,15m 51s,951,15.85,5 GB,5
SPAdes,KGVET-2020-01-3775-3,22m 46s,1366,22.766666666666666,4.6 GB,4.6
PlasmidSPAdes,KGVET-2020-01-3775-3,25m 28s,1528,25.466666666666665,4.7 GB,4.7
PlasmidSPAdes,2018-01-2353,3h 5m 42s,11142,185.7,10.2 GB,10.2
SPAdes,2018-01-2860,30m 49s,1849,30.816666666666663,4.9 GB,4.9
PlasmidSPAdes,KGVET-2020-01-468-1,47m 29s,2849,47.48333333333333,6.6 GB,6.6
PlasmidSPAdes,KGVET-2019-01-3472-4,31m 50s,1910,31.83333333333333,5 GB,5
PlasmidSPAdes,KGMAR-2020-440,35m 15s,2115,35.25,5 GB,5
PlaScope (reads),2018-01-4735,51m 13s,3073,51.21666666666667,5.3 GB,5.3
SPAdes,KGMAR-2019-1497,21m 35s,1295,21.58333333333333,4.7 GB,4.7
SPAdes,KGMAR-2016-733,25m 49s,1549,25.816666666666663,4.9 GB,4.9
SPAdes,KGVET-2020-01-468-1,59m 53s,3593,59.88333333333333,4.6 GB,4.6
PlasmidSPAdes,KGVET-2020-01-126,21m 23s,1283,21.383333333333333,4.6 GB,4.6
PlasmidSPAdes,KGMAR-2019-604,18m 36s,1116,18.6,4.8 GB,4.8
SPAdes,2018-01-3723,19m,1140,19,4.6 GB,4.6
PlaScope (reads),KGVET-2018-04-44577,32m 10s,1930,32.166666666666664,4.8 GB,4.8
PlaScope (reads),KGMAR-2016-1396,41m 15s,2475,41.25,4.9 GB,4.9
PlasmidSPAdes,KGVET-2019-01-792,22m 44s,1364,22.73333333333333,4.4 GB,4.4
PlaScope (reads),KGMAR-2019-1417-2,40m 58s,2458,40.96666666666667,5.1 GB,5.1
PlasmidSPAdes,KGMAR-2016-1178,32m 22s,1942,32.36666666666667,5.1 GB,5.1
SPAdes,2018-01-389,1h 1m 42s,3702,61.7,5.4 GB,5.4
PlasmidSPAdes,KGVETS-2019-01-1380,24m,1440,24,4.6 GB,4.6
PlasmidSPAdes,2018-01-4639,26m 25s,1585,26.416666666666668,4.6 GB,4.6
PlasmidSPAdes,2018-01-2734,2h 37m 33s,9453,157.55,9.4 GB,9.4
SPAdes,KGVET-2020-01-2158-1,44m,2640,44,4.8 GB,4.8
PlaScope (reads),KGVET-2020-01-2661,48m 34s,2914,48.56666666666667,5.2 GB,5.2
PlaScope (reads),2018-01-710,1h 12m 56s,4376,72.93333333333334,5.1 GB,5.1
SPAdes,KGMAR-2019-1766,14m 44s,884,14.733333333333333,4.8 GB,4.8
PlaScope (reads),KGVET-2018-01-3794,27m 42s,1662,27.7,4.7 GB,4.7
PlasmidSPAdes,KGVET-2020-01-3421-1,21m 3s,1263,21.05,4.9 GB,4.9
PlasmidSPAdes,KGMAR-2020-428,25m 8s,1508,25.133333333333333,5 GB,5
PlasmidSPAdes,KGMAR-2016-1198,24m 13s,1453,24.216666666666665,4.9 GB,4.9
PlasmidSPAdes,2018-01-1584,18m 30s,1110,18.5,4.9 GB,4.9
SPAdes,2018-01-778,30m 8s,1808,30.133333333333333,4.9 GB,4.9
SPAdes,2018-01-4639,21m,1260,21,4.9 GB,4.9
PlaScope (reads),KGMAR-2016-1178,38m 40s,2320,38.66666666666666,5.4 GB,5.4
SPAdes,2018-01-1584,20m 34s,1234,20.566666666666663,4.9 GB,4.9
PlaScope (reads),KGVET-2020-01-2677-1,32m 28s,1948,32.46666666666667,5.1 GB,5.1
PlasmidSPAdes,KP_NORM_BLD_115351,22m 21s,1341,22.35,4.9 GB,4.9
PlaScope (reads),KGVET-2020-01-1661,19m 14s,1154,19.23333333333333,5 GB,5
PlaScope (reads),KGMAR-2016-1198,37m 30s,2250,37.5,5.4 GB,5.4
PlaScope (reads),KGVET-2020-01-126,21m 10s,1270,21.166666666666668,5 GB,5
PlaScope (reads),KGMAR-2016-733,35m 12s,2112,35.2,4.6 GB,4.6
PlasmidSPAdes,KGMAR-2019-1497,14m 57s,897,14.95,4.9 GB,4.9
PlaScope (reads),2018-01-2860,29m,1740,29,4.9 GB,4.9
SPAdes,KGMAR-2016-1397,17m 50s,1070,17.833333333333332,4.8 GB,4.8
PlaScope (reads),2018-01-4639,29m 49s,1789,29.816666666666663,5 GB,5
SPAdes,KGVETS-2019-01-1759,13m 36s,816,13.6,4.3 GB,4.3
SPAdes,KGVET-2020-01-3514,24m 56s,1496,24.933333333333334,4.9 GB,4.9
PlaScope (reads),KGVET-2020-01-3513-1,26m 21s,1581,26.35,4.8 GB,4.8
SPAdes,2018-01-1024,26m 19s,1579,26.316666666666663,4.6 GB,4.6
PlasmidSPAdes,KGVET-2020-01-3515,15m 42s,942,15.7,4.9 GB,4.9
SPAdes,2018-01-1439,28m 57s,1737,28.95,4.4 GB,4.4
SPAdes,KGVET-2020-01-236-2,42m 30s,2550,42.5,4.9 GB,4.9
SPAdes,KGVETS-2019-01-1760,17m 33s,1053,17.55,4.8 GB,4.8
PlaScope (reads),KGVET-2020-01-3514,35m 18s,2118,35.3,5.2 GB,5.2
SPAdes,KGVETS-2019-01-1761,17m 57s,1077,17.95,4.9 GB,4.9
PlasmidSPAdes,KGVET-2019-01-2264,23m 44s,1424,23.73333333333333,4.9 GB,4.9
SPAdes,KGVET-2020-01-2661,24m 20s,1460,24.33333333333333,4.8 GB,4.8
PlaScope (reads),KGMAR-2019-1497,30m 53s,1853,30.883333333333333,5.1 GB,5.1
SPAdes,KGVETS-2019-01-1806,16m 18s,978,16.3,5 GB,5
PlasmidSPAdes,2018-01-389,1h 34m 26s,5666,94.43333333333334,6.1 GB,6.1
PlaScope (reads),KGMAR-2016-1076,38m 25s,2305,38.41666666666666,5.3 GB,5.3
PlasmidSPAdes,KGMAR-2016-733,19m,1140,19,4.7 GB,4.7
SPAdes,KGVET-2020-01-2067-1,19m 5s,1145,19.08333333333333,4.7 GB,4.7
SPAdes,KGVET-2020-01-3043-2,35m 36s,2136,35.6,5.1 GB,5.1
PlaScope (reads),2018-01-3218,28m 26s,1706,28.433333333333334,5.1 GB,5.1
PlasmidSPAdes,KGVETS-2019-01-1382,19m 16s,1156,19.266666666666666,5 GB,5
PlasmidSPAdes,KGVETS-2019-01-1759,12m 58s,778,12.966666666666669,4.5 GB,4.5
PlasmidSPAdes,KGMAR-2016-1400,12m 46s,766,12.766666666666667,4.4 GB,4.4
PlaScope (reads),KGVET-2020-01-4188-1,30m 26s,1826,30.433333333333334,5.2 GB,5.2
PlasmidSPAdes,KGVET-2020-01-2661,25m 51s,1551,25.85,5.1 GB,5.1
SPAdes,KGMAR-2019-604,16m 4s,964,16.066666666666666,4.6 GB,4.6
PlaScope (reads),KGVET-2020-01-2959-1,21m 11s,1271,21.183333333333334,4.7 GB,4.7
SPAdes,2018-01-711,40m 4s,2404,40.06666666666667,4.9 GB,4.9
PlasmidSPAdes,KGVETS-2019-01-1760,16m 58s,1018,16.966666666666665,4.7 GB,4.7
PlaScope (reads),KGVETS-2019-01-1806,22m 40s,1360,22.666666666666668,5.4 GB,5.4
PlasmidSPAdes,KGVETS-2019-01-1761,16m 16s,976,16.266666666666666,4.6 GB,4.6
SPAdes,KGVET-2019-01-792,20m 41s,1241,20.683333333333334,4.9 GB,4.9
PlasmidSPAdes,KGVETS-2019-01-1844,13m 57s,837,13.95,4.7 GB,4.7
PlaScope (reads),KGVET-2020-01-2846-1,45m 5s,2705,45.083333333333336,6 GB,6
SPAdes,KGVET-2020-01-2959-1,15m 53s,953,15.883333333333333,4.6 GB,4.6
SPAdes,KGVET-2020-01-4327,14m 44s,884,14.733333333333333,4.4 GB,4.4
PlaScope (reads),KGVETS-2019-01-1844,22m 14s,1334,22.23333333333333,5 GB,5
SPAdes,KGVETS-2019-01-2116,17m 27s,1047,17.45,5 GB,5
PlasmidSPAdes,KGVETS-2019-01-2116,14m 14s,854,14.233333333333333,4.9 GB,4.9
PlaScope (reads),2018-01-1001,34m 36s,2076,34.6,5.8 GB,5.8
PlasmidSPAdes,KGVET-2018-04-44577,15m 59s,959,15.983333333333333,4.9 GB,4.9
PlasmidSPAdes,2018-01-1439,24m 12s,1452,24.2,5 GB,5
PlaScope (reads),2018-01-1439,33m 37s,2017,33.61666666666667,5.1 GB,5.1
PlaScope (reads),KGMAR-2016-1400,19m 35s,1175,19.58333333333333,4.6 GB,4.6
PlaScope (reads),KGVETS-2019-01-1961,21m 35s,1295,21.58333333333333,4.7 GB,4.7
PlasmidSPAdes,KGVETS-2019-01-2201,14m 11s,851,14.183333333333334,4.4 GB,4.4
SPAdes,KGVETS-2019-01-2201,14m 53s,893,14.883333333333333,4.4 GB,4.4
SPAdes,KGVETS-2019-01-2303,16m 25s,985,16.416666666666668,4.7 GB,4.7
PlasmidSPAdes,KGVETS-2019-01-1806,13m 11s,791,13.183333333333334,4.4 GB,4.4
PlasmidSPAdes,KGMAR-2019-1792,19m 52s,1192,19.866666666666667,5 GB,5
PlaScope (reads),KGVETS-2019-01-1761,23m 1s,1381,23.016666666666666,4.9 GB,4.9
SPAdes,2018-01-1001,31m 1s,1861,31.016666666666666,4.9 GB,4.9
SPAdes,KGVETS-2019-01-1844,14m 5s,845,14.083333333333334,4.4 GB,4.4
PlasmidSPAdes,KGVETS-2019-01-2303,14m 28s,868,14.466666666666669,4.4 GB,4.4
SPAdes,KGVETS-2019-01-1961,16m 21s,981,16.35,4.7 GB,4.7
PlasmidSPAdes,KGVETS-2019-01-2870,27m 25s,1645,27.416666666666668,5 GB,5
PlaScope (reads),KGVETS-2019-01-2116,23m 15s,1395,23.25,4.8 GB,4.8
SPAdes,KGVETS-2019-01-3127,17m 54s,1074,17.9,4.5 GB,4.5
PlasmidSPAdes,KGVET-2020-01-236-2,34m 52s,2092,34.86666666666667,6.5 GB,6.5
SPAdes,KGVETS-2019-01-2871,22m 55s,1375,22.916666666666668,4.6 GB,4.6
SPAdes,KGVETS-2019-01-2870,24m 10s,1450,24.166666666666668,4.8 GB,4.8
PlasmidSPAdes,KGVETS-2019-01-2871,27m 54s,1674,27.9,4.8 GB,4.8
SPAdes,KGVETS-2019-01-3158,19m 59s,1199,19.98333333333333,4.5 GB,4.5
SPAdes,KGVETS-2019-01-3185,11m 39s,699,11.65,4.5 GB,4.5
PlasmidSPAdes,KGVETS-2019-01-3127,15m 21s,921,15.35,4.9 GB,4.9
PlaScope (reads),KGVETS-2019-01-2201,18m 49s,1129,18.816666666666663,4.9 GB,4.9
SPAdes,KGVETS-2019-01-3162,17m 56s,1076,17.933333333333334,4.9 GB,4.9
PlaScope (reads),KGVETS-2019-01-2303,26m 11s,1571,26.183333333333334,4.9 GB,4.9
PlasmidSPAdes,KGVETS-2019-01-3158,21m 9s,1269,21.15,5 GB,5
PlasmidSPAdes,KGVETS-2019-01-3187,17m 9s,1029,17.15,5 GB,5
PlasmidSPAdes,KGVETS-2019-01-3162,22m 45s,1365,22.75,4.9 GB,4.9
PlasmidSPAdes,KGVETS-2019-01-326,20m 27s,1227,20.45,4.9 GB,4.9
SPAdes,KGVETS-2019-01-326,19m 42s,1182,19.7,5 GB,5
PlasmidSPAdes,KGVETS-2019-01-376,17m 15s,1035,17.25,5 GB,5
PlasmidSPAdes,KGVETS-2019-01-3793,24m 45s,1485,24.75,5 GB,5
SPAdes,KGVETS-2019-01-376,18m 11s,1091,18.183333333333334,4.9 GB,4.9
PlasmidSPAdes,KGVETS-2019-01-4118,18m 1s,1081,18.016666666666666,4.8 GB,4.8
PlaScope (reads),KGVETS-2019-01-2870,43m 37s,2617,43.61666666666667,5.5 GB,5.5
PlaScope (reads),KGVETS-2019-01-3127,24m 48s,1488,24.8,5.4 GB,5.4
SPAdes,KGVETS-2019-01-4118,17m 34s,1054,17.566666666666666,4.9 GB,4.9
PlaScope (reads),KGVETS-2019-01-3158,30m 20s,1820,30.33333333333333,5.5 GB,5.5
PlasmidSPAdes,KGVETS-2019-01-4380,21m,1260,21,5.1 GB,5.1
SPAdes,KGVETS-2019-01-4407,15m 20s,920,15.333333333333334,4.8 GB,4.8
SPAdes,KGVETS-2019-01-3793,36m 59s,2219,36.98333333333333,5.1 GB,5.1
SPAdes,KGVETS-2019-01-4380,20m 58s,1258,20.966666666666665,5 GB,5
PlasmidSPAdes,KGVETS-2019-01-4407,15m 8s,908,15.133333333333333,5.1 GB,5.1
PlaScope (reads),KGVETS-2019-01-3162,30m,1800,30,5.8 GB,5.8
PlasmidSPAdes,KGVETS-2019-01-4548,19m 27s,1167,19.45,5 GB,5
SPAdes,KGVETS-2019-01-4548,18m 10s,1090,18.166666666666668,5 GB,5
SPAdes,KGVETS-2019-01-4637,22m 51s,1371,22.85,4.7 GB,4.7
PlaScope (reads),2018-01-2353,2h 45m 44s,9944,165.73333333333332,10.3 GB,10.3
PlaScope (reads),KGVETS-2019-01-3185,20m 56s,1256,20.933333333333334,5.3 GB,5.3
SPAdes,KGVETS-2019-01-476,17m 44s,1064,17.733333333333334,5 GB,5
PlasmidSPAdes,KGVETS-2019-01-4637,20m 46s,1246,20.766666666666666,5.2 GB,5.2
PlaScope (reads),KGVETS-2019-01-3187,20m 12s,1212,20.2,5.2 GB,5.2
SPAdes,KGVETS-2019-01-4848,14m 21s,861,14.35,4.6 GB,4.6
SPAdes,KGVETS-2019-01-4639,37m 48s,2268,37.8,4.8 GB,4.8
PlaScope (reads),KGVETS-2019-01-326,26m 46s,1606,26.766666666666666,5.6 GB,5.6
SPAdes,KGVETS-2019-01-4908,16m 1s,961,16.016666666666666,5 GB,5
PlaScope (reads),KGVETS-2019-01-4118,27m 28s,1648,27.466666666666665,5.3 GB,5.3
PlaScope (reads),KGVETS-2019-01-3793,34m 4s,2044,34.06666666666667,5.1 GB,5.1
SPAdes,KGVETS-2019-01-4937,25m 9s,1509,25.15,5.1 GB,5.1
PlasmidSPAdes,KGVETS-2019-01-476,19m 25s,1165,19.416666666666668,4.7 GB,4.7
PlaScope (reads),KGVETS-2019-01-4380,32m 37s,1957,32.61666666666667,5.2 GB,5.2
PlasmidSPAdes,KGVETS-2019-01-4639,28m 10s,1690,28.166666666666668,6 GB,6
SPAdes,KGVETS-2019-01-5108,18m 19s,1099,18.316666666666663,4.8 GB,4.8
PlaScope (reads),KGVETS-2019-01-4407,25m 30s,1530,25.5,5.5 GB,5.5
PlaScope (reads),KGVETS-2019-01-4548,24m 36s,1476,24.6,5.4 GB,5.4
SPAdes,KGVETS-2019-01-587,14m 37s,877,14.616666666666667,4.5 GB,4.5
SPAdes,KGVETS-2019-01-604,9m 17s,557,9.283333333333331,5.1 GB,5.1
PlaScope (reads),KGVETS-2019-01-4848,16m 40s,1000,16.666666666666668,5 GB,5
PlaScope (reads),KGVETS-2019-01-4908,16m 15s,975,16.25,5 GB,5
PlaScope (reads),KGVETS-2019-01-476,18m 50s,1130,18.83333333333333,5.7 GB,5.7
PlaScope (reads),KGVETS-2019-01-4637,25m 54s,1554,25.9,5.3 GB,5.3
PlaScope (reads),KGVETS-2019-01-4639,24m 58s,1498,24.966666666666665,6.1 GB,6.1
PlasmidSPAdes,KGVETS-2019-01-4908,9m 31s,571,9.516666666666667,5.1 GB,5.1
PlasmidSPAdes,KGVETS-2019-01-4848,10m 26s,626,10.433333333333334,5 GB,5
SPAdes,KGVETS-2019-01-901,9m 19s,559,9.316666666666666,4.8 GB,4.8
PlasmidSPAdes,KGVETS-2019-01-5108,11m 20s,680,11.333333333333334,4.6 GB,4.6
SPAdes,KGVETS-2019-01-902,12m 21s,741,12.35,4.6 GB,4.6
PlasmidSPAdes,KGVETS-2019-01-4937,16m 14s,974,16.233333333333334,5.2 GB,5.2
PlasmidSPAdes,KGVETS-2019-01-587,11m 54s,714,11.9,4.6 GB,4.6
SPAdes,KP_NORM_BLD_1032,15m 29s,929,15.483333333333333,4.6 GB,4.6
PlaScope (reads),KGVETS-2019-01-5108,14m 23s,863,14.383333333333333,5.5 GB,5.5
SPAdes,KP_NORM_BLD_110772,9m 19s,559,9.316666666666666,3.6 GB,3.6
PlasmidSPAdes,KGVETS-2019-01-604,9m 47s,587,9.783333333333331,5.1 GB,5.1
PlaScope (reads),KGVETS-2019-01-587,16m 44s,1004,16.733333333333334,5.8 GB,5.8
PlaScope (reads),KGVETS-2019-01-4937,23m 35s,1415,23.58333333333333,5.7 GB,5.7
SPAdes,KP_NORM_BLD_111598,4m 22s,262,4.366666666666666,2.8 GB,2.8
SPAdes,KP_NORM_BLD_111588,12m 30s,750,12.5,3.5 GB,3.5
PlasmidSPAdes,KGVETS-2019-01-897,12m 2s,722,12.033333333333331,4.8 GB,4.8
PlaScope (reads),KGVETS-2019-01-604,13m 2s,782,13.033333333333331,5 GB,5
PlasmidSPAdes,KGVETS-2019-01-901,11m 5s,665,11.083333333333334,4.5 GB,4.5
PlasmidSPAdes,KGVETS-2019-01-902,12m 54s,774,12.9,5 GB,5
PlaScope (reads),KGVETS-2019-01-901,14m 55s,895,14.916666666666666,5.1 GB,5.1
PlaScope (reads),KGVETS-2019-01-897,17m 38s,1058,17.633333333333333,5.2 GB,5.2
PlasmidSPAdes,KP_NORM_BLD_110772,8m 48s,528,8.8,4.2 GB,4.2
SPAdes,KP_NORM_BLD_112590,8m 39s,519,8.65,4.6 GB,4.6
PlasmidSPAdes,KP_NORM_BLD_1032,15m 5s,905,15.083333333333334,4.5 GB,4.5
PlaScope (reads),KGVETS-2019-01-902,18m 5s,1085,18.08333333333333,5.7 GB,5.7
PlaScope (reads),KP_NORM_BLD_111598,8m 56s,536,8.933333333333334,3 GB,3
PlaScope (reads),KP_NORM_BLD_110772,10m 59s,659,10.983333333333333,3.7 GB,3.7
PlaScope (reads),KP_NORM_BLD_1032,19m 24s,1164,19.4,5.6 GB,5.6
PlasmidSPAdes,KP_NORM_BLD_111598,6m 4s,364,6.066666666666666,3 GB,3
PlaScope (reads),KP_NORM_BLD_111588,14m 24s,864,14.4,4.5 GB,4.5
PlasmidSPAdes,KP_NORM_BLD_111588,12m,720,12,4.4 GB,4.4
SPAdes,KP_NORM_BLD_112596,7m 30s,450,7.5,4.8 GB,4.8
PlasmidSPAdes,KP_NORM_BLD_112590,8m 45s,525,8.75,4.8 GB,4.8
PlaScope (reads),KP_NORM_BLD_112590,12m 32s,752,12.533333333333331,5.7 GB,5.7
PlaScope (reads),KP_NORM_BLD_112596,12m 27s,747,12.45,4.8 GB,4.8
SPAdes,KP_NORM_BLD_112603,7m 56s,476,7.933333333333334,4.1 GB,4.1
PlaScope (reads),KP_NORM_BLD_112603,11m 20s,680,11.333333333333334,4.1 GB,4.1
PlasmidSPAdes,KP_NORM_BLD_112596,9m 11s,551,9.183333333333334,4.4 GB,4.4
MOBSuite,2018-01-4735,5m 25s,325,5.416666666666667,803 MB,0.803
SPAdes,KP_NORM_BLD_112904,11m 45s,705,11.75,5 GB,5
PlasmidSPAdes,KP_NORM_BLD_112904,9m 56s,596,9.933333333333334,4.6 GB,4.6
PlaScope (reads),KP_NORM_BLD_112908,14m 23s,863,14.383333333333333,5.1 GB,5.1
SPAdes,KP_NORM_BLD_112908,12m 36s,756,12.6,4.4 GB,4.4
PlasmidSPAdes,KP_NORM_BLD_112603,7m 38s,458,7.633333333333334,3.9 GB,3.9
PlaScope (reads),KP_NORM_BLD_112911,18m 48s,1128,18.8,5.4 GB,5.4
PlasmidSPAdes,KP_NORM_BLD_112908,10m 39s,639,10.65,4.3 GB,4.3
PlaScope (reads),KP_NORM_BLD_112916,19m 52s,1192,19.866666666666667,4.7 GB,4.7
PlasmidSPAdes,KP_NORM_BLD_112916,14m 24s,864,14.4,4.4 GB,4.4
PlasmidSPAdes,KP_NORM_BLD_112922,13m 42s,822,13.7,4.4 GB,4.4
PlaScope (reads),KP_NORM_BLD_112922,17m 55s,1075,17.916666666666668,4.5 GB,4.5
SPAdes,KP_NORM_BLD_112922,16m 43s,1003,16.716666666666665,4.1 GB,4.1
PlasmidSPAdes,KP_NORM_BLD_112911,13m 25s,805,13.416666666666666,4.6 GB,4.6
PlasmidSPAdes,KP_NORM_BLD_112925,8m 16s,496,8.266666666666667,3.7 GB,3.7
PlaScope (reads),KP_NORM_BLD_113315,18m 48s,1128,18.8,5.5 GB,5.5
SPAdes,KP_NORM_BLD_112925,7m 3s,423,7.05,3.5 GB,3.5
SPAdes,KP_NORM_BLD_112916,14m 57s,897,14.95,4.6 GB,4.6
PlaScope (reads),KP_NORM_BLD_113321,11m 22s,682,11.366666666666667,3.4 GB,3.4
SPAdes,KP_NORM_BLD_113315,12m 41s,761,12.683333333333334,4.7 GB,4.7
PlasmidSPAdes,KP_NORM_BLD_113321,8m 6s,486,8.1,3 GB,3
PlaScope (reads),KP_NORM_BLD_112925,9m 42s,582,9.7,3.4 GB,3.4
SPAdes,KP_NORM_BLD_113321,6m 40s,400,6.666666666666667,3.4 GB,3.4
SPAdes,KP_NORM_BLD_112911,12m 31s,751,12.516666666666667,4.5 GB,4.5
PlasmidSPAdes,KP_NORM_BLD_113315,13m 34s,814,13.566666666666666,4.7 GB,4.7
PlasmidSPAdes,KP_NORM_BLD_113768,10m 50s,650,10.833333333333334,3.6 GB,3.6
SPAdes,KP_NORM_BLD_113768,12m 26s,746,12.433333333333334,3.5 GB,3.5
SPAdes,KP_NORM_BLD_113888,7m 28s,448,7.466666666666667,4.5 GB,4.5
PlasmidSPAdes,KP_NORM_BLD_113888,7m 46s,466,7.766666666666667,4.9 GB,4.9
SPAdes,KP_NORM_BLD_114309,11m 5s,665,11.083333333333334,4.8 GB,4.8
PlaScope (reads),KP_NORM_BLD_113768,13m 4s,784,13.066666666666666,4.4 GB,4.4
PlasmidSPAdes,KP_NORM_BLD_114309,11m 28s,688,11.466666666666669,4.6 GB,4.6
PlaScope (reads),KP_NORM_BLD_113888,11m 28s,688,11.466666666666669,4.7 GB,4.7
SPAdes,KP_NORM_BLD_114453,12m 36s,756,12.6,3.8 GB,3.8
PlasmidSPAdes,KP_NORM_BLD_114453,11m 55s,715,11.916666666666666,3.7 GB,3.7
PlaScope (reads),KP_NORM_BLD_114309,14m 56s,896,14.933333333333334,5.2 GB,5.2
PlaScope (reads),KP_NORM_BLD_114453,14m 19s,859,14.316666666666666,4 GB,4
SPAdes,KP_NORM_BLD_2011_75461,27m 40s,1660,27.666666666666668,5.1 GB,5.1
PlasmidSPAdes,KP_NORM_BLD_114487,21m 46s,1306,21.766666666666666,4.4 GB,4.4
PlasmidSPAdes,KP_NORM_BLD_114458,30m 39s,1839,30.65,7.3 GB,7.3
PlaScope (reads),KP_NORM_BLD_114458,39m 15s,2355,39.25,7.3 GB,7.3
SPAdes,KP_NORM_BLD_114458,37m 57s,2277,37.95,4.8 GB,4.8
PlasmidSPAdes,KP_NORM_BLD_114603,9m 53s,593,9.883333333333333,4 GB,4
PlasmidSPAdes,KP_NORM_BLD_114473,42m 53s,2573,42.88333333333333,7.7 GB,7.7
SPAdes,KP_NORM_BLD_114473,44m 46s,2686,44.766666666666666,5.5 GB,5.5
PlasmidSPAdes,KP_NORM_BLD_115332,21m 27s,1287,21.45,4.9 GB,4.9
SPAdes,KP_NORM_BLD_114487,19m 51s,1191,19.85,4.4 GB,4.4
PlaScope (reads),KP_NORM_BLD_114482,47m 15s,2835,47.25,7.9 GB,7.9
PlaScope (reads),KP_NORM_BLD_114473,52m 52s,3172,52.86666666666667,7.9 GB,7.9
SPAdes,KP_NORM_BLD_114603,8m 57s,537,8.95,4 GB,4
PlaScope (reads),KP_NORM_BLD_114603,13m 30s,810,13.5,4.3 GB,4.3
PlasmidSPAdes,KP_NORM_BLD_115369,14m 43s,883,14.716666666666669,4.3 GB,4.3
PlasmidSPAdes,KP_NORM_BLD_115706,10m 19s,619,10.316666666666666,4.6 GB,4.6
PlasmidSPAdes,KP_NORM_BLD_114482,32m 46s,1966,32.766666666666666,7.8 GB,7.8
PlaScope (reads),KP_NORM_BLD_114487,23m 48s,1428,23.8,4.8 GB,4.8
SPAdes,KP_NORM_BLD_115332,16m 50s,1010,16.833333333333332,4.9 GB,4.9
PlasmidSPAdes,KP_NORM_BLD_115796,7m 8s,428,7.133333333333334,3.5 GB,3.5
SPAdes,KP_NORM_BLD_114482,34m 48s,2088,34.8,4.7 GB,4.7
PlaScope (reads),KP_NORM_BLD_115332,20m 42s,1242,20.7,5 GB,5
PlaScope (reads),KP_NORM_BLD_115369,14m 51s,891,14.85,4.2 GB,4.2
PlaScope (reads),KP_NORM_BLD_115706,11m 1s,661,11.016666666666667,4.8 GB,4.8
PlaScope (reads),KP_NORM_BLD_115796,8m 35s,515,8.583333333333334,4 GB,4
PlasmidSPAdes,KP_NORM_BLD_116239,9m 34s,574,9.566666666666666,3.8 GB,3.8
SPAdes,KP_NORM_BLD_2014_101320,11m 3s,663,11.05,4.9 GB,4.9
SPAdes,KP_NORM_BLD_115369,11m 9s,669,11.15,4.1 GB,4.1
PlaScope (reads),KP_NORM_BLD_115351,23m 49s,1429,23.816666666666663,5 GB,5
SPAdes,KP_NORM_BLD_115706,7m 37s,457,7.616666666666666,4.5 GB,4.5
SPAdes,KP_NORM_BLD_115351,19m 26s,1166,19.433333333333334,5 GB,5
SPAdes,KP_NORM_BLD_115796,6m 16s,376,6.266666666666667,3.7 GB,3.7
PlaScope (reads),KP_NORM_BLD_116241,15m 21s,921,15.35,4.7 GB,4.7
SPAdes,KP_NORM_BLD_116239,10m 38s,638,10.633333333333333,3.8 GB,3.8
SPAdes,KP_NORM_BLD_116378,6m 15s,375,6.25,4.1 GB,4.1
PlaScope (reads),KP_NORM_BLD_116566,9m 32s,572,9.533333333333331,4.2 GB,4.2
SPAdes,KP_NORM_BLD_116392,6m 28s,388,6.466666666666667,3.9 GB,3.9
PlasmidSPAdes,KP_NORM_BLD_116241,12m 7s,727,12.116666666666667,4.5 GB,4.5
SPAdes,KP_NORM_BLD_116566,5m 44s,344,5.733333333333333,4.1 GB,4.1
PlaScope (reads),KP_NORM_BLD_116378,9m 53s,593,9.883333333333333,4.2 GB,4.2
PlasmidSPAdes,KP_NORM_BLD_116378,8m,480,8,4.4 GB,4.4
SPAdes,KP_NORM_BLD_116241,13m 9s,789,13.15,4.8 GB,4.8
SPAdes,KP_NORM_BLD_116570,6m 27s,387,6.45,3.7 GB,3.7
PlasmidSPAdes,KP_NORM_BLD_116566,7m 30s,450,7.5,4 GB,4
PlasmidSPAdes,KP_NORM_BLD_116570,6m 59s,419,6.983333333333333,4.1 GB,4.1
PlasmidSPAdes,KP_NORM_BLD_116392,7m 55s,475,7.916666666666667,3.9 GB,3.9
SPAdes,KP_NORM_BLD_117477,5m 57s,357,5.95,3.9 GB,3.9
PlaScope (reads),KP_NORM_BLD_116239,10m 55s,655,10.916666666666666,4.4 GB,4.4
SPAdes,KP_NORM_BLD_12850,3m 49s,229,3.816666666666667,2.5 GB,2.5
PlasmidSPAdes,KP_NORM_BLD_12850,4m 39s,279,4.65,2.5 GB,2.5
SPAdes,KP_NORM_BLD_12934,5m 46s,346,5.766666666666667,3.9 GB,3.9
PlaScope (reads),KP_NORM_BLD_117477,11m 26s,686,11.433333333333334,4 GB,4
PlaScope (reads),KP_NORM_BLD_116392,11m 34s,694,11.566666666666666,4.2 GB,4.2
PlasmidSPAdes,KP_NORM_BLD_12934,8m 29s,509,8.483333333333333,3.9 GB,3.9
PlaScope (reads),KP_NORM_BLD_12934,10m 42s,642,10.7,4.2 GB,4.2
PlaScope (reads),KP_NORM_BLD_12850,7m 22s,442,7.366666666666666,2.8 GB,2.8
SPAdes,KP_NORM_BLD_13123,16m 44s,1004,16.733333333333334,4.7 GB,4.7
PlaScope (reads),KP_NORM_BLD_13123,20m 45s,1245,20.75,5.3 GB,5.3
PlaScope (reads),KP_NORM_BLD_116570,9m 27s,567,9.45,3.9 GB,3.9
PlasmidSPAdes,KP_NORM_BLD_13123,15m 20s,920,15.333333333333334,5 GB,5
PlasmidSPAdes,KP_NORM_BLD_13127,14m 5s,845,14.083333333333334,4.9 GB,4.9
SPAdes,KP_NORM_BLD_13127,15m 31s,931,15.516666666666667,4.6 GB,4.6
SPAdes,KP_NORM_BLD_13129,13m 55s,835,13.916666666666666,4.9 GB,4.9
PlaScope (reads),KP_NORM_BLD_13129,16m 23s,983,16.383333333333333,5.1 GB,5.1
PlaScope (reads),KP_NORM_BLD_13127,19m 4s,1144,19.066666666666663,5 GB,5
PlasmidSPAdes,KP_NORM_BLD_13129,12m 23s,743,12.383333333333333,4.9 GB,4.9
PlasmidSPAdes,KP_NORM_BLD_117477,7m 45s,465,7.75,3.7 GB,3.7
SPAdes,KP_NORM_BLD_13372,28m 5s,1685,28.08333333333333,4.8 GB,4.8
SPAdes,KP_NORM_BLD_13375,32m 42s,1962,32.7,5 GB,5
SPAdes,KP_NORM_BLD_13379,21m 10s,1270,21.166666666666668,4.6 GB,4.6
PlasmidSPAdes,KP_NORM_BLD_13372,26m 30s,1590,26.5,6.5 GB,6.5
PlasmidSPAdes,KP_NORM_BLD_13375,29m 12s,1752,29.2,7 GB,7
PlaScope (reads),KP_NORM_BLD_13372,32m 19s,1939,32.31666666666667,6.7 GB,6.7
PlaScope (reads),KP_NORM_BLD_13375,33m 53s,2033,33.88333333333333,7.2 GB,7.2
SPAdes,KP_NORM_BLD_13382,2m 43s,163,2.716666666666667,2 GB,2
PlaScope (reads),KP_NORM_BLD_13379,25m 32s,1532,25.53333333333333,5.7 GB,5.7
PlasmidSPAdes,KP_NORM_BLD_13380,20m 43s,1243,20.716666666666665,6 GB,6
PlasmidSPAdes,KP_NORM_BLD_13382,4m 38s,278,4.633333333333334,2.2 GB,2.2
PlasmidSPAdes,KP_NORM_BLD_13379,18m 32s,1112,18.53333333333333,5.7 GB,5.7
PlaScope (reads),KP_NORM_BLD_13382,6m 34s,394,6.566666666666666,2.3 GB,2.3
PlaScope (reads),KP_NORM_BLD_13380,27m 19s,1639,27.316666666666663,6.1 GB,6.1
PlasmidSPAdes,KP_NORM_BLD_1339,24m 55s,1495,24.916666666666668,6.3 GB,6.3
PlasmidSPAdes,KP_NORM_BLD_13377,31m 19s,1879,31.316666666666663,6.8 GB,6.8
PlaScope (reads),KP_NORM_BLD_13377,37m 4s,2224,37.06666666666667,6.9 GB,6.9
SPAdes,KP_NORM_BLD_1348,28m 51s,1731,28.85,4.6 GB,4.6
SPAdes,KP_NORM_BLD_13380,26m 37s,1597,26.616666666666667,4.5 GB,4.5
SPAdes,KP_NORM_BLD_13534,14m 12s,852,14.2,4.5 GB,4.5
PlasmidSPAdes,KP_NORM_BLD_1347,16m 2s,962,16.033333333333335,4.9 GB,4.9
SPAdes,KP_NORM_BLD_13748,4m 29s,269,4.483333333333333,1.9 GB,1.9
SPAdes,KP_NORM_BLD_13377,31m 11s,1871,31.183333333333334,4.7 GB,4.7
PlasmidSPAdes,KP_NORM_BLD_13748,5m 31s,331,5.516666666666667,1.7 GB,1.7
SPAdes,KP_NORM_BLD_1347,19m 14s,1154,19.23333333333333,4.5 GB,4.5
PlasmidSPAdes,KP_NORM_BLD_13534,14m 5s,845,14.083333333333334,4.4 GB,4.4
PlasmidSPAdes,KP_NORM_BLD_13738,17m 9s,1029,17.15,4.4 GB,4.4
PlasmidSPAdes,KP_NORM_BLD_13383,23m 36s,1416,23.6,6.2 GB,6.2
SPAdes,KP_NORM_BLD_13738,16m 27s,987,16.45,4.6 GB,4.6
PlaScope (reads),KP_NORM_BLD_3074,22m 3s,1323,22.05,4.7 GB,4.7
PlasmidSPAdes,KP_NORM_BLD_13757,9m 21s,561,9.35,4.1 GB,4.1
SPAdes,KP_NORM_BLD_13757,10m 17s,617,10.283333333333331,4.1 GB,4.1
PlaScope (reads),KP_NORM_BLD_1339,30m 59s,1859,30.98333333333333,6.4 GB,6.4
PlasmidSPAdes,KP_NORM_BLD_1348,24m 36s,1476,24.6,6.6 GB,6.6
PlaScope (reads),KP_NORM_BLD_1347,21m 3s,1263,21.05,5.1 GB,5.1
PlasmidSPAdes,KP_NORM_BLD_13880,8m 35s,515,8.583333333333334,4.2 GB,4.2
SPAdes,KP_NORM_BLD_13886,6m 49s,409,6.816666666666666,4.1 GB,4.1
PlasmidSPAdes,KP_NORM_BLD_13889,13m 37s,817,13.616666666666667,4.7 GB,4.7
SPAdes,KP_NORM_BLD_13383,25m 40s,1540,25.666666666666668,4.6 GB,4.6
SPAdes,KP_NORM_BLD_1339,25m 54s,1554,25.9,4.5 GB,4.5
PlasmidSPAdes,KP_NORM_BLD_13886,8m 18s,498,8.3,3.9 GB,3.9
PlaScope (reads),KP_NORM_BLD_13534,17m 40s,1060,17.666666666666668,5.6 GB,5.6
PlaScope (reads),KP_NORM_BLD_13383,30m 11s,1811,30.183333333333334,6.3 GB,6.3
SPAdes,KP_NORM_BLD_13889,10m 45s,645,10.75,4.6 GB,4.6
SPAdes,KP_NORM_BLD_13880,7m 27s,447,7.45,4.2 GB,4.2
SPAdes,KP_NORM_BLD_14177,3m 38s,218,3.633333333333333,2.3 GB,2.3
PlasmidSPAdes,KP_NORM_BLD_14177,4m 40s,280,4.666666666666667,2.3 GB,2.3
SPAdes,KP_NORM_BLD_14164,10m 6s,606,10.1,4.8 GB,4.8
PlasmidSPAdes,KP_NORM_BLD_14164,11m 21s,681,11.35,4.4 GB,4.4
SPAdes,KP_NORM_BLD_14179,4m 38s,278,4.633333333333334,3.4 GB,3.4
PlasmidSPAdes,KP_NORM_BLD_14179,6m 9s,369,6.15,3.3 GB,3.3
SPAdes,KP_NORM_BLD_14222,11m 31s,691,11.516666666666667,4.3 GB,4.3
PlaScope (reads),KP_NORM_BLD_13748,7m 29s,449,7.483333333333333,1.7 GB,1.7
PlasmidSPAdes,KP_NORM_BLD_14222,9m 40s,580,9.666666666666666,4.2 GB,4.2
SPAdes,KP_NORM_BLD_1692,12m 9s,729,12.15,4.9 GB,4.9
HyAsp,2018-01-4735,7m 7s,427,7.116666666666666,1.2 GB,1.2
HyAsp,KP_NORM_BLD_13123,7m 19s,439,7.316666666666666,1.3 GB,1.3
HyAsp,KGMAR-2016-319,6m 53s,413,6.883333333333334,1.2 GB,1.2
HyAsp,KGMAR-2019-1792,6m 45s,405,6.75,1.3 GB,1.3
HyAsp,2018-01-710,6m 32s,392,6.533333333333333,1 GB,1
HyAsp,KGVET-2018-01-3794,6m 40s,400,6.666666666666667,1.1 GB,1.1
PlaScope (reads),KP_NORM_BLD_1348,31m 13s,1873,31.216666666666665,6.8 GB,6.8
HyAsp,KGVET-2020-01-2800-1,6m 36s,396,6.6,1.3 GB,1.3
PlaScope (reads),KP_NORM_BLD_13738,22m 7s,1327,22.116666666666667,5 GB,5
HyAsp,2018-01-2485,6m 46s,406,6.766666666666667,1.1 GB,1.1
HyAsp,2018-01-4107,6m 48s,408,6.8,1.3 GB,1.3
HyAsp,2018-01-2085,6m 48s,408,6.8,1.1 GB,1.1
PlaScope (reads),KP_NORM_BLD_13880,12m 8s,728,12.133333333333333,4.6 GB,4.6
HyAsp,KGMAR-2016-1076,6m 53s,413,6.883333333333334,1.4 GB,1.4
HyAsp,2018-01-3218,6m 23s,383,6.383333333333334,1.1 GB,1.1
HyAsp,KGVET-2020-01-2209-1,6m 52s,412,6.866666666666666,1.4 GB,1.4
PlaScope (reads),KP_NORM_BLD_13886,10m 33s,633,10.55,4.5 GB,4.5
HyAsp,2018-01-3094,6m 34s,394,6.566666666666666,1.4 GB,1.4
PlaScope (reads),KP_NORM_BLD_13757,12m 3s,723,12.05,4.4 GB,4.4
SPAdes,KP_NORM_BLD_1883,21m 12s,1272,21.2,5 GB,5
HyAsp,KGVET-2020-01-126,6m 39s,399,6.65,945.7 MB,0.9457
SPAdes,KP_NORM_BLD_2005_1167,14m 8s,848,14.133333333333333,4.9 GB,4.9
HyAsp,KGMAR-2019-400-2,7m 7s,427,7.116666666666666,1.1 GB,1.1
SPAdes,KP_NORM_BLD_2006_36504,10m 40s,640,10.666666666666666,4.9 GB,4.9
PlaScope (reads),KP_NORM_BLD_14177,6m 28s,388,6.466666666666667,2.3 GB,2.3
HyAsp,KGVET-2020-01-2677-1,7m 10s,430,7.166666666666667,1.3 GB,1.3
HyAsp,2018-01-707,7m 12s,432,7.2,1.1 GB,1.1
HyAsp,KGMAR-2019-1764,7m 3s,423,7.05,1.4 GB,1.4
HyAsp,KGMAR-2016-1396,7m 16s,436,7.266666666666667,1.3 GB,1.3
HyAsp,KGMAR-2016-1198,7m 10s,430,7.166666666666667,1.3 GB,1.3
PlaScope (reads),KP_NORM_BLD_13889,17m 50s,1070,17.833333333333332,4.9 GB,4.9
HyAsp,2018-01-2353,7m 4s,424,7.066666666666666,1.4 GB,1.4
HyAsp,KGMAR-2019-1434,7m 10s,430,7.166666666666667,1.4 GB,1.4
HyAsp,KGVET-2020-01-3513-1,6m 52s,412,6.866666666666666,1.1 GB,1.1
HyAsp,2018-01-714,7m 3s,423,7.05,1.1 GB,1.1
PlaScope (reads),KP_NORM_BLD_14164,15m 51s,951,15.85,4.8 GB,4.8
PlasmidSPAdes,KP_NORM_BLD_1692,14m 59s,899,14.983333333333333,4.4 GB,4.4
HyAsp,KGMAR-2020-440,7m 8s,428,7.133333333333334,1.4 GB,1.4
HyAsp,KGVETS-2019-01-3187,7m 1s,421,7.016666666666667,1.3 GB,1.3
HyAsp,2018-01-3465,6m 59s,419,6.983333333333333,1 GB,1
PlaScope (reads),KP_NORM_BLD_14179,8m 47s,527,8.783333333333333,3.5 GB,3.5
HyAsp,KGVET-2020-01-3515,6m 59s,419,6.983333333333333,1.4 GB,1.4
HyAsp,KGVET-2019-01-3619,7m 9s,429,7.15,1.4 GB,1.4
HyAsp,2018-01-2730,7m 10s,430,7.166666666666667,1.4 GB,1.4
HyAsp,KGVET-2019-01-3472-4,6m 38s,398,6.633333333333334,1.4 GB,1.4
PlasmidSPAdes,KP_NORM_BLD_1883,19m 35s,1175,19.58333333333333,4.9 GB,4.9
HyAsp,KGVET-2020-01-3421-1,6m 40s,400,6.666666666666667,1.4 GB,1.4
PlaScope (reads),KP_NORM_BLD_1692,18m 50s,1130,18.83333333333333,4.8 GB,4.8
HyAsp,KGMAR-2019-1459,7m 11s,431,7.183333333333334,1.3 GB,1.3
HyAsp,KGVET-2020-01-3721-3,6m 53s,413,6.883333333333334,1.4 GB,1.4
HyAsp,KGMAR-2019-1417-2,6m 47s,407,6.783333333333333,1.2 GB,1.2
SPAdes,KP_NORM_BLD_2006_37102,9m 33s,573,9.55,3.8 GB,3.8
PlaScope (reads),KP_NORM_BLD_14222,13m 22s,802,13.366666666666667,4.6 GB,4.6
HyAsp,KGVET-2020-01-4188-1,6m 34s,394,6.566666666666666,1.3 GB,1.3
HyAsp,KGVET-2020-01-2496-3,6m 41s,401,6.683333333333334,1.4 GB,1.4
HyAsp,KGVET-2020-01-4249-1,6m 41s,401,6.683333333333334,1.4 GB,1.4
HyAsp,2018-01-2640,6m 49s,409,6.816666666666666,1.4 GB,1.4
HyAsp,KGVET-2018-04-44577,6m 33s,393,6.55,1.4 GB,1.4
HyAsp,KGVETS-2019-01-1336,6m 32s,392,6.533333333333333,967.3 MB,0.9673
HyAsp,KGVET-2020-04-18146,6m 28s,388,6.466666666666667,1.4 GB,1.4
HyAsp,KGVETS-2019-01-897,6m 23s,383,6.383333333333334,1.4 GB,1.4
PlaScope (reads),KP_NORM_BLD_1883,27m 49s,1669,27.816666666666663,4.9 GB,4.9
HyAsp,2018-01-4203,6m 16s,376,6.266666666666667,1.4 GB,1.4
SPAdes,KP_NORM_BLD_2007_48102,17m 21s,1041,17.35,4.9 GB,4.9
SPAdes,KP_NORM_BLD_2007_48114,11m 44s,704,11.733333333333333,4.1 GB,4.1
HyAsp,KGVET-2019-01-2264,6m 28s,388,6.466666666666667,1.1 GB,1.1
HyAsp,KGVETS-2019-01-1380,6m 32s,392,6.533333333333333,1.3 GB,1.3
SPAdes,KP_NORM_BLD_2007_46696,37m 50s,2270,37.833333333333336,5 GB,5
HyAsp,KGMAR-2019-2186,6m 46s,406,6.766666666666667,1.4 GB,1.4
HyAsp,2018-01-2734,6m 51s,411,6.85,1.4 GB,1.4
PlasmidSPAdes,KP_NORM_BLD_2005_1167,18m 2s,1082,18.03333333333333,5 GB,5
HyAsp,KGMAR-2020-428,6m 53s,413,6.883333333333334,1.1 GB,1.1
PlaScope (reads),KP_NORM_BLD_2006_36504,15m 20s,920,15.333333333333334,5 GB,5
PlaScope (reads),KP_NORM_BLD_2005_1167,20m 53s,1253,20.883333333333333,5.1 GB,5.1
HyAsp,KGVET-2020-01-202-1,6m 35s,395,6.583333333333333,1.4 GB,1.4
HyAsp,KGVET-2020-01-2328-1,6m 33s,393,6.55,1.4 GB,1.4
PlasmidSPAdes,KP_NORM_BLD_2006_37102,8m 56s,536,8.933333333333334,3.5 GB,3.5
HyAsp,KGVETS-2019-01-1382,6m 54s,414,6.9,1.1 GB,1.1
PlasmidSPAdes,NK_H21_036,12m 12s,732,12.2,4.4 GB,4.4
HyAsp,KGMAR-2016-1178,7m,420,7,1.4 GB,1.4
HyAsp,KGVET-2020-01-1661,6m 47s,407,6.783333333333333,1.4 GB,1.4
HyAsp,KGMAR-2016-563,7m 2s,422,7.033333333333333,1.4 GB,1.4
HyAsp,2018-01-2782,6m 32s,392,6.533333333333333,1.4 GB,1.4
PlaScope (reads),KP_NORM_BLD_2006_37102,11m 11s,671,11.183333333333334,4 GB,4
HyAsp,KGVETS-2019-01-1378,6m 45s,405,6.75,1.4 GB,1.4
HyAsp,KGVET-2020-01-3775-3,6m 34s,394,6.566666666666666,1.1 GB,1.1
HyAsp,2018-01-2860,6m 38s,398,6.633333333333334,1.2 GB,1.2
HyAsp,KGMAR-2019-1497,6m 58s,418,6.966666666666667,1.4 GB,1.4
HyAsp,KGVET-2020-01-468-1,7m 8s,428,7.133333333333334,1.1 GB,1.1
HyAsp,KGMAR-2016-733,7m 14s,434,7.233333333333333,1.5 GB,1.5
HyAsp,2018-01-3723,6m 55s,415,6.916666666666667,1.2 GB,1.2
HyAsp,2018-01-389,6m 32s,392,6.533333333333333,1.4 GB,1.4
HyAsp,KGVET-2020-01-2158-1,6m 34s,394,6.566666666666666,1.4 GB,1.4
SPAdes,KP_NORM_BLD_2008_54367,20m 20s,1220,20.33333333333333,4.4 GB,4.4
SPAdes,KP_NORM_BLD_2008_55153,16m 15s,975,16.25,4.7 GB,4.7
PlasmidSPAdes,KP_NORM_BLD_2007_48102,18m 27s,1107,18.45,4.4 GB,4.4
SPAdes,KP_NORM_BLD_2008_55014,19m 5s,1145,19.08333333333333,4.8 GB,4.8
HyAsp,KGMAR-2019-1766,6m 44s,404,6.733333333333333,1.2 GB,1.2
HyAsp,2018-01-778,6m 31s,391,6.516666666666667,1.4 GB,1.4
HyAsp,2018-01-1584,6m 20s,380,6.333333333333333,1.4 GB,1.4
HyAsp,2018-01-4639,6m 46s,406,6.766666666666667,1.2 GB,1.2
HyAsp,KGMAR-2016-1397,6m 44s,404,6.733333333333333,1.5 GB,1.5
HyAsp,KGVETS-2019-01-1759,6m 27s,387,6.45,1.3 GB,1.3
SPAdes,KP_NORM_BLD_2008_54823,20m 45s,1245,20.75,4.5 GB,4.5
HyAsp,KGVET-2020-01-3514,6m 40s,400,6.666666666666667,929.6 MB,0.9296
HyAsp,2018-01-1024,6m 33s,393,6.55,1.4 GB,1.4
HyAsp,2018-01-1439,6m 40s,400,6.666666666666667,1.1 GB,1.1
HyAsp,KGVET-2020-01-236-2,6m 27s,387,6.45,1 GB,1
HyAsp,KGVETS-2019-01-1760,6m 26s,386,6.433333333333334,1.1 GB,1.1
HyAsp,KGVETS-2019-01-1761,6m 36s,396,6.6,1 GB,1
PlasmidSPAdes,KP_NORM_BLD_2007_48114,10m 32s,632,10.533333333333331,4.2 GB,4.2
PlasmidSPAdes,KP_NORM_BLD_2006_36504,11m 25s,685,11.416666666666666,4.4 GB,4.4
HyAsp,KGVET-2020-01-2661,6m 46s,406,6.766666666666667,1.2 GB,1.2
HyAsp,KGVETS-2019-01-1806,6m 19s,379,6.316666666666666,1.2 GB,1.2
HyAsp,KGVET-2020-01-2067-1,6m 42s,402,6.7,1.4 GB,1.4
SPAdes,KP_NORM_BLD_2008_54824,14m 27s,867,14.45,4.4 GB,4.4
HyAsp,KGVET-2020-01-3043-2,6m 27s,387,6.45,1.4 GB,1.4
HyAsp,KGMAR-2019-604,6m 12s,372,6.2,1.2 GB,1.2
HyAsp,2018-01-711,6m 25s,385,6.416666666666667,1.4 GB,1.4
PlasmidSPAdes,KP_NORM_BLD_2007_46696,40m 57s,2457,40.95,7.2 GB,7.2
HyAsp,KGVET-2019-01-792,6m 44s,404,6.733333333333333,1.1 GB,1.1
HyAsp,KGVET-2020-01-2959-1,6m 27s,387,6.45,1.4 GB,1.4
HyAsp,KGVET-2020-01-4327,6m 29s,389,6.483333333333333,1 GB,1
PlaScope (reads),KP_NORM_BLD_2007_48102,21m 46s,1306,21.766666666666666,4.9 GB,4.9
HyAsp,KGVETS-2019-01-2116,6m 39s,399,6.65,1.4 GB,1.4
SPAdes,KP_NORM_BLD_2009_61298,17m 35s,1055,17.583333333333332,4.4 GB,4.4
HyAsp,KGVETS-2019-01-2201,6m 21s,381,6.35,1007.8 MB,1.0078
HyAsp,KGVETS-2019-01-2303,6m 22s,382,6.366666666666666,1.1 GB,1.1
PlaScope (reads),KP_NORM_BLD_2007_48114,12m 37s,757,12.616666666666667,4.3 GB,4.3
HyAsp,2018-01-1001,6m 25s,385,6.416666666666667,986.8 MB,0.9868
HyAsp,KGVETS-2019-01-1844,6m 15s,375,6.25,1.4 GB,1.4
HyAsp,KGVETS-2019-01-1961,6m 27s,387,6.45,1.2 GB,1.2
HyAsp,KGVETS-2019-01-3127,6m 24s,384,6.4,1.1 GB,1.1
HyAsp,KGVETS-2019-01-2871,6m 20s,380,6.333333333333333,1.4 GB,1.4
HyAsp,KGVETS-2019-01-2870,6m 10s,370,6.166666666666667,1.4 GB,1.4
HyAsp,KGVETS-2019-01-3158,6m 29s,389,6.483333333333333,1.4 GB,1.4
HyAsp,KGVETS-2019-01-3185,6m 27s,387,6.45,1.3 GB,1.3
HyAsp,KGVETS-2019-01-3162,6m 9s,369,6.15,1.1 GB,1.1
HyAsp,KGVETS-2019-01-326,6m 33s,393,6.55,1.1 GB,1.1
HyAsp,KGVETS-2019-01-376,6m 19s,379,6.316666666666666,1.4 GB,1.4
HyAsp,KGVETS-2019-01-4118,6m 18s,378,6.3,991.7 MB,0.9917
PlaScope (reads),KP_NORM_BLD_2007_46696,46m 15s,2775,46.25,7.3 GB,7.3
HyAsp,KGVETS-2019-01-4407,6m 23s,383,6.383333333333334,1.1 GB,1.1
HyAsp,KGVETS-2019-01-3793,6m 15s,375,6.25,1.4 GB,1.4
HyAsp,KGVETS-2019-01-4380,6m 10s,370,6.166666666666667,1.3 GB,1.3
HyAsp,KGVETS-2019-01-4548,6m 13s,373,6.216666666666667,1.2 GB,1.2
HyAsp,KGVETS-2019-01-4637,6m 12s,372,6.2,999.1 MB,0.9991
PlasmidSPAdes,KP_NORM_BLD_2008_54367,25m 30s,1530,25.5,5 GB,5
PlaScope (reads),KP_NORM_BLD_2008_54367,30m 10s,1810,30.166666666666668,5.1 GB,5.1
HyAsp,KGVETS-2019-01-476,6m 12s,372,6.2,1.1 GB,1.1
HyAsp,KGVETS-2019-01-4848,6m 12s,372,6.2,1.4 GB,1.4
HyAsp,KGVETS-2019-01-4639,5m 59s,359,5.983333333333333,1.1 GB,1.1
HyAsp,KGVETS-2019-01-4908,6m 5s,365,6.083333333333333,1.1 GB,1.1
HyAsp,KGVETS-2019-01-4937,6m 23s,383,6.383333333333334,1.2 GB,1.2
PlaScope (reads),KP_NORM_BLD_2008_54824,19m 51s,1191,19.85,4.7 GB,4.7
PlasmidSPAdes,KP_NORM_BLD_2008_54823,24m 10s,1450,24.166666666666668,5 GB,5
HyAsp,KGVETS-2019-01-5108,6m 14s,374,6.233333333333333,1.2 GB,1.2
PlaScope (reads),KP_NORM_BLD_2008_54823,27m 59s,1679,27.98333333333333,5.2 GB,5.2
HyAsp,KGVETS-2019-01-587,6m 33s,393,6.55,1.4 GB,1.4
HyAsp,KGVETS-2019-01-604,6m 37s,397,6.616666666666666,1.2 GB,1.2
PlasmidSPAdes,KP_NORM_BLD_2008_55014,20m 9s,1209,20.15,5 GB,5
HyAsp,KGVETS-2019-01-901,6m 23s,383,6.383333333333334,1.4 GB,1.4
HyAsp,KGVETS-2019-01-902,6m 37s,397,6.616666666666666,1.2 GB,1.2
HyAsp,KP_NORM_BLD_1032,6m 46s,406,6.766666666666667,1.3 GB,1.3
HyAsp,KP_NORM_BLD_110772,6m 34s,394,6.566666666666666,1.4 GB,1.4
HyAsp,KP_NORM_BLD_111598,6m 51s,411,6.85,1.3 GB,1.3
HyAsp,KP_NORM_BLD_111588,6m 35s,395,6.583333333333333,1002.8 MB,1.0028
HyAsp,KP_NORM_BLD_112590,6m 31s,391,6.516666666666667,1.4 GB,1.4
PlasmidSPAdes,KP_NORM_BLD_2008_55153,15m 57s,957,15.95,4.5 GB,4.5
HyAsp,KP_NORM_BLD_112596,6m 33s,393,6.55,1.4 GB,1.4
HyAsp,KP_NORM_BLD_112603,6m 35s,395,6.583333333333333,1.1 GB,1.1
PlaScope (reads),KP_NORM_BLD_62920,16m 5s,965,16.083333333333332,4.6 GB,4.6
HyAsp,KP_NORM_BLD_112904,6m 50s,410,6.833333333333333,1.4 GB,1.4
HyAsp,KP_NORM_BLD_112908,6m 41s,401,6.683333333333334,1.3 GB,1.3
HyAsp,KP_NORM_BLD_112922,6m 30s,390,6.5,1.2 GB,1.2
SPAdes,KP_NORM_BLD_2009_61895,27m,1620,27,4.9 GB,4.9
HyAsp,KP_NORM_BLD_112925,6m 6s,366,6.1,1.1 GB,1.1
HyAsp,KP_NORM_BLD_112916,6m 5s,365,6.083333333333333,1 GB,1
HyAsp,KP_NORM_BLD_113315,6m 2s,362,6.033333333333333,1.3 GB,1.3
PlaScope (reads),KP_NORM_BLD_2008_55014,24m 32s,1472,24.53333333333333,5 GB,5
PlasmidSPAdes,KP_NORM_BLD_62934,8m 10s,490,8.166666666666666,3.5 GB,3.5
HyAsp,KP_NORM_BLD_112911,5m 48s,348,5.8,1.1 GB,1.1
HyAsp,KP_NORM_BLD_113321,6m 10s,370,6.166666666666667,1.4 GB,1.4
HyAsp,KP_NORM_BLD_113768,6m 9s,369,6.15,1.2 GB,1.2
HyAsp,KP_NORM_BLD_113888,5m 58s,358,5.966666666666667,1.2 GB,1.2
PlaScope (reads),KP_NORM_BLD_2008_55153,21m 12s,1272,21.2,5 GB,5
SPAdes,KP_NORM_BLD_63839,21m 26s,1286,21.433333333333334,4.4 GB,4.4
HyAsp,KP_NORM_BLD_114309,6m 15s,375,6.25,1.4 GB,1.4
HyAsp,KP_NORM_BLD_114453,6m 16s,376,6.266666666666667,1.4 GB,1.4
HyAsp,KP_NORM_BLD_2011_75461,6m 24s,384,6.4,1.1 GB,1.1
PlaScope (reads),KP_NORM_BLD_62926,12m 14s,734,12.233333333333333,4.1 GB,4.1
HyAsp,KP_NORM_BLD_114458,6m 45s,405,6.75,1.4 GB,1.4
HyAsp,KP_NORM_BLD_114473,6m 44s,404,6.733333333333333,1.5 GB,1.5
HyAsp,KP_NORM_BLD_114487,6m 23s,383,6.383333333333334,1.3 GB,1.3
PlaScope (reads),KP_NORM_BLD_63801,25m 54s,1554,25.9,4.8 GB,4.8
HyAsp,KP_NORM_BLD_114603,6m 5s,365,6.083333333333333,1.4 GB,1.4
HyAsp,KP_NORM_BLD_115332,6m 9s,369,6.15,943.8 MB,0.9438
HyAsp,KP_NORM_BLD_114482,6m 4s,364,6.066666666666666,1.1 GB,1.1
HyAsp,KP_NORM_BLD_2014_101320,6m 11s,371,6.183333333333334,1.2 GB,1.2
HyAsp,KP_NORM_BLD_115369,6m 10s,370,6.166666666666667,1.4 GB,1.4
HyAsp,KP_NORM_BLD_115706,6m 10s,370,6.166666666666667,1 GB,1
PlasmidSPAdes,KP_NORM_BLD_2008_54824,15m 25s,925,15.416666666666666,4.5 GB,4.5
HyAsp,KP_NORM_BLD_115351,6m 33s,393,6.55,1.4 GB,1.4
HyAsp,KP_NORM_BLD_116239,6m 7s,367,6.116666666666666,980 MB,0.98
HyAsp,KP_NORM_BLD_115796,6m 27s,387,6.45,1.4 GB,1.4
HyAsp,KP_NORM_BLD_116378,6m 3s,363,6.05,1.1 GB,1.1
PlasmidSPAdes,KP_NORM_BLD_2009_61298,18m 26s,1106,18.433333333333334,5.5 GB,5.5
HyAsp,KP_NORM_BLD_116392,6m 21s,381,6.35,944.6 MB,0.9446
HyAsp,KP_NORM_BLD_116241,5m 56s,356,5.933333333333334,1.1 GB,1.1
HyAsp,KP_NORM_BLD_116566,6m 15s,375,6.25,1.3 GB,1.3
PlaScope (reads),KP_NORM_BLD_70,21m 30s,1290,21.5,5.8 GB,5.8
HyAsp,KP_NORM_BLD_116570,6m 2s,362,6.033333333333333,1012.1 MB,1.0121
HyAsp,KP_NORM_BLD_117477,6m 4s,364,6.066666666666666,1.1 GB,1.1
HyAsp,KP_NORM_BLD_12850,6m 11s,371,6.183333333333334,1.3 GB,1.3
HyAsp,KP_NORM_BLD_12934,6m 3s,363,6.05,907.9 MB,0.9079
PlaScope (reads),KP_NORM_BLD_2009_61298,22m 34s,1354,22.566666666666663,5.5 GB,5.5
HyAsp,KP_NORM_BLD_13127,6m 25s,385,6.416666666666667,1.2 GB,1.2
HyAsp,KP_NORM_BLD_13129,6m 29s,389,6.483333333333333,1.4 GB,1.4
PlaScope (reads),KP_NORM_BLD_63842,23m 48s,1428,23.8,5.1 GB,5.1
HyAsp,KP_NORM_BLD_13372,6m 27s,387,6.45,1.4 GB,1.4
HyAsp,KP_NORM_BLD_13375,6m 21s,381,6.35,1.4 GB,1.4
HyAsp,KP_NORM_BLD_13379,6m 27s,387,6.45,1.4 GB,1.4
HyAsp,KP_NORM_BLD_13382,6m 34s,394,6.566666666666666,1.4 GB,1.4
HyAsp,KP_NORM_BLD_1348,6m 31s,391,6.516666666666667,1.4 GB,1.4
HyAsp,KP_NORM_BLD_13534,6m 19s,379,6.316666666666666,1.1 GB,1.1
HyAsp,KP_NORM_BLD_13748,6m 1s,361,6.016666666666667,1.4 GB,1.4
HyAsp,KP_NORM_BLD_13380,6m 48s,408,6.8,1.5 GB,1.5
HyAsp,KP_NORM_BLD_1347,5m 54s,354,5.9,1.4 GB,1.4
HyAsp,KP_NORM_BLD_13377,6m 30s,390,6.5,1.2 GB,1.2
PlasmidSPAdes,KP_NORM_BLD_2009_62172,22m 39s,1359,22.65,5.1 GB,5.1
SPAdes,KP_NORM_BLD_2009_62172,22m 27s,1347,22.45,4.5 GB,4.5
HyAsp,KP_NORM_BLD_13738,6m 28s,388,6.466666666666667,1.5 GB,1.5
HyAsp,KP_NORM_BLD_13757,6m 9s,369,6.15,1.1 GB,1.1
HyAsp,KP_NORM_BLD_13886,6m 16s,376,6.266666666666667,1.2 GB,1.2
HyAsp,KP_NORM_BLD_13383,6m 17s,377,6.283333333333333,1.1 GB,1.1
HyAsp,KP_NORM_BLD_1339,6m 1s,361,6.016666666666667,1.4 GB,1.4
PlaScope (reads),KP_NORM_BLD_2009_63475,21m 34s,1294,21.566666666666663,5.3 GB,5.3
HyAsp,KP_NORM_BLD_13889,6m 27s,387,6.45,1.3 GB,1.3
HyAsp,KP_NORM_BLD_14177,6m 4s,364,6.066666666666666,1.4 GB,1.4
HyAsp,KP_NORM_BLD_13880,6m 24s,384,6.4,1.4 GB,1.4
HyAsp,KP_NORM_BLD_14164,6m 24s,384,6.4,1.1 GB,1.1
PlaScope (reads),KP_NORM_BLD_2009_61895,38m 53s,2333,38.88333333333333,5.2 GB,5.2
PlaScope (reads),KP_NORM_BLD_2009_62777,22m 23s,1343,22.383333333333333,4.6 GB,4.6
HyAsp,KP_NORM_BLD_14179,6m 22s,382,6.366666666666666,1.1 GB,1.1
HyAsp,KP_NORM_BLD_14222,6m 31s,391,6.516666666666667,1.1 GB,1.1
HyAsp,KP_NORM_BLD_1692,6m 15s,375,6.25,1.1 GB,1.1
PlasmidSPAdes,KP_NORM_BLD_2009_61895,30m 13s,1813,30.216666666666665,5.1 GB,5.1
PlaScope (reads),KP_NORM_BLD_2009_63807,13m 49s,829,13.816666666666666,4.9 GB,4.9
PlasmidSPAdes,KP_NORM_BLD_2009_62777,16m 14s,974,16.233333333333334,4.6 GB,4.6
HyAsp,KP_NORM_BLD_1883,6m 38s,398,6.633333333333334,1.5 GB,1.5
HyAsp,KP_NORM_BLD_2005_1167,6m 11s,371,6.183333333333334,1.4 GB,1.4
HyAsp,KP_NORM_BLD_2006_36504,6m 28s,388,6.466666666666667,1.2 GB,1.2
PlasmidSPAdes,KP_NORM_BLD_2009_63807,10m 10s,610,10.166666666666666,4.4 GB,4.4
SPAdes,KP_NORM_BLD_2009_62777,14m 47s,887,14.783333333333331,4.6 GB,4.6
PlaScope (reads),KP_NORM_BLD_2009_62172,29m 41s,1781,29.683333333333334,5.3 GB,5.3
HyAsp,KP_NORM_BLD_2006_37102,6m 40s,400,6.666666666666667,1.4 GB,1.4
HyAsp,KP_NORM_BLD_2007_48114,6m 10s,370,6.166666666666667,1.4 GB,1.4
HyAsp,KP_NORM_BLD_2007_48102,6m 42s,402,6.7,1.1 GB,1.1
HyAsp,KP_NORM_BLD_2007_46696,6m 34s,394,6.566666666666666,1.3 GB,1.3
SPAdes,KP_NORM_BLD_2009_63807,9m 28s,568,9.466666666666669,4.5 GB,4.5
PlasmidSPAdes,KP_NORM_BLD_2009_63475,17m 5s,1025,17.083333333333332,5.2 GB,5.2
SPAdes,KP_NORM_BLD_2009_63475,17m 20s,1040,17.333333333333332,4.5 GB,4.5
HyAsp,KP_NORM_BLD_2008_54367,6m 27s,387,6.45,1.1 GB,1.1
HyAsp,KP_NORM_BLD_2008_55153,6m 37s,397,6.616666666666666,1.4 GB,1.4
HyAsp,KP_NORM_BLD_2008_55014,6m 45s,405,6.75,1.3 GB,1.3
HyAsp,KP_NORM_BLD_2008_54823,6m 48s,408,6.8,1.4 GB,1.4
HyAsp,KP_NORM_BLD_2008_54824,6m 54s,414,6.9,1.4 GB,1.4
HyAsp,KP_NORM_BLD_2009_61298,6m 57s,417,6.95,1.4 GB,1.4
PlasmidSPAdes,KP_NORM_BLD_2010_70236,17m 7s,1027,17.116666666666667,4.6 GB,4.6
PlaScope (reads),KP_NORM_BLD_2010_70236,21m 57s,1317,21.95,4.7 GB,4.7
PlaScope (reads),KP_NORM_BLD_2010_70364,27m 46s,1666,27.766666666666666,6.2 GB,6.2
PlaScope (reads),KP_NORM_BLD_2010_71621,22m 9s,1329,22.15,5.4 GB,5.4
HyAsp,KP_NORM_BLD_2009_61895,6m 49s,409,6.816666666666666,1.4 GB,1.4
HyAsp,KP_NORM_BLD_63839,6m 49s,409,6.816666666666666,1.4 GB,1.4
PlasmidSPAdes,KP_NORM_BLD_2010_71621,17m 3s,1023,17.05,5.4 GB,5.4
PlasmidSPAdes,KP_NORM_BLD_2010_70364,23m 25s,1405,23.416666666666668,6.1 GB,6.1
HyAsp,KP_NORM_BLD_2009_62172,6m 50s,410,6.833333333333333,1.4 GB,1.4
SPAdes,KP_NORM_BLD_2010_70236,14m 9s,849,14.15,4.5 GB,4.5
HyAsp,KP_NORM_BLD_2009_62777,6m 37s,397,6.616666666666666,1.4 GB,1.4
HyAsp,KP_NORM_BLD_2009_63807,6m 36s,396,6.6,1.4 GB,1.4
HyAsp,KP_NORM_BLD_2009_63475,6m 30s,390,6.5,1.4 GB,1.4
PlaScope (reads),KP_NORM_BLD_2011_74838,26m 27s,1587,26.45,5.8 GB,5.8
PlasmidSPAdes,KP_NORM_URN_114421,14m 42s,882,14.7,4.9 GB,4.9
HyAsp,KP_NORM_BLD_2010_70236,6m 14s,374,6.233333333333333,1.1 GB,1.1
PlaScope (reads),KP_NORM_URN_2013_95788,17m 36s,1056,17.6,4.7 GB,4.7
PlasmidSPAdes,KP_NORM_BLD_2011_74838,20m 49s,1249,20.816666666666663,5.8 GB,5.8
PlasmidSPAdes,KP_NORM_URN_2012_81428,12m 8s,728,12.133333333333333,4.4 GB,4.4
SPAdes,KP_NORM_BLD_2010_70364,21m 46s,1306,21.766666666666666,4.5 GB,4.5
PlasmidSPAdes,KP_NORM_BLD_2011_75117,19m 37s,1177,19.616666666666667,6.1 GB,6.1
SPAdes,KP_NORM_BLD_2010_71621,16m 19s,979,16.316666666666666,4.5 GB,4.5
SPAdes,KP_NORM_BLD_2011_74838,20m 53s,1253,20.883333333333333,4.5 GB,4.5
PlasmidSPAdes,KP_NORM_BLD_2012_85054,14m 29s,869,14.483333333333333,4.9 GB,4.9
PlaScope (reads),KP_NORM_BLD_2011_75117,27m 26s,1646,27.433333333333334,6.2 GB,6.2
SPAdes,KP_NORM_BLD_2011_75117,23m 21s,1401,23.35,4.9 GB,4.9
SPAdes,KP_NORM_BLD_2012_85054,13m 20s,800,13.333333333333334,4.5 GB,4.5
PlasmidSPAdes,KP_NORM_BLD_2011_75461,28m 9s,1689,28.15,6.5 GB,6.5
PlaScope (reads),KP_NORM_BLD_2011_75461,34m 14s,2054,34.233333333333334,6.6 GB,6.6
PlaScope (reads),KP_NORM_BLD_2012_85054,15m 58s,958,15.966666666666669,4.8 GB,4.8
SPAdes,KP_NORM_BLD_2012_86925,22m 28s,1348,22.466666666666665,4.6 GB,4.6
SPAdes,KP_NORM_BLD_2012_86962,21m 20s,1280,21.33333333333333,4.8 GB,4.8
PlasmidSPAdes,KP_NORM_BLD_2012_85408,38m 10s,2290,38.16666666666666,7.3 GB,7.3
PlasmidSPAdes,KP_NORM_BLD_2012_86925,25m 16s,1516,25.266666666666666,6.3 GB,6.3
SPAdes,KP_NORM_BLD_2012_85408,39m 37s,2377,39.61666666666667,5 GB,5
PlasmidSPAdes,KP_NORM_BLD_2012_86962,24m 13s,1453,24.216666666666665,6.1 GB,6.1
SPAdes,KP_NORM_BLD_2013_88977,18m 49s,1129,18.816666666666663,4.5 GB,4.5
PlasmidSPAdes,KP_NORM_BLD_2013_90851,11m 7s,667,11.116666666666667,4.4 GB,4.4
PlasmidSPAdes,KP_NORM_BLD_2013_88977,18m 8s,1088,18.133333333333333,5.6 GB,5.6
PlaScope (reads),KP_NORM_BLD_2012_86962,29m 46s,1786,29.766666666666666,6.2 GB,6.2
PlaScope (reads),KP_NORM_BLD_2012_86925,32m 18s,1938,32.3,6.4 GB,6.4
SPAdes,KP_NORM_BLD_2013_90851,8m 5s,485,8.083333333333334,4.4 GB,4.4
PlaScope (reads),KP_NORM_BLD_2013_88977,21m 52s,1312,21.866666666666667,5.6 GB,5.6
PlaScope (reads),KP_NORM_BLD_2012_85408,47m 53s,2873,47.88333333333333,7.5 GB,7.5
PlaScope (reads),KP_NORM_BLD_2013_90851,12m 34s,754,12.566666666666666,4.6 GB,4.6
PlasmidSPAdes,KP_NORM_BLD_2013_91198,12m 12s,732,12.2,4.4 GB,4.4
SPAdes,KP_NORM_BLD_2013_91198,13m 49s,829,13.816666666666666,4.4 GB,4.4
PlaScope (reads),KP_NORM_BLD_2013_91198,15m 10s,910,15.166666666666666,4.7 GB,4.7
PlasmidSPAdes,KP_NORM_BLD_2013_91444,24m 5s,1445,24.08333333333333,6.3 GB,6.3
PlasmidSPAdes,KP_NORM_BLD_2013_92328,19m 20s,1160,19.33333333333333,5.5 GB,5.5
SPAdes,KP_NORM_BLD_2013_92328,18m 16s,1096,18.266666666666666,4.6 GB,4.6
SPAdes,KP_NORM_BLD_2013_91444,24m 57s,1497,24.95,4.5 GB,4.5
PlasmidSPAdes,KP_NORM_BLD_2014_100848,24m 9s,1449,24.15,5.3 GB,5.3
SPAdes,KP_NORM_BLD_2014_100833,24m 53s,1493,24.883333333333333,4.9 GB,4.9
PlaScope (reads),KP_NORM_BLD_2013_92328,23m 21s,1401,23.35,5.6 GB,5.6
PlaScope (reads),KP_NORM_BLD_2013_91444,32m 47s,1967,32.78333333333333,6.4 GB,6.4
PlasmidSPAdes,KP_NORM_URN_2014_101205,1h 39m 26s,5966,99.43333333333334,13.4 GB,13.4
PlasmidSPAdes,KP_NORM_BLD_2014_101320,25m 23s,1523,25.383333333333333,5.2 GB,5.2
SPAdes,KP_NORM_BLD_2014_100848,27m 18s,1638,27.3,4.9 GB,4.9
PlasmidSPAdes,KP_NORM_BLD_2014_100833,53m 34s,3214,53.56666666666667,5.8 GB,5.8
PlasmidSPAdes,KP_NORM_BLD_2014_101821,22m 29s,1349,22.48333333333333,5.2 GB,5.2
PlaScope (reads),KP_NORM_URN_56668,8m 31s,511,8.516666666666667,3.9 GB,3.9
PlaScope (reads),KP_NORM_BLD_2014_100848,28m 53s,1733,28.883333333333333,5.5 GB,5.5
PlaScope (reads),KP_NORM_BLD_2014_101320,36m 30s,2190,36.5,5.2 GB,5.2
PlaScope (reads),KP_NORM_BLD_2014_101821,26m 40s,1600,26.666666666666668,5.3 GB,5.3
SPAdes,KP_NORM_BLD_2014_101821,27m 10s,1630,27.166666666666668,4.7 GB,4.7
SPAdes,KP_NORM_BLD_2014_102946,37m 25s,2245,37.41666666666666,4.8 GB,4.8
PlaScope (reads),KP_NORM_BLD_2014_100833,1h 17m 18s,4638,77.3,6 GB,6
SPAdes,KP_NORM_BLD_2014_103381,26m 20s,1580,26.33333333333333,4.5 GB,4.5
SPAdes,KP_NORM_BLD_2014_104014,17m 3s,1023,17.05,4.8 GB,4.8
PlasmidSPAdes,KP_NORM_BLD_2014_103381,46m 54s,2814,46.9,5.5 GB,5.5
SPAdes,KP_NORM_URN_2015_109604,13m 54s,834,13.9,4.7 GB,4.7
SPAdes,KP_NORM_BLD_2014_104302,24m 25s,1465,24.416666666666668,4.9 GB,4.9
PlasmidSPAdes,KP_NORM_BLD_2014_102946,1h 23m,4980,83,9.9 GB,9.9
SPAdes,KP_NORM_BLD_2014_96855,21m 38s,1298,21.633333333333333,4.5 GB,4.5
PlasmidSPAdes,KP_NORM_BLD_2014_104014,34m 2s,2042,34.03333333333333,5.2 GB,5.2
SPAdes,KP_NORM_BLD_2015_111587,10m 9s,609,10.15,4.9 GB,4.9
SPAdes,KP_NORM_BLD_2015_108843,11m 18s,678,11.3,4.9 GB,4.9
SPAdes,KP_NORM_BLD_2015_112126,11m 35s,695,11.583333333333334,4.9 GB,4.9
PlaScope (reads),KP_NORM_BLD_2014_104302,21m 17s,1277,21.28333333333333,5.7 GB,5.7
PlaScope (reads),KP_NORM_BLD_2014_103381,1h 10m 11s,4211,70.18333333333334,5.9 GB,5.9
PlasmidSPAdes,KP_NORM_BLD_2015_111587,9m 25s,565,9.416666666666666,4.9 GB,4.9
PlaScope (reads),KP_NORM_BLD_2014_102946,1h 42m 59s,6179,102.98333333333332,10 GB,10
PlaScope (reads),KP_NORM_BLD_2014_104014,47m 58s,2878,47.96666666666667,5.2 GB,5.2
PlasmidSPAdes,KP_NORM_BLD_2014_104302,17m 50s,1070,17.833333333333332,4.9 GB,4.9
PlasmidSPAdes,KP_NORM_BLD_2015_108843,12m 15s,735,12.25,4.4 GB,4.4
SPAdes,KP_NORM_BLD_2247,6m 50s,410,6.833333333333333,4.4 GB,4.4
SPAdes,KP_NORM_BLD_2015_115359,11m 40s,700,11.666666666666666,4.5 GB,4.5
SPAdes,KP_NORM_BLD_225,8m 36s,516,8.6,4.9 GB,4.9
PlaScope (reads),KP_NORM_BLD_2015_111587,12m 23s,743,12.383333333333333,4.9 GB,4.9
PlaScope (reads),KP_NORM_BLD_2015_108843,16m 49s,1009,16.816666666666666,5.2 GB,5.2
PlasmidSPAdes,KP_NORM_BLD_2015_112126,9m 46s,586,9.766666666666667,4.8 GB,4.8
PlaScope (reads),KP_NORM_BLD_2015_112126,13m 42s,822,13.7,5 GB,5
SPAdes,KP_NORM_BLD_228,17m 5s,1025,17.083333333333332,5 GB,5
PlasmidSPAdes,KP_NORM_BLD_2014_96855,35m 50s,2150,35.833333333333336,5.3 GB,5.3
SPAdes,KP_NORM_BLD_2254,18m 49s,1129,18.816666666666663,5 GB,5
PlasmidSPAdes,KP_NORM_BLD_2247,8m 4s,484,8.066666666666666,4.6 GB,4.6
PlasmidSPAdes,KP_NORM_BLD_2015_115359,11m 13s,673,11.216666666666669,4.9 GB,4.9
PlaScope (reads),KP_NORM_BLD_2014_96855,48m 9s,2889,48.15,5.2 GB,5.2
PlaScope (reads),KP_NORM_BLD_2247,11m 14s,674,11.233333333333333,4.6 GB,4.6
PlaScope (reads),KP_NORM_BLD_2015_115359,14m 55s,895,14.916666666666666,4.8 GB,4.8
PlaScope (reads),KP_NORM_BLD_225,12m 35s,755,12.583333333333334,4.8 GB,4.8
PlasmidSPAdes,KP_NORM_BLD_225,9m 39s,579,9.65,4.9 GB,4.9
SPAdes,KP_NORM_BLD_2497,13m 29s,809,13.483333333333333,4.4 GB,4.4
SPAdes,KP_NORM_BLD_231,18m 1s,1081,18.016666666666666,4.9 GB,4.9
PlaScope (reads),KP_NORM_BLD_2254,22m 28s,1348,22.466666666666665,5.5 GB,5.5
SPAdes,KP_NORM_BLD_2395,17m 14s,1034,17.233333333333334,5 GB,5
PlasmidSPAdes,KP_NORM_BLD_2254,17m 49s,1069,17.816666666666666,5.1 GB,5.1
SPAdes,KP_NORM_BLD_2508,12m 58s,778,12.966666666666669,4.6 GB,4.6
PlaScope (reads),KP_NORM_BLD_228,21m 9s,1269,21.15,5.2 GB,5.2
SPAdes,KP_NORM_BLD_2799,12m 1s,721,12.016666666666667,5 GB,5
PlasmidSPAdes,KP_NORM_BLD_2497,10m 37s,637,10.616666666666667,4.4 GB,4.4
PlaScope (reads),KP_NORM_BLD_231,21m 37s,1297,21.616666666666667,5 GB,5
PlaScope (reads),KP_NORM_BLD_2497,13m 9s,789,13.15,4.7 GB,4.7
PlaScope (reads),KP_NORM_BLD_2395,19m 29s,1169,19.48333333333333,5.1 GB,5.1
PlasmidSPAdes,KP_NORM_BLD_2395,16m 6s,966,16.1,5.1 GB,5.1
PlasmidSPAdes,KP_NORM_BLD_228,17m 18s,1038,17.3,5 GB,5
PlasmidSPAdes,KP_NORM_BLD_231,18m 5s,1085,18.08333333333333,5.1 GB,5.1
PlasmidHunter,KP_NORM_BLD_13757,1m 59s,119,1.9833333333333332,3.1 GB,3.1
PlasmidSPAdes,KP_NORM_BLD_2508,10m 23s,623,10.383333333333333,4.7 GB,4.7
PlaScope (reads),KP_NORM_BLD_2508,12m 40s,760,12.666666666666666,4.5 GB,4.5
PlasmidSPAdes,KP_NORM_BLD_2799,12m 15s,735,12.25,5.1 GB,5.1
PlasmidSPAdes,KP_NORM_BLD_60429,8m 37s,517,8.616666666666667,5 GB,5
SPAdes,KP_NORM_BLD_60429,8m 29s,509,8.483333333333333,4.9 GB,4.9
PlaScope (reads),KP_NORM_BLD_2799,14m 59s,899,14.983333333333333,5.5 GB,5.5
SPAdes,KP_NORM_BLD_3074,16m 43s,1003,16.716666666666665,4.8 GB,4.8
PlasmidSPAdes,KP_NORM_BLD_3074,14m 35s,875,14.583333333333334,4.9 GB,4.9
SPAdes,KP_NORM_BLD_60778,7m 54s,474,7.9,4.5 GB,4.5
SPAdes,KP_NORM_BLD_60723,13m 51s,831,13.85,4.9 GB,4.9
PlasmidSPAdes,KP_NORM_BLD_60723,12m 43s,763,12.716666666666669,5 GB,5
PlaScope (reads),KP_NORM_BLD_60429,12m 19s,739,12.316666666666666,4.9 GB,4.9
SPAdes,KP_NORM_BLD_60562,16m 23s,983,16.383333333333333,4.9 GB,4.9
PlasmidSPAdes,KP_NORM_BLD_60562,15m 22s,922,15.366666666666667,4.9 GB,4.9
SPAdes,KP_NORM_BLD_60803,12m 59s,779,12.983333333333333,5 GB,5
SPAdes,KP_NORM_BLD_60874,12m 33s,753,12.55,4.9 GB,4.9
PlasmidSPAdes,KP_NORM_BLD_60778,8m 33s,513,8.55,4.4 GB,4.4
PlaScope (reads),KP_NORM_BLD_60562,18m 47s,1127,18.78333333333333,5.1 GB,5.1
PlasmidSPAdes,KP_NORM_BLD_60803,12m 17s,737,12.283333333333331,4.9 GB,4.9
SPAdes,KP_NORM_BLD_61273,11m 27s,687,11.45,4.9 GB,4.9
PlasmidSPAdes,KP_NORM_BLD_61273,10m 22s,622,10.366666666666667,4.9 GB,4.9
PlasmidSPAdes,KP_NORM_BLD_60874,11m,660,11,5 GB,5
SPAdes,KP_NORM_BLD_61295,9m 5s,545,9.083333333333334,5 GB,5
PlasmidSPAdes,KP_NORM_BLD_61295,10m 30s,630,10.5,4.9 GB,4.9
PlaScope (reads),KP_NORM_BLD_60723,16m 10s,970,16.166666666666668,4.9 GB,4.9
PlaScope (reads),KP_NORM_BLD_60778,11m 29s,689,11.483333333333333,4.4 GB,4.4
PlaScope (reads),KP_NORM_BLD_60803,16m 26s,986,16.433333333333334,4.9 GB,4.9
SPAdes,KP_NORM_BLD_61444,21m 14s,1274,21.23333333333333,4.9 GB,4.9
SPAdes,KP_NORM_BLD_61459,15m 52s,952,15.866666666666667,4.7 GB,4.7
SPAdes,KP_NORM_BLD_61439,24m 8s,1448,24.133333333333333,5 GB,5
PlasmidSPAdes,KP_NORM_BLD_61439,22m 5s,1325,22.08333333333333,6.1 GB,6.1
PlaScope (reads),KP_NORM_BLD_60874,15m 33s,933,15.55,5.4 GB,5.4
PlasmidSPAdes,KP_NORM_BLD_61444,20m 46s,1246,20.766666666666666,5.9 GB,5.9
PlasmidSPAdes,KP_NORM_BLD_61459,16m 40s,1000,16.666666666666668,5.1 GB,5.1
SPAdes,KP_NORM_BLD_61894,6m 30s,390,6.5,3.8 GB,3.8
SPAdes,KP_NORM_BLD_61886,9m 39s,579,9.65,4.9 GB,4.9
PlasmidSPAdes,KP_NORM_BLD_61886,10m 6s,606,10.1,4.9 GB,4.9
PlasmidSPAdes,KP_NORM_BLD_61894,7m 16s,436,7.266666666666667,4.4 GB,4.4
SPAdes,KP_NORM_BLD_62164,13m 24s,804,13.4,5 GB,5
PlaScope (reads),KP_NORM_BLD_61273,14m 18s,858,14.3,5.2 GB,5.2
PlasmidSPAdes,NK_H12_041,18m 51s,1131,18.85,4.9 GB,4.9
SPAdes,NK_H12_041,16m 42s,1002,16.7,4.9 GB,4.9
SPAdes,KP_NORM_BLD_62202,18m 13s,1093,18.216666666666665,4.9 GB,4.9
PlasmidSPAdes,NK_H12_048,17m 1s,1021,17.016666666666666,4.9 GB,4.9
SPAdes,NK_H12_048,12m 21s,741,12.35,4.9 GB,4.9
PlasmidSPAdes,NK_H12_053,16m 56s,1016,16.933333333333334,4.9 GB,4.9
SPAdes,NK_H12_057,12m 7s,727,12.116666666666667,4.9 GB,4.9
PlasmidSPAdes,NK_H12_057,16m 38s,998,16.633333333333333,4.5 GB,4.5
SPAdes,KP_NORM_BLD_62512,8m 19s,499,8.316666666666666,4.4 GB,4.4
PlasmidSPAdes,KP_NORM_BLD_62164,11m 47s,707,11.783333333333331,4.9 GB,4.9
SPAdes,KP_NORM_BLD_62638,7m 27s,447,7.45,4.8 GB,4.8
PlasmidSPAdes,NK_H12_068,20m 25s,1225,20.416666666666668,5.1 GB,5.1
PlaScope (reads),KP_NORM_BLD_61295,13m 22s,802,13.366666666666667,4.5 GB,4.5
SPAdes,KP_NORM_BLD_62504,16m 38s,998,16.633333333333333,4.9 GB,4.9
SPAdes,KP_NORM_BLD_62486,21m 9s,1269,21.15,4.9 GB,4.9
PlasmidSPAdes,KP_NORM_BLD_62202,15m 23s,923,15.383333333333333,4.9 GB,4.9
SPAdes,KP_NORM_BLD_62649,8m 51s,531,8.85,4.4 GB,4.4
PlaScope (reads),KP_NORM_BLD_61894,10m 20s,620,10.333333333333334,4.1 GB,4.1
SPAdes,KP_NORM_BLD_62912,14m 28s,868,14.466666666666669,4.5 GB,4.5
PlaScope (reads),KP_NORM_BLD_61886,14m 51s,891,14.85,4.9 GB,4.9
PlasmidSPAdes,KP_NORM_BLD_62486,18m 55s,1135,18.916666666666668,5.1 GB,5.1
PlaScope (reads),KP_NORM_BLD_61459,22m 9s,1329,22.15,5.2 GB,5.2
PlaScope (reads),KP_NORM_BLD_61439,27m 52s,1672,27.866666666666667,6.2 GB,6.2
PlaScope (reads),KP_NORM_BLD_61444,26m 33s,1593,26.55,6 GB,6
PlaScope (reads),KP_NORM_BLD_62164,14m 37s,877,14.616666666666667,5.8 GB,5.8
SPAdes,KP_NORM_BLD_62914,11m 35s,695,11.583333333333334,4.3 GB,4.3
PlasmidSPAdes,KP_NORM_BLD_62504,15m 45s,945,15.75,4.9 GB,4.9
PlaScope (reads),KP_NORM_BLD_62512,13m 16s,796,13.266666666666667,4.7 GB,4.7
PlaScope (reads),KP_NORM_BLD_62504,21m 33s,1293,21.55,4.8 GB,4.8
PlasmidSPAdes,KP_NORM_BLD_62512,10m 15s,615,10.25,4.7 GB,4.7
SPAdes,KP_NORM_BLD_62920,13m 45s,825,13.75,4.9 GB,4.9
SPAdes,KP_NORM_BLD_62922,14m 15s,855,14.25,5 GB,5
PlaScope (reads),KP_NORM_BLD_62202,20m 32s,1232,20.53333333333333,5.3 GB,5.3
PlaScope (reads),KP_NORM_BLD_62638,12m 16s,736,12.266666666666667,4.6 GB,4.6
PlasmidSPAdes,KP_NORM_BLD_62638,8m 41s,521,8.683333333333334,4.4 GB,4.4
PlaScope (reads),KP_NORM_BLD_62486,24m 47s,1487,24.78333333333333,5.1 GB,5.1
SPAdes,KP_NORM_BLD_62926,11m 55s,715,11.916666666666666,4.1 GB,4.1
PlaScope (reads),KP_NORM_BLD_62649,11m 37s,697,11.616666666666667,4.6 GB,4.6
PlasmidSPAdes,KP_NORM_BLD_62649,9m 1s,541,9.016666666666667,4.5 GB,4.5
SPAdes,KP_NORM_BLD_62934,10m 43s,643,10.716666666666669,4 GB,4
PlaScope (reads),KP_NORM_BLD_62912,15m 35s,935,15.583333333333334,4.9 GB,4.9
PlasmidSPAdes,KP_NORM_BLD_62912,11m 56s,716,11.933333333333334,4.4 GB,4.4
SPAdes,KP_NORM_BLD_63395,15m 29s,929,15.483333333333333,4.7 GB,4.7
PlasmidSPAdes,KP_NORM_BLD_62914,10m 28s,628,10.466666666666669,4.4 GB,4.4
PlaScope (reads),KP_NORM_BLD_62914,13m 38s,818,13.633333333333333,4.5 GB,4.5
PlaScope (reads),KP_NORM_BLD_62934,11m 22s,682,11.366666666666667,3.8 GB,3.8
SPAdes,KP_NORM_BLD_63815,18m 21s,1101,18.35,4.8 GB,4.8
SPAdes,KP_NORM_BLD_63801,21m 34s,1294,21.566666666666663,4.6 GB,4.6
PlaScope (reads),KP_NORM_BLD_62922,14m 58s,898,14.966666666666669,4.8 GB,4.8
PlasmidSPAdes,KP_NORM_BLD_62926,10m 31s,631,10.516666666666667,3.8 GB,3.8
PlaScope (reads),KP_NORM_BLD_63395,18m 48s,1128,18.8,5.2 GB,5.2
SPAdes,KP_NORM_BLD_63842,19m 30s,1170,19.5,4.7 GB,4.7
PlasmidSPAdes,KP_NORM_BLD_63395,15m 27s,927,15.45,4.9 GB,4.9
PlasmidSPAdes,KP_NORM_BLD_62920,11m 46s,706,11.766666666666667,4.4 GB,4.4
PlaScope (reads),KP_NORM_BLD_63815,21m 44s,1304,21.73333333333333,5.1 GB,5.1
SPAdes,KP_NORM_URN_106487,7m 58s,478,7.966666666666667,4.3 GB,4.3
PlasmidSPAdes,KP_NORM_BLD_62922,11m 47s,707,11.783333333333331,4.4 GB,4.4
PlasmidSPAdes,KP_NORM_BLD_63801,18m 22s,1102,18.366666666666667,4.9 GB,4.9
PlaScope (reads),KP_NORM_URN_106487,12m 39s,759,12.65,4.6 GB,4.6
SPAdes,KP_NORM_BLD_70,17m 33s,1053,17.55,4.5 GB,4.5
PlaScope (reads),KP_NORM_BLD_63839,25m 42s,1542,25.7,5 GB,5
PlasmidSPAdes,KP_NORM_BLD_63815,17m 33s,1053,17.55,5.1 GB,5.1
PlasmidSPAdes,KP_NORM_BLD_63839,20m 55s,1255,20.916666666666668,5 GB,5
PlaScope (reads),KP_NORM_URN_106847,19m 24s,1164,19.4,4.8 GB,4.8
PlaScope (reads),KP_NORM_URN_107976,22m 33s,1353,22.55,4.7 GB,4.7
SPAdes,KP_NORM_URN_106847,12m 53s,773,12.883333333333333,4.6 GB,4.6
PlasmidSPAdes,KP_NORM_BLD_63842,16m 17s,977,16.283333333333335,5.2 GB,5.2
PlaScope (reads),KP_NORM_URN_109342,19m 4s,1144,19.066666666666663,4.9 GB,4.9
PlasmidSPAdes,KP_NORM_URN_106487,8m 58s,538,8.966666666666667,4.7 GB,4.7
PlaScope (reads),KP_NORM_URN_2012_81416,7m 44s,464,7.733333333333333,3.2 GB,3.2
PlaScope (reads),KP_NORM_URN_113027,16m 57s,1017,16.95,5.3 GB,5.3
PlasmidSPAdes,KP_NORM_BLD_70,18m 29s,1109,18.48333333333333,5.7 GB,5.7
SPAdes,KP_NORM_URN_107976,14m 12s,852,14.2,5 GB,5
PlaScope (reads),KP_NORM_URN_114421,20m 36s,1236,20.6,5.2 GB,5.2
PlasmidSPAdes,KP_NORM_URN_106847,14m 42s,882,14.7,4.4 GB,4.4
PlasmidSPAdes,KP_NORM_URN_107976,15m 39s,939,15.65,4.4 GB,4.4
PlaScope (reads),KP_NORM_URN_2012_81428,17m 6s,1026,17.1,5.2 GB,5.2
SPAdes,KP_NORM_URN_109342,15m,900,15,4.5 GB,4.5
SPAdes,KP_NORM_URN_113027,14m 40s,880,14.666666666666666,4.7 GB,4.7
PlasmidSPAdes,KP_NORM_URN_2012_81416,6m 22s,382,6.366666666666666,2.8 GB,2.8
PlasmidSPAdes,KP_NORM_URN_109342,16m 11s,971,16.183333333333334,4.9 GB,4.9
SPAdes,KP_NORM_URN_114421,13m 41s,821,13.683333333333334,4.6 GB,4.6
PlasmidSPAdes,KP_NORM_URN_113027,12m 25s,745,12.416666666666666,4.5 GB,4.5
SPAdes,NK_H15_047,9m 49s,589,9.816666666666666,4.4 GB,4.4
SPAdes,KP_NORM_URN_2012_81416,5m 42s,342,5.7,2.9 GB,2.9
PlaScope (reads),KP_NORM_URN_2013_95439,30m 6s,1806,30.1,6.1 GB,6.1
PlaScope (reads),KP_NORM_URN_2013_95819,23m 25s,1405,23.416666666666668,5.9 GB,5.9
PlaScope (reads),KP_NORM_URN_2013_95951,18m 25s,1105,18.416666666666668,4.9 GB,4.9
PlasmidSPAdes,KP_NORM_URN_2013_95788,15m 19s,919,15.316666666666666,4.4 GB,4.4
SPAdes,KP_NORM_URN_2012_81428,13m 35s,815,13.583333333333334,4.5 GB,4.5
SPAdes,KP_NORM_URN_2013_95788,16m 9s,969,16.15,4.4 GB,4.4
PlasmidSPAdes,KP_NORM_URN_2013_95439,25m 13s,1513,25.216666666666665,6 GB,6
PlaScope (reads),KP_NORM_URN_2013_96200,28m 50s,1730,28.83333333333333,5.9 GB,5.9
PlasmidSPAdes,KP_NORM_URN_2013_95951,15m 27s,927,15.45,4.4 GB,4.4
SPAdes,KP_NORM_URN_2013_95439,25m 51s,1551,25.85,4.6 GB,4.6
PlasmidSPAdes,KP_NORM_URN_2013_95819,19m 35s,1175,19.58333333333333,5.8 GB,5.8
SPAdes,KP_NORM_URN_2013_95951,15m 14s,914,15.233333333333333,4.4 GB,4.4
SPAdes,KP_NORM_URN_2013_95819,21m 5s,1265,21.08333333333333,4.7 GB,4.7
PlasmidSPAdes,KP_NORM_URN_2013_96200,23m 31s,1411,23.516666666666666,5.8 GB,5.8
SPAdes,KP_NORM_URN_2013_96200,22m 31s,1351,22.516666666666666,4.4 GB,4.4
PlaScope (reads),KP_NORM_URN_2014_96612,1h 1m 59s,3719,61.98333333333333,7.3 GB,7.3
SPAdes,KP_NORM_URN_2014_101205,47m 9s,2829,47.15,5.2 GB,5.2
PlaScope (reads),KP_NORM_URN_2014_97677,30m 29s,1829,30.48333333333333,5.5 GB,5.5
PlasmidSPAdes,KP_NORM_URN_2014_96612,44m 22s,2662,44.36666666666667,7.2 GB,7.2
PlasmidSPAdes,KP_NORM_URN_2014_97392,46m,2760,46,5.9 GB,5.9
PlaScope (reads),KP_NORM_URN_2014_97392,59m 53s,3593,59.88333333333333,6 GB,6
PlaScope (reads),KP_NORM_URN_2014_97411,47m 6s,2826,47.1,5.2 GB,5.2
SPAdes,KP_NORM_URN_2014_96612,23m 14s,1394,23.23333333333333,4.9 GB,4.9
PlasmidSPAdes,KP_NORM_URN_2014_97411,30m 2s,1802,30.03333333333333,5.1 GB,5.1
PlasmidSPAdes,KP_NORM_URN_2014_97677,23m 6s,1386,23.1,5.4 GB,5.4
SPAdes,KP_NORM_URN_2014_97411,14m 12s,852,14.2,4.4 GB,4.4
PlaScope (reads),KP_NORM_URN_2015_107836,14m 36s,876,14.6,4.6 GB,4.6
PlaScope (reads),KP_NORM_URN_2014_101205,2h 8m 30s,7710,128.5,13.5 GB,13.5
PlasmidSPAdes,KP_NORM_URN_2015_107836,11m 18s,678,11.3,5 GB,5
PlaScope (reads),KP_NORM_URN_2014_97671,1h 5m 54s,3954,65.9,5.3 GB,5.3
PlasmidSPAdes,KP_NORM_URN_2014_97671,47m 30s,2850,47.5,5.2 GB,5.2
PlasmidSPAdes,KP_NORM_URN_2014_99206,48m 15s,2895,48.25,7.9 GB,7.9
PlasmidSPAdes,KP_NORM_URN_2015_107962,14m 51s,891,14.85,4.6 GB,4.6
SPAdes,KP_NORM_URN_2014_97392,20m 37s,1237,20.616666666666667,4.4 GB,4.4
SPAdes,KP_NORM_URN_2014_97671,22m 17s,1337,22.28333333333333,4.9 GB,4.9
PlasmidSPAdes,KP_NORM_URN_2015_109056,12m 18s,738,12.3,4.9 GB,4.9
PlaScope (reads),KP_NORM_URN_2015_107962,18m 26s,1106,18.433333333333334,5.5 GB,5.5
PlaScope (reads),KP_NORM_URN_2015_109056,15m 2s,902,15.033333333333331,5.1 GB,5.1
SPAdes,KP_NORM_URN_2015_107836,11m,660,11,4.5 GB,4.5
SPAdes,KP_NORM_URN_2014_99206,22m 50s,1370,22.83333333333333,4.6 GB,4.6
SPAdes,KP_NORM_URN_2014_97677,27m 11s,1631,27.183333333333334,4.6 GB,4.6
PlaScope (reads),KP_NORM_URN_2015_109358,10m 12s,612,10.2,4.4 GB,4.4
PlasmidSPAdes,KP_NORM_URN_2015_109238,18m 9s,1089,18.15,5.1 GB,5.1
PlaScope (reads),KP_NORM_URN_2015_109238,22m 38s,1358,22.633333333333333,5.5 GB,5.5
PlaScope (reads),KP_NORM_URN_2014_99206,1h 10m 5s,4205,70.08333333333333,8 GB,8
PlasmidSPAdes,KP_NORM_URN_2015_109358,7m 15s,435,7.25,3.8 GB,3.8
PlasmidSPAdes,KP_NORM_URN_2015_109604,14m 22s,862,14.366666666666667,4.6 GB,4.6
PlaScope (reads),KP_NORM_URN_56534,15m 7s,907,15.116666666666667,5.1 GB,5.1
PlasmidSPAdes,KP_NORM_URN_56534,11m 37s,697,11.616666666666667,4.9 GB,4.9
SPAdes,KP_NORM_URN_2015_107962,13m 39s,819,13.65,4.9 GB,4.9
PlaScope (reads),KP_NORM_URN_2015_109604,19m 11s,1151,19.183333333333334,5.1 GB,5.1
PlaScope (reads),KP_NORM_URN_56847,12m 14s,734,12.233333333333333,4.9 GB,4.9
SPAdes,KP_NORM_URN_2015_109056,10m 34s,634,10.566666666666666,4.5 GB,4.5
SPAdes,KP_NORM_URN_2015_109358,7m 48s,468,7.8,3.7 GB,3.7
PlasmidSPAdes,KP_NORM_URN_56668,7m 14s,434,7.233333333333333,3.9 GB,3.9
SPAdes,KP_NORM_URN_56668,5m 52s,352,5.866666666666666,3.8 GB,3.8
SPAdes,KP_NORM_URN_2015_109238,14m 37s,877,14.616666666666667,4.5 GB,4.5
SPAdes,KP_NORM_URN_56534,10m 20s,620,10.333333333333334,5.1 GB,5.1
PlaScope (reads),KP_NORM_URN_57023,23m 33s,1413,23.55,5.1 GB,5.1
PlaScope (reads),KP_NORM_URN_57002,32m 30s,1950,32.5,10 GB,10
SPAdes,NK_H18_072,14m 26s,866,14.433333333333334,4.6 GB,4.6
SPAdes,KP_NORM_URN_56847,11m 1s,661,11.016666666666667,4.6 GB,4.6
PlaScope (reads),KP_NORM_URN_57042,26m 38s,1598,26.633333333333333,5.5 GB,5.5
PlaScope (reads),KP_NORM_URN_57225,20m 17s,1217,20.28333333333333,5.5 GB,5.5
SPAdes,KP_NORM_URN_57023,14m 23s,863,14.383333333333333,4.6 GB,4.6
PlasmidSPAdes,KP_NORM_URN_56847,9m 33s,573,9.55,4.4 GB,4.4
SPAdes,KP_NORM_URN_57002,23m 46s,1426,23.766666666666666,4.5 GB,4.5
PlasmidSPAdes,KP_NORM_URN_57023,17m 16s,1036,17.266666666666666,4.9 GB,4.9
SPAdes,KP_NORM_URN_57225,13m 50s,830,13.833333333333334,4.5 GB,4.5
SPAdes,KP_NORM_URN_57042,17m 7s,1027,17.116666666666667,4.4 GB,4.4
PlasmidSPAdes,KP_NORM_URN_57042,21m 20s,1280,21.33333333333333,4.9 GB,4.9
PlasmidSPAdes,KP_NORM_URN_57002,30m 11s,1811,30.183333333333334,10 GB,10
PlaScope (reads),KP_NORM_URN_57447,25m 5s,1505,25.08333333333333,5.5 GB,5.5
SPAdes,KP_NORM_URN_57447,16m 14s,974,16.233333333333334,4.8 GB,4.8
SPAdes,KP_NORM_URN_57455,18m 55s,1135,18.916666666666668,4.9 GB,4.9
SPAdes,KP_NORM_URN_57409,31m 56s,1916,31.933333333333334,5 GB,5
PlaScope (reads),KP_NORM_URN_57409,44m 5s,2645,44.083333333333336,7.8 GB,7.8
PlaScope (reads),KP_NORM_URN_57455,29m 35s,1775,29.58333333333333,5.8 GB,5.8
PlaScope (reads),KP_NORM_URN_57695,18m 22s,1102,18.366666666666667,4.9 GB,4.9
PlasmidSPAdes,KP_NORM_URN_57225,15m,900,15,5.1 GB,5.1
PlaScope (reads),KP_NORM_URN_58012,9m 40s,580,9.666666666666666,4 GB,4
PlaScope (reads),KP_NORM_URN_57979,20m 35s,1235,20.58333333333333,5.3 GB,5.3
PlasmidSPAdes,KP_NORM_URN_57447,19m 11s,1151,19.183333333333334,5.3 GB,5.3
SPAdes,KP_NORM_URN_57695,12m 45s,765,12.75,4.4 GB,4.4
PlaScope (reads),KP_NORM_URN_58233,26m 50s,1610,26.83333333333333,5.3 GB,5.3
PlasmidSPAdes,KP_NORM_URN_57409,37m 31s,2251,37.516666666666666,7.7 GB,7.7
PlasmidSPAdes,KP_NORM_URN_57455,22m 25s,1345,22.416666666666668,5.8 GB,5.8
PlasmidSPAdes,KP_NORM_URN_57695,14m 55s,895,14.916666666666666,4.8 GB,4.8
PlaScope (reads),KP_NORM_URN_58251,27m 23s,1643,27.383333333333333,5.1 GB,5.1
SPAdes,KP_NORM_URN_58012,6m 4s,364,6.066666666666666,3.7 GB,3.7
SPAdes,KP_NORM_URN_57979,14m 59s,899,14.983333333333333,4.7 GB,4.7
PlaScope (reads),KP_NORM_URN_58261,24m 25s,1465,24.416666666666668,5 GB,5
PlasmidSPAdes,KP_NORM_URN_58012,7m 16s,436,7.266666666666667,3.8 GB,3.8
SPAdes,KP_NORM_URN_58233,17m 8s,1028,17.133333333333333,4.4 GB,4.4
PlaScope (reads),KP_NORM_URN_58342,16m 50s,1010,16.833333333333332,4.8 GB,4.8
PlaScope (reads),KP_NORM_URN_58394,20m 11s,1211,20.183333333333334,4.9 GB,4.9
PlasmidSPAdes,KP_NORM_URN_57979,16m 38s,998,16.633333333333333,5.2 GB,5.2
PlasmidSPAdes,KP_NORM_URN_58233,17m 54s,1074,17.9,5.3 GB,5.3
SPAdes,KP_NORM_URN_58251,16m 51s,1011,16.85,4.5 GB,4.5
PlaScope (reads),NK_H10_003,13m 5s,785,13.083333333333334,4 GB,4
PlaScope (reads),NK_H11_006,14m 12s,852,14.2,4.7 GB,4.7
PlasmidSPAdes,KP_NORM_URN_58251,18m 24s,1104,18.4,5 GB,5
PlasmidSPAdes,NK_H10_003,9m 20s,560,9.333333333333334,3.9 GB,3.9
PlasmidSPAdes,KP_NORM_URN_58342,12m 59s,779,12.983333333333333,4.5 GB,4.5
PlaScope (reads),NK_H11_013,15m 18s,918,15.3,4.7 GB,4.7
PlasmidSPAdes,KP_NORM_URN_58261,16m 58s,1018,16.966666666666665,5.1 GB,5.1
SPAdes,KP_NORM_URN_58261,15m 31s,931,15.516666666666667,4.5 GB,4.5
SPAdes,NK_H10_003,8m 52s,532,8.866666666666667,3.9 GB,3.9
SPAdes,KP_NORM_URN_58342,11m 47s,707,11.783333333333331,4.4 GB,4.4
PlasmidSPAdes,KP_NORM_URN_58394,15m 29s,929,15.483333333333333,4.8 GB,4.8
PlasmidSPAdes,NK_H11_006,10m 46s,646,10.766666666666667,5.1 GB,5.1
SPAdes,KP_NORM_URN_58394,13m 24s,804,13.4,5.1 GB,5.1
PlasmidSPAdes,NK_H11_013,11m 34s,694,11.566666666666666,4.9 GB,4.9
SPAdes,NK_H11_006,9m 12s,552,9.2,4.5 GB,4.5
SPAdes,NK_H11_013,10m,600,10,5.1 GB,5.1
PlaScope (reads),NK_H12_018,19m 45s,1185,19.75,5.1 GB,5.1
PlaScope (reads),NK_H12_023,14m 20s,860,14.333333333333334,5.2 GB,5.2
SPAdes,NK_H12_018,13m 46s,826,13.766666666666667,4.6 GB,4.6
SPAdes,NK_H12_023,12m 35s,755,12.583333333333334,5.1 GB,5.1
PlasmidSPAdes,NK_H12_035,6m 16s,376,6.266666666666667,3.5 GB,3.5
PlasmidSPAdes,NK_H12_018,13m 25s,805,13.416666666666666,4.6 GB,4.6
SPAdes,NK_H12_028,3m 45s,225,3.75,2.9 GB,2.9
SPAdes,NK_H12_035,3m 37s,217,3.6166666666666663,3.1 GB,3.1
SPAdes,NK_H12_034,3m 35s,215,3.583333333333333,3 GB,3
PlasmidSPAdes,NK_H12_023,10m 56s,656,10.933333333333334,5.1 GB,5.1
PlaScope (reads),NK_H12_028,8m 11s,491,8.183333333333334,2.8 GB,2.8
PlasmidSPAdes,NK_H12_034,7m 47s,467,7.783333333333333,2.9 GB,2.9
PlaScope (reads),NK_H12_034,9m 9s,549,9.15,3 GB,3
SPAdes,NK_H12_038,8m 25s,505,8.416666666666666,4.1 GB,4.1
PlasmidSPAdes,NK_H12_038,9m 32s,572,9.533333333333331,4 GB,4
PlaScope (reads),NK_H12_035,7m 51s,471,7.85,3.2 GB,3.2
PlasmidSPAdes,NK_H12_028,5m 41s,341,5.683333333333334,2.9 GB,2.9
PlaScope (reads),NK_H12_038,11m 57s,717,11.95,4.4 GB,4.4
SPAdes,NK_H12_063,6m 39s,399,6.65,4 GB,4
PlasmidSPAdes,NK_H12_063,6m 52s,412,6.866666666666666,4.3 GB,4.3
SPAdes,NK_H12_053,12m 50s,770,12.833333333333334,4.4 GB,4.4
PlaScope (reads),NK_H19_011,2h 19m 36s,8376,139.6,10.5 GB,10.5
PlasmidSPAdes,NK_H12_100,9m 16s,556,9.266666666666667,4.4 GB,4.4
PlasmidSPAdes,NK_H12_086,13m 18s,798,13.3,4.9 GB,4.9
HyAsp,KP_NORM_BLD_2012_86925,6m 34s,394,6.566666666666666,1.4 GB,1.4
HyAsp,KP_NORM_BLD_2012_86962,6m 35s,395,6.583333333333333,1.4 GB,1.4
HyAsp,KP_NORM_BLD_2010_70364,6m 31s,391,6.516666666666667,1.1 GB,1.1
HyAsp,KP_NORM_BLD_2010_71621,6m 11s,371,6.183333333333334,1.1 GB,1.1
HyAsp,KP_NORM_BLD_2011_74838,6m 10s,370,6.166666666666667,1.4 GB,1.4
HyAsp,KP_NORM_BLD_2011_75117,6m 13s,373,6.216666666666667,1.4 GB,1.4
HyAsp,KP_NORM_BLD_2012_85054,6m 32s,392,6.533333333333333,1.5 GB,1.5
PlasmidSPAdes,NK_H13_003,13m 13s,793,13.216666666666669,5 GB,5
SPAdes,NK_H12_086,14m 17s,857,14.283333333333331,4.9 GB,4.9
SPAdes,NK_H12_100,10m 23s,623,10.383333333333333,4.5 GB,4.5
PlaScope (reads),NK_H12_041,23m 25s,1405,23.416666666666668,5.1 GB,5.1
SPAdes,NK_H12_068,21m 6s,1266,21.1,5 GB,5
HyAsp,KP_NORM_BLD_2012_85408,6m 39s,399,6.65,1.2 GB,1.2
HyAsp,KP_NORM_BLD_2013_88977,6m 33s,393,6.55,1.3 GB,1.3
HyAsp,KP_NORM_BLD_2013_90851,6m 44s,404,6.733333333333333,1.1 GB,1.1
SPAdes,NK_H13_003,11m 50s,710,11.833333333333334,4.6 GB,4.6
HyAsp,KP_NORM_BLD_2013_91198,6m 57s,417,6.95,1.4 GB,1.4
HyAsp,KP_NORM_BLD_2013_92328,6m 42s,402,6.7,1.4 GB,1.4
HyAsp,KP_NORM_BLD_2013_91444,6m 40s,400,6.666666666666667,1.4 GB,1.4
HyAsp,KP_NORM_BLD_2014_100833,6m 47s,407,6.783333333333333,1.4 GB,1.4
HyAsp,KP_NORM_BLD_2014_100848,6m 33s,393,6.55,1.4 GB,1.4
HyAsp,KP_NORM_BLD_2014_101821,6m 18s,378,6.3,1.4 GB,1.4
HyAsp,KP_NORM_BLD_2014_102946,6m 42s,402,6.7,1.4 GB,1.4
HyAsp,KP_NORM_BLD_2014_103381,6m 30s,390,6.5,1.4 GB,1.4
HyAsp,KP_NORM_BLD_2014_104014,6m 35s,395,6.583333333333333,1.4 GB,1.4
HyAsp,KP_NORM_URN_2015_109604,6m 18s,378,6.3,1.1 GB,1.1
HyAsp,KP_NORM_BLD_2014_104302,6m 36s,396,6.6,1.3 GB,1.3
HyAsp,KP_NORM_BLD_2014_96855,6m 39s,399,6.65,1.4 GB,1.4
SPAdes,NK_H14_001,17m 17s,1037,17.283333333333335,4.4 GB,4.4
HyAsp,KP_NORM_BLD_2015_111587,7m 2s,422,7.033333333333333,1.4 GB,1.4
HyAsp,KP_NORM_BLD_2015_108843,6m 57s,417,6.95,1.4 GB,1.4
HyAsp,KP_NORM_BLD_2015_112126,7m 20s,440,7.333333333333333,1.5 GB,1.5
HyAsp,KP_NORM_BLD_2247,6m 30s,390,6.5,1.1 GB,1.1
HyAsp,KP_NORM_BLD_2015_115359,6m 35s,395,6.583333333333333,1.4 GB,1.4
HyAsp,KP_NORM_BLD_225,6m 27s,387,6.45,1.1 GB,1.1
PlaScope (reads),NK_H12_048,22m 45s,1365,22.75,4.9 GB,4.9
HyAsp,KP_NORM_BLD_228,6m 22s,382,6.366666666666666,1.1 GB,1.1
HyAsp,KP_NORM_BLD_2254,6m 43s,403,6.716666666666667,1.4 GB,1.4
PlaScope (reads),NK_H12_053,23m 42s,1422,23.7,4.7 GB,4.7
HyAsp,KP_NORM_BLD_2497,6m 16s,376,6.266666666666667,1.4 GB,1.4
HyAsp,KP_NORM_BLD_231,6m 30s,390,6.5,1.4 GB,1.4
HyAsp,KP_NORM_BLD_2395,6m 7s,367,6.116666666666666,1.2 GB,1.2
HyAsp,KP_NORM_BLD_2508,6m 17s,377,6.283333333333333,1.1 GB,1.1
HyAsp,KP_NORM_BLD_2799,6m 31s,391,6.516666666666667,1.4 GB,1.4
PlaScope (reads),NK_H12_063,9m 48s,588,9.8,4.1 GB,4.1
SPAdes,NK_H14_010,33m 6s,1986,33.1,6.2 GB,6.2
SPAdes,NK_H14_015,28m 41s,1721,28.683333333333334,5.5 GB,5.5
HyAsp,KP_NORM_BLD_3074,6m 21s,381,6.35,1.4 GB,1.4
HyAsp,KP_NORM_BLD_60429,7m 2s,422,7.033333333333333,1.1 GB,1.1
HyAsp,KP_NORM_BLD_60778,6m 25s,385,6.416666666666667,1 GB,1
HyAsp,KP_NORM_BLD_60723,6m 30s,390,6.5,1014.3 MB,1.0143
HyAsp,KP_NORM_BLD_60562,6m 27s,387,6.45,1.2 GB,1.2
HyAsp,KP_NORM_BLD_60803,6m 12s,372,6.2,1.1 GB,1.1
HyAsp,KP_NORM_BLD_60874,6m 38s,398,6.633333333333334,1.3 GB,1.3
HyAsp,KP_NORM_BLD_61273,6m 44s,404,6.733333333333333,1.2 GB,1.2
PlaScope (reads),NK_H12_057,23m 20s,1400,23.33333333333333,5 GB,5
HyAsp,KP_NORM_BLD_61295,6m 32s,392,6.533333333333333,1.4 GB,1.4
HyAsp,KP_NORM_BLD_61444,6m 11s,371,6.183333333333334,1.4 GB,1.4
HyAsp,KP_NORM_BLD_61459,6m 13s,373,6.216666666666667,1.4 GB,1.4
HyAsp,KP_NORM_BLD_61439,6m 17s,377,6.283333333333333,1.3 GB,1.3
HyAsp,KP_NORM_BLD_61886,5m 59s,359,5.983333333333333,1.2 GB,1.2
HyAsp,KP_NORM_BLD_61894,6m 19s,379,6.316666666666666,1.2 GB,1.2
HyAsp,KP_NORM_BLD_62164,6m 1s,361,6.016666666666667,1.4 GB,1.4
PlasmidSPAdes,NK_H14_001,56m 10s,3370,56.16666666666666,5.3 GB,5.3
HyAsp,NK_H12_041,6m 17s,377,6.283333333333333,1.4 GB,1.4
HyAsp,KP_NORM_BLD_62202,6m 37s,397,6.616666666666666,1.3 GB,1.3
HyAsp,NK_H12_048,6m 29s,389,6.483333333333333,1.1 GB,1.1
HyAsp,NK_H12_057,6m 45s,405,6.75,975.4 MB,0.9754
HyAsp,KP_NORM_BLD_62512,6m 48s,408,6.8,1.1 GB,1.1
HyAsp,KP_NORM_BLD_62638,6m 41s,401,6.683333333333334,1.1 GB,1.1
PlaScope (reads),NK_H12_086,17m 48s,1068,17.8,5 GB,5
HyAsp,KP_NORM_BLD_62504,6m 22s,382,6.366666666666666,1.1 GB,1.1
HyAsp,KP_NORM_BLD_62486,6m 33s,393,6.55,1.1 GB,1.1
HyAsp,KP_NORM_BLD_62649,6m 30s,390,6.5,972.8 MB,0.9728
HyAsp,KP_NORM_BLD_62912,6m 11s,371,6.183333333333334,1.3 GB,1.3
HyAsp,KP_NORM_BLD_62914,5m 58s,358,5.966666666666667,1.1 GB,1.1
PlaScope (reads),NK_H12_100,17m 13s,1033,17.216666666666665,4.8 GB,4.8
HyAsp,KP_NORM_BLD_62920,5m 46s,346,5.766666666666667,1.1 GB,1.1
HyAsp,KP_NORM_BLD_62922,5m 45s,345,5.75,1 GB,1
HyAsp,KP_NORM_BLD_62926,6m 12s,372,6.2,1.4 GB,1.4
HyAsp,KP_NORM_BLD_62934,6m 17s,377,6.283333333333333,964.8 MB,0.9648
HyAsp,KP_NORM_BLD_63395,5m 54s,354,5.9,1.4 GB,1.4
PlaScope (reads),NK_H12_068,28m 49s,1729,28.816666666666663,5.5 GB,5.5
SPAdes,NK_H14_033,33m 50s,2030,33.833333333333336,6.1 GB,6.1
SPAdes,NK_H14_036,12m 36s,756,12.6,4.6 GB,4.6
HyAsp,KP_NORM_BLD_63815,7m 7s,427,7.116666666666666,1.3 GB,1.3
HyAsp,KP_NORM_BLD_63801,7m 7s,427,7.116666666666666,1.4 GB,1.4
HyAsp,KP_NORM_BLD_63842,7m 12s,432,7.2,1.4 GB,1.4
HyAsp,KP_NORM_URN_106487,7m 22s,442,7.366666666666666,1.1 GB,1.1
HyAsp,KP_NORM_BLD_70,7m 24s,444,7.4,1.1 GB,1.1
HyAsp,KP_NORM_URN_106847,6m 43s,403,6.716666666666667,1.4 GB,1.4
HyAsp,KP_NORM_URN_107976,6m 28s,388,6.466666666666667,1.4 GB,1.4
HyAsp,KP_NORM_URN_109342,6m 38s,398,6.633333333333334,1.1 GB,1.1
HyAsp,KP_NORM_URN_113027,6m 35s,395,6.583333333333333,1.4 GB,1.4
HyAsp,KP_NORM_URN_114421,6m 6s,366,6.1,1.2 GB,1.2
HyAsp,KP_NORM_URN_2012_81416,6m 22s,382,6.366666666666666,1003.8 MB,1.0038
HyAsp,NK_H15_047,6m 38s,398,6.633333333333334,1.4 GB,1.4
PlaScope (reads),NK_H13_003,18m 17s,1097,18.28333333333333,4.8 GB,4.8
HyAsp,KP_NORM_URN_2012_81428,7m 2s,422,7.033333333333333,1.2 GB,1.2
HyAsp,KP_NORM_URN_2013_95788,7m 16s,436,7.266666666666667,1.4 GB,1.4
HyAsp,KP_NORM_URN_2013_95439,7m 15s,435,7.25,1.4 GB,1.4
HyAsp,KP_NORM_URN_2013_95951,6m 45s,405,6.75,1.4 GB,1.4
HyAsp,KP_NORM_URN_2013_95819,7m 1s,421,7.016666666666667,1.2 GB,1.2
HyAsp,KP_NORM_URN_2013_96200,6m 54s,414,6.9,1.3 GB,1.3
HyAsp,KP_NORM_URN_2014_101205,7m 10s,430,7.166666666666667,1.4 GB,1.4
HyAsp,KP_NORM_URN_2014_96612,7m 28s,448,7.466666666666667,1.4 GB,1.4
HyAsp,KP_NORM_URN_2014_97411,6m 54s,414,6.9,1.1 GB,1.1
SPAdes,NK_H14_037,11m 4s,664,11.066666666666666,4.4 GB,4.4
HyAsp,KP_NORM_URN_2014_97392,7m 4s,424,7.066666666666666,1.2 GB,1.2
HyAsp,KP_NORM_URN_2014_97671,6m 54s,414,6.9,1.1 GB,1.1
HyAsp,KP_NORM_URN_2015_107836,7m 1s,421,7.016666666666667,1.4 GB,1.4
HyAsp,KP_NORM_URN_2014_97677,6m 52s,412,6.866666666666666,1.2 GB,1.2
HyAsp,KP_NORM_URN_2014_99206,7m 2s,422,7.033333333333333,1.4 GB,1.4
HyAsp,KP_NORM_URN_2015_107962,6m 42s,402,6.7,1.4 GB,1.4
HyAsp,KP_NORM_URN_2015_109056,6m 41s,401,6.683333333333334,1.4 GB,1.4
HyAsp,KP_NORM_URN_2015_109358,6m 31s,391,6.516666666666667,1.2 GB,1.2
HyAsp,KP_NORM_URN_56668,6m 45s,405,6.75,1.4 GB,1.4
HyAsp,KP_NORM_URN_2015_109238,6m 50s,410,6.833333333333333,1.4 GB,1.4
HyAsp,KP_NORM_URN_56534,6m 40s,400,6.666666666666667,1.2 GB,1.2
HyAsp,NK_H18_072,6m 44s,404,6.733333333333333,970 MB,0.97
HyAsp,KP_NORM_URN_56847,7m 7s,427,7.116666666666666,1.4 GB,1.4
SPAdes,NK_H14_042,11m 42s,702,11.7,4.6 GB,4.6
HyAsp,KP_NORM_URN_57023,7m 31s,451,7.516666666666667,1.4 GB,1.4
HyAsp,KP_NORM_URN_57002,7m 28s,448,7.466666666666667,1.1 GB,1.1
HyAsp,KP_NORM_URN_57042,7m 18s,438,7.3,1.2 GB,1.2
HyAsp,KP_NORM_URN_57225,7m 35s,455,7.583333333333333,1.4 GB,1.4
HyAsp,KP_NORM_URN_57447,7m 13s,433,7.216666666666667,954 MB,0.954
HyAsp,KP_NORM_URN_57455,7m 2s,422,7.033333333333333,1.2 GB,1.2
HyAsp,KP_NORM_URN_57409,7m 8s,428,7.133333333333334,1.2 GB,1.2
HyAsp,KP_NORM_URN_57695,7m,420,7,1.4 GB,1.4
PlasmidSPAdes,NK_H14_010,1h 49m 32s,6572,109.53333333333332,9.4 GB,9.4
HyAsp,KP_NORM_URN_58012,7m 25s,445,7.416666666666667,1.2 GB,1.2
HyAsp,KP_NORM_URN_57979,7m 21s,441,7.35,1.1 GB,1.1
HyAsp,KP_NORM_URN_58233,7m 29s,449,7.483333333333333,1.1 GB,1.1
HyAsp,KP_NORM_URN_58251,7m 2s,422,7.033333333333333,1021.1 MB,1.0211
PlasmidSPAdes,NK_H14_036,14m 46s,886,14.766666666666667,4.5 GB,4.5
HyAsp,KP_NORM_URN_58261,6m 38s,398,6.633333333333334,1.1 GB,1.1
HyAsp,NK_H10_003,6m 39s,399,6.65,1.4 GB,1.4
HyAsp,KP_NORM_URN_58342,7m 1s,421,7.016666666666667,1.4 GB,1.4
HyAsp,KP_NORM_URN_58394,6m 28s,388,6.466666666666667,1.4 GB,1.4
HyAsp,NK_H11_006,7m 8s,428,7.133333333333334,1.4 GB,1.4
HyAsp,NK_H11_013,6m 40s,400,6.666666666666667,1.4 GB,1.4
HyAsp,NK_H12_018,6m 20s,380,6.333333333333333,1.1 GB,1.1
HyAsp,NK_H12_023,6m 25s,385,6.416666666666667,1.4 GB,1.4
HyAsp,NK_H12_028,6m 34s,394,6.566666666666666,1.4 GB,1.4
HyAsp,NK_H12_035,6m 28s,388,6.466666666666667,1.1 GB,1.1
HyAsp,NK_H12_034,6m 23s,383,6.383333333333334,1.2 GB,1.2
SPAdes,NK_H14_050,11m 5s,665,11.083333333333334,4.6 GB,4.6
HyAsp,NK_H12_038,6m 54s,414,6.9,1.2 GB,1.2
HyAsp,NK_H12_063,6m 51s,411,6.85,1.1 GB,1.1
HyAsp,NK_H12_053,7m 17s,437,7.283333333333333,1.4 GB,1.4
HyAsp,NK_H12_086,6m 46s,406,6.766666666666667,1.4 GB,1.4
HyAsp,NK_H12_100,6m 30s,390,6.5,1.3 GB,1.3
HyAsp,NK_H12_068,6m 56s,416,6.933333333333334,1.4 GB,1.4
HyAsp,NK_H13_003,7m 4s,424,7.066666666666666,1.3 GB,1.3
PlasmidSPAdes,NK_H14_015,1h 39m 6s,5946,99.1,6.6 GB,6.6
HyAsp,NK_H14_001,7m 15s,435,7.25,1.2 GB,1.2
PlaScope (reads),NK_H14_001,1h 14m 25s,4465,74.41666666666667,5.3 GB,5.3
HyAsp,NK_H14_010,7m 25s,445,7.416666666666667,1.4 GB,1.4
HyAsp,NK_H14_015,7m 18s,438,7.3,1.1 GB,1.1
PlaScope (reads),NK_H14_036,18m 28s,1108,18.466666666666665,4.7 GB,4.7
HyAsp,NK_H14_036,6m 39s,399,6.65,1.1 GB,1.1
HyAsp,NK_H14_033,7m 27s,447,7.45,1.4 GB,1.4
PlasmidSPAdes,NK_H14_037,11m 57s,717,11.95,4.4 GB,4.4
HyAsp,NK_H14_037,7m 5s,425,7.083333333333333,1.4 GB,1.4
HyAsp,NK_H14_042,7m 3s,423,7.05,1.4 GB,1.4
HyAsp,NK_H14_050,6m 7s,367,6.116666666666666,1.3 GB,1.3
PlasmidSPAdes,NK_H14_042,13m 39s,819,13.65,4.8 GB,4.8
PlasmidSPAdes,NK_H14_050,11m 20s,680,11.333333333333334,4.9 GB,4.9
PlaScope (reads),NK_H14_037,14m 10s,850,14.166666666666666,4.8 GB,4.8
SPAdes,NK_H14_057,9m,540,9,4.9 GB,4.9
SPAdes,NK_H14_063,9m 54s,594,9.9,4.9 GB,4.9
SPAdes,NK_H15_001,7m 56s,476,7.933333333333334,4.9 GB,4.9
SPAdes,NK_H14_058,11m 15s,675,11.25,4.9 GB,4.9
PlasmidSPAdes,NK_H14_057,12m 43s,763,12.716666666666669,4.8 GB,4.8
PlasmidSPAdes,NK_H14_033,2h 9m 34s,7774,129.56666666666666,9.6 GB,9.6
PlaScope (reads),NK_H14_015,1h 58m 5s,7085,118.08333333333331,6.7 GB,6.7
PlaScope (reads),NK_H14_050,15m 34s,934,15.566666666666666,5.4 GB,5.4
PlaScope (reads),NK_H14_042,17m 6s,1026,17.1,4.8 GB,4.8
SPAdes,NK_H15_002,7m 40s,460,7.666666666666667,5 GB,5
PlaScope (reads),NK_H14_057,14m 37s,877,14.616666666666667,4.8 GB,4.8
PlaScope (reads),NK_H14_058,15m 52s,952,15.866666666666667,4.8 GB,4.8
PlasmidSPAdes,NK_H14_063,11m 32s,692,11.533333333333331,5.1 GB,5.1
PlasmidSPAdes,NK_H14_058,11m 46s,706,11.766666666666667,4.9 GB,4.9
PlaScope (reads),NK_H14_063,14m 25s,865,14.416666666666666,5.6 GB,5.6
PlasmidSPAdes,NK_H15_001,9m 30s,570,9.5,4.7 GB,4.7
PlasmidSPAdes,NK_H15_002,9m 18s,558,9.3,4.9 GB,4.9
PlaScope (reads),NK_H14_010,2h 17m 58s,8278,137.96666666666667,9.5 GB,9.5
SPAdes,NK_H15_021,9m 18s,558,9.3,5 GB,5
PlasmidSPAdes,NK_H15_014,9m 32s,572,9.533333333333331,5 GB,5
PlaScope (reads),NK_H15_001,11m 40s,700,11.666666666666666,4.7 GB,4.7
SPAdes,NK_H15_014,9m 4s,544,9.066666666666666,4.9 GB,4.9
PlaScope (reads),NK_H15_002,11m 39s,699,11.65,4.6 GB,4.6
PlasmidSPAdes,NK_H15_021,10m 50s,650,10.833333333333334,4.9 GB,4.9
PlaScope (reads),NK_H15_014,13m 10s,790,13.166666666666666,4.7 GB,4.7
PlasmidSPAdes,NK_H15_022,13m 23s,803,13.383333333333333,4.9 GB,4.9
PlasmidSPAdes,NK_H15_032,7m 15s,435,7.25,3.7 GB,3.7
PlaScope (reads),NK_H15_021,14m 33s,873,14.55,5 GB,5
SPAdes,NK_H15_022,11m 27s,687,11.45,5 GB,5
PlaScope (reads),NK_H15_022,16m 11s,971,16.183333333333334,5.7 GB,5.7
PlasmidSPAdes,NK_H15_025,13m 15s,795,13.25,4.9 GB,4.9
PlaScope (reads),NK_H15_032,8m 22s,502,8.366666666666667,3.8 GB,3.8
PlaScope (reads),NK_H15_025,17m 5s,1025,17.083333333333332,4.9 GB,4.9
PlasmidSPAdes,NK_H15_042,11m 45s,705,11.75,5 GB,5
PlaScope (reads),NK_H15_047,11m 28s,688,11.466666666666669,4.7 GB,4.7
PlasmidSPAdes,NK_H15_047,8m 45s,525,8.75,5 GB,5
SPAdes,NK_H15_025,12m 5s,725,12.083333333333334,4.9 GB,4.9
PlaScope (reads),NK_H15_042,15m 15s,915,15.25,5.2 GB,5.2
SPAdes,NK_H15_032,6m,360,6,3.5 GB,3.5
PlasmidSPAdes,NK_H15_048,10m 40s,640,10.666666666666666,5 GB,5
PlaScope (reads),NK_H14_033,2h 6m 12s,7572,126.2,9.7 GB,9.7
PlasmidSPAdes,NK_H15_060,7m 56s,476,7.933333333333334,4.9 GB,4.9
SPAdes,NK_H15_042,11m 14s,674,11.233333333333333,4.9 GB,4.9
PlasmidSPAdes,NK_H15_056,12m 47s,767,12.783333333333331,5.1 GB,5.1
PlaScope (reads),NK_H15_048,15m 2s,902,15.033333333333331,4.7 GB,4.7
PlaScope (reads),NK_H15_060,10m 58s,658,10.966666666666669,5.3 GB,5.3
PlaScope (reads),NK_H15_056,15m 43s,943,15.716666666666669,4.8 GB,4.8
SPAdes,NK_H15_048,12m 8s,728,12.133333333333333,4.9 GB,4.9
SPAdes,NK_H15_056,12m 33s,753,12.55,4.5 GB,4.5
SPAdes,NK_H15_060,8m 8s,488,8.133333333333333,4.5 GB,4.5
PlasmidSPAdes,NK_H16_016,11m 9s,669,11.15,4.9 GB,4.9
PlasmidSPAdes,NK_H16_005,30m 21s,1821,30.35,5.6 GB,5.6
PlasmidSPAdes,NK_H16_023,14m 15s,855,14.25,4.9 GB,4.9
SPAdes,NK_H16_005,26m 8s,1568,26.133333333333333,4.8 GB,4.8
PlasmidSPAdes,NK_H16_012,33m 39s,2019,33.65,5.5 GB,5.5
PlasmidSPAdes,NK_H16_021,23m 55s,1435,23.916666666666668,5.2 GB,5.2
PlaScope (reads),NK_H16_016,13m 48s,828,13.8,4.7 GB,4.7
PlaScope (reads),NK_H16_005,39m 45s,2385,39.75,5.6 GB,5.6
SPAdes,NK_H16_012,24m 43s,1483,24.716666666666665,5 GB,5
SPAdes,NK_H16_016,11m 18s,678,11.3,5.1 GB,5.1
PlaScope (reads),NK_H16_012,40m 12s,2412,40.2,5.6 GB,5.6
PlasmidSPAdes,NK_H17_002,12m 44s,764,12.733333333333333,4.9 GB,4.9
SPAdes,NK_H16_023,12m 46s,766,12.766666666666667,4.9 GB,4.9
SPAdes,NK_H17_002,15m 5s,905,15.083333333333334,5 GB,5
PlasmidSPAdes,NK_H17_017,10m 58s,658,10.966666666666669,5 GB,5
PlasmidSPAdes,NK_H17_018,12m 18s,738,12.3,5.1 GB,5.1
SPAdes,NK_H16_021,20m 27s,1227,20.45,5 GB,5
PlaScope (reads),NK_H16_023,17m 35s,1055,17.583333333333332,5 GB,5
SPAdes,NK_H17_017,10m 59s,659,10.983333333333333,4.8 GB,4.8
PlaScope (reads),NK_H16_021,27m 6s,1626,27.1,5.2 GB,5.2
PlaScope (reads),NK_H17_017,13m 36s,816,13.6,5 GB,5
PlasmidSPAdes,NK_H17_023,12m 41s,761,12.683333333333334,5 GB,5
PlaScope (reads),NK_H17_002,17m 42s,1062,17.7,5.3 GB,5.3
PlasmidSPAdes,NK_H18_003,15m 16s,916,15.266666666666667,4.9 GB,4.9
PlasmidSPAdes,NK_H17_034,23m 46s,1426,23.766666666666666,6.9 GB,6.9
PlasmidSPAdes,NK_H17_042,22m 30s,1350,22.5,7 GB,7
SPAdes,NK_H17_023,13m 3s,783,13.05,5 GB,5
PlaScope (reads),NK_H17_018,16m 49s,1009,16.816666666666666,5.3 GB,5.3
PlaScope (reads),NK_H17_023,17m 35s,1055,17.583333333333332,5.5 GB,5.5
PlasmidSPAdes,NK_H18_026,5m 48s,348,5.8,4 GB,4
PlasmidSPAdes,NK_H18_019,8m 47s,527,8.783333333333333,4.8 GB,4.8
PlasmidSPAdes,NK_H18_005,21m 43s,1303,21.716666666666665,5.1 GB,5.1
SPAdes,NK_H17_034,20m 31s,1231,20.516666666666666,4.9 GB,4.9
PlasmidSPAdes,NK_H18_038,7m 42s,462,7.7,4.5 GB,4.5
PlasmidSPAdes,NK_H18_050,7m 50s,470,7.833333333333333,4.5 GB,4.5
SPAdes,NK_H18_003,16m 22s,982,16.366666666666667,5 GB,5
SPAdes,NK_H17_042,19m 20s,1160,19.33333333333333,4.5 GB,4.5
PlasmidSPAdes,NK_H18_054,9m 22s,562,9.366666666666667,5 GB,5
PlaScope (reads),NK_H18_003,20m 47s,1247,20.78333333333333,4.9 GB,4.9
PlaScope (reads),NK_H18_026,7m 38s,458,7.633333333333334,4.1 GB,4.1
PlaScope (reads),NK_H17_034,30m 59s,1859,30.98333333333333,7 GB,7
PlaScope (reads),NK_H18_019,10m 51s,651,10.85,4.5 GB,4.5
PlaScope (reads),NK_H17_042,29m 35s,1775,29.58333333333333,7 GB,7
SPAdes,NK_H18_019,8m 36s,516,8.6,4.8 GB,4.8
SPAdes,NK_H18_026,5m 44s,344,5.733333333333333,4.9 GB,4.9
SPAdes,NK_H18_005,20m 54s,1254,20.9,5 GB,5
PlaScope (reads),NK_H18_005,28m,1680,28,5.2 GB,5.2
PlaScope (reads),NK_H18_038,10m 10s,610,10.166666666666666,5 GB,5
PlaScope (reads),NK_H18_050,10m 29s,629,10.483333333333333,4.5 GB,4.5
PlasmidSPAdes,NK_H18_072,14m 28s,868,14.466666666666669,5 GB,5
SPAdes,NK_H18_050,7m 12s,432,7.2,4.7 GB,4.7
SPAdes,NK_H18_038,7m 57s,477,7.95,4.7 GB,4.7
PlaScope (reads),NK_H18_054,13m 17s,797,13.283333333333331,5.2 GB,5.2
PlasmidSPAdes,NK_H18_073,9m,540,9,3.5 GB,3.5
SPAdes,NK_H18_054,9m 32s,572,9.533333333333331,4.7 GB,4.7
SPAdes,NK_H26_006,14m 30s,870,14.5,5 GB,5
PlaScope (reads),NK_H18_073,11m 8s,668,11.133333333333333,3.2 GB,3.2
SPAdes,NK_H18_074,11m 42s,702,11.7,4.7 GB,4.7
SPAdes,NK_H18_073,7m 18s,438,7.3,3.1 GB,3.1
PlaScope (reads),NK_H18_072,21m 45s,1305,21.75,5.1 GB,5.1
PlasmidSPAdes,NK_H18_074,12m 55s,775,12.916666666666666,4.3 GB,4.3
PlasmidSPAdes,NK_H1_001,12m,720,12,4.5 GB,4.5
PlaScope (reads),NK_H18_074,16m 13s,973,16.216666666666665,4.6 GB,4.6
SPAdes,NK_H1_001,11m 15s,675,11.25,4.6 GB,4.6
SPAdes,NK_H1_002,9m 2s,542,9.033333333333331,4.6 GB,4.6
SPAdes,NK_H1_012,8m 37s,517,8.616666666666667,4.1 GB,4.1
SPAdes,NK_H1_011,13m 21s,801,13.35,4.7 GB,4.7
SPAdes,NK_H1_037,10m 20s,620,10.333333333333334,3.6 GB,3.6
SPAdes,NK_H19_015,40m 26s,2426,40.43333333333333,6.2 GB,6.2
SPAdes,NK_H19_011,44m 24s,2664,44.4,6.9 GB,6.9
PlasmidSPAdes,NK_H1_002,8m 43s,523,8.716666666666667,4.5 GB,4.5
PlaScope (reads),NK_H1_001,13m 39s,819,13.65,4.6 GB,4.6
PlaScope (reads),NK_H1_002,11m 44s,704,11.733333333333333,4.8 GB,4.8
SPAdes,NK_H3_015,16m 21s,981,16.35,4.6 GB,4.6
PlasmidSPAdes,NK_H1_012,7m 12s,432,7.2,4.1 GB,4.1
PlaScope (reads),NK_H1_012,10m 9s,609,10.15,4.3 GB,4.3
PlasmidSPAdes,NK_H1_011,13m 48s,828,13.8,4.6 GB,4.6
PlaScope (reads),NK_H1_011,16m 44s,1004,16.733333333333334,4.7 GB,4.7
PlasmidSPAdes,NK_H3_007,9m 57s,597,9.95,4.6 GB,4.6
PlasmidSPAdes,NK_H3_009,12m 33s,753,12.55,4.4 GB,4.4
PlasmidSPAdes,NK_H1_037,10m 53s,653,10.883333333333333,3.2 GB,3.2
PlaScope (reads),NK_H1_037,13m 31s,811,13.516666666666667,3.4 GB,3.4
SPAdes,NK_H1_040,22m 24s,1344,22.4,4.5 GB,4.5
PlaScope (reads),NK_H1_040,28m 30s,1710,28.5,5 GB,5
PlasmidSPAdes,NK_H1_040,23m 17s,1397,23.28333333333333,5.1 GB,5.1
SPAdes,NK_H1_041,21m 58s,1318,21.966666666666665,4.6 GB,4.6
SPAdes,NK_H1_044,14m 50s,890,14.833333333333334,4.5 GB,4.5
SPAdes,NK_H1_050,14m 39s,879,14.65,4.5 GB,4.5
PlaScope (reads),NK_H1_041,30m 4s,1804,30.066666666666663,5.4 GB,5.4
PlaScope (reads),NK_H1_044,19m 41s,1181,19.683333333333334,5.4 GB,5.4
PlaScope (reads),NK_H1_050,18m 58s,1138,18.966666666666665,5.4 GB,5.4
PlasmidSPAdes,NK_H1_044,13m 16s,796,13.266666666666667,5.1 GB,5.1
PlasmidSPAdes,NK_H1_050,14m 31s,871,14.516666666666667,5 GB,5
PlasmidSPAdes,NK_H1_041,20m 13s,1213,20.216666666666665,5.3 GB,5.3
SPAdes,NK_H1_059,14m 1s,841,14.016666666666667,5.1 GB,5.1
PlasmidSPAdes,NK_H19_015,1h 57m 3s,7023,117.05,9.7 GB,9.7
PlasmidSPAdes,NK_H1_059,13m,780,13,4.9 GB,4.9
PlasmidSPAdes,NK_H19_011,2h 4m 20s,7460,124.33333333333331,10.4 GB,10.4
PlaScope (reads),NK_H1_059,16m 20s,980,16.333333333333332,5.2 GB,5.2
PlasmidSPAdes,NK_H1_084,10m 40s,640,10.666666666666666,4.8 GB,4.8
PlaScope (reads),NK_H1_084,14m 13s,853,14.216666666666669,5.5 GB,5.5
PlasmidSPAdes,NK_H1_074,18m 58s,1138,18.966666666666665,5.5 GB,5.5
SPAdes,NK_H1_084,9m 48s,588,9.8,5.1 GB,5.1
PlaScope (reads),NK_H1_074,25m 52s,1552,25.866666666666667,5.5 GB,5.5
SPAdes,NK_H1_074,19m 4s,1144,19.066666666666663,5.1 GB,5.1
PlasmidSPAdes,NK_H1_098,17m 24s,1044,17.4,5.1 GB,5.1
PlaScope (reads),NK_H19_015,2h 11m 9s,7869,131.15,9.7 GB,9.7
PlasmidSPAdes,NK_H1_091,23m 29s,1409,23.48333333333333,5.2 GB,5.2
PlasmidSPAdes,NK_H1_109,11m 35s,695,11.583333333333334,5.1 GB,5.1
SPAdes,NK_H1_098,16m 52s,1012,16.866666666666667,4.9 GB,4.9
PlasmidSPAdes,NK_H1_111,12m 59s,779,12.983333333333333,5.1 GB,5.1
SPAdes,NK_H1_109,11m 1s,661,11.016666666666667,5 GB,5
SPAdes,NK_H1_111,11m 13s,673,11.216666666666669,5.1 GB,5.1
SPAdes,NK_H1_091,22m 26s,1346,22.433333333333334,5.1 GB,5.1
PlasmidSPAdes,NK_H20_015,11m 26s,686,11.433333333333334,4.8 GB,4.8
PlaScope (reads),NK_H1_098,22m 34s,1354,22.566666666666663,5.1 GB,5.1
SPAdes,NK_H20_015,13m 36s,816,13.6,4.9 GB,4.9
PlaScope (reads),NK_H1_091,33m 55s,2035,33.916666666666664,5.1 GB,5.1
SPAdes,NK_H21_005,13m 41s,821,13.683333333333334,4.8 GB,4.8
PlaScope (reads),NK_H1_109,17m 14s,1034,17.233333333333334,4.9 GB,4.9
SPAdes,NK_H21_010,13m 41s,821,13.683333333333334,4.8 GB,4.8
SPAdes,NK_H20_010,35m 1s,2101,35.016666666666666,6 GB,6
PlaScope (reads),NK_H1_111,17m 53s,1073,17.883333333333333,4.8 GB,4.8
SPAdes,NK_H20_007,42m 33s,2553,42.55,7.1 GB,7.1
PlasmidSPAdes,NK_H21_005,14m 20s,860,14.333333333333334,4.6 GB,4.6
PlasmidSPAdes,NK_H21_010,14m 46s,886,14.766666666666667,4.6 GB,4.6
PlaScope (reads),NK_H8_002,6m 47s,407,6.783333333333333,2.4 GB,2.4
SPAdes,NK_H21_011,11m 55s,715,11.916666666666666,4.5 GB,4.5
PlasmidSPAdes,NK_H21_011,11m 44s,704,11.733333333333333,4.7 GB,4.7
SPAdes,NK_H21_014,12m 23s,743,12.383333333333333,4.7 GB,4.7
PlasmidSPAdes,NK_H21_014,11m 46s,706,11.766666666666667,4.6 GB,4.6
PlaScope (reads),NK_H20_015,17m 4s,1024,17.066666666666666,4.6 GB,4.6
SPAdes,NK_H21_015,13m 45s,825,13.75,4.4 GB,4.4
PlasmidSPAdes,NK_H21_015,12m 38s,758,12.633333333333333,4.5 GB,4.5
SPAdes,NK_H21_029,11m 58s,718,11.966666666666669,4.9 GB,4.9
SPAdes,NK_H21_023,15m 16s,916,15.266666666666667,4.5 GB,4.5
PlasmidSPAdes,NK_H21_023,15m 55s,955,15.916666666666666,5 GB,5
SPAdes,NK_H21_036,11m 24s,684,11.4,4.7 GB,4.7
SPAdes,NK_H21_049,9m 14s,554,9.233333333333333,5.1 GB,5.1
PlasmidSPAdes,NK_H21_029,10m 55s,655,10.916666666666666,5.1 GB,5.1
SPAdes,NK_H21_037,15m 45s,945,15.75,4.8 GB,4.8
PlasmidSPAdes,NK_H20_010,1h 40m 29s,6029,100.48333333333332,9.8 GB,9.8
PlaScope (reads),NK_H21_005,16m 20s,980,16.333333333333332,5.4 GB,5.4
PlasmidSPAdes,NK_H21_037,16m 36s,996,16.6,5.1 GB,5.1
SPAdes,NK_H21_050,12m 9s,729,12.15,4.9 GB,4.9
SPAdes,NK_H21_056A,8m 36s,516,8.6,5 GB,5
PlasmidSPAdes,NK_H20_007,1h 56m 57s,7017,116.95,10.7 GB,10.7
PlaScope (reads),NK_H21_010,15m 27s,927,15.45,5.3 GB,5.3
PlaScope (reads),NK_H21_011,14m 39s,879,14.65,5.8 GB,5.8
PlaScope (reads),NK_H21_014,15m 12s,912,15.2,5.7 GB,5.7
SPAdes,NK_H21_067,13m 55s,835,13.916666666666666,5.1 GB,5.1
SPAdes,NK_H8_111,35m 36s,2136,35.6,6.4 GB,6.4
PlaScope (reads),NK_H21_015,18m 43s,1123,18.716666666666665,4.9 GB,4.9
PlasmidSPAdes,NK_H21_049,13m 33s,813,13.55,4.4 GB,4.4
SPAdes,NK_H21_076,7m 53s,473,7.883333333333334,4.3 GB,4.3
PlaScope (reads),NK_H21_029,19m 24s,1164,19.4,5 GB,5
PlasmidSPAdes,NK_H21_050,21m,1260,21,5.1 GB,5.1
PlaScope (reads),NK_H21_049,16m 56s,1016,16.933333333333334,5.5 GB,5.5
PlaScope (reads),NK_H8_077,21m 13s,1273,21.216666666666665,5.1 GB,5.1
PlaScope (reads),NK_H21_023,31m 31s,1891,31.516666666666666,5.5 GB,5.5
PlaScope (reads),NK_H21_036,18m 19s,1099,18.316666666666663,5.3 GB,5.3
PlaScope (reads),NK_H21_056A,13m 31s,811,13.516666666666667,4.3 GB,4.3
PlasmidSPAdes,NK_H21_067,15m 5s,905,15.083333333333334,5 GB,5
PlaScope (reads),NK_H21_050,24m 52s,1492,24.866666666666667,5.8 GB,5.8
PlaScope (reads),NK_H21_037,26m 44s,1604,26.73333333333333,5.5 GB,5.5
PlaScope (reads),NK_H20_010,2h 23m 54s,8634,143.9,9.8 GB,9.8
PlasmidSPAdes,NK_H21_056A,9m 16s,556,9.266666666666667,4.9 GB,4.9
PlasmidSPAdes,NK_H21_076,7m 58s,478,7.966666666666667,4 GB,4
SPAdes,NK_H22_009,31m 12s,1872,31.2,5 GB,5
SPAdes,NK_H21_080,20m 2s,1202,20.03333333333333,4.9 GB,4.9
PlaScope (reads),NK_H20_007,2h 28m 23s,8903,148.38333333333333,10.8 GB,10.8
SPAdes,NK_H21_078,13m 21s,801,13.35,4.9 GB,4.9
PlaScope (reads),NK_H21_067,27m 56s,1676,27.933333333333334,5.2 GB,5.2
PlasmidSPAdes,NK_H21_078,11m 32s,692,11.533333333333331,4.4 GB,4.4
PlaScope (reads),NK_H21_076,13m 58s,838,13.966666666666669,4.4 GB,4.4
SPAdes,NK_H22_015,17m 37s,1057,17.616666666666667,4.6 GB,4.6
SPAdes,NK_H22_013,19m 54s,1194,19.9,4.8 GB,4.8
PlaScope (reads),NK_H21_078,22m 28s,1348,22.466666666666665,5.6 GB,5.6
SPAdes,NK_H22_018,28m 42s,1722,28.7,4.8 GB,4.8
PlasmidSPAdes,NK_H21_080,21m 30s,1290,21.5,4.8 GB,4.8
SPAdes,NK_H22_027,41m 7s,2467,41.11666666666667,4.9 GB,4.9
PlaScope (reads),NK_H22_013,25m 19s,1519,25.316666666666663,5.3 GB,5.3
SPAdes,NK_H22_045,19m 52s,1192,19.866666666666667,5.1 GB,5.1
PlaScope (reads),NK_H21_080,33m 17s,1997,33.28333333333333,5.4 GB,5.4
PlaScope (reads),NK_H22_015,23m 39s,1419,23.65,5 GB,5
PlaScope (reads),NK_H22_009,38m 32s,2312,38.53333333333333,5.7 GB,5.7
PlasmidSPAdes,NK_H22_015,21m 33s,1293,21.55,5.1 GB,5.1
PlasmidSPAdes,NK_H22_013,31m,1860,31,4.9 GB,4.9
PlasmidSPAdes,NK_H22_009,46m 6s,2766,46.1,5.7 GB,5.7
SPAdes,NK_H22_053,15m 19s,919,15.316666666666666,4.5 GB,4.5
PlasmidSPAdes,NK_H22_018,31m 57s,1917,31.95,5.7 GB,5.7
SPAdes,NK_H22_060,12m 6s,726,12.1,4.5 GB,4.5
PlaScope (reads),T7-012,45m 12s,2712,45.2,5.7 GB,5.7
PlaScope (reads),NK_H22_018,46m 7s,2767,46.11666666666667,5.8 GB,5.8
PlasmidSPAdes,NK_H22_027,39m 30s,2370,39.5,6.4 GB,6.4
PlasmidSPAdes,NK_H22_045,14m 20s,860,14.333333333333334,4.9 GB,4.9
PlaScope (reads),NK_H22_045,25m 21s,1521,25.35,4.8 GB,4.8
PlaScope (reads),NK_H22_053,20m 10s,1210,20.166666666666668,4.7 GB,4.7
PlasmidSPAdes,NK_H22_053,17m 38s,1058,17.633333333333333,4.5 GB,4.5
SPAdes,NK_H22_070,14m 22s,862,14.366666666666667,4.6 GB,4.6
PlasmidSPAdes,NK_H22_060,13m 5s,785,13.083333333333334,4.4 GB,4.4
PlaScope (reads),NK_H22_060,22m 12s,1332,22.2,4.9 GB,4.9
PlasmidSPAdes,NK_H22_070,15m 16s,916,15.266666666666667,4.5 GB,4.5
PlasmidSPAdes,NK_H22_075,17m 53s,1073,17.883333333333333,4.6 GB,4.6
PlaScope (reads),NK_H22_075,24m 16s,1456,24.266666666666666,5.7 GB,5.7
PlaScope (reads),NK_H22_070,20m 54s,1254,20.9,5.9 GB,5.9
PlaScope (reads),NK_H22_076,22m 48s,1368,22.8,5.7 GB,5.7
SPAdes,NK_H22_075,14m 42s,882,14.7,5.1 GB,5.1
PlaScope (reads),NK_H23_002,23m 39s,1419,23.65,5.9 GB,5.9
PlaScope (reads),NK_H22_027,57m 57s,3477,57.95,6.6 GB,6.6
PlasmidSPAdes,NK_H22_076,18m 34s,1114,18.566666666666663,5.1 GB,5.1
PlasmidSPAdes,NK_H23_002,16m 9s,969,16.15,5.1 GB,5.1
SPAdes,NK_H22_076,13m 33s,813,13.55,5.1 GB,5.1
SPAdes,NK_H23_002,14m 30s,870,14.5,5 GB,5
PlasmidSPAdes,NK_H23_006,12m 56s,776,12.933333333333334,4.9 GB,4.9
PlasmidSPAdes,NK_H9_006,2h 39m 17s,9557,159.28333333333333,11.3 GB,11.3
PlasmidSPAdes,NK_H23_005,17m 1s,1021,17.016666666666666,5.1 GB,5.1
PlaScope (reads),NK_H23_006,17m 31s,1051,17.516666666666666,5.5 GB,5.5
PlaScope (reads),NK_H23_005,25m 39s,1539,25.65,5.5 GB,5.5
PlasmidSPAdes,NK_H23_007,15m 11s,911,15.183333333333334,5.1 GB,5.1
SPAdes,NK_H23_005,13m 3s,783,13.05,5.1 GB,5.1
PlaScope (reads),NK_H23_007,18m 52s,1132,18.866666666666667,5.5 GB,5.5
SPAdes,NK_H23_006,12m 11s,731,12.183333333333334,5.1 GB,5.1
PlasmidSPAdes,NK_H23_014,10m 20s,620,10.333333333333334,4.9 GB,4.9
SPAdes,NK_H23_007,12m 48s,768,12.8,5 GB,5
PlaScope (reads),NK_H23_014,18m 37s,1117,18.616666666666667,4.9 GB,4.9
SPAdes,NK_H23_014,12m 33s,753,12.55,4.7 GB,4.7
PlasmidSPAdes,NK_H23_019,17m 50s,1070,17.833333333333332,4.9 GB,4.9
PlasmidSPAdes,NK_H23_027,22m 13s,1333,22.216666666666665,4.9 GB,4.9
SPAdes,NK_H23_019,16m 31s,991,16.516666666666666,4.8 GB,4.8
PlaScope (reads),NK_H23_019,22m 1s,1321,22.016666666666666,4.7 GB,4.7
SPAdes,NK_H23_015,32m 49s,1969,32.81666666666667,5.9 GB,5.9
SPAdes,NK_H23_027,18m 48s,1128,18.8,4.5 GB,4.5
SPAdes,NK_H23_041,16m 48s,1008,16.8,4.7 GB,4.7
PlasmidSPAdes,NK_H23_041,26m 6s,1566,26.1,4.6 GB,4.6
PlaScope (reads),NK_H23_027,31m,1860,31,4.9 GB,4.9
SPAdes,NK_H23_045,23m 44s,1424,23.73333333333333,4.8 GB,4.8
PlasmidSPAdes,NK_H23_045,23m 54s,1434,23.9,5.1 GB,5.1
PlasmidSPAdes,NK_H23_049,24m 4s,1444,24.066666666666663,5 GB,5
PlaScope (reads),NK_H23_049,22m 58s,1378,22.966666666666665,5 GB,5
PlaScope (reads),NK_H23_041,23m 26s,1406,23.433333333333334,5.1 GB,5.1
SPAdes,NK_H23_049,15m 49s,949,15.816666666666666,5 GB,5
PlasmidSPAdes,NK_H24_010,14m 9s,849,14.15,4.9 GB,4.9
PlasmidSPAdes,NK_H24_006,18m 32s,1112,18.53333333333333,4.9 GB,4.9
PlaScope (reads),NK_H23_045,26m 52s,1612,26.866666666666667,5 GB,5
PlasmidSPAdes,NK_H23_015,1h 33m 42s,5622,93.7,6.6 GB,6.6
PlaScope (reads),NK_H24_006,25m 10s,1510,25.166666666666668,5.1 GB,5.1
SPAdes,NK_H24_006,22m 39s,1359,22.65,4.9 GB,4.9
PlaScope (reads),NK_H24_010,25m 6s,1506,25.1,5.4 GB,5.4
SPAdes,NK_H24_010,21m 10s,1270,21.166666666666668,5.1 GB,5.1
PlaScope (reads),NK_H23_015,2h 20m 38s,8438,140.63333333333333,6.7 GB,6.7
PlaScope (reads),T7-146,41m 52s,2512,41.86666666666667,5.5 GB,5.5
SPAdes,NK_H24_016,42m 13s,2533,42.21666666666667,5.5 GB,5.5
PlasmidSPAdes,NK_H24_016,1h 32m 29s,5549,92.48333333333332,6.5 GB,6.5
PlasmidSPAdes,NK_H25_002,15m 33s,933,15.55,4.9 GB,4.9
SPAdes,NK_H24_028,52m 5s,3125,52.083333333333336,6.5 GB,6.5
PlasmidSPAdes,NK_H24_028,2h 12m 6s,7926,132.1,9.8 GB,9.8
SPAdes,NK_H24_044,1h 12m 52s,4372,72.86666666666666,9 GB,9
PlasmidSPAdes,NK_H26_006,28m 15s,1695,28.25,4.8 GB,4.8
PlaScope (reads),NK_H24_016,2h 39m 38s,9578,159.63333333333333,6.6 GB,6.6
PlasmidSPAdes,NK_H24_044,3h 42m 37s,13357,222.61666666666667,12.2 GB,12.2
PlaScope (reads),NK_H24_028,2h 53m 24s,10404,173.4,9.9 GB,9.9
SPAdes,NK_H24_054,50m 8s,3008,50.13333333333333,7.2 GB,7.2
PlaScope (reads),NK_H25_002,14m 2s,842,14.033333333333331,5.3 GB,5.3
PlasmidSPAdes,NK_H24_054,3h 46m 28s,13588,226.46666666666667,10.6 GB,10.6
SPAdes,NK_H25_002,11m 44s,704,11.733333333333333,4.9 GB,4.9
PlasmidSPAdes,NK_H29_003,32m 11s,1931,32.18333333333333,5.5 GB,5.5
PlaScope (reads),NK_H26_006,27m 11s,1631,27.183333333333334,5.2 GB,5.2
PlasmidSPAdes,NK_H28_005,2h 31m 8s,9068,151.13333333333333,9.2 GB,9.2
PlasmidSPAdes,NK_H25_013,3h 23m 16s,12196,203.26666666666668,11.5 GB,11.5
PlaScope (reads),NK_H29_003,33m 45s,2025,33.75,5.6 GB,5.6
SPAdes,NK_H29_003,25m 3s,1503,25.05,5 GB,5
PlaScope (reads),NK_H2_007,27m 30s,1650,27.5,5 GB,5
SPAdes,NK_H25_013,1h 12m 53s,4373,72.88333333333334,8.3 GB,8.3
SPAdes,NK_H28_005,44m 55s,2695,44.91666666666666,6.5 GB,6.5
PlaScope (reads),NK_H24_054,3h 43m 12s,13392,223.2,10.7 GB,10.7
PlasmidSPAdes,NK_H2_007,18m 42s,1122,18.7,5 GB,5
SPAdes,NK_H2_007,22m 2s,1322,22.03333333333333,5.1 GB,5.1
PlaScope (reads),NK_H24_044,4h 36m 33s,16593,276.55,12.4 GB,12.4
SPAdes,NK_H2_019,25m 38s,1538,25.633333333333333,5.1 GB,5.1
SPAdes,NK_H2_021,22m 49s,1369,22.816666666666663,4.9 GB,4.9
SPAdes,NK_H3_001,11m 14s,674,11.233333333333333,4.9 GB,4.9
PlaScope (reads),NK_H2_019,35m 33s,2133,35.55,5.1 GB,5.1
PlasmidSPAdes,NK_H2_019,32m 44s,1964,32.733333333333334,5.1 GB,5.1
PlasmidSPAdes,NK_H3_001,11m 28s,688,11.466666666666669,4.9 GB,4.9
SPAdes,NK_H3_002,11m 16s,676,11.266666666666667,5 GB,5
SPAdes,NK_H2_020,33m 37s,2017,33.61666666666667,5.1 GB,5.1
PlaScope (reads),NK_H28_005,2h 35m 15s,9315,155.25,9.4 GB,9.4
PlasmidSPAdes,NK_H2_021,27m 45s,1665,27.75,5.1 GB,5.1
SPAdes,NK_H3_007,11m 48s,708,11.8,5.1 GB,5.1
SPAdes,NK_H3_009,12m 9s,729,12.15,5.1 GB,5.1
PlaScope (reads),NK_H2_020,43m 32s,2612,43.53333333333333,5.4 GB,5.4
PlasmidSPAdes,NK_H2_020,36m 12s,2172,36.2,5.4 GB,5.4
SPAdes,NK_H3_019,16m 31s,991,16.516666666666666,5.2 GB,5.2
SPAdes,NK_H3_025,12m 22s,742,12.366666666666667,5.2 GB,5.2
PlaScope (reads),NK_H3_001,16m 53s,1013,16.883333333333333,5.3 GB,5.3
PlaScope (reads),NK_H3_002,18m 16s,1096,18.266666666666666,6 GB,6
PlaScope (reads),NK_H2_021,29m 44s,1784,29.73333333333333,6 GB,6
PlasmidSPAdes,NK_H3_002,15m 12s,912,15.2,5.1 GB,5.1
PlaScope (reads),NK_H3_007,14m 57s,897,14.95,6 GB,6
PlasmidSPAdes,NK_H3_019,14m 53s,893,14.883333333333333,5.2 GB,5.2
PlasmidSPAdes,NK_H3_015,15m 25s,925,15.416666666666666,5.1 GB,5.1
PlaScope (reads),NK_H3_009,20m 3s,1203,20.05,5.7 GB,5.7
PlasmidSPAdes,NK_H3_025,9m 26s,566,9.433333333333334,5.1 GB,5.1
SPAdes,NK_H4_002,12m 3s,723,12.05,5.1 GB,5.1
PlaScope (reads),NK_H3_015,18m 48s,1128,18.8,5.7 GB,5.7
PlaScope (reads),NK_H3_019,17m 36s,1056,17.6,5.6 GB,5.6
PlasmidSPAdes,NK_H4_002,12m 9s,729,12.15,5.1 GB,5.1
PlaScope (reads),NK_H25_013,3h 41m 15s,13275,221.25,11.5 GB,11.5
SPAdes,NK_H4_006,15m 6s,906,15.1,5.1 GB,5.1
PlaScope (reads),NK_H3_025,12m 6s,726,12.1,5.6 GB,5.6
SPAdes,NK_H4_026,8m 31s,511,8.516666666666667,5.1 GB,5.1
SPAdes,NK_H5_010,12m 34s,754,12.566666666666666,5 GB,5
SPAdes,NK_H5_014,11m 47s,707,11.783333333333331,4.6 GB,4.6
PlasmidSPAdes,NK_H4_026,16m 16s,976,16.266666666666666,5.1 GB,5.1
PlasmidSPAdes,NK_H5_014,10m 42s,642,10.7,5.1 GB,5.1
PlasmidSPAdes,NK_H5_010,17m 16s,1036,17.266666666666666,5.1 GB,5.1
PlaScope (reads),NK_H4_026,16m 9s,969,16.15,5.6 GB,5.6
PlaScope (reads),NK_H4_002,22m 22s,1342,22.366666666666667,5.8 GB,5.8
PlasmidSPAdes,NK_H4_006,24m 56s,1496,24.933333333333334,5.3 GB,5.3
PlaScope (reads),NK_H4_006,27m 32s,1652,27.53333333333333,5.7 GB,5.7
SPAdes,NK_H5_016,11m 59s,719,11.983333333333333,5.1 GB,5.1
PlasmidSPAdes,NK_H5_016,14m 1s,841,14.016666666666667,5.1 GB,5.1
PlaScope (reads),NK_H5_014,14m 29s,869,14.483333333333333,5.7 GB,5.7
PlasmidSPAdes,NK_H5_031,15m 28s,928,15.466666666666669,5.1 GB,5.1
SPAdes,NK_H5_031,14m 36s,876,14.6,5 GB,5
PlaScope (reads),NK_H5_010,21m 37s,1297,21.616666666666667,5.8 GB,5.8
PlasmidSPAdes,NK_H7_005,15m 12s,912,15.2,4.9 GB,4.9
PlasmidSPAdes,NK_H8_002,7m 45s,465,7.75,3.4 GB,3.4
SPAdes,NK_H8_002,4m 55s,295,4.916666666666667,3.4 GB,3.4
PlasmidSPAdes,NK_H8_008,13m 43s,823,13.716666666666669,5 GB,5
SPAdes,NK_H7_005,19m 27s,1167,19.45,5 GB,5
PlaScope (reads),NK_H5_016,18m 1s,1081,18.016666666666666,5.4 GB,5.4
SPAdes,NK_H8_008,13m 10s,790,13.166666666666666,5.1 GB,5.1
SPAdes,NK_H8_022,11m 56s,716,11.933333333333334,4.5 GB,4.5
SPAdes,NK_H7_010,28m 56s,1736,28.933333333333334,4.9 GB,4.9
PlasmidSPAdes,NK_H8_011,19m 17s,1157,19.28333333333333,4.9 GB,4.9
PlaScope (reads),NK_H5_031,19m 11s,1151,19.183333333333334,5.5 GB,5.5
PlasmidSPAdes,NK_H8_022,11m 3s,663,11.05,5 GB,5
SPAdes,NK_H8_011,16m 41s,1001,16.683333333333334,4.9 GB,4.9
PlasmidSPAdes,NK_H8_044,16m 39s,999,16.65,4.9 GB,4.9
SPAdes,NK_H8_044,18m 37s,1117,18.616666666666667,5 GB,5
SPAdes,NK_H8_052,16m 6s,966,16.1,4.9 GB,4.9
SPAdes,NK_H8_045,21m 14s,1274,21.23333333333333,5.2 GB,5.2
PlasmidSPAdes,NK_H8_045,15m 49s,949,15.816666666666666,5.1 GB,5.1
PlaScope (reads),NK_H7_005,21m 17s,1277,21.28333333333333,5.2 GB,5.2
SPAdes,T7-290,29m 57s,1797,29.95,5 GB,5
PlasmidSPAdes,NK_H7_010,1h 10m 35s,4235,70.58333333333333,5.6 GB,5.6
PlasmidSPAdes,NK_H8_052,19m 53s,1193,19.883333333333333,5.1 GB,5.1
PlaScope (reads),NK_H8_008,19m 2s,1142,19.03333333333333,4.9 GB,4.9
SPAdes,NK_H8_057,16m 27s,987,16.45,5 GB,5
PlasmidSPAdes,NK_H8_057,17m 27s,1047,17.45,5.1 GB,5.1
PlaScope (reads),NK_H8_011,20m 22s,1222,20.366666666666667,5.1 GB,5.1
PlaScope (reads),NK_H8_022,12m 32s,752,12.533333333333331,4.7 GB,4.7
PlasmidSPAdes,NK_H8_070,15m 4s,904,15.066666666666666,5.1 GB,5.1
SPAdes,NK_H8_070,16m 12s,972,16.2,5 GB,5
SPAdes,NK_H8_077,13m 48s,828,13.8,4.9 GB,4.9
PlasmidSPAdes,NK_H8_083,13m 38s,818,13.633333333333333,5.1 GB,5.1
PlasmidSPAdes,NK_H8_060,20m 14s,1214,20.23333333333333,5.1 GB,5.1
SPAdes,NK_H8_060,21m 37s,1297,21.616666666666667,5.1 GB,5.1
PlasmidSPAdes,NK_H8_077,17m 25s,1045,17.416666666666668,5 GB,5
SPAdes,NK_H8_083,11m 53s,713,11.883333333333333,4.8 GB,4.8
SPAdes,NK_H8_100,19m 53s,1193,19.883333333333333,5 GB,5
PlasmidSPAdes,NK_H8_100,21m 23s,1283,21.383333333333333,4.9 GB,4.9
PlaScope (reads),NK_H8_044,26m 52s,1612,26.866666666666667,5 GB,5
SPAdes,NK_H8_114,35m 28s,2128,35.46666666666667,6.8 GB,6.8
PlaScope (reads),NK_H8_045,18m 53s,1133,18.883333333333333,5.4 GB,5.4
PlaScope (reads),NK_H7_010,1h 23m 38s,5018,83.63333333333334,5.6 GB,5.6
SPAdes,NK_H9_001,20m 8s,1208,20.133333333333333,5 GB,5
PlaScope (reads),NK_H8_057,15m 56s,956,15.933333333333334,5.6 GB,5.6
SPAdes,NK_H8_121,34m 12s,2052,34.2,6.3 GB,6.3
SPAdes,NK_H8_118,46m 51s,2811,46.85,6 GB,6
SPAdes,NK_H9_003,18m 19s,1099,18.316666666666663,4.9 GB,4.9
PlaScope (reads),NK_H8_052,19m 58s,1198,19.966666666666665,5.6 GB,5.6
PlaScope (reads),NK_H8_070,21m 51s,1311,21.85,5.4 GB,5.4
PlaScope (reads),NK_H8_060,23m 10s,1390,23.166666666666668,5 GB,5
PlaScope (reads),NK_H8_083,26m 56s,1616,26.933333333333334,5.2 GB,5.2
PlaScope (reads),NK_H8_100,53m 38s,3218,53.63333333333333,5.5 GB,5.5
PlasmidSPAdes,NK_H8_111,2h 10m 36s,7836,130.6,6.5 GB,6.5
SPAdes,NK_H9_006,1h 21m 28s,4888,81.46666666666667,7.9 GB,7.9
SPAdes,T7-007,41m 54s,2514,41.9,4.7 GB,4.7
PlasmidSPAdes,NK_H8_114,2h 24m 33s,8673,144.55,6.5 GB,6.5
PlasmidSPAdes,NK_H8_118,2h 48m 27s,10107,168.45,7.1 GB,7.1
SPAdes,T7-010,34m 42s,2082,34.7,4.9 GB,4.9
PlaScope (reads),NK_H9_001,49m 7s,2947,49.11666666666667,4.7 GB,4.7
PlasmidSPAdes,NK_H9_001,30m 55s,1855,30.916666666666668,5.1 GB,5.1
SPAdes,T7-011,29m 56s,1796,29.933333333333334,5 GB,5
PlaScope (reads),NK_H8_114,3h 13m 33s,11613,193.55,6.6 GB,6.6
PlasmidSPAdes,NK_H9_003,26m 24s,1584,26.4,5.1 GB,5.1
PlaScope (reads),NK_H8_111,3h 10m 54s,11454,190.9,6.6 GB,6.6
PlaScope (reads),NK_H9_003,34m 29s,2069,34.483333333333334,5.3 GB,5.3
SPAdes,T7-013,31m 53s,1913,31.883333333333333,5.1 GB,5.1
SPAdes,T7-012,26m 42s,1602,26.7,5.1 GB,5.1
SPAdes,T7-019,29m 34s,1774,29.566666666666663,5.1 GB,5.1
PlasmidSPAdes,NK_H8_121,2h 31m 36s,9096,151.6,6.3 GB,6.3
PlaScope (reads),NK_H8_118,3h 39m 43s,13183,219.71666666666667,7.2 GB,7.2
PlasmidSPAdes,T7-007,47m 29s,2849,47.48333333333333,5 GB,5
PlaScope (reads),NK_H8_121,3h 4m 10s,11050,184.16666666666663,6.4 GB,6.4
SPAdes,T7-020,32m 17s,1937,32.28333333333333,5.1 GB,5.1
SPAdes,T7-032,34m 1s,2041,34.016666666666666,4.9 GB,4.9
PlasmidSPAdes,T7-010,51m 4s,3064,51.06666666666667,4.9 GB,4.9
PlaScope (reads),T7-457,46m 16s,2776,46.266666666666666,5.7 GB,5.7
PlaScope (reads),T7-010,1h 4m 13s,3853,64.21666666666667,4.8 GB,4.8
PlaScope (reads),T7-007,1h 14m 43s,4483,74.71666666666667,5.2 GB,5.2
PlasmidSPAdes,T7-011,52m 4s,3124,52.06666666666667,5 GB,5
PlaScope (reads),T7-011,1h 17m 14s,4634,77.23333333333333,5.4 GB,5.4
PlasmidSPAdes,T7-012,48m 41s,2921,48.68333333333333,4.6 GB,4.6
SPAdes,T7-034,33m 3s,1983,33.05,5 GB,5
PlasmidSPAdes,T7-013,57m 1s,3421,57.016666666666666,5 GB,5
PlaScope (reads),T7-013,1h 9m 36s,4176,69.6,5.7 GB,5.7
PlasmidSPAdes,T7-019,44m 32s,2672,44.53333333333333,5.2 GB,5.2
SPAdes,T7-036,32m 38s,1958,32.63333333333333,5 GB,5
PlaScope (reads),T7-019,56m 55s,3415,56.91666666666666,5.3 GB,5.3
PlasmidSPAdes,T7-020,50m,3000,50,5 GB,5
PlasmidSPAdes,T7-034,50m 52s,3052,50.86666666666667,5.1 GB,5.1
PlasmidSPAdes,T7-032,56m 35s,3395,56.583333333333336,5.1 GB,5.1
PlaScope (reads),T7-034,1h 1m 45s,3705,61.75,5.7 GB,5.7
PlaScope (reads),T7-020,1h 4m 34s,3874,64.56666666666666,5.8 GB,5.8
SPAdes,T7-050,50m 56s,3056,50.93333333333333,5.7 GB,5.7
PlaScope (reads),T7-032,1h 7m 19s,4039,67.31666666666666,5.8 GB,5.8
PlaScope (reads),T7-036,1h 3m 31s,3811,63.516666666666666,5.8 GB,5.8
PlasmidSPAdes,T7-036,47m 58s,2878,47.96666666666667,5.1 GB,5.1
PlasmidSPAdes,T7-050,1h 1m 31s,3691,61.516666666666666,5.7 GB,5.7
PlasmidSPAdes,T7-051,1h 10m 15s,4215,70.25,5.5 GB,5.5
PlaScope (reads),T7-051,1h 18m 2s,4682,78.03333333333333,5.6 GB,5.6
SPAdes,T7-051,42m 52s,2572,42.86666666666667,5.1 GB,5.1
PlaScope (reads),NK_H9_006,4h 44m 4s,17044,284.06666666666666,11.4 GB,11.4
PlaScope (reads),T7-050,1h 37m 21s,5841,97.35,5.8 GB,5.8
PlaScope (reads),T7-078,1h 40m 50s,6050,100.83333333333331,6.1 GB,6.1
PlaScope (reads),T7-072,2h 3m 59s,7439,123.98333333333332,7.2 GB,7.2
SPAdes,T7-078,45m 59s,2759,45.98333333333333,5.6 GB,5.6
SPAdes,T7-072,57m 5s,3425,57.083333333333336,6.4 GB,6.4
HyAsp,NK_H14_057,9m 21s,561,9.35,1.4 GB,1.4
HyAsp,NK_H9_001,9m 26s,566,9.433333333333334,1.4 GB,1.4
HyAsp,NK_H25_002,11m 30s,690,11.5,1.2 GB,1.2
HyAsp,NK_H14_063,9m 12s,552,9.2,1.3 GB,1.3
HyAsp,NK_H14_058,9m 2s,542,9.033333333333331,1.4 GB,1.4
HyAsp,NK_H15_001,9m 22s,562,9.366666666666667,1.4 GB,1.4
PlasmidSPAdes,T7-078,1h 12m 14s,4334,72.23333333333333,6 GB,6
HyAsp,NK_H15_002,9m 49s,589,9.816666666666666,1.4 GB,1.4
HyAsp,NK_H15_021,10m 5s,605,10.083333333333334,1.2 GB,1.2
HyAsp,NK_H15_014,9m 51s,591,9.85,1.4 GB,1.4
PlasmidSPAdes,T7-085,56m 55s,3415,56.91666666666666,5.4 GB,5.4
HyAsp,NK_H15_022,10m 39s,639,10.65,1.3 GB,1.3
HyAsp,NK_H15_025,10m 35s,635,10.583333333333334,1.4 GB,1.4
HyAsp,NK_H15_032,9m 49s,589,9.816666666666666,1.4 GB,1.4
PlasmidSPAdes,T7-072,1h 45m 48s,6348,105.8,7.1 GB,7.1
HyAsp,NK_H15_042,10m 17s,617,10.283333333333331,1.3 GB,1.3
HyAsp,NK_H15_060,9m 10s,550,9.166666666666666,1.4 GB,1.4
HyAsp,NK_H15_048,10m 3s,603,10.05,1.4 GB,1.4
HyAsp,NK_H15_056,9m 50s,590,9.833333333333334,1.4 GB,1.4
PlaScope (reads),T7-085,1h 11m 35s,4295,71.58333333333333,5.6 GB,5.6
HyAsp,NK_H16_005,10m 38s,638,10.633333333333333,1.4 GB,1.4
HyAsp,NK_H16_012,9m 57s,597,9.95,1.4 GB,1.4
HyAsp,NK_H16_016,10m 27s,627,10.45,1.4 GB,1.4
HyAsp,NK_H16_023,10m 45s,645,10.75,1.4 GB,1.4
HyAsp,NK_H17_002,11m 2s,662,11.033333333333331,1.5 GB,1.5
HyAsp,NK_H16_021,11m 11s,671,11.183333333333334,1.4 GB,1.4
HyAsp,NK_H17_017,10m 52s,652,10.866666666666667,1.3 GB,1.3
PlasmidSPAdes,T7-089,1h 14m 27s,4467,74.45,5.8 GB,5.8
HyAsp,NK_H17_023,10m 33s,633,10.55,1.4 GB,1.4
HyAsp,NK_H17_034,9m 54s,594,9.9,1.3 GB,1.3
HyAsp,NK_H18_003,10m 24s,624,10.4,1.3 GB,1.3
HyAsp,NK_H17_042,10m 10s,610,10.166666666666666,1.4 GB,1.4
HyAsp,NK_H18_019,10m 27s,627,10.45,1.4 GB,1.4
HyAsp,NK_H18_005,9m 49s,589,9.816666666666666,1.3 GB,1.3
HyAsp,NK_H18_026,10m 27s,627,10.45,1.3 GB,1.3
HyAsp,NK_H18_050,9m 53s,593,9.883333333333333,1.3 GB,1.3
HyAsp,NK_H18_038,9m 54s,594,9.9,1.3 GB,1.3
HyAsp,NK_H18_054,9m 32s,572,9.533333333333331,1.2 GB,1.2
HyAsp,NK_H26_006,9m 15s,555,9.25,1.4 GB,1.4
SPAdes,T7-085,44m 50s,2690,44.833333333333336,4.9 GB,4.9
HyAsp,NK_H18_074,9m 24s,564,9.4,1.4 GB,1.4
HyAsp,NK_H18_073,9m 24s,564,9.4,1.4 GB,1.4
HyAsp,NK_H1_002,9m 30s,570,9.5,1.4 GB,1.4
HyAsp,NK_H1_011,8m 54s,534,8.9,1.2 GB,1.2
HyAsp,NK_H1_037,8m 47s,527,8.783333333333333,1.4 GB,1.4
HyAsp,NK_H1_001,10m 9s,609,10.15,1.4 GB,1.4
HyAsp,NK_H1_012,9m 42s,582,9.7,1.1 GB,1.1
HyAsp,NK_H19_015,9m 35s,575,9.583333333333334,1.4 GB,1.4
PlasmidSPAdes,T7-096,1h 11m 28s,4288,71.46666666666667,5.7 GB,5.7
HyAsp,NK_H19_011,9m 28s,568,9.466666666666669,1.4 GB,1.4
SPAdes,T7-089,49m 24s,2964,49.4,5.1 GB,5.1
HyAsp,NK_H3_015,9m 56s,596,9.933333333333334,1.4 GB,1.4
HyAsp,NK_H1_040,9m 32s,572,9.533333333333331,1.4 GB,1.4
HyAsp,NK_H1_041,9m 48s,588,9.8,1.2 GB,1.2
HyAsp,NK_H1_044,9m 10s,550,9.166666666666666,1.4 GB,1.4
HyAsp,NK_H1_050,9m 29s,569,9.483333333333333,1.2 GB,1.2
HyAsp,NK_H1_059,9m 16s,556,9.266666666666667,1.3 GB,1.3
PlaScope (reads),T7-089,1h 36m 15s,5775,96.25,5.8 GB,5.8
HyAsp,NK_H1_084,9m 6s,546,9.1,1.3 GB,1.3
HyAsp,NK_H1_074,8m 45s,525,8.75,1.2 GB,1.2
HyAsp,NK_H1_098,8m 53s,533,8.883333333333333,1.1 GB,1.1
HyAsp,NK_H1_109,8m 16s,496,8.266666666666667,1.1 GB,1.1
HyAsp,NK_H1_111,8m 41s,521,8.683333333333334,1.3 GB,1.3
HyAsp,NK_H1_091,9m 4s,544,9.066666666666666,1.1 GB,1.1
HyAsp,NK_H20_015,8m 52s,532,8.866666666666667,1.5 GB,1.5
HyAsp,NK_H21_005,9m 6s,546,9.1,1.2 GB,1.2
PlasmidSPAdes,T7-103,37m 16s,2236,37.266666666666666,5.1 GB,5.1
HyAsp,NK_H21_010,9m,540,9,1.4 GB,1.4
PlaScope (reads),T7-096,1h 35m 29s,5729,95.48333333333332,5.7 GB,5.7
HyAsp,NK_H20_010,9m 3s,543,9.05,1.4 GB,1.4
HyAsp,NK_H20_007,8m 40s,520,8.666666666666666,1.3 GB,1.3
HyAsp,NK_H21_011,9m 24s,564,9.4,1.1 GB,1.1
HyAsp,NK_H21_014,9m 14s,554,9.233333333333333,1.4 GB,1.4
HyAsp,NK_H21_015,9m 36s,576,9.6,1.4 GB,1.4
HyAsp,NK_H21_029,9m 22s,562,9.366666666666667,1.4 GB,1.4
HyAsp,NK_H21_049,9m 24s,564,9.4,1.4 GB,1.4
HyAsp,NK_H21_023,9m 32s,572,9.533333333333331,1.4 GB,1.4
HyAsp,NK_H21_036,9m 44s,584,9.733333333333333,1.3 GB,1.3
HyAsp,NK_H21_037,9m 23s,563,9.383333333333333,1.3 GB,1.3
HyAsp,NK_H21_056A,9m 2s,542,9.033333333333331,1.1 GB,1.1
HyAsp,NK_H21_050,9m 42s,582,9.7,1.1 GB,1.1
HyAsp,NK_H21_067,9m 18s,558,9.3,1.4 GB,1.4
HyAsp,NK_H8_111,9m 24s,564,9.4,1.3 GB,1.3
HyAsp,NK_H21_076,9m 32s,572,9.533333333333331,1.3 GB,1.3
PlasmidSPAdes,T7-097,1h 13m 35s,4415,73.58333333333333,6.5 GB,6.5
SPAdes,T7-096,41m,2460,41,5.5 GB,5.5
HyAsp,NK_H21_080,8m 39s,519,8.65,1.1 GB,1.1
HyAsp,NK_H22_009,9m 9s,549,9.15,1.1 GB,1.1
HyAsp,NK_H21_078,8m 53s,533,8.883333333333333,1.4 GB,1.4
HyAsp,NK_H22_015,8m 55s,535,8.916666666666666,1.4 GB,1.4
HyAsp,NK_H22_013,9m 1s,541,9.016666666666667,1.2 GB,1.2
HyAsp,NK_H22_018,8m 50s,530,8.833333333333334,1.4 GB,1.4
HyAsp,NK_H22_045,8m 48s,528,8.8,1.2 GB,1.2
HyAsp,NK_H22_027,9m 52s,592,9.866666666666667,1.2 GB,1.2
HyAsp,NK_H22_053,9m 45s,585,9.75,1.4 GB,1.4
PlaScope (reads),T7-103,50m 45s,3045,50.75,5.7 GB,5.7
PlaScope (assembly),KP_NORM_BLD_2009_61298,12.9s,9,0.15,5.3 MB,0.0053
HyAsp,NK_H22_060,10m 10s,610,10.166666666666666,1.4 GB,1.4
PlaScope (reads),T7-097,1h 36m 21s,5781,96.35,6.6 GB,6.6
HyAsp,NK_H22_070,9m 39s,579,9.65,1.4 GB,1.4
HyAsp,NK_H22_075,9m 18s,558,9.3,1.4 GB,1.4
HyAsp,NK_H22_076,9m 59s,599,9.983333333333333,1.4 GB,1.4
HyAsp,NK_H23_002,9m 59s,599,9.983333333333333,1.4 GB,1.4
HyAsp,NK_H23_005,9m 7s,547,9.116666666666667,1.1 GB,1.1
HyAsp,NK_H23_006,9m 27s,567,9.45,1.4 GB,1.4
HyAsp,NK_H23_007,9m 8s,548,9.133333333333333,1.2 GB,1.2
HyAsp,NK_H23_019,9m 11s,551,9.183333333333334,1.4 GB,1.4
HyAsp,NK_H23_014,9m 25s,565,9.416666666666666,1.2 GB,1.2
HyAsp,NK_H23_015,9m 31s,571,9.516666666666667,1.4 GB,1.4
HyAsp,NK_H23_027,9m 30s,570,9.5,1.3 GB,1.3
HyAsp,NK_H23_041,9m 30s,570,9.5,1.2 GB,1.2
HyAsp,NK_H23_045,9m 29s,569,9.483333333333333,1.1 GB,1.1
HyAsp,NK_H23_049,9m 9s,549,9.15,1.4 GB,1.4
HyAsp,NK_H24_006,9m 13s,553,9.216666666666669,1.4 GB,1.4
HyAsp,NK_H24_016,9m 13s,553,9.216666666666669,1.4 GB,1.4
HyAsp,NK_H24_010,9m 33s,573,9.55,1.4 GB,1.4
SPAdes,T7-097,50m 24s,3024,50.4,6 GB,6
HyAsp,NK_H24_044,9m 35s,575,9.583333333333334,1.4 GB,1.4
HyAsp,NK_H24_028,10m 9s,609,10.15,1.4 GB,1.4
HyAsp,NK_H24_054,9m 34s,574,9.566666666666666,1.4 GB,1.4
HyAsp,NK_H29_003,9m 14s,554,9.233333333333333,1.4 GB,1.4
HyAsp,NK_H25_013,9m 45s,585,9.75,1.2 GB,1.2
HyAsp,NK_H28_005,9m 26s,566,9.433333333333334,1.4 GB,1.4
HyAsp,NK_H2_007,9m 17s,557,9.283333333333331,1.4 GB,1.4
HyAsp,NK_H2_019,9m 38s,578,9.633333333333333,1.4 GB,1.4
HyAsp,NK_H2_021,9m 33s,573,9.55,1.4 GB,1.4
HyAsp,NK_H3_001,9m 39s,579,9.65,1.3 GB,1.3
HyAsp,NK_H3_002,9m 42s,582,9.7,1.4 GB,1.4
PlasmidSPAdes,T7-105,41m 55s,2515,41.91666666666666,5.1 GB,5.1
SPAdes,T7-103,28m 33s,1713,28.55,5.1 GB,5.1
HyAsp,NK_H2_020,10m 20s,620,10.333333333333334,1.2 GB,1.2
HyAsp,NK_H3_007,9m 25s,565,9.416666666666666,1.3 GB,1.3
HyAsp,NK_H3_009,9m 2s,542,9.033333333333331,1.2 GB,1.2
HyAsp,NK_H3_025,8m 54s,534,8.9,1.1 GB,1.1
HyAsp,NK_H3_019,9m 37s,577,9.616666666666667,1.4 GB,1.4
HyAsp,NK_H4_002,9m 34s,574,9.566666666666666,1.4 GB,1.4
HyAsp,NK_H4_006,9m 19s,559,9.316666666666666,1.4 GB,1.4
HyAsp,NK_H4_026,9m 17s,557,9.283333333333331,1.4 GB,1.4
HyAsp,NK_H5_010,9m 5s,545,9.083333333333334,1.4 GB,1.4
HyAsp,NK_H5_014,10m 12s,612,10.2,1.4 GB,1.4
HyAsp,NK_H5_016,9m 26s,566,9.433333333333334,1.2 GB,1.2
HyAsp,NK_H5_031,9m 22s,562,9.366666666666667,1.4 GB,1.4
HyAsp,NK_H8_002,9m 10s,550,9.166666666666666,1.4 GB,1.4
HyAsp,NK_H7_005,9m 18s,558,9.3,1.4 GB,1.4
HyAsp,NK_H8_008,9m 23s,563,9.383333333333333,1.4 GB,1.4
PlasmidSPAdes,T7-115,42m 37s,2557,42.61666666666667,5.1 GB,5.1
HyAsp,NK_H8_022,9m 30s,570,9.5,1.4 GB,1.4
HyAsp,NK_H7_010,9m 23s,563,9.383333333333333,1.3 GB,1.3
HyAsp,NK_H8_011,9m 36s,576,9.6,1.4 GB,1.4
SPAdes,T7-105,30m 13s,1813,30.216666666666665,5.1 GB,5.1
HyAsp,NK_H8_044,9m 24s,564,9.4,1.2 GB,1.2
HyAsp,NK_H8_052,8m 57s,537,8.95,1.1 GB,1.1
HyAsp,NK_H8_045,9m 57s,597,9.95,1.5 GB,1.5
HyAsp,T7-290,9m 30s,570,9.5,1.2 GB,1.2
HyAsp,NK_H8_057,9m 20s,560,9.333333333333334,1.2 GB,1.2
HyAsp,NK_H8_070,9m 12s,552,9.2,1.4 GB,1.4
HyAsp,NK_H8_077,9m 16s,556,9.266666666666667,1.4 GB,1.4
HyAsp,NK_H8_060,9m 15s,555,9.25,1.4 GB,1.4
HyAsp,NK_H8_083,9m 7s,547,9.116666666666667,1.4 GB,1.4
HyAsp,NK_H8_100,9m 4s,544,9.066666666666666,1.4 GB,1.4
HyAsp,NK_H8_114,9m 8s,548,9.133333333333333,1.1 GB,1.1
HyAsp,NK_H9_003,8m 53s,533,8.883333333333333,1.1 GB,1.1
HyAsp,NK_H8_118,9m 12s,552,9.2,1.4 GB,1.4
HyAsp,NK_H8_121,9m 43s,583,9.716666666666669,1.4 GB,1.4
HyAsp,NK_H9_006,9m 33s,573,9.55,1.3 GB,1.3
HyAsp,T7-007,8m 56s,536,8.933333333333334,1.2 GB,1.2
HyAsp,T7-010,9m 12s,552,9.2,1.4 GB,1.4
HyAsp,T7-011,9m 9s,549,9.15,1.4 GB,1.4
SPAdes,T7-125,29m 53s,1793,29.883333333333333,5.1 GB,5.1
PlaScope (reads),T7-105,52m 34s,3154,52.56666666666667,5.9 GB,5.9
HyAsp,T7-012,8m 50s,530,8.833333333333334,1.4 GB,1.4
HyAsp,T7-013,9m 32s,572,9.533333333333331,1.1 GB,1.1
HyAsp,T7-019,9m 3s,543,9.05,1.1 GB,1.1
SPAdes,T7-115,32m 27s,1947,32.45,5.1 GB,5.1
HyAsp,T7-020,9m 5s,545,9.083333333333334,1.4 GB,1.4
HyAsp,T7-032,8m 49s,529,8.816666666666666,1.2 GB,1.2
HyAsp,T7-034,9m 50s,590,9.833333333333334,1.4 GB,1.4
HyAsp,T7-036,9m 13s,553,9.216666666666669,1.4 GB,1.4
PlasmidSPAdes,T7-125,40m 15s,2415,40.25,5.1 GB,5.1
HyAsp,T7-050,9m 16s,556,9.266666666666667,1.4 GB,1.4
HyAsp,T7-051,9m 12s,552,9.2,1.4 GB,1.4
HyAsp,T7-078,9m 19s,559,9.316666666666666,1.4 GB,1.4
HyAsp,T7-072,9m 17s,557,9.283333333333331,1.1 GB,1.1
HyAsp,T7-085,11m 2s,662,11.033333333333331,1.5 GB,1.5
HyAsp,T7-089,10m 2s,602,10.033333333333331,1.3 GB,1.3
HyAsp,T7-096,10m 54s,654,10.9,1.5 GB,1.5
HyAsp,T7-097,10m 29s,629,10.483333333333333,1.4 GB,1.4
HyAsp,T7-103,10m 24s,624,10.4,1.2 GB,1.2
HyAsp,T7-105,9m 9s,549,9.15,1.4 GB,1.4
HyAsp,T7-125,10m 17s,617,10.283333333333331,1.4 GB,1.4
HyAsp,T7-115,9m 50s,590,9.833333333333334,1.4 GB,1.4
SPAdes,T7-129,46m 39s,2799,46.65,5.1 GB,5.1
PlaScope (reads),T7-115,54m 2s,3242,54.03333333333333,4.8 GB,4.8
PlasmidSPAdes,T7-133,50m 47s,3047,50.78333333333333,4.9 GB,4.9
PlaScope (reads),T7-125,51m 46s,3106,51.766666666666666,4.6 GB,4.6
SPAdes,T7-133,32m 29s,1949,32.483333333333334,5.1 GB,5.1
PlasmidSPAdes,T7-129,1h 4m 55s,3895,64.91666666666667,5.2 GB,5.2
PlaScope (reads),T7-133,55m 30s,3330,55.5,4.9 GB,4.9
Platon,KP_NORM_BLD_225,2m 13s,133,2.216666666666667,4.6 GB,4.6
PlasmidSPAdes,T7-146,37m 7s,2227,37.11666666666667,5.1 GB,5.1
PlasmidSPAdes,T7-141,50m 14s,3014,50.23333333333333,5 GB,5
PlaScope (reads),T7-129,1h 10m 9s,4209,70.15,5.6 GB,5.6
SPAdes,T7-141,28m 57s,1737,28.95,5.1 GB,5.1
SPAdes,T7-146,20m 39s,1239,20.65,4.7 GB,4.7
PlasmidSPAdes,T7-153,53m 37s,3217,53.61666666666667,5.1 GB,5.1
PlasmidSPAdes,T7-158,50m 42s,3042,50.7,4.9 GB,4.9
PlasmidSPAdes,T7-160,35m 45s,2145,35.75,5.1 GB,5.1
SPAdes,T7-153,25m 52s,1552,25.866666666666667,5.1 GB,5.1
PlaScope (reads),T7-141,47m 35s,2855,47.583333333333336,5.8 GB,5.8
PlaScope (reads),T7-153,43m 12s,2592,43.2,5.6 GB,5.6
SPAdes,T7-158,21m 22s,1282,21.366666666666667,5.1 GB,5.1
PlasmidSPAdes,T7-165,37m 40s,2260,37.66666666666666,5.3 GB,5.3
SPAdes,T7-160,18m 57s,1137,18.95,4.9 GB,4.9
PlaScope (reads),T7-158,39m 24s,2364,39.4,5.6 GB,5.6
PlasmidSPAdes,T7-179,28m 40s,1720,28.666666666666668,5.1 GB,5.1
Platon,KGVET-2020-01-2318-1,1m 29s,89,1.4833333333333334,5 GB,5
PlaScope (reads),T7-160,40m 43s,2443,40.71666666666667,5.4 GB,5.4
PlasmidSPAdes,T7-180,39m 37s,2377,39.61666666666667,5.1 GB,5.1
PlasmidSPAdes,T7-185,32m 7s,1927,32.11666666666667,5.1 GB,5.1
PlaScope (reads),T7-165,40m 43s,2443,40.71666666666667,5.5 GB,5.5
SPAdes,T7-165,19m 21s,1161,19.35,5.1 GB,5.1
PlasmidSPAdes,T7-181,34m 28s,2068,34.46666666666667,5.1 GB,5.1
PlaScope (reads),T7-179,34m 55s,2095,34.916666666666664,5.5 GB,5.5
SPAdes,T7-179,14m 4s,844,14.066666666666666,5.1 GB,5.1
PlaScope (reads),T7-181,41m 57s,2517,41.95,4.9 GB,4.9
SPAdes,T7-180,17m 56s,1076,17.933333333333334,5 GB,5
PlasmidSPAdes,T7-189,36m 17s,2177,36.28333333333333,4.9 GB,4.9
PlaScope (reads),T7-180,45m 25s,2725,45.41666666666666,5.6 GB,5.6
SPAdes,T7-181,15m 31s,931,15.516666666666667,5.1 GB,5.1
SPAdes,T7-185,13m 46s,826,13.766666666666667,5.1 GB,5.1
PlaScope (reads),T7-185,38m 5s,2285,38.083333333333336,5.8 GB,5.8
PlaScope (reads),T7-189,43m 13s,2593,43.21666666666667,5.7 GB,5.7
SPAdes,T7-189,16m 6s,966,16.1,5.1 GB,5.1
PlaScope (reads),T7-200,46m 16s,2776,46.266666666666666,5.8 GB,5.8
SPAdes,T7-200,18m 11s,1091,18.183333333333334,5 GB,5
PlasmidSPAdes,T7-200,40m 20s,2420,40.333333333333336,4.9 GB,4.9
SPAdes,T7-213,19m 29s,1169,19.48333333333333,4.8 GB,4.8
SPAdes,T7-211,22m 12s,1332,22.2,5 GB,5
PlaScope (reads),T7-211,35m 49s,2149,35.81666666666667,5.3 GB,5.3
SPAdes,T7-209,23m 16s,1396,23.266666666666666,5.2 GB,5.2
PlaScope (reads),T7-213,32m 9s,1929,32.15,4.9 GB,4.9
SPAdes,T7-220,21m 48s,1308,21.8,4.9 GB,4.9
PlasmidSPAdes,T7-211,32m 13s,1933,32.21666666666667,5.2 GB,5.2
PlasmidSPAdes,T7-213,26m 29s,1589,26.48333333333333,5.1 GB,5.1
SPAdes,T7-240,19m 1s,1141,19.016666666666666,5.1 GB,5.1
PlasmidSPAdes,T7-220,40m 42s,2442,40.7,5.2 GB,5.2
PlaScope (reads),T7-209,1h 18m 35s,4715,78.58333333333333,6.1 GB,6.1
PlasmidSPAdes,T7-209,1h 8m 49s,4129,68.81666666666666,6 GB,6
SPAdes,T7-225,25m 53s,1553,25.883333333333333,5.6 GB,5.6
PlaScope (reads),T7-220,47m 10s,2830,47.16666666666666,5.2 GB,5.2
PlasmidSPAdes,T7-240,26m 47s,1607,26.78333333333333,5.1 GB,5.1
SPAdes,T7-234,26m 19s,1579,26.316666666666663,5.6 GB,5.6
PlasmidSPAdes,T7-225,39m 46s,2386,39.766666666666666,5.6 GB,5.6
PlasmidSPAdes,T7-234,39m 22s,2362,39.36666666666667,5.5 GB,5.5
PlaScope (reads),T7-225,48m 21s,2901,48.35,5.8 GB,5.8
PlaScope (reads),T7-240,32m 39s,1959,32.65,5.9 GB,5.9
SPAdes,T7-242,24m,1440,24,5.1 GB,5.1
SPAdes,T7-262,23m 25s,1405,23.416666666666668,5.1 GB,5.1
PlaScope (reads),T7-242,42m 47s,2567,42.78333333333333,5.9 GB,5.9
SPAdes,T7-259,32m 33s,1953,32.55,6.4 GB,6.4
PlaScope (reads),T7-234,48m 8s,2888,48.13333333333333,5.6 GB,5.6
PlaScope (reads),T7-262,47m 17s,2837,47.28333333333333,5.6 GB,5.6
PlasmidSPAdes,T7-242,37m 49s,2269,37.81666666666667,5.7 GB,5.7
SPAdes,T7-266,25m 46s,1546,25.766666666666666,5.4 GB,5.4
SPAdes,T7-264,28m 8s,1688,28.133333333333333,5.5 GB,5.5
PlasmidSPAdes,T7-259,1h 5m 7s,3907,65.11666666666666,6.5 GB,6.5
PlaScope (reads),T7-259,1h 17m,4620,77,6.6 GB,6.6
PlasmidSPAdes,T7-262,39m 9s,2349,39.15,5.5 GB,5.5
SPAdes,T7-267,23m 56s,1436,23.933333333333334,5.2 GB,5.2
PlasmidSPAdes,T7-264,50m 27s,3027,50.45,5.9 GB,5.9
Platon,KP_NORM_BLD_13886,1m 35s,95,1.5833333333333333,5.4 GB,5.4
PlasmidSPAdes,T7-266,43m 20s,2600,43.333333333333336,5.9 GB,5.9
PlaScope (reads),T7-266,55m 6s,3306,55.1,6.1 GB,6.1
PlaScope (reads),T7-267,46m 21s,2781,46.35,5.5 GB,5.5
PlaScope (reads),T7-264,1h 54s,3654,60.9,6 GB,6
PlasmidSPAdes,T7-267,39m 6s,2346,39.1,5.4 GB,5.4
PlaScope (reads),T7-273,39m 37s,2377,39.61666666666667,5.7 GB,5.7
PlaScope (reads),T7-289,38m 2s,2282,38.03333333333333,5.1 GB,5.1
SPAdes,T7-273,19m 56s,1196,19.933333333333334,5.1 GB,5.1
PlasmidSPAdes,T7-286,47m 34s,2854,47.56666666666667,5.6 GB,5.6
PlaScope (reads),T7-286,53m 16s,3196,53.266666666666666,5.8 GB,5.8
PlasmidSPAdes,T7-273,28m 56s,1736,28.933333333333334,5.2 GB,5.2
PlasmidSPAdes,T7-290,26m 30s,1590,26.5,5.1 GB,5.1
SPAdes,T7-286,25m 12s,1512,25.2,5.7 GB,5.7
PlasmidSPAdes,T7-289,30m 58s,1858,30.966666666666665,5.1 GB,5.1
SPAdes,T7-289,20m 25s,1225,20.416666666666668,4.9 GB,4.9
SPAdes,T7-292,25m 37s,1537,25.616666666666667,5.7 GB,5.7
SPAdes,T7-326,23m 42s,1422,23.7,5.4 GB,5.4
PlasmidSPAdes,T7-296,33m 39s,2019,33.65,5.4 GB,5.4
PlasmidSPAdes,T7-292,40m,2400,40,5.7 GB,5.7
PlaScope (reads),T7-290,32m 37s,1957,32.61666666666667,5.7 GB,5.7
SPAdes,T7-296,22m 43s,1363,22.716666666666665,5.2 GB,5.2
PlasmidSPAdes,T7-333,33m 46s,2026,33.766666666666666,5.8 GB,5.8
PlasmidSPAdes,T7-311,35m 31s,2131,35.516666666666666,5.7 GB,5.7
SPAdes,T7-333,22m 37s,1357,22.616666666666667,5.1 GB,5.1
SPAdes,T7-349,18m 22s,1102,18.366666666666667,5.1 GB,5.1
SPAdes,T7-311,24m 22s,1462,24.366666666666667,5.5 GB,5.5
SPAdes,T7-365,17m 5s,1025,17.083333333333332,4.7 GB,4.7
SPAdes,T7-335,25m 23s,1523,25.383333333333333,5.2 GB,5.2
PlaScope (reads),T7-296,41m 51s,2511,41.85,5.6 GB,5.6
SPAdes,T7-378,25m 12s,1512,25.2,5.2 GB,5.2
PlaScope (reads),T7-292,50m 10s,3010,50.16666666666666,5.7 GB,5.7
PlasmidSPAdes,T7-349,27m 43s,1663,27.716666666666665,5.3 GB,5.3
PlaScope (reads),T7-311,44m 20s,2660,44.333333333333336,5.8 GB,5.8
PlasmidSPAdes,T7-326,41m 58s,2518,41.96666666666667,5.4 GB,5.4
PlasmidSPAdes,T7-365,20m 51s,1251,20.85,5.1 GB,5.1
PlasmidSPAdes,T7-335,37m 16s,2236,37.266666666666666,6 GB,6
PlaScope (reads),T7-326,49m 39s,2979,49.65,5.5 GB,5.5
SPAdes,T7-398,18m 35s,1115,18.58333333333333,5.1 GB,5.1
PlasmidSPAdes,T7-378,33m 39s,2019,33.65,5.8 GB,5.8
PlasmidSPAdes,T7-398,26m 50s,1610,26.83333333333333,5.1 GB,5.1
PlaScope (reads),T7-333,41m 34s,2494,41.56666666666667,5.9 GB,5.9
PlaScope (reads),T7-335,43m 27s,2607,43.45,6.2 GB,6.2
SPAdes,T7-402,34m 40s,2080,34.666666666666664,6.1 GB,6.1
PlaScope (reads),T7-349,34m 3s,2043,34.05,5.3 GB,5.3
PlaScope (reads),T7-365,26m 59s,1619,26.98333333333333,4.7 GB,4.7
SPAdes,T7-394,55m 22s,3322,55.36666666666667,7.4 GB,7.4
SPAdes,T7-393,41m 58s,2518,41.96666666666667,7.2 GB,7.2
PlaScope (reads),T7-378,43m 7s,2587,43.11666666666667,5.9 GB,5.9
PlasmidSPAdes,T7-410,31m 57s,1917,31.95,5.1 GB,5.1
SPAdes,T7-414,1h 1m 39s,3699,61.65,7.8 GB,7.8
SPAdes,T7-410,23m 6s,1386,23.1,4.6 GB,4.6
SPAdes,T7-424,19m 5s,1145,19.08333333333333,4.7 GB,4.7
PlasmidSPAdes,T7-402,54m 27s,3267,54.45,6.6 GB,6.6
SPAdes,T7-442,27m 5s,1625,27.08333333333333,4.6 GB,4.6
PlaScope (reads),T7-398,36m 11s,2171,36.18333333333333,5.6 GB,5.6
SPAdes,T7-425,20m 37s,1237,20.616666666666667,4.9 GB,4.9
PlasmidSPAdes,T7-393,2h 8m 25s,7705,128.41666666666666,10.5 GB,10.5
SPAdes,T7-439,26m 2s,1562,26.03333333333333,4.7 GB,4.7
PlasmidSPAdes,T7-424,28m 3s,1683,28.05,4.5 GB,4.5
PlasmidSPAdes,T7-414,1h 39m 56s,5996,99.93333333333334,11.4 GB,11.4
PlaScope (reads),T7-425,39m 30s,2370,39.5,5.6 GB,5.6
PlaScope (reads),T7-402,1h 2m 13s,3733,62.21666666666667,6.8 GB,6.8
PlaScope (reads),T7-424,38m 9s,2289,38.15,5.9 GB,5.9
PlaScope (reads),T7-410,37m 29s,2249,37.48333333333333,5.7 GB,5.7
PlasmidSPAdes,T7-394,3h 5m 29s,11129,185.4833333333333,13.4 GB,13.4
SPAdes,T7-445,22m 31s,1351,22.516666666666666,5 GB,5
PlaScope (reads),T7-393,2h 41m 38s,9698,161.63333333333333,10.6 GB,10.6
PlaScope (reads),T7-439,23m 5s,1385,23.08333333333333,5.4 GB,5.4
SPAdes,T7-457,20m 49s,1249,20.816666666666663,5.1 GB,5.1
PlasmidSPAdes,T7-425,29m 51s,1791,29.85,5.1 GB,5.1
PlaScope (reads),T7-442,25m 39s,1539,25.65,5.6 GB,5.6
SPAdes,T7-472,11m 23s,683,11.383333333333333,5.1 GB,5.1
PlasmidSPAdes,T7-439,18m 17s,1097,18.28333333333333,5.1 GB,5.1
SPAdes,T7-460,23m 16s,1396,23.266666666666666,5.1 GB,5.1
SPAdes,T7-475,14m 6s,846,14.1,5.1 GB,5.1
SPAdes,T7-482,14m 37s,877,14.616666666666667,5.1 GB,5.1
PlaScope (reads),T7-445,22m 1s,1321,22.016666666666666,5.8 GB,5.8
PlasmidSPAdes,T7-445,18m 45s,1125,18.75,5.1 GB,5.1
PlasmidSPAdes,T7-442,20m 20s,1220,20.33333333333333,5.4 GB,5.4
SPAdes,T7-488,11m 34s,694,11.566666666666666,5.1 GB,5.1
PlasmidSPAdes,T7-457,15m 37s,937,15.616666666666667,5.1 GB,5.1
SPAdes,T7-493,17m 9s,1029,17.15,5.1 GB,5.1
PlaScope (reads),T7-414,1h 59m 40s,7180,119.66666666666669,11.5 GB,11.5
PlaScope (reads),T7-472,17m 54s,1074,17.9,5.7 GB,5.7
PlaScope (reads),T7-475,18m 11s,1091,18.183333333333334,5.8 GB,5.8
PlaScope (reads),T7-482,18m 41s,1121,18.683333333333334,5.7 GB,5.7
PlaScope (reads),T7-460,23m 39s,1419,23.65,5.8 GB,5.8
PlasmidSPAdes,T7-472,12m 20s,740,12.333333333333334,5.1 GB,5.1
PlaScope (reads),T7-488,14m 58s,898,14.966666666666669,5.9 GB,5.9
PlasmidSPAdes,T7-475,13m 12s,792,13.2,5.2 GB,5.2
PlasmidSPAdes,T7-460,18m 50s,1130,18.83333333333333,5.2 GB,5.2
PlasmidSPAdes,T7-488,11m 6s,666,11.1,5.1 GB,5.1
PlasmidSPAdes,T7-482,13m 41s,821,13.683333333333334,5.1 GB,5.1
PlaScope (assembly),2018-01-880,4.1s,1,0.016666666666666666,13.8 MB,0.013800000000000002
Platon,2018-01-880,1m 22s,82,1.3666666666666667,4.7 GB,4.7
PlasmidHunter,2018-01-880,1m 54s,114,1.9,3.1 GB,3.1
PlasmidHunter,NK_H17_018,1m 23s,83,1.3833333333333333,3.1 GB,3.1
Platon,NK_H17_018,1m 22s,82,1.3666666666666667,4.6 GB,4.6
PlaScope (assembly),NK_H17_018,4.2s,2,0.03333333333333333,5.3 MB,0.0053
Plasmer,2018-01-880,3m 20s,200,3.333333333333333,14.2 GB,14.2
PlaScope (assembly),KGMAR-2016-1200,4.1s,1,0.016666666666666666,5.5 MB,0.0055
Plasmer,NK_H17_018,2m 38s,158,2.6333333333333333,14.2 GB,14.2
MOBSuite,2018-01-880,4m 54s,294,4.9,801.5 MB,0.8015
MOBSuite,NK_H17_018,4m 59s,299,4.983333333333333,1.3 GB,1.3
Plasmer,KGMAR-2016-1200,2m 29s,149,2.4833333333333334,15.1 GB,15.1
PlaScope (assembly),KGVET-2020-01-2846-1,3.6s,6,0.1,5.3 MB,0.0053
Platon,KGMAR-2016-1200,1m 23s,83,1.3833333333333333,4.9 GB,4.9
Platon,KGVET-2020-01-2846-1,1m 18s,78,1.3,4.8 GB,4.8
PlasmidHunter,KGMAR-2016-1200,1m 37s,97,1.6166666666666667,3.3 GB,3.3
PlasmidHunter,KGVET-2020-01-2846-1,1m 14s,74,1.2333333333333334,3.2 GB,3.2
PlasmidHunter,KGVET-2020-01-2318-1,1m 19s,79,1.3166666666666669,3.3 GB,3.3
MOBSuite,KGMAR-2016-1200,5m 11s,311,5.183333333333334,1.5 GB,1.5
PlaScope (assembly),KGVET-2020-01-2318-1,3.9s,9,0.15,5.3 MB,0.0053
Plasmer,KGVET-2020-01-2846-1,2m 44s,164,2.7333333333333334,14.2 GB,14.2
Plasmer,KGVET-2020-01-2318-1,2m 23s,143,2.3833333333333333,15.1 GB,15.1
MOBSuite,KGVET-2020-01-2846-1,3m 59s,239,3.983333333333333,740.2 MB,0.7402000000000001
PlasmidHunter,KGMAR-2016-1400,1m 17s,77,1.2833333333333334,3 GB,3
PlaScope (assembly),KGMAR-2016-1400,3.9s,9,0.15,5.3 MB,0.0053
PlaScope (assembly),2018-01-4735,4.6s,6,0.1,970.5 MB,0.9705
PlaScope (reads),T7-493,26m 17s,1577,26.28333333333333,5.6 GB,5.6
Plasmer,KGMAR-2016-1400,2m 45s,165,2.75,14.2 GB,14.2
Platon,KGMAR-2016-1400,1m 29s,89,1.4833333333333334,5.1 GB,5.1
MOBSuite,KGVET-2020-01-2318-1,4m 21s,261,4.35,927 MB,0.927
Plasmer,2018-01-4735,1m 54s,114,1.9,15.1 GB,15.1
PlasmidHunter,2018-01-4735,1m 36s,96,1.6,3.1 GB,3.1
Platon,2018-01-4735,1m 15s,75,1.25,4.9 GB,4.9
PlaScope (assembly),KGMAR-2016-319,4.2s,2,0.03333333333333333,5.4 MB,0.0054
PlaScope (assembly),KGMAR-2019-1792,4.1s,1,0.016666666666666666,958.7 MB,0.9587
PlasmidHunter,KGMAR-2016-319,1m 30s,90,1.5,3.3 GB,3.3
MOBSuite,KGMAR-2016-1400,5m 26s,326,5.433333333333334,1.8 GB,1.8
PlaScope (reads),T7-394,3h 32m 20s,12740,212.33333333333331,13.4 GB,13.4
Platon,KGMAR-2016-319,1m 19s,79,1.3166666666666669,5 GB,5
Plasmer,KGMAR-2016-319,2m 23s,143,2.3833333333333333,15 GB,15
PlasmidSPAdes,T7-493,19m 35s,1175,19.58333333333333,5.6 GB,5.6
PlasmidHunter,KGMAR-2019-1792,1m 38s,98,1.6333333333333333,3.3 GB,3.3
Platon,KGMAR-2019-1792,1m 37s,97,1.6166666666666667,5.1 GB,5.1
PlaScope (assembly),2018-01-710,4.2s,2,0.03333333333333333,971.9 MB,0.9719
Plasmer,KGMAR-2019-1792,2m 24s,144,2.4,14.2 GB,14.2
PlasmidHunter,2018-01-710,1m 19s,79,1.3166666666666669,3 GB,3
PlaScope (assembly),KGVET-2018-01-3794,4s,4,0.06666666666666667,13.8 MB,0.013800000000000002
Plasmer,2018-01-710,2m 7s,127,2.1166666666666667,15.1 GB,15.1
Platon,2018-01-710,1m 14s,74,1.2333333333333334,4.6 GB,4.6
Platon,KGVET-2018-01-3794,1m 11s,71,1.1833333333333331,4.6 GB,4.6
PlasmidHunter,KGVET-2018-01-3794,1m 21s,81,1.35,3.1 GB,3.1
PlasmidHunter,KP_NORM_BLD_113315,1m 24s,84,1.4,3.6 GB,3.6
MOBSuite,KGMAR-2016-319,4m 46s,286,4.766666666666667,1.5 GB,1.5
PlasmidHunter,KGVET-2020-01-2800-1,1m 18s,78,1.3,3 GB,3
PlaScope (assembly),KGVET-2020-01-2800-1,4.3s,3,0.05,13.7 MB,0.0137
Plasmer,KGVET-2018-01-3794,2m 16s,136,2.2666666666666666,15.1 GB,15.1
Platon,KGVET-2020-01-2800-1,1m 11s,71,1.1833333333333331,4.6 GB,4.6
MOBSuite,2018-01-710,4m 16s,256,4.266666666666667,810.6 MB,0.8106
PlaScope (assembly),2018-01-2485,4.1s,1,0.016666666666666666,5.5 MB,0.0055
MOBSuite,KGMAR-2019-1792,5m 29s,329,5.483333333333333,2.2 GB,2.2
Plasmer,KGVET-2020-01-2800-1,2m 22s,142,2.3666666666666667,15.1 GB,15.1
PlasmidHunter,2018-01-2485,1m 31s,91,1.5166666666666666,3.3 GB,3.3
PlaScope (assembly),2018-01-4107,3.9s,9,0.15,5.3 MB,0.0053
Platon,2018-01-2485,1m 25s,85,1.4166666666666667,5.3 GB,5.3
MOBSuite,KGVET-2018-01-3794,3m 46s,226,3.7666666666666666,721 MB,0.721
PlaScope (assembly),2018-01-2085,4.4s,4,0.06666666666666667,14 MB,0.014
MOBSuite,KGVET-2020-01-2800-1,4m 4s,244,4.066666666666666,977.3 MB,0.9773
Platon,2018-01-4107,1m 31s,91,1.5166666666666666,4.9 GB,4.9
PlasmidHunter,2018-01-4107,1m 33s,93,1.55,3.2 GB,3.2
Plasmer,2018-01-2485,2m 39s,159,2.65,14.9 GB,14.9
PlaScope (assembly),KGMAR-2016-1076,4.5s,5,0.08333333333333333,962.6 MB,0.9626
Plasmer,2018-01-4107,2m 35s,155,2.583333333333333,14.8 GB,14.8
PlasmidHunter,2018-01-2085,1m 25s,85,1.4166666666666667,3.2 GB,3.2
Platon,2018-01-2085,1m 29s,89,1.4833333333333334,5.3 GB,5.3
MOBSuite,2018-01-2485,5m 20s,320,5.333333333333333,1.4 GB,1.4
Plasmer,2018-01-2085,2m 22s,142,2.3666666666666667,14.4 GB,14.4
PlaScope (assembly),KGVET-2020-01-2209-1,4.8s,8,0.13333333333333333,5.5 MB,0.0055
Platon,KGMAR-2016-1076,2m 5s,125,2.083333333333333,5 GB,5
PlasmidHunter,KGMAR-2016-1076,2m 1s,121,2.0166666666666666,3.3 GB,3.3
Plasmer,KGMAR-2016-1076,2m 26s,146,2.433333333333333,15.1 GB,15.1
PlaScope (assembly),2018-01-3218,4.9s,9,0.15,971.5 MB,0.9715
MOBSuite,2018-01-4107,4m 41s,281,4.683333333333334,1.5 GB,1.5
PlasmidHunter,KGVET-2020-01-2209-1,1m 27s,87,1.45,3.3 GB,3.3
Platon,KGVET-2020-01-2209-1,1m 31s,91,1.5166666666666666,5.1 GB,5.1
MOBSuite,2018-01-2085,5m 9s,309,5.15,1 GB,1
PlasmidHunter,2018-01-3218,1m 39s,99,1.65,3.1 GB,3.1
Platon,2018-01-3218,1m 25s,85,1.4166666666666667,5.4 GB,5.4
PlasmidHunter,2018-01-3094,1m 30s,90,1.5,3.1 GB,3.1
PlaScope (assembly),2018-01-3094,5s,5,0.08333333333333333,968.1 MB,0.9681
Plasmer,KGVET-2020-01-2209-1,2m 53s,173,2.8833333333333333,15.1 GB,15.1
Platon,2018-01-3094,1m 17s,77,1.2833333333333334,5.7 GB,5.7
Plasmer,2018-01-3218,2m 10s,130,2.1666666666666665,15.1 GB,15.1
PlaScope (assembly),KGVET-2020-01-126,4.9s,9,0.15,964.3 MB,0.9643
MOBSuite,KGMAR-2016-1076,6m 13s,373,6.216666666666667,1.6 GB,1.6
Platon,KGVET-2020-01-126,1m 11s,71,1.1833333333333331,4.5 GB,4.5
Plasmer,2018-01-3094,2m 12s,132,2.2,15.1 GB,15.1
PlasmidHunter,KGVET-2020-01-126,1m 10s,70,1.1666666666666667,3 GB,3
PlaScope (assembly),KGMAR-2019-400-2,4.1s,1,0.016666666666666666,5.6 MB,0.0056
MOBSuite,2018-01-3218,4m 1s,241,4.016666666666667,718.4 MB,0.7184
MOBSuite,KGVET-2020-01-2209-1,5m 26s,326,5.433333333333334,1.1 GB,1.1
Platon,KGMAR-2019-400-2,1m 32s,92,1.5333333333333334,4.8 GB,4.8
Plasmer,KGVET-2020-01-126,2m 14s,134,2.2333333333333334,14.2 GB,14.2
PlasmidHunter,KGMAR-2019-400-2,1m 39s,99,1.65,3.3 GB,3.3
Platon,KGVET-2020-01-2677-1,1m 17s,77,1.2833333333333334,4.9 GB,4.9
PlaScope (assembly),KGVET-2020-01-2677-1,3.7s,7,0.11666666666666668,13.7 MB,0.0137
MOBSuite,KGVET-2020-01-126,3m 45s,225,3.75,725.7 MB,0.7257
PlasmidHunter,KGVET-2020-01-2677-1,1m 18s,78,1.3,3.2 GB,3.2
MOBSuite,2018-01-3094,4m 35s,275,4.583333333333333,975.4 MB,0.9754
PlaScope (assembly),2018-01-707,4.3s,3,0.05,5.3 MB,0.0053
Plasmer,KGMAR-2019-400-2,2m 25s,145,2.4166666666666665,15.1 GB,15.1
PlasmidHunter,2018-01-707,1m 26s,86,1.4333333333333331,3.3 GB,3.3
Plasmer,KGVET-2020-01-2677-1,2m 36s,156,2.6,15 GB,15
PlaScope (assembly),KGMAR-2019-1764,4.8s,8,0.13333333333333333,972.1 MB,0.9721
Platon,2018-01-707,1m 23s,83,1.3833333333333333,5.1 GB,5.1
MOBSuite,KGMAR-2019-400-2,5m 13s,313,5.216666666666667,1.9 GB,1.9
Plasmer,KGMAR-2019-1764,2m 3s,123,2.05,14.6 GB,14.6
PlasmidHunter,KGMAR-2019-1764,1m 26s,86,1.4333333333333331,3.1 GB,3.1
PlaScope (assembly),KGMAR-2016-1396,3.8s,8,0.13333333333333333,5.5 MB,0.0055
Platon,KGMAR-2019-1764,1m 15s,75,1.25,4.7 GB,4.7
Plasmer,2018-01-707,2m 45s,165,2.75,14.2 GB,14.2
MOBSuite,KGVET-2020-01-2677-1,4m 13s,253,4.216666666666667,721 MB,0.721
Platon,KGMAR-2016-1396,1m 36s,96,1.6,4.9 GB,4.9
PlaScope (assembly),KGMAR-2016-1198,4.1s,1,0.016666666666666666,5.5 MB,0.0055
PlasmidHunter,KGMAR-2016-1396,1m 32s,92,1.5333333333333334,3.2 GB,3.2
PlasmidHunter,KGMAR-2016-1198,1m 39s,99,1.65,3.2 GB,3.2
MOBSuite,2018-01-707,5m 23s,323,5.383333333333334,1.3 GB,1.3
PlaScope (assembly),2018-01-2353,4.1s,1,0.016666666666666666,5.4 MB,0.0054
MOBSuite,KGMAR-2019-1764,4m 22s,262,4.366666666666666,1.1 GB,1.1
Platon,KGMAR-2016-1198,1m 43s,103,1.7166666666666666,5.1 GB,5.1
Plasmer,KGMAR-2016-1198,2m 34s,154,2.566666666666667,15.1 GB,15.1
Plasmer,KGMAR-2016-1396,2m 52s,172,2.8666666666666667,13.7 GB,13.7
PlaScope (assembly),KGMAR-2019-1434,4s,4,0.06666666666666667,5.4 MB,0.0054
Platon,2018-01-2353,1m 16s,76,1.2666666666666666,5.4 GB,5.4
PlasmidHunter,2018-01-2353,1m 17s,77,1.2833333333333334,3.2 GB,3.2
Plasmer,2018-01-2353,2m 27s,147,2.45,15.1 GB,15.1
Platon,KGMAR-2019-1434,1m 49s,109,1.8166666666666669,5.7 GB,5.7
PlaScope (assembly),KGVET-2020-01-3513-1,4.1s,1,0.016666666666666666,13.7 MB,0.0137
MOBSuite,KGMAR-2016-1396,5m 38s,338,5.633333333333334,1.7 GB,1.7
PlasmidHunter,KGMAR-2019-1434,1m 36s,96,1.6,3.7 GB,3.7
Plasmer,KGMAR-2019-1434,2m 53s,173,2.8833333333333333,14.4 GB,14.4
Platon,KGVET-2020-01-3513-1,1m 14s,74,1.2333333333333334,4.7 GB,4.7
PlasmidHunter,KGVET-2020-01-3513-1,1m 30s,90,1.5,3.1 GB,3.1
MOBSuite,KGMAR-2016-1198,5m 6s,306,5.1,1.8 GB,1.8
PlaScope (assembly),2018-01-714,5s,5,0.08333333333333333,975.4 MB,0.9754
Plasmer,KGVET-2020-01-3513-1,2m 6s,126,2.1,12.3 GB,12.3
MOBSuite,2018-01-2353,4m 53s,293,4.883333333333334,978.2 MB,0.9782
Plasmer,2018-01-714,1m 46s,106,1.7666666666666666,14.8 GB,14.8
PlasmidHunter,2018-01-714,1m 42s,102,1.7,3.1 GB,3.1
Platon,2018-01-714,1m 25s,85,1.4166666666666667,5 GB,5
PlaScope (assembly),KGMAR-2020-440,4.2s,2,0.03333333333333333,13.5 MB,0.0135
MOBSuite,KGVET-2020-01-3513-1,3m 55s,235,3.9166666666666665,712.3 MB,0.7122999999999999
PlasmidHunter,KGMAR-2020-440,1m 14s,74,1.2333333333333334,3.2 GB,3.2
PlaScope (assembly),KGVETS-2019-01-3187,4s,4,0.06666666666666667,5.2 MB,0.005200000000000001
Platon,KGMAR-2020-440,1m 22s,82,1.3666666666666667,4.9 GB,4.9
PlasmidHunter,KGVETS-2019-01-3187,1m 19s,79,1.3166666666666669,3.2 GB,3.2
MOBSuite,KGMAR-2019-1434,5m 48s,348,5.8,1.7 GB,1.7
Plasmer,KGMAR-2020-440,2m 43s,163,2.716666666666667,15.1 GB,15.1
Platon,KGVETS-2019-01-3187,1m 19s,79,1.3166666666666669,4.8 GB,4.8
PlaScope (assembly),2018-01-3465,4.1s,1,0.016666666666666666,5.5 MB,0.0055
MOBSuite,2018-01-714,4m 24s,264,4.4,1 GB,1
Plasmer,KGVETS-2019-01-3187,2m 39s,159,2.65,14.6 GB,14.6
PlaScope (assembly),KGVET-2020-01-3515,4s,4,0.06666666666666667,5.3 MB,0.0053
PlasmidHunter,2018-01-3465,1m 34s,94,1.5666666666666669,3.1 GB,3.1
Platon,2018-01-3465,1m 26s,86,1.4333333333333331,5.1 GB,5.1
PlasmidHunter,KGVET-2020-01-3515,1m 30s,90,1.5,3.3 GB,3.3
MOBSuite,KGVETS-2019-01-3187,4m 15s,255,4.25,1 GB,1
MOBSuite,KGMAR-2020-440,4m 36s,276,4.6,1.3 GB,1.3
Plasmer,2018-01-3465,2m 36s,156,2.6,15 GB,15
Platon,KGVET-2020-01-3515,1m 24s,84,1.4,5.2 GB,5.2
PlaScope (assembly),KGVET-2019-01-3619,4.2s,2,0.03333333333333333,5.5 MB,0.0055
Plasmer,KGVET-2020-01-3515,2m 4s,124,2.066666666666667,15 GB,15
PlasmidHunter,KGVET-2019-01-3619,1m 48s,108,1.8,3.3 GB,3.3
PlasmidHunter,2018-01-2730,1m 29s,89,1.4833333333333334,3.4 GB,3.4
Platon,KGVET-2019-01-3619,1m 47s,107,1.7833333333333334,5.1 GB,5.1
PlaScope (assembly),2018-01-2730,4s,4,0.06666666666666667,5.3 MB,0.0053
MOBSuite,2018-01-3465,4m 54s,294,4.9,1.4 GB,1.4
Plasmer,KGVET-2019-01-3619,2m 23s,143,2.3833333333333333,15.1 GB,15.1
MOBSuite,KGVET-2020-01-3515,4m 28s,268,4.466666666666667,1.1 GB,1.1
Platon,2018-01-2730,1m 31s,91,1.5166666666666666,5.7 GB,5.7
PlaScope (assembly),KGVET-2019-01-3472-4,4.6s,6,0.1,976.7 MB,0.9767
Plasmer,2018-01-2730,2m 41s,161,2.683333333333333,15.1 GB,15.1
PlaScope (assembly),KGMAR-2019-1459,4.2s,2,0.03333333333333333,5.2 MB,0.005200000000000001
Plasmer,KGVET-2019-01-3472-4,2m 6s,126,2.1,15.1 GB,15.1
Platon,KGVET-2019-01-3472-4,1m 25s,85,1.4166666666666667,4.6 GB,4.6
PlasmidHunter,KGVET-2019-01-3472-4,1m 23s,83,1.3833333333333333,3.1 GB,3.1
Platon,KGMAR-2019-1459,1m 45s,105,1.75,5.3 GB,5.3
PlasmidHunter,KGMAR-2019-1459,1m 36s,96,1.6,3.5 GB,3.5
MOBSuite,KGVET-2019-01-3619,5m 52s,352,5.866666666666666,1.5 GB,1.5
PlaScope (assembly),KGVET-2020-01-3421-1,5.2s,2,0.03333333333333333,971.7 MB,0.9717
MOBSuite,KGVET-2019-01-3472-4,4m 13s,253,4.216666666666667,722.5 MB,0.7225
PlaScope (assembly),KGVET-2020-01-3721-3,4.1s,1,0.016666666666666666,966.5 MB,0.9665
Plasmer,KGVET-2020-01-3421-1,2m 19s,139,2.316666666666667,15.1 GB,15.1
PlasmidHunter,KGVET-2020-01-3421-1,1m 33s,93,1.55,3.2 GB,3.2
Plasmer,KGMAR-2019-1459,2m 45s,165,2.75,15.1 GB,15.1
Platon,KGVET-2020-01-3421-1,1m 22s,82,1.3666666666666667,4.9 GB,4.9
MOBSuite,2018-01-2730,6m 9s,369,6.15,1.8 GB,1.8
PlaScope (assembly),KGMAR-2019-1417-2,3.7s,7,0.11666666666666668,5.3 MB,0.0053
Platon,KGVET-2020-01-3721-3,1m 18s,78,1.3,5 GB,5
PlasmidHunter,KGVET-2020-01-3721-3,1m 17s,77,1.2833333333333334,3.3 GB,3.3
PlasmidHunter,KGMAR-2019-1417-2,1m 15s,75,1.25,3.1 GB,3.1
PlaScope (assembly),KGVET-2020-01-4188-1,4.3s,3,0.05,969.6 MB,0.9696
Platon,KGMAR-2019-1417-2,1m 18s,78,1.3,4.7 GB,4.7
Plasmer,KGVET-2020-01-3721-3,2m 28s,148,2.466666666666667,14.8 GB,14.8
PlasmidHunter,KGVET-2020-01-4188-1,1m 13s,73,1.2166666666666666,3 GB,3
MOBSuite,KGMAR-2019-1459,5m 50s,350,5.833333333333333,1.6 GB,1.6
PlaScope (assembly),KGVET-2020-01-2496-3,4.6s,6,0.1,972.4 MB,0.9724
MOBSuite,KGVET-2020-01-3421-1,4m 53s,293,4.883333333333334,1.4 GB,1.4
Plasmer,KGMAR-2019-1417-2,2m 35s,155,2.583333333333333,15.1 GB,15.1
Platon,KGVET-2020-01-4188-1,1m 17s,77,1.2833333333333334,4.5 GB,4.5
MOBSuite,KGVET-2020-01-3721-3,4m 29s,269,4.483333333333333,1.2 GB,1.2
PlasmidHunter,KGVET-2020-01-2496-3,1m 24s,84,1.4,3.3 GB,3.3
Plasmer,KGVET-2020-01-4188-1,2m 7s,127,2.1166666666666667,14.2 GB,14.2
PlaScope (assembly),KGVET-2020-01-4249-1,4.3s,3,0.05,969.9 MB,0.9699
MOBSuite,KGMAR-2019-1417-2,4m 24s,264,4.4,1.1 GB,1.1
Platon,KGVET-2020-01-4249-1,1m 15s,75,1.25,5.1 GB,5.1
Platon,KGVET-2020-01-2496-3,1m 16s,76,1.2666666666666666,4.9 GB,4.9
PlaScope (assembly),2018-01-2640,4.5s,5,0.08333333333333333,967 MB,0.967
MOBSuite,KGVET-2020-01-4188-1,3m 56s,236,3.933333333333333,721.7 MB,0.7217
Plasmer,KGVET-2020-01-2496-3,2m 10s,130,2.1666666666666665,15.1 GB,15.1
PlasmidHunter,KGVET-2020-01-4249-1,1m 40s,100,1.6666666666666667,3.2 GB,3.2
PlaScope (assembly),KGVET-2018-04-44577,4s,4,0.06666666666666667,5.5 MB,0.0055
Platon,2018-01-2640,1m 25s,85,1.4166666666666667,5.3 GB,5.3
PlasmidHunter,2018-01-2640,1m 28s,88,1.4666666666666666,3.4 GB,3.4
Plasmer,KGVET-2020-01-4249-1,2m 25s,145,2.4166666666666665,14.9 GB,14.9
Plasmer,2018-01-2640,2m 22s,142,2.3666666666666667,15.1 GB,15.1
MOBSuite,KGVET-2020-01-2496-3,4m 1s,241,4.016666666666667,806 MB,0.806
MOBSuite,KGVET-2020-01-4249-1,4m 11s,251,4.183333333333334,724.9 MB,0.7249
Platon,KGVET-2018-04-44577,1m 11s,71,1.1833333333333331,4.4 GB,4.4
PlasmidHunter,KGVET-2018-04-44577,1m 10s,70,1.1666666666666667,2.9 GB,2.9
PlaScope (assembly),KGVETS-2019-01-1336,4.4s,4,0.06666666666666667,970.2 MB,0.9702
Platon,KGVETS-2019-01-1336,1m 21s,81,1.35,5 GB,5
Plasmer,KGVET-2018-04-44577,2m 34s,154,2.566666666666667,15.1 GB,15.1
PlasmidHunter,KGVETS-2019-01-1336,1m 29s,89,1.4833333333333334,3.3 GB,3.3
PlasmidHunter,KGVET-2020-04-18146,1m 37s,97,1.6166666666666667,3.5 GB,3.5
PlaScope (assembly),KGVET-2020-04-18146,4.4s,4,0.06666666666666667,968.6 MB,0.9686
MOBSuite,KGVET-2018-04-44577,4m 4s,244,4.066666666666666,1.1 GB,1.1
PlaScope (assembly),KGVETS-2019-01-897,4s,4,0.06666666666666667,5.3 MB,0.0053
MOBSuite,2018-01-2640,5m 12s,312,5.2,1.6 GB,1.6
Plasmer,KGVETS-2019-01-1336,2m 9s,129,2.15,15.1 GB,15.1
Platon,KGVET-2020-04-18146,1m 46s,106,1.7666666666666666,5.5 GB,5.5
PlasmidHunter,KGVETS-2019-01-897,1m 19s,79,1.3166666666666669,3.2 GB,3.2
Platon,KGVETS-2019-01-897,1m 12s,72,1.2,4.8 GB,4.8
PlaScope (assembly),2018-01-4203,4.1s,1,0.016666666666666666,5.5 MB,0.0055
MOBSuite,KGVETS-2019-01-1336,4m 38s,278,4.633333333333334,1 GB,1
Plasmer,KGVET-2020-04-18146,2m 15s,135,2.25,14.2 GB,14.2
Plasmer,KGVETS-2019-01-897,2m 6s,126,2.1,15.1 GB,15.1
PlaScope (assembly),KGVET-2019-01-2264,4s,4,0.06666666666666667,964.7 MB,0.9647
PlasmidHunter,2018-01-4203,1m 10s,70,1.1666666666666667,3 GB,3
Platon,2018-01-4203,1m 12s,72,1.2,4.5 GB,4.5
PlasmidHunter,KGVET-2019-01-2264,1m 17s,77,1.2833333333333334,3 GB,3
Platon,KGVET-2019-01-2264,1m 12s,72,1.2,4.6 GB,4.6
Plasmer,2018-01-4203,2m 40s,160,2.6666666666666665,15.1 GB,15.1
MOBSuite,KGVETS-2019-01-897,4m 21s,261,4.35,984.4 MB,0.9844
PlaScope (assembly),KGVETS-2019-01-1380,4.1s,1,0.016666666666666666,13.8 MB,0.013800000000000002
MOBSuite,KGVET-2020-04-18146,5m 43s,343,5.716666666666667,1.6 GB,1.6
Plasmer,KGVET-2019-01-2264,2m 16s,136,2.2666666666666666,15.1 GB,15.1
PlasmidHunter,KGVETS-2019-01-1380,1m 40s,100,1.6666666666666667,3.8 GB,3.8
Platon,KGVETS-2019-01-1380,1m 18s,78,1.3,5.8 GB,5.8
PlasmidHunter,2018-01-2734,1m 16s,76,1.2666666666666666,3.3 GB,3.3
MOBSuite,2018-01-4203,4m 4s,244,4.066666666666666,803.9 MB,0.8039
PlaScope (assembly),2018-01-2734,4s,4,0.06666666666666667,5.5 MB,0.0055
PlaScope (assembly),KGMAR-2019-2186,4.8s,8,0.13333333333333333,5.3 MB,0.0053
Plasmer,KGVETS-2019-01-1380,2m 7s,127,2.1166666666666667,15.1 GB,15.1
MOBSuite,KGVET-2019-01-2264,3m 49s,229,3.816666666666667,740.8 MB,0.7408
Plasmer,2018-01-2734,2m 29s,149,2.4833333333333334,15.1 GB,15.1
Platon,2018-01-2734,1m 23s,83,1.3833333333333333,5.4 GB,5.4
Platon,KGMAR-2019-2186,1m 13s,73,1.2166666666666666,4.7 GB,4.7
PlasmidHunter,KGMAR-2019-2186,1m 17s,77,1.2833333333333334,3.1 GB,3.1
PlaScope (assembly),KGMAR-2020-428,3.9s,9,0.15,5.3 MB,0.0053
MOBSuite,KGVETS-2019-01-1380,4m 46s,286,4.766666666666667,824 MB,0.8240000000000001
PlasmidHunter,KGMAR-2020-428,1m 40s,100,1.6666666666666667,3.4 GB,3.4
Plasmer,KGMAR-2019-2186,2m 19s,139,2.316666666666667,15.1 GB,15.1
Platon,KGMAR-2020-428,1m 55s,115,1.9166666666666667,5.1 GB,5.1
MOBSuite,KGMAR-2019-2186,3m 58s,238,3.966666666666667,723 MB,0.723
Plasmer,KGMAR-2020-428,2m 26s,146,2.433333333333333,14.8 GB,14.8
PlaScope (assembly),KGVET-2020-01-202-1,4.7s,7,0.11666666666666668,974.9 MB,0.9749
MOBSuite,2018-01-2734,5m 17s,317,5.283333333333333,1.1 GB,1.1
Platon,KGVET-2020-01-202-1,1m 13s,73,1.2166666666666666,5.2 GB,5.2
PlaScope (assembly),KGVET-2020-01-2328-1,4.3s,3,0.05,13.7 MB,0.0137
Plasmer,KGVET-2020-01-202-1,2m 3s,123,2.05,15.1 GB,15.1
PlasmidHunter,KGVET-2020-01-202-1,1m 38s,98,1.6333333333333333,2.9 GB,2.9
PlasmidHunter,KGVET-2020-01-2328-1,1m 12s,72,1.2,3.3 GB,3.3
Platon,KGVET-2020-01-2328-1,1m 19s,79,1.3166666666666669,5.1 GB,5.1
Plasmer,KGVET-2020-01-2328-1,2m 9s,129,2.15,15.1 GB,15.1
PlaScope (assembly),KGVETS-2019-01-1382,4.2s,2,0.03333333333333333,5.1 MB,0.0051
MOBSuite,KGMAR-2020-428,5m 28s,328,5.466666666666667,2 GB,2
Platon,KGVETS-2019-01-1382,1m 31s,91,1.5166666666666666,5.4 GB,5.4
PlasmidHunter,KGVETS-2019-01-1382,1m 29s,89,1.4833333333333334,3.5 GB,3.5
PlaScope (assembly),KGMAR-2016-1178,4s,4,0.06666666666666667,5.6 MB,0.0056
Plasmer,KGVETS-2019-01-1382,2m 47s,167,2.783333333333333,14.4 GB,14.4
MOBSuite,KGVET-2020-01-202-1,4m 33s,273,4.55,833.7 MB,0.8337000000000001
PlaScope (assembly),KGVET-2020-01-1661,4.2s,2,0.03333333333333333,5.2 MB,0.005200000000000001
MOBSuite,KGVET-2020-01-2328-1,4m 3s,243,4.05,719.6 MB,0.7196
PlasmidHunter,KGMAR-2016-1178,1m 33s,93,1.55,3.2 GB,3.2
Platon,KGMAR-2016-1178,1m 41s,101,1.6833333333333331,4.8 GB,4.8
MOBSuite,KGVETS-2019-01-1382,4m 47s,287,4.783333333333333,1.1 GB,1.1
Plasmer,KGMAR-2016-1178,2m 35s,155,2.583333333333333,15.1 GB,15.1
Platon,KGVET-2020-01-1661,1m 37s,97,1.6166666666666667,5.3 GB,5.3
PlasmidHunter,KGVET-2020-01-1661,1m 38s,98,1.6333333333333333,3.5 GB,3.5
PlaScope (assembly),KGMAR-2016-563,4.4s,4,0.06666666666666667,952.4 MB,0.9524
PlasmidHunter,KGMAR-2016-563,1m 24s,84,1.4,3.2 GB,3.2
Plasmer,KGVET-2020-01-1661,2m 49s,169,2.816666666666667,15.1 GB,15.1
Platon,KGMAR-2016-563,1m 33s,93,1.55,4.9 GB,4.9
Platon,2018-01-2782,1m 9s,69,1.15,4.5 GB,4.5
PlaScope (assembly),2018-01-2782,4.3s,3,0.05,963.2 MB,0.9632
PlasmidHunter,2018-01-2782,1m 23s,83,1.3833333333333333,3 GB,3
Plasmer,KGMAR-2016-563,2m 35s,155,2.583333333333333,14.3 GB,14.3
PlaScope (assembly),KGVETS-2019-01-1378,4.1s,1,0.016666666666666666,5.3 MB,0.0053
MOBSuite,KGMAR-2016-1178,6m,360,6,2.6 GB,2.6
PlasmidHunter,KGVETS-2019-01-1378,1m 19s,79,1.3166666666666669,3.4 GB,3.4
MOBSuite,KGVET-2020-01-1661,5m 56s,356,5.933333333333334,2.2 GB,2.2
Plasmer,2018-01-2782,2m 24s,144,2.4,15.1 GB,15.1
MOBSuite,2018-01-2782,3m 52s,232,3.8666666666666663,713.7 MB,0.7137000000000001
Platon,KGVETS-2019-01-1378,1m 31s,91,1.5166666666666666,5.6 GB,5.6
PlaScope (assembly),KGVET-2020-01-3775-3,4.4s,4,0.06666666666666667,969.2 MB,0.9692
PlaScope (assembly),2018-01-2860,4.7s,7,0.11666666666666668,968.6 MB,0.9686
MOBSuite,KGMAR-2016-563,5m 5s,305,5.083333333333333,1.7 GB,1.7
Platon,KGVET-2020-01-3775-3,1m 15s,75,1.25,4.6 GB,4.6
PlasmidHunter,KGVET-2020-01-3775-3,1m 12s,72,1.2,3.1 GB,3.1
Plasmer,KGVETS-2019-01-1378,2m 46s,166,2.7666666666666666,15.1 GB,15.1
PlasmidHunter,2018-01-2860,1m 17s,77,1.2833333333333334,3.1 GB,3.1
PlaScope (assembly),KGMAR-2019-1497,4.4s,4,0.06666666666666667,964.4 MB,0.9644
Platon,2018-01-2860,1m 16s,76,1.2666666666666666,4.6 GB,4.6
Plasmer,KGVET-2020-01-3775-3,2m 21s,141,2.35,14.4 GB,14.4
MOBSuite,KGVETS-2019-01-1378,4m 50s,290,4.833333333333333,1 GB,1
Plasmer,2018-01-2860,2m 18s,138,2.3,15.1 GB,15.1
MOBSuite,KGVET-2020-01-3775-3,4m 7s,247,4.116666666666666,721.6 MB,0.7216
PlaScope (assembly),KGMAR-2016-733,4s,4,0.06666666666666667,5.2 MB,0.005200000000000001
Platon,KGMAR-2019-1497,1m 34s,94,1.5666666666666669,5.3 GB,5.3
PlasmidHunter,KGMAR-2019-1497,1m 41s,101,1.6833333333333331,3.4 GB,3.4
Plasmer,KGMAR-2019-1497,2m 31s,151,2.5166666666666666,14.3 GB,14.3
PlasmidHunter,KGMAR-2016-733,1m 46s,106,1.7666666666666666,3.5 GB,3.5
PlaScope (assembly),KGVET-2020-01-468-1,4.5s,5,0.08333333333333333,975.7 MB,0.9757
Platon,KGMAR-2016-733,1m 59s,119,1.9833333333333332,5.3 GB,5.3
Platon,KGVET-2020-01-468-1,1m 24s,84,1.4,5.1 GB,5.1
PlaScope (assembly),2018-01-3723,4.2s,2,0.03333333333333333,13.7 MB,0.0137
Plasmer,KGMAR-2016-733,2m 35s,155,2.583333333333333,14.1 GB,14.1
MOBSuite,2018-01-2860,4m 15s,255,4.25,719 MB,0.719
PlasmidHunter,KGVET-2020-01-468-1,1m 40s,100,1.6666666666666667,3.3 GB,3.3
Plasmer,KGVET-2020-01-468-1,1m 58s,118,1.9666666666666663,13.4 GB,13.4
Platon,2018-01-3723,1m 24s,84,1.4,5 GB,5
PlasmidHunter,2018-01-3723,1m 21s,81,1.35,3.3 GB,3.3
MOBSuite,KGMAR-2019-1497,5m 30s,330,5.5,1.9 GB,1.9
Plasmer,2018-01-3723,2m 47s,167,2.783333333333333,15.1 GB,15.1
Platon,2018-01-389,1m 13s,73,1.2166666666666666,4.9 GB,4.9
PlaScope (assembly),2018-01-389,4.2s,2,0.03333333333333333,13.7 MB,0.0137
PlasmidHunter,2018-01-389,1m 17s,77,1.2833333333333334,3.1 GB,3.1
PlaScope (assembly),KGVET-2020-01-2158-1,4s,4,0.06666666666666667,5.3 MB,0.0053
MOBSuite,KGVET-2020-01-468-1,5m 8s,308,5.133333333333334,1.3 GB,1.3
MOBSuite,KGMAR-2016-733,6m 12s,372,6.2,2.3 GB,2.3
PlasmidHunter,KGVET-2020-01-2158-1,1m 21s,81,1.35,3.3 GB,3.3
PlaScope (assembly),KGMAR-2019-1766,4.2s,2,0.03333333333333333,5.5 MB,0.0055
Plasmer,2018-01-389,2m 24s,144,2.4,15.1 GB,15.1
MOBSuite,2018-01-3723,4m 48s,288,4.8,1.3 GB,1.3
Platon,KGVET-2020-01-2158-1,1m 21s,81,1.35,5 GB,5
Plasmer,KGVET-2020-01-2158-1,2m 54s,174,2.9,14.9 GB,14.9
PlasmidHunter,KGMAR-2019-1766,1m 25s,85,1.4166666666666667,3.1 GB,3.1
MOBSuite,2018-01-389,4m 17s,257,4.283333333333333,755.7 MB,0.7557
Platon,KGMAR-2019-1766,2m,120,2,6.7 GB,6.7
PlaScope (assembly),2018-01-778,4.7s,7,0.11666666666666668,978 MB,0.978
PlaScope (assembly),2018-01-4639,4.4s,4,0.06666666666666667,970.8 MB,0.9708
PlasmidHunter,2018-01-778,1m 28s,88,1.4666666666666666,3.2 GB,3.2
Plasmer,KGMAR-2019-1766,2m 38s,158,2.6333333333333333,14.2 GB,14.2
MOBSuite,KGVET-2020-01-2158-1,5m 1s,301,5.016666666666667,1.1 GB,1.1
Platon,2018-01-778,1m 20s,80,1.3333333333333333,4.9 GB,4.9
Plasmer,2018-01-778,2m 3s,123,2.05,15.1 GB,15.1
Platon,2018-01-4639,2m 1s,121,2.0166666666666666,5.8 GB,5.8
Platon,2018-01-1584,1m 21s,81,1.35,5.4 GB,5.4
PlasmidHunter,2018-01-4639,2m 4s,124,2.066666666666667,3.8 GB,3.8
PlaScope (assembly),2018-01-1584,3.8s,8,0.13333333333333333,5.4 MB,0.0054
PlasmidHunter,2018-01-1584,1m 22s,82,1.3666666666666667,3.1 GB,3.1
PlaScope (assembly),KGMAR-2016-1397,4s,4,0.06666666666666667,5.3 MB,0.0053
Plasmer,2018-01-4639,2m 4s,124,2.066666666666667,15.1 GB,15.1
MOBSuite,2018-01-778,4m 28s,268,4.466666666666667,924.1 MB,0.9241
PlasmidHunter,KGMAR-2016-1397,1m 32s,92,1.5333333333333334,3.1 GB,3.1
Platon,KGMAR-2016-1397,1m 48s,108,1.8,5 GB,5
MOBSuite,KGMAR-2019-1766,6m 3s,363,6.05,2.4 GB,2.4
Plasmer,2018-01-1584,2m 31s,151,2.5166666666666666,14.3 GB,14.3
PlaScope (assembly),KGVETS-2019-01-1759,4.2s,2,0.03333333333333333,5.4 MB,0.0054
Plasmer,KGMAR-2016-1397,2m 25s,145,2.4166666666666665,15.1 GB,15.1
PlasmidHunter,KGVETS-2019-01-1759,1m 12s,72,1.2,3.1 GB,3.1
MOBSuite,2018-01-4639,5m 37s,337,5.616666666666666,1.5 GB,1.5
Platon,KGVETS-2019-01-1759,1m 18s,78,1.3,4.7 GB,4.7
PlaScope (assembly),KGVET-2020-01-3514,4.5s,5,0.08333333333333333,976.9 MB,0.9769
Platon,KGVET-2020-01-3514,1m 10s,70,1.1666666666666667,4.7 GB,4.7
PlasmidHunter,KGVET-2020-01-3514,1m 33s,93,1.55,3.1 GB,3.1
Plasmer,KGVETS-2019-01-1759,2m 40s,160,2.6666666666666665,14.2 GB,14.2
MOBSuite,2018-01-1584,4m 39s,279,4.65,1.4 GB,1.4
PlaScope (assembly),2018-01-1024,4.4s,4,0.06666666666666667,13.8 MB,0.013800000000000002
Plasmer,KGVET-2020-01-3514,1m 52s,112,1.8666666666666667,14.9 GB,14.9
PlasmidHunter,2018-01-1024,1m 31s,91,1.5166666666666666,3.1 GB,3.1
PlaScope (assembly),2018-01-1439,4.7s,7,0.11666666666666668,968.6 MB,0.9686
Platon,2018-01-1024,1m 26s,86,1.4333333333333331,5.5 GB,5.5
Plasmer,2018-01-1024,1m 59s,119,1.9833333333333332,15.1 GB,15.1
MOBSuite,KGVETS-2019-01-1759,4m 27s,267,4.45,1.2 GB,1.2
MOBSuite,KGMAR-2016-1397,6m 1s,361,6.016666666666667,2 GB,2
MOBSuite,KGVET-2020-01-3514,3m 50s,230,3.8333333333333335,727.9 MB,0.7279
PlaScope (assembly),KGVET-2020-01-236-2,4.9s,9,0.15,972.2 MB,0.9722
Platon,2018-01-1439,1m 26s,86,1.4333333333333331,5.2 GB,5.2
Plasmer,2018-01-1439,2m 11s,131,2.183333333333333,14.9 GB,14.9
PlasmidHunter,KGVET-2020-01-236-2,1m 28s,88,1.4666666666666666,3.1 GB,3.1
PlasmidHunter,2018-01-1439,1m 39s,99,1.65,3.4 GB,3.4
Platon,KGVET-2020-01-236-2,1m 14s,74,1.2333333333333334,4.8 GB,4.8
PlaScope (assembly),KGVETS-2019-01-1760,4.1s,1,0.016666666666666666,5.5 MB,0.0055
Plasmer,KGVET-2020-01-236-2,1m 56s,116,1.9333333333333331,15.1 GB,15.1
PlaScope (assembly),KGVETS-2019-01-1761,4.5s,5,0.08333333333333333,5.4 MB,0.0054
Platon,KGVETS-2019-01-1760,1m 22s,82,1.3666666666666667,5.3 GB,5.3
PlasmidHunter,KGVETS-2019-01-1760,1m 17s,77,1.2833333333333334,3.2 GB,3.2
MOBSuite,2018-01-1024,4m 58s,298,4.966666666666667,1.3 GB,1.3
PlasmidHunter,KGVETS-2019-01-1761,1m 23s,83,1.3833333333333333,3.4 GB,3.4
MOBSuite,KGVET-2020-01-236-2,4m 9s,249,4.15,801.8 MB,0.8018
PlaScope (assembly),KGVET-2020-01-2661,4.1s,1,0.016666666666666666,5.4 MB,0.0054
Platon,KGVETS-2019-01-1761,1m 18s,78,1.3,5.1 GB,5.1
Plasmer,KGVETS-2019-01-1760,2m 49s,169,2.816666666666667,14.8 GB,14.8
MOBSuite,2018-01-1439,4m 56s,296,4.933333333333334,1.3 GB,1.3
Plasmer,KGVETS-2019-01-1761,2m 46s,166,2.7666666666666666,15.1 GB,15.1
PlaScope (assembly),KGVETS-2019-01-1806,4.1s,1,0.016666666666666666,5.4 MB,0.0054
PlasmidHunter,KGVET-2020-01-2661,1m 26s,86,1.4333333333333331,3.2 GB,3.2
Platon,KGVET-2020-01-2661,1m 31s,91,1.5166666666666666,5.1 GB,5.1
MOBSuite,KGVETS-2019-01-1760,4m 39s,279,4.65,1.1 GB,1.1
Plasmer,KGVET-2020-01-2661,2m 36s,156,2.6,15.1 GB,15.1
PlasmidHunter,KGVETS-2019-01-1806,1m 23s,83,1.3833333333333333,3.5 GB,3.5
Plasmer,KGVETS-2019-01-1806,2m 37s,157,2.6166666666666667,15.1 GB,15.1
Platon,KGVETS-2019-01-1806,1m 25s,85,1.4166666666666667,5.3 GB,5.3
PlaScope (assembly),KGVET-2020-01-2067-1,4s,4,0.06666666666666667,5.3 MB,0.0053
MOBSuite,KGVETS-2019-01-1761,4m 29s,269,4.483333333333333,1 GB,1
PlasmidHunter,KGVET-2020-01-3043-2,1m 13s,73,1.2166666666666666,2.9 GB,2.9
MOBSuite,KGVET-2020-01-2661,4m 43s,283,4.716666666666667,1.6 GB,1.6
Platon,KGVET-2020-01-2067-1,1m 46s,106,1.7666666666666666,5.2 GB,5.2
PlaScope (assembly),KGVET-2020-01-3043-2,4.2s,2,0.03333333333333333,972.3 MB,0.9723
PlasmidHunter,KGVET-2020-01-2067-1,2m 1s,121,2.0166666666666666,3.2 GB,3.2
Plasmer,KGVET-2020-01-2067-1,2m 21s,141,2.35,14.2 GB,14.2
PlasmidHunter,KGMAR-2019-604,1m 9s,69,1.15,3.2 GB,3.2
Platon,KGVET-2020-01-3043-2,1m 21s,81,1.35,4.4 GB,4.4
PlaScope (assembly),KGMAR-2019-604,4.2s,2,0.03333333333333333,5.3 MB,0.0053
MOBSuite,KGVET-2020-01-3043-2,3m 42s,222,3.7,718.7 MB,0.7187
PlaScope (assembly),2018-01-711,4s,4,0.06666666666666667,5.4 MB,0.0054
MOBSuite,KGVETS-2019-01-1806,5m 6s,306,5.1,891.9 MB,0.8919
Plasmer,KGVET-2020-01-3043-2,2m 13s,133,2.216666666666667,15.1 GB,15.1
Platon,KGMAR-2019-604,1m 16s,76,1.2666666666666666,4.8 GB,4.8
MOBSuite,KGVET-2020-01-2067-1,4m 59s,299,4.983333333333333,1.1 GB,1.1
Plasmer,KGMAR-2019-604,2m 39s,159,2.65,14.6 GB,14.6
Platon,2018-01-711,1m 13s,73,1.2166666666666666,4.6 GB,4.6
PlasmidHunter,2018-01-711,1m 21s,81,1.35,3 GB,3
PlaScope (assembly),KGVET-2019-01-792,3.9s,9,0.15,13.6 MB,0.0136
Platon,KGVET-2019-01-792,1m 43s,103,1.7166666666666666,6 GB,6
MOBSuite,KGMAR-2019-604,4m 5s,245,4.083333333333333,864.3 MB,0.8643
Plasmer,2018-01-711,2m 21s,141,2.35,14.5 GB,14.5
PlaScope (assembly),KGVET-2020-01-2959-1,4.1s,1,0.016666666666666666,5.4 MB,0.0054
PlasmidHunter,KGVET-2019-01-792,1m 34s,94,1.5666666666666669,3.9 GB,3.9
PlasmidHunter,KGVET-2020-01-2959-1,1m 18s,78,1.3,3.1 GB,3.1
MOBSuite,2018-01-711,4m 9s,249,4.15,713.4 MB,0.7134
Platon,KGVET-2020-01-2959-1,1m 22s,82,1.3666666666666667,4.6 GB,4.6
Plasmer,KGVET-2019-01-792,2m 40s,160,2.6666666666666665,15.1 GB,15.1
Plasmer,KGVET-2020-01-2959-1,1m 57s,117,1.95,14.2 GB,14.2
PlaScope (assembly),KGVET-2020-01-4327,3.9s,9,0.15,5.4 MB,0.0054
PlaScope (assembly),KGVETS-2019-01-2116,4.3s,3,0.05,5.3 MB,0.0053
Platon,KGVET-2020-01-4327,1m 9s,69,1.15,4.7 GB,4.7
PlasmidHunter,KGVET-2020-01-4327,1m 13s,73,1.2166666666666666,3.1 GB,3.1
Plasmer,KGVET-2020-01-4327,2m 26s,146,2.433333333333333,15.1 GB,15.1
Platon,KGVETS-2019-01-2116,1m 23s,83,1.3833333333333333,5.6 GB,5.6
MOBSuite,KGVET-2019-01-792,5m 32s,332,5.533333333333333,1.6 GB,1.6
PlaScope (assembly),KGVETS-2019-01-2201,4s,4,0.06666666666666667,5.5 MB,0.0055
PlasmidHunter,KGVETS-2019-01-2116,1m 22s,82,1.3666666666666667,3.6 GB,3.6
MOBSuite,KGVET-2020-01-2959-1,3m 58s,238,3.966666666666667,832.2 MB,0.8322
MOBSuite,KGVET-2020-01-4327,3m 50s,230,3.8333333333333335,725.6 MB,0.7256
PlasmidHunter,KGVETS-2019-01-2201,1m 38s,98,1.6333333333333333,3.2 GB,3.2
Platon,KGVETS-2019-01-2201,1m 18s,78,1.3,4.8 GB,4.8
Plasmer,KGVETS-2019-01-2116,2m 55s,175,2.9166666666666665,14.2 GB,14.2
PlaScope (assembly),KGVETS-2019-01-2303,4.6s,6,0.1,5.5 MB,0.0055
PlasmidHunter,KGVETS-2019-01-2303,1m 14s,74,1.2333333333333334,3.2 GB,3.2
PlaScope (assembly),2018-01-1001,4.1s,1,0.016666666666666666,9.6 MB,0.0096
Platon,KGVETS-2019-01-2303,1m 14s,74,1.2333333333333334,4.8 GB,4.8
Plasmer,KGVETS-2019-01-2201,2m 20s,140,2.333333333333333,14 GB,14
PlasmidHunter,2018-01-1001,1m 20s,80,1.3333333333333333,3.4 GB,3.4
MOBSuite,KGVETS-2019-01-2116,4m 48s,288,4.8,1.1 GB,1.1
Platon,2018-01-1001,1m 16s,76,1.2666666666666666,5.1 GB,5.1
PlaScope (assembly),KGVETS-2019-01-1844,4.2s,2,0.03333333333333333,5.4 MB,0.0054
Plasmer,KGVETS-2019-01-2303,2m 37s,157,2.6166666666666667,14.5 GB,14.5
MOBSuite,KGVETS-2019-01-2201,4m 5s,245,4.083333333333333,719 MB,0.719
Platon,KGVETS-2019-01-1844,1m 33s,93,1.55,5.1 GB,5.1
PlasmidHunter,KGVETS-2019-01-1844,1m 44s,104,1.7333333333333334,3.4 GB,3.4
Plasmer,2018-01-1001,3m 9s,189,3.15,14.4 GB,14.4
Plasmer,KGVETS-2019-01-1844,3m 18s,198,3.3,15.1 GB,15.1
PlaScope (assembly),KGVETS-2019-01-1961,4s,4,0.06666666666666667,5.4 MB,0.0054
MOBSuite,KGVETS-2019-01-2303,5m 17s,317,5.283333333333333,904.1 MB,0.9041
PlaScope (assembly),NK_H29_003,3.8s,8,0.13333333333333333,968 MB,0.968
PlaScope (assembly),KGVETS-2019-01-3127,4.2s,2,0.03333333333333333,5.6 MB,0.0056
PlasmidHunter,KGVETS-2019-01-1961,1m 51s,111,1.85,3.3 GB,3.3
Platon,KGVETS-2019-01-1961,1m 24s,84,1.4,5.1 GB,5.1
MOBSuite,2018-01-1001,5m 44s,344,5.733333333333333,1.1 GB,1.1
Platon,KGVETS-2019-01-3127,1m 31s,91,1.5166666666666666,6.2 GB,6.2
Plasmer,KGVETS-2019-01-1961,3m 2s,182,3.033333333333333,15.1 GB,15.1
PlaScope (assembly),KGVETS-2019-01-2871,5.6s,6,0.1,972.6 MB,0.9726
MOBSuite,KGVETS-2019-01-1844,5m 36s,336,5.6,1.1 GB,1.1
PlasmidHunter,KGVETS-2019-01-3127,1m 31s,91,1.5166666666666666,3.3 GB,3.3
PlaScope (assembly),KGVETS-2019-01-2870,5.7s,7,0.11666666666666668,980.1 MB,0.9801
Plasmer,KGVETS-2019-01-3127,3m 1s,181,3.0166666666666666,15.1 GB,15.1
Platon,KGVETS-2019-01-2871,1m 22s,82,1.3666666666666667,4.6 GB,4.6
PlasmidHunter,KGVETS-2019-01-2871,1m 46s,106,1.7666666666666666,3.1 GB,3.1
MOBSuite,KGVETS-2019-01-1961,5m 51s,351,5.85,1.4 GB,1.4
PlaScope (assembly),KGVETS-2019-01-3158,6s,6,0.1,957.4 MB,0.9574
PlasmidHunter,KGVETS-2019-01-2870,1m 59s,119,1.9833333333333332,3.5 GB,3.5
Plasmer,KGVETS-2019-01-2871,2m 15s,135,2.25,14.2 GB,14.2
Platon,KGVETS-2019-01-2870,1m 49s,109,1.8166666666666669,5.3 GB,5.3
MOBSuite,KGVETS-2019-01-3127,5m 1s,301,5.016666666666667,982.8 MB,0.9828
PlasmidHunter,KGVETS-2019-01-3158,1m 34s,94,1.5666666666666669,3.2 GB,3.2
Plasmer,KGVETS-2019-01-2870,2m 28s,148,2.466666666666667,13.2 GB,13.2
Platon,KGVETS-2019-01-3158,1m 14s,74,1.2333333333333334,4.9 GB,4.9
MOBSuite,KGVETS-2019-01-2871,4m 27s,267,4.45,723 MB,0.723
PlaScope (assembly),KGVETS-2019-01-3185,5.1s,1,0.016666666666666666,14 MB,0.014
Platon,KGVETS-2019-01-3185,1m 34s,94,1.5666666666666669,6.3 GB,6.3
PlasmidHunter,KGVETS-2019-01-3185,1m 42s,102,1.7,3.6 GB,3.6
Plasmer,KGVETS-2019-01-3158,2m 51s,171,2.85,14.9 GB,14.9
PlasmidHunter,KGVETS-2019-01-3162,1m 53s,113,1.8833333333333333,3.3 GB,3.3
Platon,KGVETS-2019-01-3162,1m 34s,94,1.5666666666666669,4.9 GB,4.9
PlaScope (assembly),KGVETS-2019-01-3162,6.6s,6,0.1,963.7 MB,0.9637
MOBSuite,KGVETS-2019-01-3158,4m 33s,273,4.55,766.4 MB,0.7664
Plasmer,KGVETS-2019-01-3185,3m 18s,198,3.3,14.5 GB,14.5
MOBSuite,KGVETS-2019-01-2870,6m 14s,374,6.233333333333333,1.7 GB,1.7
PlaScope (assembly),KGVETS-2019-01-326,5s,5,0.08333333333333333,961.9 MB,0.9619
Platon,KGVETS-2019-01-326,1m 27s,87,1.45,4.7 GB,4.7
Plasmer,KGVETS-2019-01-3162,2m 40s,160,2.6666666666666665,14.3 GB,14.3
PlasmidHunter,KGVETS-2019-01-326,1m 31s,91,1.5166666666666666,3.2 GB,3.2
MOBSuite,KGVETS-2019-01-3185,5m 35s,335,5.583333333333333,1.1 GB,1.1
PlaScope (assembly),KGVETS-2019-01-376,5.3s,3,0.05,959.4 MB,0.9594
PlasmidHunter,KGVETS-2019-01-376,1m 31s,91,1.5166666666666666,3.3 GB,3.3
MOBSuite,KGVETS-2019-01-3162,5m 7s,307,5.116666666666666,1 GB,1
Plasmer,KGVETS-2019-01-326,2m 40s,160,2.6666666666666665,15.1 GB,15.1
PlaScope (assembly),KGVETS-2019-01-4118,5.6s,6,0.1,971.4 MB,0.9714
Platon,KGVETS-2019-01-376,1m 26s,86,1.4333333333333331,4.9 GB,4.9
PlasmidHunter,KGVETS-2019-01-4118,1m 34s,94,1.5666666666666669,3.1 GB,3.1
Plasmer,KGVETS-2019-01-376,2m 36s,156,2.6,14.2 GB,14.2
Platon,KGVETS-2019-01-4118,1m 22s,82,1.3666666666666667,4.6 GB,4.6
PlaScope (assembly),KGVETS-2019-01-4407,4.6s,6,0.1,952.8 MB,0.9528
MOBSuite,KGVETS-2019-01-326,4m 27s,267,4.45,1.1 GB,1.1
Plasmer,KGVETS-2019-01-4118,2m 9s,129,2.15,15.1 GB,15.1
PlasmidHunter,KGVETS-2019-01-4407,1m 30s,90,1.5,3.4 GB,3.4
MOBSuite,KGVETS-2019-01-376,4m 44s,284,4.733333333333333,1.1 GB,1.1
Platon,KGVETS-2019-01-4407,1m 53s,113,1.8833333333333333,5.6 GB,5.6
PlaScope (assembly),KGVETS-2019-01-3793,4.2s,2,0.03333333333333333,5.4 MB,0.0054
MOBSuite,KGVETS-2019-01-4118,4m 31s,271,4.516666666666667,751.4 MB,0.7514
PlasmidHunter,KGVETS-2019-01-3793,1m 25s,85,1.4166666666666667,3.2 GB,3.2
Plasmer,KGVETS-2019-01-4407,2m 52s,172,2.8666666666666667,14.9 GB,14.9
PlaScope (assembly),KGVETS-2019-01-4380,4s,4,0.06666666666666667,971.8 MB,0.9718
Plasmer,KGVETS-2019-01-3793,2m 37s,157,2.6166666666666667,15.1 GB,15.1
Platon,KGVETS-2019-01-3793,1m 19s,79,1.3166666666666669,4.8 GB,4.8
Platon,KGVETS-2019-01-4380,1m 21s,81,1.35,4.9 GB,4.9
PlasmidHunter,KGVETS-2019-01-4380,1m 33s,93,1.55,3.2 GB,3.2
MOBSuite,KGVETS-2019-01-4407,5m 6s,306,5.1,1 GB,1
PlaScope (assembly),KGVETS-2019-01-4548,5.1s,1,0.016666666666666666,964.9 MB,0.9649
PlaScope (assembly),KGVETS-2019-01-4637,4.8s,8,0.13333333333333333,966.6 MB,0.9666
Platon,KGVETS-2019-01-4548,1m 29s,89,1.4833333333333334,5.1 GB,5.1
Plasmer,KGVETS-2019-01-4380,2m 22s,142,2.3666666666666667,14.2 GB,14.2
PlasmidHunter,KGVETS-2019-01-4548,1m 39s,99,1.65,3.4 GB,3.4
MOBSuite,KGVETS-2019-01-3793,4m 36s,276,4.6,945.9 MB,0.9459
Plasmer,KGVETS-2019-01-4548,2m 20s,140,2.333333333333333,14.2 GB,14.2
PlasmidHunter,KGVETS-2019-01-4637,1m 16s,76,1.2666666666666666,3.3 GB,3.3
Plasmer,KGVETS-2019-01-4637,2m 32s,152,2.533333333333333,14.4 GB,14.4
Platon,KGVETS-2019-01-4637,1m 26s,86,1.4333333333333331,4.9 GB,4.9
PlaScope (assembly),KGVETS-2019-01-476,4.3s,3,0.05,961 MB,0.961
Platon,KGVETS-2019-01-476,1m 16s,76,1.2666666666666666,4.6 GB,4.6
PlasmidHunter,KGVETS-2019-01-476,1m 35s,95,1.5833333333333333,3.2 GB,3.2
MOBSuite,KGVETS-2019-01-4380,4m 40s,280,4.666666666666667,1 GB,1
MOBSuite,KGVETS-2019-01-4548,4m 57s,297,4.95,1.1 GB,1.1
PlaScope (assembly),KGVETS-2019-01-4848,4.5s,5,0.08333333333333333,968.9 MB,0.9689
MOBSuite,KGVETS-2019-01-4637,4m 34s,274,4.566666666666666,717.3 MB,0.7172999999999999
Plasmer,KGVETS-2019-01-4848,2m 15s,135,2.25,15.1 GB,15.1
PlasmidHunter,KGVETS-2019-01-4848,1m 41s,101,1.6833333333333331,3.4 GB,3.4
Plasmer,KGVETS-2019-01-476,2m 46s,166,2.7666666666666666,14.3 GB,14.3
MOBSuite,KGVETS-2019-01-476,4m 14s,254,4.233333333333333,758.6 MB,0.7586
PlaScope (assembly),KGVETS-2019-01-4639,4.8s,8,0.13333333333333333,964.8 MB,0.9648
Platon,KGVETS-2019-01-4848,1m 34s,94,1.5666666666666669,5.2 GB,5.2
Plasmer,NK_H24_010,2m 39s,159,2.65,14.2 GB,14.2
PlaScope (assembly),KGVETS-2019-01-4908,4.8s,8,0.13333333333333333,960 MB,0.96
PlasmidHunter,KGVETS-2019-01-4639,1m 28s,88,1.4666666666666666,3.2 GB,3.2
Platon,KGVETS-2019-01-4639,1m 26s,86,1.4333333333333331,5.3 GB,5.3
Plasmer,KGVETS-2019-01-4639,2m 19s,139,2.316666666666667,14.2 GB,14.2
MOBSuite,KGVETS-2019-01-4848,4m 47s,287,4.783333333333333,844.6 MB,0.8446
PlasmidHunter,KGVETS-2019-01-4908,1m 37s,97,1.6166666666666667,3.1 GB,3.1
Platon,KGVETS-2019-01-4908,1m 23s,83,1.3833333333333333,4.7 GB,4.7
PlaScope (assembly),KGVETS-2019-01-4937,4.8s,8,0.13333333333333333,962.3 MB,0.9623
PlasmidHunter,KGVETS-2019-01-4937,1m 24s,84,1.4,3.2 GB,3.2
PlasmidHunter,NK_H24_016,1m 13s,73,1.2166666666666666,3.1 GB,3.1
Platon,KGVETS-2019-01-4937,1m 16s,76,1.2666666666666666,4.8 GB,4.8
PlaScope (assembly),KGVETS-2019-01-5108,5.4s,4,0.06666666666666667,964.1 MB,0.9641
Plasmer,KGVETS-2019-01-4908,2m 37s,157,2.6166666666666667,14.9 GB,14.9
Platon,KGVETS-2019-01-5108,1m 23s,83,1.3833333333333333,4.7 GB,4.7
MOBSuite,KGVETS-2019-01-4639,4m 36s,276,4.6,988.8 MB,0.9888
Plasmer,KGVETS-2019-01-4937,2m 33s,153,2.55,14.1 GB,14.1
PlasmidHunter,KGVETS-2019-01-5108,1m 29s,89,1.4833333333333334,3.1 GB,3.1
MOBSuite,KGVETS-2019-01-4908,4m 45s,285,4.75,1.2 GB,1.2
PlaScope (assembly),KGVETS-2019-01-587,4.6s,6,0.1,960.1 MB,0.9601
Platon,KGVETS-2019-01-587,1m 25s,85,1.4166666666666667,5 GB,5
Plasmer,KGVETS-2019-01-5108,2m 25s,145,2.4166666666666665,15.1 GB,15.1
PlasmidHunter,KGVETS-2019-01-587,1m 40s,100,1.6666666666666667,3.3 GB,3.3
PlaScope (assembly),KGVETS-2019-01-604,4.2s,2,0.03333333333333333,5.2 MB,0.005200000000000001
PlasmidHunter,KGVETS-2019-01-604,1m 17s,77,1.2833333333333334,3.1 GB,3.1
Platon,KGVETS-2019-01-604,1m 27s,87,1.45,4.6 GB,4.6
PlaScope (assembly),KGVETS-2019-01-901,5.1s,1,0.016666666666666666,965.8 MB,0.9658
MOBSuite,KGVETS-2019-01-4937,4m 47s,287,4.783333333333333,954.6 MB,0.9546
Plasmer,KGVETS-2019-01-587,2m 36s,156,2.6,14.2 GB,14.2
Platon,KGVETS-2019-01-901,1m 26s,86,1.4333333333333331,4.6 GB,4.6
MOBSuite,KGVETS-2019-01-5108,4m 37s,277,4.616666666666666,1.1 GB,1.1
PlasmidHunter,KGVETS-2019-01-901,1m 34s,94,1.5666666666666669,3.1 GB,3.1
PlaScope (assembly),KGVETS-2019-01-902,4.6s,6,0.1,959.6 MB,0.9596
Plasmer,KGVETS-2019-01-901,2m 12s,132,2.2,14.2 GB,14.2
Plasmer,KGVETS-2019-01-604,2m 52s,172,2.8666666666666667,15.1 GB,15.1
MOBSuite,KGVETS-2019-01-587,4m 49s,289,4.816666666666666,1.1 GB,1.1
PlasmidHunter,KGVETS-2019-01-902,1m 32s,92,1.5333333333333334,3.4 GB,3.4
Platon,KGVETS-2019-01-902,1m 26s,86,1.4333333333333331,5.1 GB,5.1
MOBSuite,KGVETS-2019-01-604,4m,240,4,747.9 MB,0.7479
PlaScope (assembly),KP_NORM_BLD_1032,4.3s,3,0.05,13.8 MB,0.013800000000000002
PlaScope (assembly),KP_NORM_BLD_110772,4.9s,9,0.15,943.7 MB,0.9437
PlasmidHunter,KP_NORM_BLD_1032,1m 39s,99,1.65,3.5 GB,3.5
Plasmer,KGVETS-2019-01-902,2m 44s,164,2.7333333333333334,15.1 GB,15.1
Platon,KP_NORM_BLD_1032,1m 38s,98,1.6333333333333333,5.3 GB,5.3
Plasmer,KP_NORM_BLD_1032,2m 33s,153,2.55,15.1 GB,15.1
MOBSuite,KGVETS-2019-01-901,4m 43s,283,4.716666666666667,1.3 GB,1.3
PlasmidHunter,KP_NORM_BLD_110772,1m 16s,76,1.2666666666666666,3.2 GB,3.2
Platon,KP_NORM_BLD_110772,1m 23s,83,1.3833333333333333,4.8 GB,4.8
MOBSuite,KGVETS-2019-01-902,4m 50s,290,4.833333333333333,1.1 GB,1.1
PlaScope (assembly),KP_NORM_BLD_111598,4.9s,9,0.15,949.3 MB,0.9493
PlasmidHunter,KP_NORM_BLD_111598,1m 31s,91,1.5166666666666666,3.6 GB,3.6
Plasmer,KP_NORM_BLD_110772,2m 46s,166,2.7666666666666666,15.1 GB,15.1
PlaScope (assembly),KP_NORM_BLD_111588,4.9s,9,0.15,944.1 MB,0.9441
Platon,KP_NORM_BLD_111598,1m 51s,111,1.85,5.4 GB,5.4
MOBSuite,KP_NORM_BLD_1032,5m 38s,338,5.633333333333334,1.7 GB,1.7
MOBSuite,KP_NORM_BLD_110772,4m 33s,273,4.55,1.1 GB,1.1
Plasmer,KP_NORM_BLD_111598,2m 51s,171,2.85,14.2 GB,14.2
PlasmidHunter,KP_NORM_BLD_111588,1m 18s,78,1.3,3.2 GB,3.2
Platon,KP_NORM_BLD_111588,1m 27s,87,1.45,4.9 GB,4.9
PlaScope (assembly),KP_NORM_BLD_112590,3.9s,9,0.15,5.4 MB,0.0054
Plasmer,KP_NORM_BLD_111588,2m 53s,173,2.8833333333333333,15.1 GB,15.1
PlaScope (assembly),KP_NORM_BLD_112596,4.6s,6,0.1,5.2 MB,0.005200000000000001
PlasmidHunter,KP_NORM_BLD_112590,1m 32s,92,1.5333333333333334,3.2 GB,3.2
Platon,KP_NORM_BLD_112590,1m 43s,103,1.7166666666666666,5.2 GB,5.2
PlasmidHunter,KP_NORM_BLD_112596,1m 31s,91,1.5166666666666666,3.2 GB,3.2
Platon,KP_NORM_BLD_112596,1m 19s,79,1.3166666666666669,4.9 GB,4.9
MOBSuite,KP_NORM_BLD_111598,5m 23s,323,5.383333333333334,1.4 GB,1.4
Plasmer,KP_NORM_BLD_112590,2m 47s,167,2.783333333333333,14.5 GB,14.5
Plasmer,KP_NORM_BLD_112596,2m 41s,161,2.683333333333333,14.8 GB,14.8
PlaScope (assembly),KP_NORM_BLD_112603,4.7s,7,0.11666666666666668,13.7 MB,0.0137
MOBSuite,KP_NORM_BLD_111588,4m 58s,298,4.966666666666667,1.4 GB,1.4
PlaScope (assembly),KP_NORM_BLD_112904,4.6s,6,0.1,945.4 MB,0.9454
PlasmidHunter,KP_NORM_BLD_112603,1m 28s,88,1.4666666666666666,3.3 GB,3.3
MOBSuite,KP_NORM_BLD_112590,5m 20s,320,5.333333333333333,1.9 GB,1.9
Platon,KP_NORM_BLD_112603,1m 25s,85,1.4166666666666667,5 GB,5
PlasmidHunter,KP_NORM_BLD_112904,1m 33s,93,1.55,3.4 GB,3.4
Plasmer,KP_NORM_BLD_112603,3m 2s,182,3.033333333333333,14.5 GB,14.5
PlaScope (assembly),KP_NORM_BLD_112908,4.2s,2,0.03333333333333333,5.5 MB,0.0055
MOBSuite,KP_NORM_BLD_112596,5m 9s,309,5.15,1.4 GB,1.4
PlasmidHunter,KP_NORM_BLD_112908,1m 37s,97,1.6166666666666667,3.3 GB,3.3
Platon,KP_NORM_BLD_112904,2m 4s,124,2.066666666666667,5.1 GB,5.1
Plasmer,KP_NORM_BLD_112904,2m 52s,172,2.8666666666666667,15.1 GB,15.1
MOBSuite,KP_NORM_BLD_112603,5m 10s,310,5.166666666666667,1.2 GB,1.2
PlasmidHunter,KP_NORM_BLD_112922,1m 27s,87,1.45,3.4 GB,3.4
Platon,KP_NORM_BLD_112908,1m 37s,97,1.6166666666666667,5 GB,5
PlaScope (assembly),KP_NORM_BLD_112922,4.7s,7,0.11666666666666668,5.3 MB,0.0053
Platon,KP_NORM_BLD_112922,1m 54s,114,1.9,5 GB,5
Plasmer,KP_NORM_BLD_112908,2m 51s,171,2.85,14.5 GB,14.5
PlaScope (assembly),KP_NORM_BLD_112925,4.4s,4,0.06666666666666667,5.3 MB,0.0053
MOBSuite,KP_NORM_BLD_112908,4m 47s,287,4.783333333333333,1.1 GB,1.1
MOBSuite,KP_NORM_BLD_112904,6m 33s,393,6.55,1.8 GB,1.8
Plasmer,KP_NORM_BLD_112922,2m 47s,167,2.783333333333333,14.7 GB,14.7
PlaScope (assembly),KP_NORM_BLD_112916,4.2s,2,0.03333333333333333,5.6 MB,0.0056
PlasmidHunter,KP_NORM_BLD_112925,1m 21s,81,1.35,3.2 GB,3.2
Platon,KP_NORM_BLD_112925,1m 17s,77,1.2833333333333334,4.9 GB,4.9
Plasmer,KP_NORM_BLD_112925,2m 44s,164,2.7333333333333334,14.2 GB,14.2
PlasmidHunter,KP_NORM_BLD_112916,1m 29s,89,1.4833333333333334,3.3 GB,3.3
PlaScope (assembly),KP_NORM_BLD_113315,5.4s,4,0.06666666666666667,943 MB,0.943
Platon,KP_NORM_BLD_112916,1m 28s,88,1.4666666666666666,5 GB,5
Plasmer,KP_NORM_BLD_112916,2m 51s,171,2.85,14.2 GB,14.2
MOBSuite,KP_NORM_BLD_112922,5m 47s,347,5.783333333333333,1.7 GB,1.7
PlaScope (assembly),KP_NORM_BLD_113321,4.3s,3,0.05,965.1 MB,0.9651
MOBSuite,KP_NORM_BLD_112925,4m 23s,263,4.383333333333334,788.1 MB,0.7881
Platon,KP_NORM_BLD_113315,1m 31s,91,1.5166666666666666,5.4 GB,5.4
Plasmer,KP_NORM_BLD_113315,2m 50s,170,2.833333333333333,15.1 GB,15.1
PlasmidHunter,KP_NORM_BLD_113321,1m 53s,113,1.8833333333333333,3.2 GB,3.2
PlaScope (assembly),KP_NORM_BLD_112911,4.6s,6,0.1,13.9 MB,0.0139
Platon,KP_NORM_BLD_113321,1m 34s,94,1.5666666666666669,4.9 GB,4.9
Plasmer,KP_NORM_BLD_113321,2m 36s,156,2.6,15.1 GB,15.1
PlasmidHunter,KP_NORM_BLD_112911,1m 23s,83,1.3833333333333333,3.7 GB,3.7
PlaScope (assembly),KP_NORM_BLD_113768,4.7s,7,0.11666666666666668,5.3 MB,0.0053
MOBSuite,KP_NORM_BLD_113315,4m 59s,299,4.983333333333333,1.1 GB,1.1
MOBSuite,KP_NORM_BLD_112916,5m 8s,308,5.133333333333334,1.5 GB,1.5
Platon,KP_NORM_BLD_112911,1m 59s,119,1.9833333333333332,5.7 GB,5.7
Plasmer,KP_NORM_BLD_112911,2m 44s,164,2.7333333333333334,14.2 GB,14.2
PlaScope (assembly),KP_NORM_BLD_113888,4.6s,6,0.1,13.6 MB,0.0136
PlasmidHunter,KP_NORM_BLD_113768,1m 31s,91,1.5166666666666666,4.2 GB,4.2
MOBSuite,KP_NORM_BLD_113321,5m 3s,303,5.05,1.5 GB,1.5
Platon,KP_NORM_BLD_113768,1m 52s,112,1.8666666666666667,6.2 GB,6.2
Plasmer,KP_NORM_BLD_113888,2m 32s,152,2.533333333333333,15.1 GB,15.1
Platon,KP_NORM_BLD_113888,1m 31s,91,1.5166666666666666,5.2 GB,5.2
PlaScope (assembly),KP_NORM_BLD_114309,4.6s,6,0.1,969.3 MB,0.9693
Plasmer,KP_NORM_BLD_113768,2m 51s,171,2.85,15.1 GB,15.1
PlasmidHunter,KP_NORM_BLD_113888,1m 31s,91,1.5166666666666666,3.4 GB,3.4
MOBSuite,KP_NORM_BLD_112911,4m 56s,296,4.933333333333334,1.1 GB,1.1
PlaScope (assembly),KP_NORM_BLD_114453,4s,4,0.06666666666666667,5.4 MB,0.0054
PlasmidHunter,KP_NORM_BLD_114309,1m 24s,84,1.4,3.5 GB,3.5
Platon,KP_NORM_BLD_114309,1m 30s,90,1.5,5.3 GB,5.3
Plasmer,KP_NORM_BLD_114309,2m 44s,164,2.7333333333333334,15 GB,15
PlasmidHunter,KP_NORM_BLD_114453,1m 21s,81,1.35,3.6 GB,3.6
PlaScope (assembly),KP_NORM_BLD_2011_75461,4.1s,1,0.016666666666666666,5.5 MB,0.0055
MOBSuite,KP_NORM_BLD_113888,4m 41s,281,4.683333333333334,924.3 MB,0.9243
MOBSuite,KP_NORM_BLD_113768,5m 59s,359,5.983333333333333,1.3 GB,1.3
Platon,KP_NORM_BLD_114453,1m 31s,91,1.5166666666666666,5.4 GB,5.4
PlasmidHunter,KP_NORM_BLD_2011_75461,1m 31s,91,1.5166666666666666,3.4 GB,3.4
Platon,KP_NORM_BLD_2011_75461,1m 37s,97,1.6166666666666667,5.2 GB,5.2
Plasmer,KP_NORM_BLD_114453,3m 1s,181,3.0166666666666666,14 GB,14
MOBSuite,KP_NORM_BLD_114309,4m 33s,273,4.55,861.3 MB,0.8613
Platon,KP_NORM_BLD_114458,1m 44s,104,1.7333333333333334,5.2 GB,5.2
PlaScope (assembly),KP_NORM_BLD_114458,4.5s,5,0.08333333333333333,948.7 MB,0.9487
PlaScope (assembly),KP_NORM_BLD_114473,4.4s,4,0.06666666666666667,5.4 MB,0.0054
MOBSuite,KP_NORM_BLD_114453,4m 24s,264,4.4,914.9 MB,0.9149
Plasmer,KP_NORM_BLD_2011_75461,2m 47s,167,2.783333333333333,14.5 GB,14.5
PlasmidHunter,KP_NORM_BLD_114458,1m 31s,91,1.5166666666666666,3.4 GB,3.4
PlasmidHunter,KP_NORM_BLD_114473,1m 29s,89,1.4833333333333334,3.4 GB,3.4
Plasmer,KP_NORM_BLD_114458,2m 55s,175,2.9166666666666665,14.2 GB,14.2
Platon,KP_NORM_BLD_114473,2m,120,2,5.1 GB,5.1
Plasmer,KP_NORM_BLD_114473,2m 46s,166,2.7666666666666666,14.3 GB,14.3
PlaScope (assembly),KP_NORM_BLD_114487,4.3s,3,0.05,5.3 MB,0.0053
PlaScope (assembly),KP_NORM_BLD_114603,4s,4,0.06666666666666667,5.4 MB,0.0054
Platon,KP_NORM_BLD_114487,1m 24s,84,1.4,4.8 GB,4.8
PlasmidHunter,KP_NORM_BLD_114487,1m 23s,83,1.3833333333333333,3.3 GB,3.3
MOBSuite,KP_NORM_BLD_2011_75461,6m 31s,391,6.516666666666667,1.8 GB,1.8
Plasmer,KP_NORM_BLD_114487,2m 47s,167,2.783333333333333,14.4 GB,14.4
PlasmidHunter,KP_NORM_BLD_114603,1m 18s,78,1.3,3 GB,3
Platon,KP_NORM_BLD_114603,1m 17s,77,1.2833333333333334,4.6 GB,4.6
PlaScope (assembly),KP_NORM_BLD_115332,4.7s,7,0.11666666666666668,944 MB,0.944
MOBSuite,KP_NORM_BLD_114487,4m 58s,298,4.966666666666667,1.3 GB,1.3
MOBSuite,KP_NORM_BLD_114458,6m 9s,369,6.15,2.2 GB,2.2
Platon,KP_NORM_BLD_115332,1m 15s,75,1.25,4.5 GB,4.5
Plasmer,KP_NORM_BLD_114603,2m 41s,161,2.683333333333333,15.1 GB,15.1
PlaScope (assembly),KP_NORM_BLD_114482,4.1s,1,0.016666666666666666,5.4 MB,0.0054
Plasmer,KP_NORM_BLD_115332,2m 50s,170,2.833333333333333,14.1 GB,14.1
PlasmidHunter,KP_NORM_BLD_115332,1m 15s,75,1.25,3.1 GB,3.1
Platon,KP_NORM_BLD_114482,1m 20s,80,1.3333333333333333,5.1 GB,5.1
PlaScope (assembly),KP_NORM_BLD_2014_101320,4.8s,8,0.13333333333333333,13.8 MB,0.013800000000000002
MOBSuite,KP_NORM_BLD_114473,6m 39s,399,6.65,2.5 GB,2.5
MOBSuite,KP_NORM_BLD_114603,4m 22s,262,4.366666666666666,1.2 GB,1.2
MOBSuite,KP_NORM_BLD_115332,3m 54s,234,3.9,740.2 MB,0.7402000000000001
PlasmidHunter,KP_NORM_BLD_114482,1m 32s,92,1.5333333333333334,3.3 GB,3.3
PlasmidHunter,KP_NORM_BLD_2014_101320,1m 28s,88,1.4666666666666666,3.3 GB,3.3
Plasmer,KP_NORM_BLD_114482,2m 32s,152,2.533333333333333,15.1 GB,15.1
Platon,KP_NORM_BLD_2014_101320,1m 28s,88,1.4666666666666666,5.1 GB,5.1
PlaScope (assembly),KP_NORM_BLD_115369,4.4s,4,0.06666666666666667,5.2 MB,0.005200000000000001
Platon,KP_NORM_BLD_115369,1m 19s,79,1.3166666666666669,4.9 GB,4.9
PlaScope (assembly),KP_NORM_BLD_115706,4.3s,3,0.05,5.4 MB,0.0054
Plasmer,KP_NORM_BLD_2014_101320,2m 47s,167,2.783333333333333,15.1 GB,15.1
PlasmidHunter,KP_NORM_BLD_115369,1m 19s,79,1.3166666666666669,3.2 GB,3.2
MOBSuite,KP_NORM_BLD_114482,4m 3s,243,4.05,718.2 MB,0.7182000000000001
Plasmer,KP_NORM_BLD_115369,2m 46s,166,2.7666666666666666,14.9 GB,14.9
PlasmidHunter,KP_NORM_BLD_115706,1m 20s,80,1.3333333333333333,3.6 GB,3.6
Platon,KP_NORM_BLD_115706,1m 30s,90,1.5,5.6 GB,5.6
PlasmidHunter,KP_NORM_BLD_115351,1m 42s,102,1.7,3.4 GB,3.4
PlaScope (assembly),KP_NORM_BLD_115351,5.1s,1,0.016666666666666666,960.5 MB,0.9605
MOBSuite,KP_NORM_BLD_2014_101320,5m 34s,334,5.566666666666666,2 GB,2
Plasmer,KP_NORM_BLD_115706,3m 2s,182,3.033333333333333,15.1 GB,15.1
PlaScope (assembly),KP_NORM_BLD_115796,4.4s,4,0.06666666666666667,5.4 MB,0.0054
MOBSuite,KP_NORM_BLD_63815,4m 55s,295,4.916666666666667,1.1 GB,1.1
MOBSuite,KP_NORM_BLD_115369,4m 58s,298,4.966666666666667,1.1 GB,1.1
Plasmer,KP_NORM_BLD_115351,2m 34s,154,2.566666666666667,14.2 GB,14.2
Platon,KP_NORM_BLD_115351,1m 33s,93,1.55,5.3 GB,5.3
PlasmidHunter,KP_NORM_BLD_115796,1m 33s,93,1.55,3.2 GB,3.2
Platon,KP_NORM_BLD_115796,1m 28s,88,1.4666666666666666,5 GB,5
PlaScope (assembly),KP_NORM_BLD_116239,4s,4,0.06666666666666667,5.3 MB,0.0053
MOBSuite,KP_NORM_BLD_115706,5m 12s,312,5.2,1.4 GB,1.4
PlasmidHunter,KP_NORM_BLD_116239,1m 8s,68,1.1333333333333333,3.1 GB,3.1
Platon,KP_NORM_BLD_116239,1m 13s,73,1.2166666666666666,4.7 GB,4.7
Plasmer,KP_NORM_BLD_115796,2m 42s,162,2.7,14.8 GB,14.8
PlasmidHunter,KP_NORM_BLD_116378,1m 11s,71,1.1833333333333331,3 GB,3
PlaScope (assembly),KP_NORM_BLD_116378,6.1s,1,0.016666666666666666,960.8 MB,0.9608
Plasmer,KP_NORM_BLD_116239,2m 51s,171,2.85,14.2 GB,14.2
Platon,KP_NORM_BLD_116378,1m 17s,77,1.2833333333333334,4.4 GB,4.4
MOBSuite,KP_NORM_BLD_115351,5m 24s,324,5.4,1.7 GB,1.7
PlaScope (assembly),KP_NORM_BLD_116392,4.2s,2,0.03333333333333333,5.4 MB,0.0054
PlasmidHunter,KP_NORM_BLD_116392,1m 24s,84,1.4,3 GB,3
MOBSuite,KP_NORM_BLD_115796,4m 50s,290,4.833333333333333,1.3 GB,1.3
PlaScope (assembly),KP_NORM_BLD_116566,4.5s,5,0.08333333333333333,954.4 MB,0.9544
Plasmer,KP_NORM_BLD_116378,2m 40s,160,2.6666666666666665,14.8 GB,14.8
Platon,KP_NORM_BLD_116392,1m 23s,83,1.3833333333333333,4.6 GB,4.6
MOBSuite,KP_NORM_BLD_116239,4m 2s,242,4.033333333333333,741.9 MB,0.7419
MOBSuite,KP_NORM_BLD_116378,3m 55s,235,3.9166666666666665,732.3 MB,0.7323
PlasmidHunter,KP_NORM_BLD_116566,1m 20s,80,1.3333333333333333,3.4 GB,3.4
PlasmidHunter,KP_NORM_BLD_116241,1m 14s,74,1.2333333333333334,3.1 GB,3.1
PlaScope (assembly),KP_NORM_BLD_116241,4.1s,1,0.016666666666666666,5.4 MB,0.0054
Platon,KP_NORM_BLD_116566,1m 25s,85,1.4166666666666667,5 GB,5
Plasmer,KP_NORM_BLD_116392,2m 50s,170,2.833333333333333,15.1 GB,15.1
PlaScope (assembly),KP_NORM_BLD_116570,4.3s,3,0.05,5.4 MB,0.0054
Platon,KP_NORM_BLD_116241,1m 16s,76,1.2666666666666666,4.7 GB,4.7
Plasmer,KP_NORM_BLD_116566,2m 49s,169,2.816666666666667,14.4 GB,14.4
Platon,KP_NORM_BLD_116570,1m 11s,71,1.1833333333333331,4.4 GB,4.4
PlasmidHunter,KP_NORM_BLD_116570,1m 12s,72,1.2,3 GB,3
MOBSuite,KP_NORM_BLD_116392,4m 35s,275,4.583333333333333,1.3 GB,1.3
PlasmidHunter,KP_NORM_BLD_117477,1m 18s,78,1.3,3.1 GB,3.1
PlaScope (assembly),KP_NORM_BLD_117477,5.2s,2,0.03333333333333333,957.6 MB,0.9576
Plasmer,KP_NORM_BLD_116241,2m 51s,171,2.85,15.1 GB,15.1
MOBSuite,KP_NORM_BLD_116241,4m 11s,251,4.183333333333334,741.7 MB,0.7417
MOBSuite,KP_NORM_BLD_116566,5m 2s,302,5.033333333333333,951.1 MB,0.9511
PlaScope (assembly),KP_NORM_BLD_12850,4.7s,7,0.11666666666666668,946.9 MB,0.9469
Plasmer,KP_NORM_BLD_116570,2m 33s,153,2.55,15.1 GB,15.1
MOBSuite,KP_NORM_BLD_116570,4m 1s,241,4.016666666666667,735.6 MB,0.7356
Platon,KP_NORM_BLD_117477,1m 18s,78,1.3,4.7 GB,4.7
Platon,KP_NORM_BLD_12850,1m 17s,77,1.2833333333333334,4.6 GB,4.6
PlasmidHunter,KP_NORM_BLD_12850,1m 22s,82,1.3666666666666667,3.1 GB,3.1
Plasmer,KP_NORM_BLD_117477,2m 49s,169,2.816666666666667,15.1 GB,15.1
PlaScope (assembly),KP_NORM_BLD_12934,4.5s,5,0.08333333333333333,966.3 MB,0.9663
PlasmidHunter,KP_NORM_BLD_12934,1m 21s,81,1.35,3.5 GB,3.5
Plasmer,KP_NORM_BLD_12850,2m 49s,169,2.816666666666667,15.1 GB,15.1
PlasmidHunter,KP_NORM_BLD_13123,1m 23s,83,1.3833333333333333,3 GB,3
Platon,KP_NORM_BLD_12934,1m 24s,84,1.4,5.3 GB,5.3
PlaScope (assembly),KP_NORM_BLD_13123,4.3s,3,0.05,962.5 MB,0.9625
MOBSuite,KP_NORM_BLD_117477,4m 25s,265,4.416666666666667,1.2 GB,1.2
Platon,KP_NORM_BLD_13123,1m 16s,76,1.2666666666666666,5 GB,5
Plasmer,KP_NORM_BLD_12934,2m 40s,160,2.6666666666666665,15.1 GB,15.1
MOBSuite,KP_NORM_BLD_12850,4m 8s,248,4.133333333333334,745.9 MB,0.7459
PlaScope (assembly),KP_NORM_BLD_13127,4.1s,1,0.016666666666666666,5.2 MB,0.005200000000000001
Platon,KP_NORM_BLD_13127,1m 33s,93,1.55,5.9 GB,5.9
PlaScope (assembly),KP_NORM_BLD_13129,4.1s,1,0.016666666666666666,5.5 MB,0.0055
Plasmer,KP_NORM_BLD_13123,2m 37s,157,2.6166666666666667,14.3 GB,14.3
PlasmidHunter,KP_NORM_BLD_13127,1m 28s,88,1.4666666666666666,3.8 GB,3.8
MOBSuite,KP_NORM_BLD_12934,4m 28s,268,4.466666666666667,753.1 MB,0.7531
PlasmidHunter,KP_NORM_BLD_13129,1m 25s,85,1.4166666666666667,3.2 GB,3.2
Platon,KP_NORM_BLD_13129,1m 28s,88,1.4666666666666666,4.9 GB,4.9
Plasmer,KP_NORM_BLD_13127,2m 56s,176,2.933333333333333,14.6 GB,14.6
MOBSuite,KP_NORM_BLD_13123,4m 12s,252,4.2,1 GB,1
PlaScope (assembly),KP_NORM_BLD_13372,4.2s,2,0.03333333333333333,966.8 MB,0.9668
PlasmidHunter,KP_NORM_BLD_13372,1m 32s,92,1.5333333333333334,3.4 GB,3.4
PlaScope (assembly),KP_NORM_BLD_13375,4.5s,5,0.08333333333333333,952.6 MB,0.9526
Plasmer,KP_NORM_BLD_13129,2m 48s,168,2.8,14.3 GB,14.3
Platon,KP_NORM_BLD_13372,1m 27s,87,1.45,5.3 GB,5.3
MOBSuite,KP_NORM_BLD_13127,5m 17s,317,5.283333333333333,1.4 GB,1.4
Platon,KP_NORM_BLD_13375,1m 26s,86,1.4333333333333331,5.2 GB,5.2
Plasmer,KP_NORM_BLD_13372,2m 45s,165,2.75,14.2 GB,14.2
MOBSuite,KP_NORM_BLD_13129,5m 38s,338,5.633333333333334,1.6 GB,1.6
PlaScope (assembly),KP_NORM_BLD_13379,4.6s,6,0.1,5.1 MB,0.0051
PlasmidHunter,KP_NORM_BLD_13375,1m 26s,86,1.4333333333333331,3.4 GB,3.4
PlasmidHunter,KP_NORM_BLD_13379,1m 26s,86,1.4333333333333331,3.5 GB,3.5
Plasmer,KP_NORM_BLD_13375,2m 48s,168,2.8,14.6 GB,14.6
PlaScope (assembly),KP_NORM_BLD_13382,4.2s,2,0.03333333333333333,9.7 MB,0.0097
Platon,KP_NORM_BLD_13379,1m 36s,96,1.6,5.5 GB,5.5
PlasmidHunter,KP_NORM_BLD_13382,1m 34s,94,1.5666666666666669,3.1 GB,3.1
Plasmer,KP_NORM_BLD_13379,3m,180,3,15.1 GB,15.1
MOBSuite,KP_NORM_BLD_13372,5m 30s,330,5.5,1.3 GB,1.3
MOBSuite,KP_NORM_BLD_13375,5m 28s,328,5.466666666666667,1.4 GB,1.4
Plasmer,KP_NORM_BLD_13382,2m 54s,174,2.9,14.2 GB,14.2
PlaScope (assembly),KP_NORM_BLD_1348,4s,4,0.06666666666666667,5.3 MB,0.0053
PlaScope (assembly),KP_NORM_BLD_13380,4.1s,1,0.016666666666666666,965.7 MB,0.9657
PlasmidHunter,KP_NORM_BLD_1348,1m 26s,86,1.4333333333333331,3.3 GB,3.3
Platon,KP_NORM_BLD_13382,1m 47s,107,1.7833333333333334,5.3 GB,5.3
Platon,KP_NORM_BLD_1348,1m 19s,79,1.3166666666666669,5.1 GB,5.1
MOBSuite,KP_NORM_BLD_13379,5m 48s,348,5.8,1.5 GB,1.5
PlaScope (assembly),KP_NORM_BLD_13534,4.2s,2,0.03333333333333333,13.7 MB,0.0137
PlasmidHunter,KP_NORM_BLD_13380,1m 30s,90,1.5,3.6 GB,3.6
Plasmer,KP_NORM_BLD_1348,2m 48s,168,2.8,15.1 GB,15.1
Platon,KP_NORM_BLD_13380,1m 40s,100,1.6666666666666667,5.5 GB,5.5
MOBSuite,KP_NORM_BLD_13382,5m 51s,351,5.85,1.9 GB,1.9
Plasmer,KP_NORM_BLD_13380,2m 46s,166,2.7666666666666666,14.6 GB,14.6
Platon,KP_NORM_BLD_13534,1m 28s,88,1.4666666666666666,5 GB,5
PlaScope (assembly),KP_NORM_BLD_13748,4.3s,3,0.05,941.1 MB,0.9411
PlasmidHunter,KP_NORM_BLD_13534,1m 30s,90,1.5,3.4 GB,3.4
MOBSuite,KP_NORM_BLD_1348,4m 33s,273,4.55,762.3 MB,0.7623
PlasmidHunter,KP_NORM_BLD_13748,1m 34s,94,1.5666666666666669,3.3 GB,3.3
Plasmer,KP_NORM_BLD_13534,2m 34s,154,2.566666666666667,14.6 GB,14.6
Platon,KP_NORM_BLD_13748,2m 11s,131,2.183333333333333,5.1 GB,5.1
PlasmidHunter,KP_NORM_BLD_13377,1m 30s,90,1.5,2.9 GB,2.9
PlaScope (assembly),KP_NORM_BLD_13377,5.6s,6,0.1,979 MB,0.979
Platon,KP_NORM_BLD_13377,1m 14s,74,1.2333333333333334,4.6 GB,4.6
Plasmer,KP_NORM_BLD_13748,2m 36s,156,2.6,15 GB,15
PlaScope (assembly),KP_NORM_BLD_1347,5.1s,1,0.016666666666666666,962.9 MB,0.9629
MOBSuite,KP_NORM_BLD_13380,6m 6s,366,6.1,1.6 GB,1.6
PlasmidHunter,KP_NORM_BLD_1347,1m 20s,80,1.3333333333333333,3.2 GB,3.2
Platon,KP_NORM_BLD_1347,1m 12s,72,1.2,4.7 GB,4.7
Plasmer,KP_NORM_BLD_13377,2m 10s,130,2.1666666666666665,15.1 GB,15.1
MOBSuite,KP_NORM_BLD_13534,5m 10s,310,5.166666666666667,1.2 GB,1.2
Platon,KP_NORM_BLD_13738,1m 33s,93,1.55,5 GB,5
MOBSuite,KP_NORM_BLD_13377,4m 18s,258,4.3,726.8 MB,0.7268
PlaScope (assembly),KP_NORM_BLD_13738,4.7s,7,0.11666666666666668,5.4 MB,0.0054
Plasmer,KP_NORM_BLD_1347,2m 41s,161,2.683333333333333,13.8 GB,13.8
PlaScope (assembly),KP_NORM_BLD_13757,4.6s,6,0.1,960.4 MB,0.9604
PlasmidHunter,KP_NORM_BLD_13738,1m 28s,88,1.4666666666666666,3.2 GB,3.2
PlaScope (assembly),KP_NORM_BLD_13886,4s,4,0.06666666666666667,960.1 MB,0.9601
MOBSuite,KP_NORM_BLD_13748,6m 9s,369,6.15,1.5 GB,1.5
Plasmer,KP_NORM_BLD_13738,2m 57s,177,2.95,14.5 GB,14.5
Platon,KP_NORM_BLD_13757,1m 12s,72,1.2,4.7 GB,4.7
MOBSuite,KP_NORM_BLD_1347,4m 36s,276,4.6,779.5 MB,0.7795
PlaScope (assembly),KP_NORM_BLD_13383,3.8s,8,0.13333333333333333,5.4 MB,0.0054
PlasmidHunter,KP_NORM_BLD_13886,1m 20s,80,1.3333333333333333,3.6 GB,3.6
Plasmer,KP_NORM_BLD_13757,2m 37s,157,2.6166666666666667,14.7 GB,14.7
PlasmidHunter,KP_NORM_BLD_13383,1m 20s,80,1.3333333333333333,3.2 GB,3.2
PlaScope (assembly),KP_NORM_BLD_1339,4.5s,5,0.08333333333333333,963.4 MB,0.9634
Plasmer,KP_NORM_BLD_13886,3m 3s,183,3.05,15.1 GB,15.1
Platon,KP_NORM_BLD_13383,1m 14s,74,1.2333333333333334,4.8 GB,4.8
Plasmer,KP_NORM_BLD_13383,2m 41s,161,2.683333333333333,15.1 GB,15.1
MOBSuite,KP_NORM_BLD_13757,4m 12s,252,4.2,718 MB,0.718
MOBSuite,KP_NORM_BLD_13738,6m,360,6,1.5 GB,1.5
PlaScope (assembly),KP_NORM_BLD_13889,4.1s,1,0.016666666666666666,951.8 MB,0.9518
PlasmidHunter,KP_NORM_BLD_1339,1m 26s,86,1.4333333333333331,3.4 GB,3.4
Platon,KP_NORM_BLD_1339,1m 14s,74,1.2333333333333334,5.2 GB,5.2
MOBSuite,KP_NORM_BLD_13886,4m 36s,276,4.6,1006.6 MB,1.0066
MOBSuite,KP_NORM_BLD_13383,4m 4s,244,4.066666666666666,718.5 MB,0.7185
Platon,KP_NORM_BLD_13889,1m 17s,77,1.2833333333333334,4.7 GB,4.7
PlaScope (assembly),KP_NORM_BLD_13880,4.4s,4,0.06666666666666667,5.3 MB,0.0053
PlasmidHunter,KP_NORM_BLD_13889,1m 14s,74,1.2333333333333334,3.1 GB,3.1
Plasmer,KP_NORM_BLD_1339,2m 42s,162,2.7,14.2 GB,14.2
PlaScope (assembly),KP_NORM_BLD_14177,4s,4,0.06666666666666667,5.3 MB,0.0053
Plasmer,KP_NORM_BLD_13889,2m 51s,171,2.85,15.1 GB,15.1
MOBSuite,KP_NORM_BLD_1339,4m 12s,252,4.2,764.1 MB,0.7641
PlasmidHunter,KP_NORM_BLD_13880,1m 32s,92,1.5333333333333334,3.6 GB,3.6
Platon,KP_NORM_BLD_13880,1m 52s,112,1.8666666666666667,5.5 GB,5.5
Plasmer,KP_NORM_BLD_13880,2m 54s,174,2.9,15.1 GB,15.1
Platon,KP_NORM_BLD_14177,1m 27s,87,1.45,4.8 GB,4.8
PlaScope (assembly),KP_NORM_BLD_14164,4.1s,1,0.016666666666666666,5.4 MB,0.0054
PlasmidHunter,KP_NORM_BLD_14177,1m 30s,90,1.5,3.2 GB,3.2
MOBSuite,KP_NORM_BLD_13889,5m 6s,306,5.1,1.3 GB,1.3
Plasmer,KP_NORM_BLD_14177,2m 55s,175,2.9166666666666665,14.2 GB,14.2
PlasmidHunter,KP_NORM_BLD_14164,1m 29s,89,1.4833333333333334,3.1 GB,3.1
Platon,KP_NORM_BLD_14164,1m 25s,85,1.4166666666666667,5.3 GB,5.3
PlasmidHunter,KP_NORM_BLD_14179,1m 28s,88,1.4666666666666666,3.2 GB,3.2
PlaScope (assembly),KP_NORM_BLD_14179,4.6s,6,0.1,5.3 MB,0.0053
Plasmer,KP_NORM_BLD_14164,2m 10s,130,2.1666666666666665,14.2 GB,14.2
MOBSuite,KP_NORM_BLD_13880,5m 36s,336,5.6,1.4 GB,1.4
PlaScope (assembly),KP_NORM_BLD_14222,4.3s,3,0.05,5.4 MB,0.0054
Platon,KP_NORM_BLD_14179,1m 50s,110,1.8333333333333333,4.9 GB,4.9
MOBSuite,KP_NORM_BLD_14164,4m 6s,246,4.1,784.5 MB,0.7845
PlasmidHunter,KP_NORM_BLD_14222,1m 27s,87,1.45,3.2 GB,3.2
PlaScope (assembly),KP_NORM_BLD_1692,3.9s,9,0.15,13.9 MB,0.0139
MOBSuite,KP_NORM_BLD_14177,4m 51s,291,4.85,1.3 GB,1.3
Platon,KP_NORM_BLD_14222,1m 22s,82,1.3666666666666667,4.8 GB,4.8
Plasmer,KP_NORM_BLD_14179,2m 50s,170,2.833333333333333,14.2 GB,14.2
PlaScope (assembly),KP_NORM_BLD_1883,4.2s,2,0.03333333333333333,5.6 MB,0.0056
Platon,KP_NORM_BLD_1692,1m 45s,105,1.75,4.5 GB,4.5
PlasmidHunter,KP_NORM_BLD_1692,2m 6s,126,2.1,3.1 GB,3.1
Plasmer,KP_NORM_BLD_14222,2m 42s,162,2.7,15.1 GB,15.1
MOBSuite,KP_NORM_BLD_14179,5m 46s,346,5.766666666666667,1.6 GB,1.6
Plasmer,KP_NORM_BLD_1692,2m 24s,144,2.4,14.2 GB,14.2
PlaScope (assembly),KP_NORM_BLD_2005_1167,4.1s,1,0.016666666666666666,5.3 MB,0.0053
MOBSuite,KP_NORM_BLD_14222,4m 51s,291,4.85,1.4 GB,1.4
PlasmidHunter,KP_NORM_BLD_1883,1m 56s,116,1.9333333333333331,3.5 GB,3.5
Platon,KP_NORM_BLD_1883,2m 21s,141,2.35,5.4 GB,5.4
PlasmidHunter,KP_NORM_BLD_2005_1167,1m 36s,96,1.6,3.6 GB,3.6
PlaScope (assembly),KP_NORM_BLD_2006_36504,4.5s,5,0.08333333333333333,5.3 MB,0.0053
Platon,KP_NORM_BLD_2005_1167,1m 30s,90,1.5,5.4 GB,5.4
Plasmer,KP_NORM_BLD_1883,2m 53s,173,2.8833333333333333,14.2 GB,14.2
MOBSuite,KP_NORM_BLD_1692,4m 56s,296,4.933333333333334,1.2 GB,1.2
Plasmer,KP_NORM_BLD_2005_1167,2m 56s,176,2.933333333333333,14.4 GB,14.4
PlaScope (assembly),KP_NORM_BLD_2006_37102,4s,4,0.06666666666666667,5.4 MB,0.0054
Platon,KP_NORM_BLD_2006_36504,1m 35s,95,1.5833333333333333,5 GB,5
PlasmidHunter,KP_NORM_BLD_2006_36504,1m 28s,88,1.4666666666666666,3.4 GB,3.4
PlasmidHunter,KP_NORM_BLD_2006_37102,1m 24s,84,1.4,3.2 GB,3.2
MOBSuite,KP_NORM_BLD_1883,6m 13s,373,6.216666666666667,1.5 GB,1.5
Plasmer,KP_NORM_BLD_2006_36504,2m 57s,177,2.95,15.1 GB,15.1
Platon,KP_NORM_BLD_2006_37102,1m 44s,104,1.7333333333333334,5.2 GB,5.2
PlaScope (assembly),KP_NORM_BLD_2007_48102,3.8s,8,0.13333333333333333,5.6 MB,0.0056
Platon,KP_NORM_BLD_2007_48102,1m 27s,87,1.45,5.2 GB,5.2
PlasmidHunter,KP_NORM_BLD_2007_48102,1m 33s,93,1.55,3.4 GB,3.4
MOBSuite,KP_NORM_BLD_2005_1167,5m 32s,332,5.533333333333333,1.1 GB,1.1
Plasmer,KP_NORM_BLD_2006_37102,2m 53s,173,2.8833333333333333,14.2 GB,14.2
PlaScope (assembly),KP_NORM_BLD_2007_48114,4.4s,4,0.06666666666666667,5.3 MB,0.0053
Platon,KP_NORM_BLD_2007_48114,1m 10s,70,1.1666666666666667,4.7 GB,4.7
MOBSuite,KP_NORM_BLD_2006_36504,5m 27s,327,5.45,1.6 GB,1.6
PlasmidHunter,KP_NORM_BLD_2007_48114,1m 22s,82,1.3666666666666667,3.1 GB,3.1
Platon,KP_NORM_BLD_2007_46696,1m 19s,79,1.3166666666666669,5.9 GB,5.9
MOBSuite,KP_NORM_BLD_2006_37102,5m 31s,331,5.516666666666667,2.1 GB,2.1
Plasmer,KP_NORM_BLD_2007_48102,2m 49s,169,2.816666666666667,14.2 GB,14.2
PlaScope (assembly),KP_NORM_BLD_2007_46696,4.7s,7,0.11666666666666668,5.4 MB,0.0054
PlaScope (assembly),KP_NORM_BLD_2008_54367,3.8s,8,0.13333333333333333,5.4 MB,0.0054
PlasmidHunter,KP_NORM_BLD_2007_46696,1m 19s,79,1.3166666666666669,3.2 GB,3.2
Plasmer,KP_NORM_BLD_2007_48114,3m 7s,187,3.1166666666666667,15.1 GB,15.1
MOBSuite,KP_NORM_BLD_2007_48102,5m 42s,342,5.7,1.5 GB,1.5
Plasmer,KP_NORM_BLD_2007_46696,3m 2s,182,3.033333333333333,14.2 GB,14.2
PlasmidHunter,KP_NORM_BLD_2008_54367,1m 52s,112,1.8666666666666667,3.4 GB,3.4
Platon,KP_NORM_BLD_2008_54367,2m 5s,125,2.083333333333333,6.9 GB,6.9
MOBSuite,KP_NORM_BLD_2007_48114,4m 47s,287,4.783333333333333,740.1 MB,0.7401000000000001
PlaScope (assembly),KP_NORM_BLD_2008_55153,4.4s,4,0.06666666666666667,945.6 MB,0.9456
PlasmidHunter,KP_NORM_BLD_2008_55153,1m 59s,119,1.9833333333333332,3.2 GB,3.2
Platon,KP_NORM_BLD_2008_55153,2m 15s,135,2.25,5.8 GB,5.8
PlaScope (assembly),KP_NORM_BLD_2008_55014,3.9s,9,0.15,970.7 MB,0.9707
Plasmer,KP_NORM_BLD_2008_54367,3m 24s,204,3.4,14.2 GB,14.2
Plasmer,KP_NORM_BLD_2008_55153,3m 26s,206,3.433333333333333,15.1 GB,15.1
Plasmer,KP_NORM_BLD_2008_55014,2m 48s,168,2.8,15.1 GB,15.1
Platon,KP_NORM_BLD_2008_55014,2m 10s,130,2.1666666666666665,5.1 GB,5.1
PlasmidHunter,KP_NORM_BLD_2008_55014,2m 42s,162,2.7,3.4 GB,3.4
PlaScope (assembly),KP_NORM_BLD_2008_54823,20.1s,1,0.016666666666666666,950.8 MB,0.9508
MOBSuite,KP_NORM_BLD_2007_46696,7m 54s,474,7.9,1.4 GB,1.4
Platon,KP_NORM_BLD_2008_54823,3m 9s,189,3.15,5.4 GB,5.4
MOBSuite,KP_NORM_BLD_2008_54367,9m 39s,579,9.65,1.9 GB,1.9
MOBSuite,KP_NORM_BLD_2008_55014,7m 57s,477,7.95,1.7 GB,1.7
PlasmidHunter,KP_NORM_BLD_2008_54823,3m 29s,209,3.4833333333333334,3.5 GB,3.5
MOBSuite,KP_NORM_BLD_2008_55153,9m 36s,576,9.6,1.8 GB,1.8
PlaScope (assembly),KP_NORM_BLD_2008_54824,3.9s,9,0.15,5.4 MB,0.0054
Plasmer,KP_NORM_BLD_2008_54824,4m 3s,243,4.05,15.1 GB,15.1
Plasmer,KP_NORM_BLD_2008_54823,5m 12s,312,5.2,14.1 GB,14.1
Platon,KP_NORM_BLD_2008_54824,2m 20s,140,2.333333333333333,5 GB,5
PlasmidHunter,KP_NORM_BLD_2008_54824,1m 44s,104,1.7333333333333334,3.3 GB,3.3
PlasmidHunter,KP_NORM_BLD_2009_61298,1m 53s,113,1.8833333333333333,3.2 GB,3.2
Platon,KP_NORM_BLD_2009_61298,1m 45s,105,1.75,5 GB,5
PlasmidHunter,KP_NORM_BLD_2009_61895,1m 43s,103,1.7166666666666666,3.4 GB,3.4
Plasmer,KP_NORM_BLD_2009_61298,2m 57s,177,2.95,15.1 GB,15.1
PlaScope (assembly),KP_NORM_BLD_2009_61895,4s,4,0.06666666666666667,954.4 MB,0.9544
Platon,KP_NORM_BLD_2009_61895,1m 53s,113,1.8833333333333333,5.2 GB,5.2
MOBSuite,KP_NORM_BLD_2008_54824,7m 9s,429,7.15,1.4 GB,1.4
MOBSuite,KP_NORM_BLD_2008_54823,8m 54s,534,8.9,2.1 GB,2.1
PlaScope (assembly),KP_NORM_BLD_63839,4.7s,7,0.11666666666666668,973 MB,0.973
PlasmidHunter,KP_NORM_BLD_63839,2m 4s,124,2.066666666666667,3.2 GB,3.2
PlaScope (assembly),KP_NORM_BLD_2009_62172,4.8s,8,0.13333333333333333,965.5 MB,0.9655
Platon,KP_NORM_BLD_63839,1m 45s,105,1.75,4.8 GB,4.8
MOBSuite,NK_H12_086,6m 40s,400,6.666666666666667,1.7 GB,1.7
Plasmer,KP_NORM_BLD_2009_61895,3m 35s,215,3.583333333333333,13.2 GB,13.2
MOBSuite,KP_NORM_BLD_2009_61298,6m 33s,393,6.55,1.7 GB,1.7
Plasmer,KP_NORM_BLD_63839,2m 53s,173,2.8833333333333333,15.1 GB,15.1
Platon,KP_NORM_BLD_2009_62172,2m 22s,142,2.3666666666666667,5.4 GB,5.4
PlaScope (assembly),KP_NORM_BLD_2009_62777,4.1s,1,0.016666666666666666,14 MB,0.014
PlasmidHunter,KP_NORM_BLD_2009_62172,2m 26s,146,2.433333333333333,3.5 GB,3.5
PlasmidHunter,KP_NORM_BLD_2009_62777,1m 53s,113,1.8833333333333333,3.2 GB,3.2
Platon,KP_NORM_BLD_2009_62777,1m 42s,102,1.7,5.3 GB,5.3
MOBSuite,KP_NORM_BLD_2009_61895,8m 7s,487,8.116666666666667,2 GB,2
PlaScope (assembly),KP_NORM_BLD_2009_63807,4s,4,0.06666666666666667,5.4 MB,0.0054
Plasmer,KP_NORM_BLD_2009_62172,3m 32s,212,3.533333333333333,15.1 GB,15.1
Plasmer,KP_NORM_BLD_2009_62777,2m 56s,176,2.933333333333333,14.2 GB,14.2
MOBSuite,KP_NORM_BLD_63839,6m 42s,402,6.7,1.4 GB,1.4
PlaScope (assembly),KP_NORM_BLD_2009_63475,4.7s,7,0.11666666666666668,957.8 MB,0.9578
Platon,KP_NORM_BLD_2009_63807,2m 9s,129,2.15,5 GB,5
PlasmidHunter,KP_NORM_BLD_2009_63807,1m 53s,113,1.8833333333333333,3.2 GB,3.2
PlasmidHunter,KP_NORM_BLD_2009_63475,1m 45s,105,1.75,3.4 GB,3.4
Platon,KP_NORM_BLD_2009_63475,1m 36s,96,1.6,5.3 GB,5.3
Plasmer,KP_NORM_BLD_2009_63807,3m 7s,187,3.1166666666666667,14.8 GB,14.8
MOBSuite,KP_NORM_BLD_2009_62172,7m 53s,473,7.883333333333334,2.1 GB,2.1
PlasmidHunter,KP_NORM_BLD_2010_70236,1m 37s,97,1.6166666666666667,3.3 GB,3.3
PlaScope (assembly),KP_NORM_BLD_2010_70236,3.8s,8,0.13333333333333333,969 MB,0.969
Plasmer,KP_NORM_BLD_2010_70236,2m 30s,150,2.5,13.3 GB,13.3
PlaScope (assembly),KP_NORM_BLD_2010_70364,3.6s,6,0.1,958.3 MB,0.9583
Plasmer,KP_NORM_BLD_2009_63475,2m 57s,177,2.95,14.2 GB,14.2
MOBSuite,KP_NORM_BLD_2009_62777,5m 25s,325,5.416666666666667,1.7 GB,1.7
Platon,KP_NORM_BLD_2010_70236,1m 26s,86,1.4333333333333331,5.2 GB,5.2
MOBSuite,KP_NORM_BLD_2009_63807,5m 25s,325,5.416666666666667,1.4 GB,1.4
PlasmidHunter,KP_NORM_BLD_2010_70364,1m 46s,106,1.7666666666666666,3.1 GB,3.1
Platon,KP_NORM_BLD_2010_70364,1m 35s,95,1.5833333333333333,5.2 GB,5.2
PlaScope (assembly),KP_NORM_BLD_2010_71621,4.2s,2,0.03333333333333333,957.9 MB,0.9579
Platon,KP_NORM_BLD_2010_71621,1m 36s,96,1.6,5 GB,5
PlaScope (assembly),KP_NORM_BLD_2011_74838,4.2s,2,0.03333333333333333,962.2 MB,0.9622
Plasmer,KP_NORM_BLD_2010_70364,2m 49s,169,2.816666666666667,15.1 GB,15.1
PlasmidHunter,KP_NORM_BLD_2010_71621,1m 29s,89,1.4833333333333334,3.3 GB,3.3
MOBSuite,KP_NORM_BLD_2009_63475,6m 2s,362,6.033333333333333,1.6 GB,1.6
Plasmer,KP_NORM_BLD_2010_71621,2m 54s,174,2.9,14.9 GB,14.9
MOBSuite,KP_NORM_BLD_2010_70236,5m 29s,329,5.483333333333333,1.8 GB,1.8
PlaScope (assembly),KP_NORM_BLD_2011_75117,4s,4,0.06666666666666667,955.9 MB,0.9559
PlasmidHunter,KP_NORM_BLD_2011_74838,1m 36s,96,1.6,3.2 GB,3.2
Platon,KP_NORM_BLD_2011_74838,1m 39s,99,1.65,4.8 GB,4.8
Platon,KP_NORM_BLD_2011_75117,1m 46s,106,1.7666666666666666,6 GB,6
PlaScope (assembly),KP_NORM_BLD_2012_85054,4.6s,6,0.1,943.6 MB,0.9436
MOBSuite,KP_NORM_BLD_2010_70364,5m 52s,352,5.866666666666666,1.9 GB,1.9
Plasmer,KP_NORM_BLD_2011_74838,2m 47s,167,2.783333333333333,14.6 GB,14.6
PlasmidHunter,KP_NORM_BLD_2011_75117,1m 44s,104,1.7333333333333334,3.8 GB,3.8
Platon,KP_NORM_BLD_2012_85054,1m 30s,90,1.5,5.4 GB,5.4
Plasmer,KP_NORM_BLD_2011_75117,2m 51s,171,2.85,15.1 GB,15.1
MOBSuite,KP_NORM_BLD_2010_71621,5m 46s,346,5.766666666666667,1.9 GB,1.9
MOBSuite,KP_NORM_BLD_2011_74838,5m 37s,337,5.616666666666666,1.8 GB,1.8
PlaScope (assembly),KP_NORM_BLD_2012_86925,3.7s,7,0.11666666666666668,13.8 MB,0.013800000000000002
PlasmidHunter,KP_NORM_BLD_2012_85054,1m 25s,85,1.4166666666666667,3.3 GB,3.3
PlasmidHunter,KP_NORM_BLD_2012_86925,1m 27s,87,1.45,3.1 GB,3.1
Platon,KP_NORM_BLD_2012_86925,1m 16s,76,1.2666666666666666,4.7 GB,4.7
Plasmer,KP_NORM_BLD_2012_85054,2m 57s,177,2.95,14.2 GB,14.2
PlaScope (assembly),KP_NORM_BLD_2012_86962,4.1s,1,0.016666666666666666,962.9 MB,0.9629
Plasmer,KP_NORM_BLD_2012_86925,2m 17s,137,2.283333333333333,14.1 GB,14.1
Platon,KP_NORM_BLD_2012_86962,1m 22s,82,1.3666666666666667,4.9 GB,4.9
PlasmidHunter,KP_NORM_BLD_2012_86962,1m 35s,95,1.5833333333333333,3.3 GB,3.3
MOBSuite,KP_NORM_BLD_2011_75117,6m 21s,381,6.35,2.1 GB,2.1
PlaScope (assembly),KP_NORM_BLD_2012_85408,3.6s,6,0.1,5.5 MB,0.0055
Platon,KP_NORM_BLD_2012_85408,1m 43s,103,1.7166666666666666,5 GB,5
PlasmidHunter,KP_NORM_BLD_2012_85408,1m 42s,102,1.7,3.3 GB,3.3
Plasmer,KP_NORM_BLD_2012_86962,2m 29s,149,2.4833333333333334,14.2 GB,14.2
MOBSuite,KP_NORM_BLD_2012_85054,6m 25s,385,6.416666666666667,3.1 GB,3.1
Platon,KP_NORM_BLD_2013_88977,1m 21s,81,1.35,5.1 GB,5.1
PlaScope (assembly),KP_NORM_BLD_2013_88977,4.1s,1,0.016666666666666666,5.3 MB,0.0053
Plasmer,KP_NORM_BLD_2012_85408,2m 44s,164,2.7333333333333334,15.1 GB,15.1
PlasmidHunter,KP_NORM_BLD_2013_88977,1m 34s,94,1.5666666666666669,3.3 GB,3.3
MOBSuite,KP_NORM_BLD_2012_86925,4m 59s,299,4.983333333333333,1.4 GB,1.4
MOBSuite,KP_NORM_BLD_2012_86962,5m 21s,321,5.35,1.9 GB,1.9
PlaScope (assembly),KP_NORM_BLD_2013_90851,3.6s,6,0.1,949.1 MB,0.9491
PlasmidHunter,KP_NORM_BLD_2013_90851,1m 23s,83,1.3833333333333333,3.1 GB,3.1
Plasmer,KP_NORM_BLD_2013_88977,2m 47s,167,2.783333333333333,14.2 GB,14.2
PlaScope (assembly),KP_NORM_BLD_2013_91198,3.9s,9,0.15,5.5 MB,0.0055
Platon,KP_NORM_BLD_2013_90851,1m 27s,87,1.45,4.5 GB,4.5
PlasmidHunter,KP_NORM_BLD_2013_91198,1m 29s,89,1.4833333333333334,3.4 GB,3.4
Plasmer,KP_NORM_BLD_2013_90851,2m 53s,173,2.8833333333333333,14.9 GB,14.9
Platon,KP_NORM_BLD_2013_91198,1m 35s,95,1.5833333333333333,5.1 GB,5.1
PlasmidHunter,KP_NORM_BLD_2013_92328,1m 25s,85,1.4166666666666667,3.3 GB,3.3
PlaScope (assembly),KP_NORM_BLD_2013_92328,4.3s,3,0.05,5.3 MB,0.0053
MOBSuite,KP_NORM_BLD_2012_85408,6m 21s,381,6.35,2.1 GB,2.1
Plasmer,KP_NORM_BLD_2013_91198,2m 55s,175,2.9166666666666665,14 GB,14
PlaScope (assembly),KP_NORM_BLD_2013_91444,5.9s,9,0.15,955.6 MB,0.9556
Platon,KP_NORM_BLD_2013_92328,1m 22s,82,1.3666666666666667,5.8 GB,5.8
MOBSuite,KP_NORM_BLD_2013_88977,5m 7s,307,5.116666666666666,1.5 GB,1.5
MOBSuite,KP_NORM_BLD_2013_90851,5m 13s,313,5.216666666666667,1.5 GB,1.5
Platon,KP_NORM_BLD_2013_91444,1m 42s,102,1.7,5.1 GB,5.1
PlasmidHunter,KP_NORM_BLD_2013_91444,1m 42s,102,1.7,3.4 GB,3.4
Plasmer,KP_NORM_BLD_2013_92328,2m 43s,163,2.716666666666667,14.2 GB,14.2
PlaScope (assembly),KP_NORM_BLD_2014_100833,4.2s,2,0.03333333333333333,13.8 MB,0.013800000000000002
Plasmer,KP_NORM_BLD_2013_91444,3m 1s,181,3.0166666666666666,14.2 GB,14.2
PlaScope (assembly),KP_NORM_BLD_2014_100848,4.9s,9,0.15,963.7 MB,0.9637
PlasmidHunter,KP_NORM_BLD_2014_100833,1m 28s,88,1.4666666666666666,3.4 GB,3.4
MOBSuite,KP_NORM_BLD_2013_92328,5m 23s,323,5.383333333333334,1.5 GB,1.5
Platon,KP_NORM_BLD_2014_100833,1m 50s,110,1.8333333333333333,5.3 GB,5.3
MOBSuite,KP_NORM_BLD_2013_91198,7m 16s,436,7.266666666666667,3.7 GB,3.7
PlaScope (assembly),KP_NORM_BLD_2014_101821,3.6s,6,0.1,967 MB,0.967
Plasmer,KP_NORM_BLD_2014_100833,3m 6s,186,3.1,14.2 GB,14.2
Platon,KP_NORM_BLD_2014_100848,1m 29s,89,1.4833333333333334,4.9 GB,4.9
Plasmer,KP_NORM_BLD_2014_100848,2m 32s,152,2.533333333333333,15 GB,15
PlasmidHunter,KP_NORM_BLD_2014_100848,1m 48s,108,1.8,3.3 GB,3.3
PlasmidHunter,KP_NORM_BLD_2014_101821,1m 53s,113,1.8833333333333333,3.4 GB,3.4
Platon,KP_NORM_BLD_2014_101821,1m 45s,105,1.75,5.2 GB,5.2
Plasmer,KP_NORM_BLD_2014_101821,2m 4s,124,2.066666666666667,14.2 GB,14.2
MOBSuite,KP_NORM_BLD_2013_91444,7m 10s,430,7.166666666666667,2.1 GB,2.1
PlaScope (assembly),KP_NORM_BLD_2014_102946,3.7s,7,0.11666666666666668,5.5 MB,0.0055
MOBSuite,KP_NORM_BLD_2014_100833,6m 41s,401,6.683333333333334,2.6 GB,2.6
Platon,KP_NORM_BLD_2014_102946,1m 40s,100,1.6666666666666667,6.4 GB,6.4
PlasmidHunter,KP_NORM_BLD_2014_102946,1m 38s,98,1.6333333333333333,3.5 GB,3.5
PlaScope (assembly),KP_NORM_BLD_2014_103381,3.5s,5,0.08333333333333333,953.2 MB,0.9532
Platon,KP_NORM_BLD_2014_103381,1m 23s,83,1.3833333333333333,5 GB,5
MOBSuite,KP_NORM_BLD_2014_100848,5m 38s,338,5.633333333333334,1.9 GB,1.9
Plasmer,KP_NORM_BLD_2014_102946,2m 41s,161,2.683333333333333,14.2 GB,14.2
PlasmidHunter,KP_NORM_BLD_2014_103381,1m 27s,87,1.45,3.3 GB,3.3
PlaScope (assembly),KP_NORM_BLD_2014_104014,3.8s,8,0.13333333333333333,5.3 MB,0.0053
Plasmer,KP_NORM_BLD_2014_103381,2m 47s,167,2.783333333333333,15.1 GB,15.1
PlaScope (assembly),KP_NORM_URN_2015_109604,3.2s,2,0.03333333333333333,5.4 MB,0.0054
Platon,KP_NORM_BLD_2014_104014,1m 57s,117,1.95,6.9 GB,6.9
MOBSuite,KP_NORM_BLD_2014_101821,5m 52s,352,5.866666666666666,1.8 GB,1.8
Plasmer,KP_NORM_BLD_2014_104014,2m 55s,175,2.9166666666666665,14.2 GB,14.2
MOBSuite,KP_NORM_BLD_2014_102946,6m 24s,384,6.4,2 GB,2
PlasmidHunter,KP_NORM_BLD_2014_104014,1m 48s,108,1.8,3.9 GB,3.9
Platon,KP_NORM_URN_2015_109604,1m 23s,83,1.3833333333333333,4.9 GB,4.9
PlaScope (assembly),KP_NORM_BLD_2014_104302,4s,4,0.06666666666666667,5.4 MB,0.0054
PlasmidHunter,KP_NORM_URN_2015_109604,1m 23s,83,1.3833333333333333,3.2 GB,3.2
Plasmer,KP_NORM_URN_2015_109604,2m 27s,147,2.45,13.7 GB,13.7
MOBSuite,KP_NORM_BLD_2014_103381,5m 44s,344,5.733333333333333,2.1 GB,2.1
PlasmidHunter,KP_NORM_BLD_2014_104302,1m 32s,92,1.5333333333333334,3.3 GB,3.3
PlaScope (assembly),KP_NORM_BLD_2014_96855,3.9s,9,0.15,956.9 MB,0.9569
Platon,KP_NORM_BLD_2014_104302,1m 32s,92,1.5333333333333334,5.1 GB,5.1
PlasmidHunter,KP_NORM_BLD_2014_96855,1m 17s,77,1.2833333333333334,3.5 GB,3.5
Platon,KP_NORM_BLD_2014_96855,1m 26s,86,1.4333333333333331,5.4 GB,5.4
Plasmer,KP_NORM_BLD_2014_104302,2m 34s,154,2.566666666666667,15.1 GB,15.1
PlaScope (assembly),KP_NORM_BLD_2015_111587,3.9s,9,0.15,5.5 MB,0.0055
MOBSuite,KP_NORM_URN_2015_109604,5m 12s,312,5.2,1.6 GB,1.6
PlasmidHunter,KP_NORM_BLD_2015_111587,1m 25s,85,1.4166666666666667,3.3 GB,3.3
MOBSuite,KP_NORM_BLD_2014_104014,6m 57s,417,6.95,2.4 GB,2.4
PlaScope (assembly),KP_NORM_BLD_2015_108843,4s,4,0.06666666666666667,5.5 MB,0.0055
Plasmer,KP_NORM_BLD_2014_96855,3m 1s,181,3.0166666666666666,14.2 GB,14.2
MOBSuite,KP_NORM_BLD_2014_104302,5m 26s,326,5.433333333333334,1.6 GB,1.6
Platon,KP_NORM_BLD_2015_111587,1m 52s,112,1.8666666666666667,5.5 GB,5.5
PlasmidHunter,KP_NORM_BLD_2015_108843,1m 47s,107,1.7833333333333334,3.7 GB,3.7
Plasmer,KP_NORM_BLD_2015_111587,3m 41s,221,3.683333333333333,14 GB,14
MOBSuite,KP_NORM_BLD_2014_96855,6m 27s,387,6.45,1.7 GB,1.7
PlaScope (assembly),KP_NORM_BLD_2015_112126,3.7s,7,0.11666666666666668,5.3 MB,0.0053
Platon,KP_NORM_BLD_2015_108843,2m 36s,156,2.6,5.8 GB,5.8
Plasmer,KP_NORM_BLD_2015_108843,3m 56s,236,3.933333333333333,13.9 GB,13.9
PlasmidHunter,KP_NORM_BLD_2015_112126,2m 5s,125,2.083333333333333,3.8 GB,3.8
Platon,KP_NORM_BLD_2247,1m 32s,92,1.5333333333333334,4.5 GB,4.5
PlaScope (assembly),KP_NORM_BLD_2247,3.7s,7,0.11666666666666668,5.3 MB,0.0053
Platon,KP_NORM_BLD_2015_112126,2m 18s,138,2.3,6.6 GB,6.6
MOBSuite,KP_NORM_BLD_2015_111587,9m 11s,551,9.183333333333334,2.6 GB,2.6
Plasmer,KP_NORM_BLD_2015_112126,3m 44s,224,3.733333333333333,14.8 GB,14.8
HyAsp,T7-129,7m 27s,447,7.45,1.4 GB,1.4
HyAsp,T7-133,7m 2s,422,7.033333333333333,1.4 GB,1.4
HyAsp,T7-296,7m 29s,449,7.483333333333333,1.2 GB,1.2
PlasmidHunter,KP_NORM_BLD_2247,1m 33s,93,1.55,3 GB,3
HyAsp,T7-146,6m 23s,383,6.383333333333334,1.4 GB,1.4
HyAsp,T7-141,6m 43s,403,6.716666666666667,1.3 GB,1.3
HyAsp,T7-153,6m 58s,418,6.966666666666667,1.4 GB,1.4
HyAsp,T7-160,6m 34s,394,6.566666666666666,1.1 GB,1.1
HyAsp,T7-158,6m 47s,407,6.783333333333333,1 GB,1
Platon,KP_NORM_BLD_2015_115359,1m 35s,95,1.5833333333333333,5.1 GB,5.1
MOBSuite,KP_NORM_BLD_2015_108843,8m 17s,497,8.283333333333333,2.1 GB,2.1
PlaScope (assembly),KP_NORM_BLD_2015_115359,3.6s,6,0.1,5.3 MB,0.0053
HyAsp,T7-165,6m 40s,400,6.666666666666667,1.1 GB,1.1
Plasmer,KP_NORM_BLD_2247,2m 59s,179,2.9833333333333334,15.1 GB,15.1
HyAsp,T7-179,6m 31s,391,6.516666666666667,1.1 GB,1.1
HyAsp,T7-180,6m 45s,405,6.75,1.3 GB,1.3
HyAsp,T7-181,6m 48s,408,6.8,1.4 GB,1.4
Plasmer,KP_NORM_BLD_2015_115359,3m 13s,193,3.216666666666667,15.1 GB,15.1
PlasmidHunter,KP_NORM_BLD_2015_115359,1m 53s,113,1.8833333333333333,3.3 GB,3.3
PlaScope (assembly),KP_NORM_BLD_225,3.9s,9,0.15,387.9 MB,0.3879
HyAsp,T7-185,6m 55s,415,6.916666666666667,1.4 GB,1.4
MOBSuite,KP_NORM_BLD_2247,5m 4s,304,5.066666666666666,734.1 MB,0.7341000000000001
HyAsp,T7-189,7m 22s,442,7.366666666666666,1.4 GB,1.4
HyAsp,T7-200,6m 43s,403,6.716666666666667,1.4 GB,1.4
PlasmidHunter,KP_NORM_BLD_225,1m 42s,102,1.7,3.1 GB,3.1
HyAsp,T7-213,7m 33s,453,7.55,1.1 GB,1.1
HyAsp,T7-211,7m 39s,459,7.65,1.4 GB,1.4
HyAsp,T7-209,7m 55s,475,7.916666666666667,1.3 GB,1.3
HyAsp,T7-220,8m 15s,495,8.25,1.4 GB,1.4
HyAsp,T7-240,8m 12s,492,8.2,1.2 GB,1.2
Plasmer,KP_NORM_BLD_225,4m 50s,290,4.833333333333333,15.1 GB,15.1
Plasmer,KP_NORM_BLD_228,4m 27s,267,4.45,15.1 GB,15.1
PlaScope (assembly),KP_NORM_BLD_228,32.3s,3,0.05,958.6 MB,0.9586
HyAsp,T7-225,8m 50s,530,8.833333333333334,1.4 GB,1.4
MOBSuite,KP_NORM_BLD_2015_112126,14m 59s,899,14.983333333333333,3.7 GB,3.7
HyAsp,T7-234,8m 54s,534,8.9,1.4 GB,1.4
HyAsp,T7-262,8m 51s,531,8.85,1.2 GB,1.2
HyAsp,T7-259,8m 48s,528,8.8,1.4 GB,1.4
HyAsp,T7-266,8m 52s,532,8.866666666666667,1.4 GB,1.4
HyAsp,T7-242,9m 25s,565,9.416666666666666,1.2 GB,1.2
HyAsp,T7-264,8m 43s,523,8.716666666666667,1.2 GB,1.2
MOBSuite,KP_NORM_BLD_2015_115359,10m 6s,606,10.1,2.1 GB,2.1
HyAsp,T7-267,9m 1s,541,9.016666666666667,1.4 GB,1.4
MOBSuite,KP_NORM_BLD_225,8m 44s,524,8.733333333333333,743.2 MB,0.7432000000000001
HyAsp,T7-273,9m 8s,548,9.133333333333333,1.4 GB,1.4
Platon,KP_NORM_BLD_228,3m 5s,185,3.083333333333333,4.3 GB,4.3
HyAsp,T7-286,9m 10s,550,9.166666666666666,1.4 GB,1.4
PlaScope (assembly),KP_NORM_BLD_2254,37.8s,8,0.13333333333333333,832.6 MB,0.8326
HyAsp,T7-289,9m 28s,568,9.466666666666669,1.4 GB,1.4
PlasmidHunter,KP_NORM_BLD_228,3m 47s,227,3.783333333333333,2.9 GB,2.9
HyAsp,T7-326,9m 20s,560,9.333333333333334,1.4 GB,1.4
HyAsp,T7-292,9m 38s,578,9.633333333333333,1.4 GB,1.4
HyAsp,T7-333,9m 22s,562,9.366666666666667,1.2 GB,1.2
HyAsp,T7-349,9m 39s,579,9.65,1.3 GB,1.3
HyAsp,T7-365,9m 32s,572,9.533333333333331,1.2 GB,1.2
Platon,KP_NORM_BLD_2254,3m 26s,206,3.433333333333333,5.5 GB,5.5
HyAsp,T7-311,10m,600,10,1.4 GB,1.4
HyAsp,T7-335,9m 50s,590,9.833333333333334,1.2 GB,1.2
PlasmidHunter,KP_NORM_BLD_2254,3m 11s,191,3.183333333333333,3.2 GB,3.2
PlaScope (assembly),KP_NORM_BLD_2497,3.9s,9,0.15,13.9 MB,0.0139
HyAsp,T7-378,9m 45s,585,9.75,1.2 GB,1.2
Plasmer,KP_NORM_BLD_2254,4m 33s,273,4.55,14.2 GB,14.2
MOBSuite,KP_NORM_BLD_228,8m 43s,523,8.716666666666667,1.1 GB,1.1
Plasmer,KP_NORM_BLD_2497,4m 31s,271,4.516666666666667,13.6 GB,13.6
Platon,KP_NORM_BLD_2497,1m 38s,98,1.6333333333333333,4.7 GB,4.7
HyAsp,T7-398,8m 25s,505,8.416666666666666,1.2 GB,1.2
HyAsp,T7-402,8m 4s,484,8.066666666666666,1.2 GB,1.2
HyAsp,T7-393,8m 2s,482,8.033333333333333,1.4 GB,1.4
PlasmidHunter,KP_NORM_BLD_2497,1m 52s,112,1.8666666666666667,3.2 GB,3.2
MOBSuite,KP_NORM_BLD_2254,9m 12s,552,9.2,1.9 GB,1.9
Platon,KP_NORM_BLD_231,2m 8s,128,2.1333333333333333,5.6 GB,5.6
PlaScope (assembly),KP_NORM_BLD_231,4s,4,0.06666666666666667,13.7 MB,0.0137
HyAsp,T7-394,8m 48s,528,8.8,1.1 GB,1.1
PlaScope (assembly),KP_NORM_BLD_2395,4.2s,2,0.03333333333333333,958.1 MB,0.9581
HyAsp,T7-414,8m 27s,507,8.45,1.1 GB,1.1
HyAsp,T7-410,8m 32s,512,8.533333333333333,1.4 GB,1.4
HyAsp,T7-424,8m 26s,506,8.433333333333334,1.4 GB,1.4
HyAsp,T7-442,8m 26s,506,8.433333333333334,1.4 GB,1.4
HyAsp,T7-439,8m 14s,494,8.233333333333333,1.4 GB,1.4
HyAsp,T7-425,8m 34s,514,8.566666666666666,1.4 GB,1.4
HyAsp,T7-445,7m 35s,455,7.583333333333333,1.2 GB,1.2
MOBSuite,KP_NORM_BLD_2497,6m 35s,395,6.583333333333333,1.2 GB,1.2
PlasmidHunter,KP_NORM_BLD_231,2m 22s,142,2.3666666666666667,3.2 GB,3.2
HyAsp,T7-472,7m 33s,453,7.55,1.3 GB,1.3
HyAsp,T7-457,7m 44s,464,7.733333333333333,1.4 GB,1.4
HyAsp,T7-460,7m 9s,429,7.15,1.4 GB,1.4
HyAsp,T7-475,7m 2s,422,7.033333333333333,1.3 GB,1.3
HyAsp,T7-488,7m 15s,435,7.25,1.4 GB,1.4
HyAsp,T7-482,7m 53s,473,7.883333333333334,1.3 GB,1.3
HyAsp,T7-493,8m 1s,481,8.016666666666667,1.2 GB,1.2
Plasmer,KP_NORM_BLD_231,4m,240,4,15.1 GB,15.1
Platon,KP_NORM_BLD_2395,1m 51s,111,1.85,4.8 GB,4.8
PlasmidHunter,KP_NORM_BLD_2395,2m 13s,133,2.216666666666667,3.2 GB,3.2
MOBSuite,KP_NORM_BLD_231,8m 21s,501,8.35,1.4 GB,1.4
PlaScope (assembly),KP_NORM_BLD_2508,4.6s,6,0.1,14 MB,0.014
MOBSuite,KP_NORM_BLD_2395,7m 27s,447,7.45,1.2 GB,1.2
Plasmer,KP_NORM_BLD_2508,4m 6s,246,4.1,15.1 GB,15.1
Plasmer,KP_NORM_BLD_2395,4m 9s,249,4.15,15.1 GB,15.1
PlaScope (assembly),KP_NORM_BLD_2799,5.6s,6,0.1,961 MB,0.961
PlasmidHunter,KP_NORM_BLD_2508,2m 10s,130,2.1666666666666665,3.1 GB,3.1
Platon,KP_NORM_BLD_2508,2m 5s,125,2.083333333333333,5.6 GB,5.6
Platon,KP_NORM_BLD_2799,2m 22s,142,2.3666666666666667,5.1 GB,5.1
PlasmidHunter,KP_NORM_BLD_2799,2m 8s,128,2.1333333333333333,3.4 GB,3.4
MOBSuite,KP_NORM_BLD_2508,6m 50s,410,6.833333333333333,959.4 MB,0.9594
PlaScope (assembly),KP_NORM_BLD_60429,3.8s,8,0.13333333333333333,14 MB,0.014
Plasmer,KP_NORM_BLD_2799,4m 2s,242,4.033333333333333,14.7 GB,14.7
Platon,KP_NORM_BLD_60429,3m 7s,187,3.1166666666666667,5.7 GB,5.7
Plasmer,KP_NORM_BLD_60429,4m 17s,257,4.283333333333333,15.1 GB,15.1
PlaScope (assembly),KP_NORM_BLD_3074,5.2s,2,0.03333333333333333,13.8 MB,0.013800000000000002
MOBSuite,KP_NORM_BLD_2799,7m 36s,456,7.6,937.8 MB,0.9378
PlasmidHunter,KP_NORM_BLD_60429,3m 1s,181,3.0166666666666666,3.7 GB,3.7
PlasmidHunter,KP_NORM_BLD_3074,2m 21s,141,2.35,3.4 GB,3.4
Platon,KP_NORM_BLD_3074,1m 59s,119,1.9833333333333332,5.2 GB,5.2
Plasmer,KP_NORM_BLD_3074,4m 33s,273,4.55,14.9 GB,14.9
PlaScope (assembly),KP_NORM_BLD_60778,5.2s,2,0.03333333333333333,965.9 MB,0.9659
MOBSuite,KP_NORM_BLD_60429,11m 2s,662,11.033333333333331,2.7 GB,2.7
PlasmidHunter,KP_NORM_BLD_60778,2m 15s,135,2.25,3.4 GB,3.4
MOBSuite,NK_H14_015,9m 21s,561,9.35,1.7 GB,1.7
Platon,KP_NORM_BLD_60778,1m 57s,117,1.95,5.1 GB,5.1
MOBSuite,KP_NORM_BLD_3074,8m 4s,484,8.066666666666666,1.2 GB,1.2
PlaScope (assembly),KP_NORM_BLD_60723,4.8s,8,0.13333333333333333,13.8 MB,0.013800000000000002
Plasmer,KP_NORM_BLD_60778,3m 51s,231,3.85,14.6 GB,14.6
MOBSuite,KP_NORM_BLD_60778,7m 8s,428,7.133333333333334,986.3 MB,0.9863
PlaScope (assembly),KP_NORM_BLD_60562,5.9s,9,0.15,965.4 MB,0.9654
Platon,KP_NORM_BLD_60723,1m 58s,118,1.9666666666666663,4.8 GB,4.8
PlasmidHunter,KP_NORM_BLD_60723,1m 58s,118,1.9666666666666663,3.2 GB,3.2
Plasmer,KP_NORM_BLD_60723,4m 12s,252,4.2,13.7 GB,13.7
Platon,KP_NORM_BLD_60562,1m 52s,112,1.8666666666666667,5.5 GB,5.5
PlasmidHunter,KP_NORM_BLD_60562,2m,120,2,3.7 GB,3.7
PlasmidHunter,KP_NORM_BLD_60803,1m 55s,115,1.9166666666666667,3.1 GB,3.1
PlaScope (assembly),KP_NORM_BLD_60803,6.5s,5,0.08333333333333333,5.5 MB,0.0055
Plasmer,KP_NORM_BLD_60562,4m 16s,256,4.266666666666667,14.9 GB,14.9
Platon,KP_NORM_BLD_60803,1m 57s,117,1.95,4.7 GB,4.7
MOBSuite,KP_NORM_BLD_60723,7m 30s,450,7.5,863.1 MB,0.8631000000000001
PlaScope (assembly),KP_NORM_BLD_60874,5.2s,2,0.03333333333333333,952.1 MB,0.9521
MOBSuite,KP_NORM_BLD_60562,8m 10s,490,8.166666666666666,1.2 GB,1.2
Plasmer,KP_NORM_BLD_60803,4m 44s,284,4.733333333333333,15.1 GB,15.1
Platon,KP_NORM_BLD_60874,2m,120,2,4.5 GB,4.5
MOBSuite,KP_NORM_BLD_60803,6m 34s,394,6.566666666666666,744.5 MB,0.7445
PlasmidHunter,KP_NORM_BLD_60874,2m 9s,129,2.15,3.1 GB,3.1
MOBSuite,KP_NORM_BLD_60874,7m 41s,461,7.683333333333334,1.1 GB,1.1
PlaScope (assembly),KP_NORM_BLD_61273,5.6s,6,0.1,13.8 MB,0.013800000000000002
Plasmer,KP_NORM_BLD_60874,4m 30s,270,4.5,14.6 GB,14.6
PlasmidHunter,KP_NORM_BLD_61273,2m 51s,171,2.85,3.4 GB,3.4
Plasmer,KP_NORM_BLD_61273,4m 43s,283,4.716666666666667,15.1 GB,15.1
PlasmidHunter,KP_NORM_BLD_61295,2m 3s,123,2.05,3.3 GB,3.3
Platon,KP_NORM_BLD_61273,3m 11s,191,3.183333333333333,5.1 GB,5.1
Platon,KP_NORM_BLD_61295,2m 23s,143,2.3833333333333333,5 GB,5
PlaScope (assembly),KP_NORM_BLD_61295,5.2s,2,0.03333333333333333,5.3 MB,0.0053
Plasmer,KP_NORM_BLD_61295,4m 35s,275,4.583333333333333,14.5 GB,14.5
PlasmidHunter,KP_NORM_BLD_61444,2m 15s,135,2.25,3.4 GB,3.4
Platon,KP_NORM_BLD_61444,1m 44s,104,1.7333333333333334,5.3 GB,5.3
PlaScope (assembly),KP_NORM_BLD_61444,6.5s,5,0.08333333333333333,974.8 MB,0.9748
MOBSuite,KP_NORM_BLD_61273,10m 6s,606,10.1,1.9 GB,1.9
PlaScope (assembly),KP_NORM_BLD_61459,3.8s,8,0.13333333333333333,5.4 MB,0.0054
MOBSuite,KP_NORM_BLD_61295,7m 44s,464,7.733333333333333,1.1 GB,1.1
PlaScope (assembly),KP_NORM_BLD_61439,5.2s,2,0.03333333333333333,961.4 MB,0.9614
Platon,KP_NORM_BLD_61459,1m 31s,91,1.5166666666666666,4.9 GB,4.9
PlasmidHunter,KP_NORM_BLD_61459,1m 30s,90,1.5,3.2 GB,3.2
Plasmer,KP_NORM_BLD_61444,3m 2s,182,3.033333333333333,15.1 GB,15.1
Plasmer,KP_NORM_BLD_61459,2m 23s,143,2.3833333333333333,13.7 GB,13.7
Platon,KP_NORM_BLD_61439,1m 24s,84,1.4,5.6 GB,5.6
PlasmidHunter,KP_NORM_BLD_61439,1m 51s,111,1.85,3.7 GB,3.7
MOBSuite,KP_NORM_BLD_61444,5m 9s,309,5.15,713.4 MB,0.7134
PlaScope (assembly),KP_NORM_BLD_61894,3.5s,5,0.08333333333333333,5.4 MB,0.0054
Plasmer,KP_NORM_BLD_61439,2m 37s,157,2.6166666666666667,14.2 GB,14.2
PlaScope (assembly),KP_NORM_BLD_61886,4.2s,2,0.03333333333333333,974.2 MB,0.9742
Platon,KP_NORM_BLD_61894,1m 43s,103,1.7166666666666666,5 GB,5
PlasmidHunter,KP_NORM_BLD_61894,1m 32s,92,1.5333333333333334,3.4 GB,3.4
Platon,KP_NORM_BLD_61886,1m 15s,75,1.25,5 GB,5
PlaScope (assembly),KP_NORM_BLD_62164,4.5s,5,0.08333333333333333,952.7 MB,0.9527
MOBSuite,KP_NORM_BLD_61459,4m 49s,289,4.816666666666666,927.5 MB,0.9275
Plasmer,KP_NORM_BLD_61894,3m 7s,187,3.1166666666666667,14.2 GB,14.2
PlasmidHunter,KP_NORM_BLD_61886,1m 41s,101,1.6833333333333331,3.3 GB,3.3
Plasmer,KP_NORM_BLD_61886,2m 32s,152,2.533333333333333,15.1 GB,15.1
Platon,KP_NORM_BLD_62164,1m 18s,78,1.3,4.4 GB,4.4
PlaScope (assembly),NK_H12_041,3.9s,9,0.15,968.1 MB,0.9681
PlasmidHunter,KP_NORM_BLD_62164,1m 13s,73,1.2166666666666666,3 GB,3
MOBSuite,KP_NORM_BLD_61439,5m 28s,328,5.466666666666667,1.3 GB,1.3
PlasmidHunter,NK_H12_041,1m 22s,82,1.3666666666666667,3.2 GB,3.2
Platon,NK_H12_041,1m 19s,79,1.3166666666666669,4.9 GB,4.9
Plasmer,KP_NORM_BLD_62164,2m 55s,175,2.9166666666666665,14.2 GB,14.2
MOBSuite,KP_NORM_BLD_61886,4m 32s,272,4.533333333333333,812.3 MB,0.8123
MOBSuite,KP_NORM_BLD_61894,6m 10s,370,6.166666666666667,1.9 GB,1.9
PlaScope (assembly),KP_NORM_BLD_62202,3.3s,3,0.05,5.3 MB,0.0053
Platon,KP_NORM_BLD_62202,1m 33s,93,1.55,5.1 GB,5.1
PlasmidHunter,KP_NORM_BLD_62202,1m 28s,88,1.4666666666666666,3 GB,3
MOBSuite,KP_NORM_BLD_62164,4m 19s,259,4.316666666666666,913.7 MB,0.9137
PlaScope (assembly),NK_H12_048,3.9s,9,0.15,960.8 MB,0.9608
Plasmer,NK_H12_041,2m 41s,161,2.683333333333333,15.1 GB,15.1
Platon,NK_H12_048,1m 20s,80,1.3333333333333333,5.2 GB,5.2
PlasmidHunter,NK_H12_048,1m 31s,91,1.5166666666666666,3.2 GB,3.2
Plasmer,KP_NORM_BLD_62202,2m 50s,170,2.833333333333333,14.2 GB,14.2
PlaScope (assembly),NK_H12_057,7s,7,0.11666666666666668,974 MB,0.974
Plasmer,NK_H12_057,2m 7s,127,2.1166666666666667,14.2 GB,14.2
Platon,NK_H12_057,1m 9s,69,1.15,4.6 GB,4.6
PlasmidHunter,NK_H12_057,1m 36s,96,1.6,3.1 GB,3.1
Plasmer,NK_H12_048,2m 41s,161,2.683333333333333,14.2 GB,14.2
PlaScope (assembly),KP_NORM_BLD_62512,4.3s,3,0.05,958.8 MB,0.9588
MOBSuite,NK_H12_041,5m 23s,323,5.383333333333334,1.4 GB,1.4
PlasmidHunter,KP_NORM_BLD_62512,1m 48s,108,1.8,3.6 GB,3.6
MOBSuite,NK_H12_048,4m 36s,276,4.6,1.3 GB,1.3
Platon,KP_NORM_BLD_62512,1m 47s,107,1.7833333333333334,5.4 GB,5.4
MOBSuite,KP_NORM_BLD_62202,5m 48s,348,5.8,1.8 GB,1.8
MOBSuite,NK_H12_057,4m 19s,259,4.316666666666666,722.1 MB,0.7221000000000001
Plasmer,KP_NORM_BLD_62512,2m 52s,172,2.8666666666666667,14.2 GB,14.2
PlaScope (assembly),KP_NORM_BLD_62638,3.6s,6,0.1,5.5 MB,0.0055
PlaScope (assembly),KP_NORM_BLD_62504,3.8s,8,0.13333333333333333,5.5 MB,0.0055
Platon,KP_NORM_BLD_62638,1m 26s,86,1.4333333333333331,5.7 GB,5.7
PlasmidHunter,KP_NORM_BLD_62638,1m 33s,93,1.55,3.2 GB,3.2
PlasmidHunter,KP_NORM_BLD_62504,1m 44s,104,1.7333333333333334,3.1 GB,3.1
Plasmer,KP_NORM_BLD_62638,2m 53s,173,2.8833333333333333,14.6 GB,14.6
Platon,KP_NORM_BLD_62504,2m 2s,122,2.033333333333333,5.3 GB,5.3
MOBSuite,KP_NORM_BLD_62512,5m 5s,305,5.083333333333333,1.1 GB,1.1
PlaScope (assembly),KP_NORM_BLD_62486,3.7s,7,0.11666666666666668,5.2 MB,0.005200000000000001
PlaScope (assembly),KP_NORM_BLD_62649,4.2s,2,0.03333333333333333,942.1 MB,0.9421
Plasmer,KP_NORM_BLD_62504,2m 59s,179,2.9833333333333334,15.1 GB,15.1
MOBSuite,KP_NORM_BLD_62638,5m 12s,312,5.2,1.5 GB,1.5
Platon,KP_NORM_BLD_62486,1m 30s,90,1.5,5.2 GB,5.2
Plasmer,KP_NORM_BLD_62486,2m 51s,171,2.85,14.2 GB,14.2
PlasmidHunter,KP_NORM_BLD_62486,1m 32s,92,1.5333333333333334,3.5 GB,3.5
Platon,KP_NORM_BLD_62649,1m 24s,84,1.4,4.7 GB,4.7
PlasmidHunter,KP_NORM_BLD_62649,1m 19s,79,1.3166666666666669,3.1 GB,3.1
Platon,KP_NORM_BLD_62912,1m 31s,91,1.5166666666666666,5.1 GB,5.1
PlaScope (assembly),KP_NORM_BLD_62912,4.4s,4,0.06666666666666667,947.7 MB,0.9477
PlasmidHunter,KP_NORM_BLD_62912,1m 25s,85,1.4166666666666667,3.4 GB,3.4
Plasmer,KP_NORM_BLD_62649,2m 52s,172,2.8666666666666667,15.1 GB,15.1
MOBSuite,KP_NORM_BLD_62504,6m 44s,404,6.733333333333333,2 GB,2
PlaScope (assembly),KP_NORM_BLD_62914,3.8s,8,0.13333333333333333,949.5 MB,0.9495
Plasmer,KP_NORM_BLD_62912,2m 54s,174,2.9,14.2 GB,14.2
MOBSuite,KP_NORM_BLD_62486,4m 51s,291,4.85,763.8 MB,0.7637999999999999
Platon,KP_NORM_BLD_62914,1m 29s,89,1.4833333333333334,4.8 GB,4.8
MOBSuite,KP_NORM_BLD_62649,4m 55s,295,4.916666666666667,1.3 GB,1.3
PlasmidHunter,KP_NORM_BLD_62914,1m 25s,85,1.4166666666666667,3.2 GB,3.2
PlaScope (assembly),KP_NORM_BLD_62920,3.1s,1,0.016666666666666666,5.4 MB,0.0054
Plasmer,KP_NORM_BLD_62914,2m 56s,176,2.933333333333333,13.5 GB,13.5
PlasmidHunter,KP_NORM_BLD_62920,1m 24s,84,1.4,3.3 GB,3.3
Platon,KP_NORM_BLD_62920,1m 38s,98,1.6333333333333333,5.1 GB,5.1
PlaScope (assembly),KP_NORM_BLD_62922,3.3s,3,0.05,5.5 MB,0.0055
MOBSuite,KP_NORM_BLD_62912,4m 52s,292,4.866666666666666,914.1 MB,0.9141
PlaScope (assembly),KP_NORM_BLD_62926,4s,4,0.06666666666666667,959.3 MB,0.9593
PlasmidHunter,KP_NORM_BLD_62922,1m 32s,92,1.5333333333333334,3.3 GB,3.3
Platon,KP_NORM_BLD_62922,1m 20s,80,1.3333333333333333,4.9 GB,4.9
MOBSuite,KP_NORM_BLD_62914,5m 23s,323,5.383333333333334,1.8 GB,1.8
Plasmer,KP_NORM_BLD_62920,3m 5s,185,3.083333333333333,15.1 GB,15.1
Platon,KP_NORM_BLD_62926,1m 12s,72,1.2,4.4 GB,4.4
Plasmer,KP_NORM_BLD_62926,2m 33s,153,2.55,14.8 GB,14.8
PlasmidHunter,KP_NORM_BLD_62926,1m 24s,84,1.4,3 GB,3
MOBSuite,KP_NORM_BLD_62920,5m 19s,319,5.316666666666666,1.6 GB,1.6
Plasmer,KP_NORM_BLD_62922,3m 11s,191,3.183333333333333,13.1 GB,13.1
PlaScope (assembly),KP_NORM_BLD_62934,3.5s,5,0.08333333333333333,5.3 MB,0.0053
PlaScope (assembly),KP_NORM_BLD_63395,3.7s,7,0.11666666666666668,5.3 MB,0.0053
Platon,KP_NORM_BLD_62934,1m 23s,83,1.3833333333333333,4.8 GB,4.8
PlasmidHunter,KP_NORM_BLD_62934,1m 32s,92,1.5333333333333334,3.1 GB,3.1
Plasmer,KP_NORM_BLD_62934,2m 51s,171,2.85,14.9 GB,14.9
MOBSuite,KP_NORM_BLD_62926,4m 6s,246,4.1,711.5 MB,0.7115
PlaScope (assembly),KP_NORM_BLD_63815,3.8s,8,0.13333333333333333,954.6 MB,0.9546
Platon,KP_NORM_BLD_63395,1m 53s,113,1.8833333333333333,5.5 GB,5.5
MOBSuite,KP_NORM_BLD_62922,5m 9s,309,5.15,793.7 MB,0.7937000000000001
PlasmidHunter,KP_NORM_BLD_63395,1m 46s,106,1.7666666666666666,3.2 GB,3.2
Plasmer,KP_NORM_BLD_63395,2m 47s,167,2.783333333333333,14.2 GB,14.2
Platon,KP_NORM_BLD_63815,1m 34s,94,1.5666666666666669,5.4 GB,5.4
MOBSuite,KP_NORM_BLD_62934,4m 25s,265,4.416666666666667,739.6 MB,0.7396
PlaScope (assembly),KP_NORM_BLD_63801,3.2s,2,0.03333333333333333,5.5 MB,0.0055
PlasmidHunter,KP_NORM_BLD_63815,1m 45s,105,1.75,3.6 GB,3.6
PlaScope (assembly),KP_NORM_BLD_63842,3.3s,3,0.05,5.3 MB,0.0053
Platon,KP_NORM_BLD_63801,1m 42s,102,1.7,5.2 GB,5.2
PlasmidHunter,KP_NORM_BLD_63801,1m 40s,100,1.6666666666666667,3.4 GB,3.4
PlasmidHunter,KP_NORM_BLD_63842,1m 32s,92,1.5333333333333334,3.4 GB,3.4
Plasmer,KP_NORM_BLD_63815,3m 10s,190,3.1666666666666665,15.1 GB,15.1
Plasmer,KP_NORM_BLD_63801,2m 54s,174,2.9,15.1 GB,15.1
PlaScope (assembly),KP_NORM_URN_106487,4.2s,2,0.03333333333333333,5.3 MB,0.0053
Platon,KP_NORM_BLD_63842,1m 25s,85,1.4166666666666667,6.2 GB,6.2
Plasmer,KP_NORM_BLD_63842,2m 51s,171,2.85,14.2 GB,14.2
MOBSuite,KP_NORM_BLD_63395,6m,360,6,1.7 GB,1.7
PlaScope (assembly),KP_NORM_BLD_70,3.7s,7,0.11666666666666668,965.4 MB,0.9654
Platon,KP_NORM_URN_106487,1m 31s,91,1.5166666666666666,5.7 GB,5.7
PlasmidHunter,KP_NORM_URN_106487,1m 52s,112,1.8666666666666667,3.7 GB,3.7
Plasmer,KP_NORM_URN_106487,2m 51s,171,2.85,14.2 GB,14.2
Platon,KP_NORM_BLD_70,1m 31s,91,1.5166666666666666,6.1 GB,6.1
MOBSuite,KP_NORM_BLD_63842,5m 11s,311,5.183333333333334,1.1 GB,1.1
MOBSuite,KP_NORM_BLD_63801,5m 54s,354,5.9,1.5 GB,1.5
PlaScope (assembly),KP_NORM_URN_106847,4.1s,1,0.016666666666666666,974.3 MB,0.9743
PlasmidHunter,KP_NORM_BLD_70,1m 41s,101,1.6833333333333331,3.2 GB,3.2
Platon,KP_NORM_URN_106847,1m 27s,87,1.45,5.1 GB,5.1
Plasmer,KP_NORM_URN_106847,2m 19s,139,2.316666666666667,15.1 GB,15.1
PlaScope (assembly),KP_NORM_URN_107976,5s,5,0.08333333333333333,5.4 MB,0.0054
Plasmer,KP_NORM_BLD_70,2m 59s,179,2.9833333333333334,15.1 GB,15.1
PlasmidHunter,KP_NORM_URN_106847,1m 45s,105,1.75,3.4 GB,3.4
Platon,KP_NORM_URN_107976,1m 45s,105,1.75,5.2 GB,5.2
MOBSuite,KP_NORM_URN_106487,6m 15s,375,6.25,1.5 GB,1.5
PlasmidHunter,KP_NORM_URN_107976,1m 46s,106,1.7666666666666666,3.5 GB,3.5
MOBSuite,KP_NORM_BLD_70,5m 40s,340,5.666666666666667,1.8 GB,1.8
PlaScope (assembly),KP_NORM_URN_109342,3.7s,7,0.11666666666666668,963.3 MB,0.9633
PlasmidHunter,KP_NORM_URN_109342,1m 29s,89,1.4833333333333334,3.5 GB,3.5
Plasmer,KP_NORM_URN_107976,2m 43s,163,2.716666666666667,14.2 GB,14.2
Platon,KP_NORM_URN_109342,1m 21s,81,1.35,5.3 GB,5.3
Plasmer,KP_NORM_URN_109342,2m 52s,172,2.8666666666666667,14.2 GB,14.2
MOBSuite,KP_NORM_URN_106847,5m 10s,310,5.166666666666667,1.4 GB,1.4
PlaScope (assembly),KP_NORM_URN_113027,4s,4,0.06666666666666667,959.7 MB,0.9597
PlasmidHunter,KP_NORM_URN_113027,1m 16s,76,1.2666666666666666,3.1 GB,3.1
PlaScope (assembly),KP_NORM_URN_114421,3.7s,7,0.11666666666666668,5.4 MB,0.0054
Platon,KP_NORM_URN_113027,1m 17s,77,1.2833333333333334,4.6 GB,4.6
Plasmer,KP_NORM_URN_113027,2m 49s,169,2.816666666666667,14.2 GB,14.2
PlaScope (assembly),NK_H15_047,3.2s,2,0.03333333333333333,5.6 MB,0.0056
Platon,KP_NORM_URN_114421,1m 43s,103,1.7166666666666666,5.5 GB,5.5
PlasmidHunter,KP_NORM_URN_114421,1m 44s,104,1.7333333333333334,3.5 GB,3.5
MOBSuite,KP_NORM_URN_109342,4m 46s,286,4.766666666666667,868.2 MB,0.8682000000000001
Platon,NK_H15_047,1m 24s,84,1.4,4.7 GB,4.7
PlaScope (assembly),KP_NORM_URN_2012_81416,4.7s,7,0.11666666666666668,929 MB,0.929
MOBSuite,KP_NORM_URN_107976,6m 19s,379,6.316666666666666,1.6 GB,1.6
MOBSuite,KP_NORM_URN_113027,4m 43s,283,4.716666666666667,761.2 MB,0.7612000000000001
PlasmidHunter,NK_H15_047,1m 25s,85,1.4166666666666667,3.2 GB,3.2
Plasmer,KP_NORM_URN_114421,2m 54s,174,2.9,14.2 GB,14.2
PlasmidHunter,KP_NORM_URN_2012_81416,1m 29s,89,1.4833333333333334,3.4 GB,3.4
Plasmer,NK_H15_047,2m 49s,169,2.816666666666667,14.2 GB,14.2
Platon,KP_NORM_URN_2012_81416,1m 25s,85,1.4166666666666667,5.1 GB,5.1
PlaScope (assembly),KP_NORM_URN_2012_81428,3.5s,5,0.08333333333333333,13.6 MB,0.0136
Platon,KP_NORM_URN_2012_81428,1m 55s,115,1.9166666666666667,5.7 GB,5.7
PlasmidHunter,KP_NORM_URN_2012_81428,1m 52s,112,1.8666666666666667,3.7 GB,3.7
Plasmer,KP_NORM_URN_2012_81416,2m 48s,168,2.8,14.2 GB,14.2
PlaScope (assembly),KP_NORM_URN_2013_95788,3.3s,3,0.05,5.4 MB,0.0054
MOBSuite,KP_NORM_URN_114421,5m 34s,334,5.566666666666666,1.3 GB,1.3
MOBSuite,NK_H15_047,4m 49s,289,4.816666666666666,1.2 GB,1.2
PlaScope (assembly),KP_NORM_URN_2013_95439,5.2s,2,0.03333333333333333,965.4 MB,0.9654
Platon,KP_NORM_URN_2013_95788,1m 46s,106,1.7666666666666666,5.2 GB,5.2
PlasmidHunter,KP_NORM_URN_2013_95788,1m 23s,83,1.3833333333333333,3.4 GB,3.4
Plasmer,KP_NORM_URN_2012_81428,2m 53s,173,2.8833333333333333,14.4 GB,14.4
MOBSuite,KP_NORM_URN_2012_81416,5m 42s,342,5.7,1.9 GB,1.9
PlaScope (assembly),KP_NORM_URN_2013_95951,3.1s,1,0.016666666666666666,5.4 MB,0.0054
Platon,KP_NORM_URN_2013_95439,1m 50s,110,1.8333333333333333,6.1 GB,6.1
Plasmer,KP_NORM_URN_2013_95788,2m 55s,175,2.9166666666666665,15.1 GB,15.1
PlasmidHunter,KP_NORM_URN_2013_95439,2m 8s,128,2.1333333333333333,3.9 GB,3.9
Plasmer,KP_NORM_URN_2013_95439,2m 12s,132,2.2,15.1 GB,15.1
Platon,KP_NORM_URN_2013_95951,1m 36s,96,1.6,4.9 GB,4.9
PlaScope (assembly),KP_NORM_URN_2013_95819,4.2s,2,0.03333333333333333,957.4 MB,0.9574
PlasmidHunter,KP_NORM_URN_2013_95819,1m 29s,89,1.4833333333333334,3.4 GB,3.4
PlasmidHunter,KP_NORM_URN_2013_95951,1m 49s,109,1.8166666666666669,3.1 GB,3.1
Plasmer,KP_NORM_URN_2013_95951,2m 21s,141,2.35,14.2 GB,14.2
MOBSuite,KP_NORM_URN_2012_81428,6m 49s,409,6.816666666666666,2 GB,2
PlaScope (assembly),KP_NORM_URN_2013_96200,3.4s,4,0.06666666666666667,5.4 MB,0.0054
Platon,KP_NORM_URN_2013_95819,1m 32s,92,1.5333333333333334,5 GB,5
PlasmidHunter,KP_NORM_URN_2013_96200,1m 33s,93,1.55,3.3 GB,3.3
MOBSuite,KP_NORM_URN_2013_95788,7m 22s,442,7.366666666666666,2.3 GB,2.3
MOBSuite,KP_NORM_URN_2013_95951,5m 48s,348,5.8,2 GB,2
MOBSuite,KP_NORM_URN_2013_95439,6m 40s,400,6.666666666666667,2.2 GB,2.2
Plasmer,KP_NORM_URN_2013_95819,3m 3s,183,3.05,14.2 GB,14.2
Platon,KP_NORM_URN_2013_96200,1m 36s,96,1.6,5.7 GB,5.7
PlaScope (assembly),KP_NORM_URN_2014_101205,3.6s,6,0.1,5.5 MB,0.0055
Platon,KP_NORM_URN_2014_101205,1m 32s,92,1.5333333333333334,5.1 GB,5.1
PlasmidHunter,KP_NORM_URN_2014_101205,1m 26s,86,1.4333333333333331,3.3 GB,3.3
Plasmer,KP_NORM_URN_2013_96200,2m 42s,162,2.7,14.2 GB,14.2
MOBSuite,KP_NORM_URN_2013_95819,5m 45s,345,5.75,1.5 GB,1.5
PlaScope (assembly),KP_NORM_URN_2014_96612,3s,3,0.05,5.4 MB,0.0054
PlaScope (assembly),KP_NORM_URN_2014_97411,3.5s,5,0.08333333333333333,951.9 MB,0.9519
Platon,KP_NORM_URN_2014_96612,1m 48s,108,1.8,5.2 GB,5.2
PlasmidHunter,KP_NORM_URN_2014_96612,1m 25s,85,1.4166666666666667,3.4 GB,3.4
Plasmer,KP_NORM_URN_2014_101205,2m 46s,166,2.7666666666666666,14.2 GB,14.2
MOBSuite,KP_NORM_URN_2013_96200,5m 36s,336,5.6,1.8 GB,1.8
Platon,KP_NORM_URN_2014_97411,1m 53s,113,1.8833333333333333,5.1 GB,5.1
Plasmer,KP_NORM_URN_2014_96612,2m 58s,178,2.966666666666667,14.2 GB,14.2
PlasmidHunter,KP_NORM_URN_2014_97411,1m 33s,93,1.55,3.2 GB,3.2
Platon,KP_NORM_URN_2014_97392,1m 29s,89,1.4833333333333334,4.6 GB,4.6
PlaScope (assembly),KP_NORM_URN_2014_97392,3.3s,3,0.05,5.5 MB,0.0055
MOBSuite,KP_NORM_URN_2014_101205,5m 50s,350,5.833333333333333,1.6 GB,1.6
Plasmer,KP_NORM_URN_2014_97411,2m 57s,177,2.95,14.2 GB,14.2
PlasmidHunter,KP_NORM_URN_2014_97392,1m 26s,86,1.4333333333333331,3 GB,3
PlaScope (assembly),KP_NORM_URN_2014_97671,3.7s,7,0.11666666666666668,5.4 MB,0.0054
Platon,KP_NORM_URN_2014_97671,1m 26s,86,1.4333333333333331,5.2 GB,5.2
PlasmidHunter,KP_NORM_URN_2014_97671,1m 22s,82,1.3666666666666667,3.4 GB,3.4
MOBSuite,KP_NORM_URN_2014_97411,5m 17s,317,5.283333333333333,1.3 GB,1.3
Plasmer,KP_NORM_URN_2014_97392,2m 47s,167,2.783333333333333,13.9 GB,13.9
PlaScope (assembly),KP_NORM_URN_2015_107836,3.3s,3,0.05,5.4 MB,0.0054
Platon,KP_NORM_URN_2015_107836,1m 24s,84,1.4,4.7 GB,4.7
MOBSuite,KP_NORM_URN_2014_96612,6m 53s,413,6.883333333333334,2.2 GB,2.2
PlaScope (assembly),KP_NORM_URN_2014_99206,4.1s,1,0.016666666666666666,954.5 MB,0.9545
PlasmidHunter,KP_NORM_URN_2015_107836,1m 20s,80,1.3333333333333333,3.2 GB,3.2
Plasmer,KP_NORM_URN_2014_97671,3m 2s,182,3.033333333333333,14.6 GB,14.6
PlasmidHunter,NK_H3_015,1m 20s,80,1.3333333333333333,3.4 GB,3.4
PlasmidHunter,KP_NORM_URN_2014_99206,1m 26s,86,1.4333333333333331,3.3 GB,3.3
MOBSuite,KP_NORM_URN_2014_97392,5m 23s,323,5.383333333333334,2.1 GB,2.1
Platon,KP_NORM_URN_2014_99206,1m 24s,84,1.4,5.1 GB,5.1
Plasmer,KP_NORM_URN_2015_107836,3m,180,3,15.1 GB,15.1
Platon,KP_NORM_URN_2014_97677,1m 22s,82,1.3666666666666667,4.8 GB,4.8
PlaScope (assembly),KP_NORM_URN_2014_97677,4.2s,2,0.03333333333333333,969.4 MB,0.9694
PlasmidHunter,KP_NORM_URN_2014_97677,1m 29s,89,1.4833333333333334,3.1 GB,3.1
PlaScope (assembly),KP_NORM_URN_2015_107962,3.7s,7,0.11666666666666668,5.4 MB,0.0054
MOBSuite,KP_NORM_URN_2014_97671,5m 53s,353,5.883333333333334,1.5 GB,1.5
Plasmer,KP_NORM_URN_2014_99206,2m 51s,171,2.85,15.1 GB,15.1
Plasmer,KP_NORM_URN_2014_97677,2m 16s,136,2.2666666666666666,14.4 GB,14.4
Platon,KP_NORM_URN_2015_107962,1m 19s,79,1.3166666666666669,5.3 GB,5.3
MOBSuite,KP_NORM_URN_2015_107836,6m,360,6,1.6 GB,1.6
PlasmidHunter,KP_NORM_URN_2015_107962,1m 33s,93,1.55,3.5 GB,3.5
Plasmer,KP_NORM_URN_2015_107962,2m 27s,147,2.45,14.2 GB,14.2
PlaScope (assembly),KP_NORM_URN_2015_109056,3.6s,6,0.1,5.3 MB,0.0053
Platon,KP_NORM_URN_2015_109056,1m 20s,80,1.3333333333333333,5.1 GB,5.1
MOBSuite,KP_NORM_URN_2014_97677,5m 7s,307,5.116666666666666,1.4 GB,1.4
PlaScope (assembly),KP_NORM_URN_2015_109358,4s,4,0.06666666666666667,5.4 MB,0.0054
PlasmidHunter,KP_NORM_URN_2015_109056,1m 19s,79,1.3166666666666669,3 GB,3
MOBSuite,KP_NORM_URN_2014_99206,5m 54s,354,5.9,1.5 GB,1.5
MOBSuite,KP_NORM_URN_2015_107962,5m 16s,316,5.266666666666667,1.5 GB,1.5
Platon,KP_NORM_URN_2015_109358,1m 31s,91,1.5166666666666666,4.9 GB,4.9
PlasmidHunter,KP_NORM_URN_2015_109358,1m 34s,94,1.5666666666666669,3.3 GB,3.3
PlaScope (assembly),KP_NORM_URN_56668,3.6s,6,0.1,5.4 MB,0.0054
Plasmer,KP_NORM_URN_2015_109056,2m 53s,173,2.8833333333333333,15.1 GB,15.1
PlasmidHunter,KP_NORM_URN_2015_109238,1m 11s,71,1.1833333333333331,3.3 GB,3.3
Plasmer,KP_NORM_URN_2015_109358,2m 56s,176,2.933333333333333,14.2 GB,14.2
MOBSuite,KP_NORM_URN_2015_109056,5m 8s,308,5.133333333333334,1.6 GB,1.6
Platon,KP_NORM_URN_56668,1m 31s,91,1.5166666666666666,4.8 GB,4.8
PlaScope (assembly),KP_NORM_URN_2015_109238,3.2s,2,0.03333333333333333,5.5 MB,0.0055
PlaScope (assembly),KP_NORM_URN_56534,4.1s,1,0.016666666666666666,13.8 MB,0.013800000000000002
PlasmidHunter,KP_NORM_URN_56668,1m 40s,100,1.6666666666666667,3.3 GB,3.3
Plasmer,KP_NORM_URN_56668,2m 24s,144,2.4,15.1 GB,15.1
Platon,KP_NORM_URN_2015_109238,1m 20s,80,1.3333333333333333,4.9 GB,4.9
Platon,KP_NORM_URN_56534,1m 21s,81,1.35,4.9 GB,4.9
PlasmidHunter,KP_NORM_URN_56534,1m 18s,78,1.3,3.2 GB,3.2
MOBSuite,KP_NORM_URN_2015_109358,5m 23s,323,5.383333333333334,1.5 GB,1.5
MOBSuite,KP_NORM_URN_56668,5m 8s,308,5.133333333333334,1.5 GB,1.5
PlaScope (assembly),NK_H18_072,3.2s,2,0.03333333333333333,5.4 MB,0.0054
Plasmer,KP_NORM_URN_2015_109238,3m 1s,181,3.0166666666666666,15.1 GB,15.1
PlasmidHunter,NK_H18_072,1m 35s,95,1.5833333333333333,3.2 GB,3.2
Platon,NK_H18_072,1m 36s,96,1.6,5.1 GB,5.1
PlaScope (assembly),KP_NORM_URN_56847,3.4s,4,0.06666666666666667,959.9 MB,0.9599
Plasmer,KP_NORM_URN_56534,2m 58s,178,2.966666666666667,14.2 GB,14.2
Platon,KP_NORM_URN_56847,1m 27s,87,1.45,5.8 GB,5.8
PlaScope (assembly),KP_NORM_URN_57023,4.3s,3,0.05,955.3 MB,0.9553
MOBSuite,KP_NORM_URN_2015_109238,4m 32s,272,4.533333333333333,772 MB,0.772
MOBSuite,KP_NORM_URN_56534,4m 34s,274,4.566666666666666,949.9 MB,0.9499
PlasmidHunter,KP_NORM_URN_56847,1m 34s,94,1.5666666666666669,3.7 GB,3.7
Plasmer,NK_H18_072,2m 50s,170,2.833333333333333,15.1 GB,15.1
Platon,KP_NORM_URN_57023,1m 46s,106,1.7666666666666666,6.2 GB,6.2
MOBSuite,NK_H18_072,4m 50s,290,4.833333333333333,1.2 GB,1.2
PlasmidHunter,KP_NORM_URN_57023,1m 41s,101,1.6833333333333331,4 GB,4
PlaScope (assembly),KP_NORM_URN_57002,3s,3,0.05,5.3 MB,0.0053
PlasmidHunter,KP_NORM_URN_57002,1m 31s,91,1.5166666666666666,3.1 GB,3.1
Plasmer,KP_NORM_URN_56847,2m 54s,174,2.9,15.1 GB,15.1
Platon,KP_NORM_URN_57002,1m 14s,74,1.2333333333333334,4.8 GB,4.8
Plasmer,KP_NORM_URN_57023,3m 6s,186,3.1,14.2 GB,14.2
PlaScope (assembly),KP_NORM_URN_57225,2.9s,9,0.15,5.4 MB,0.0054
PlasmidHunter,KP_NORM_URN_57225,1m 32s,92,1.5333333333333334,3.3 GB,3.3
Plasmer,KP_NORM_URN_57002,2m 17s,137,2.283333333333333,14.3 GB,14.3
MOBSuite,KP_NORM_URN_56847,5m 44s,344,5.733333333333333,1.9 GB,1.9
Platon,KP_NORM_URN_57225,1m 36s,96,1.6,4.9 GB,4.9
Plasmer,KP_NORM_URN_57225,2m 47s,167,2.783333333333333,14.6 GB,14.6
PlaScope (assembly),KP_NORM_URN_57042,3.7s,7,0.11666666666666668,13.9 MB,0.0139
PlaScope (assembly),KP_NORM_URN_57447,3.6s,6,0.1,5.4 MB,0.0054
PlasmidHunter,KP_NORM_URN_57042,1m 25s,85,1.4166666666666667,3.3 GB,3.3
Platon,KP_NORM_URN_57042,1m 32s,92,1.5333333333333334,5.2 GB,5.2
MOBSuite,KP_NORM_URN_57023,6m 14s,374,6.233333333333333,1.6 GB,1.6
MOBSuite,KP_NORM_URN_57002,4m 47s,287,4.783333333333333,1017.1 MB,1.0171
Plasmer,KP_NORM_URN_57042,2m 50s,170,2.833333333333333,14.2 GB,14.2
Platon,KP_NORM_URN_57447,1m 19s,79,1.3166666666666669,5.7 GB,5.7
PlasmidHunter,KP_NORM_URN_57447,1m 30s,90,1.5,3.8 GB,3.8
PlaScope (assembly),KP_NORM_URN_57455,3.7s,7,0.11666666666666668,970.9 MB,0.9709
Platon,KP_NORM_URN_57455,1m 18s,78,1.3,5 GB,5
Plasmer,KP_NORM_URN_57447,2m 58s,178,2.966666666666667,15.1 GB,15.1
PlaScope (assembly),KP_NORM_URN_57409,4.5s,5,0.08333333333333333,966.2 MB,0.9662
PlasmidHunter,KP_NORM_URN_57455,1m 34s,94,1.5666666666666669,3.2 GB,3.2
PlasmidHunter,KP_NORM_URN_57409,1m 24s,84,1.4,3.2 GB,3.2
Platon,KP_NORM_URN_57409,1m 20s,80,1.3333333333333333,4.9 GB,4.9
MOBSuite,KP_NORM_URN_57225,5m 52s,352,5.866666666666666,1.6 GB,1.6
MOBSuite,KP_NORM_URN_57042,5m 23s,323,5.383333333333334,1.6 GB,1.6
Plasmer,KP_NORM_URN_57455,2m 14s,134,2.2333333333333334,14.7 GB,14.7
MOBSuite,KP_NORM_URN_57447,4m 54s,294,4.9,959.2 MB,0.9592
PlaScope (assembly),KP_NORM_URN_57695,3.4s,4,0.06666666666666667,964.1 MB,0.9641
PlasmidHunter,KP_NORM_URN_57695,1m 25s,85,1.4166666666666667,3 GB,3
MOBSuite,KP_NORM_URN_57455,4m 13s,253,4.216666666666667,721.4 MB,0.7214
Platon,KP_NORM_URN_57695,1m 14s,74,1.2333333333333334,4.5 GB,4.5
PlaScope (assembly),KP_NORM_URN_58012,4.1s,1,0.016666666666666666,968.4 MB,0.9684
Plasmer,KP_NORM_URN_57409,2m 25s,145,2.4166666666666665,14.2 GB,14.2
Plasmer,KP_NORM_URN_57695,2m 21s,141,2.35,15.1 GB,15.1
PlaScope (assembly),KP_NORM_URN_57979,4.1s,1,0.016666666666666666,958.1 MB,0.9581
Platon,KP_NORM_URN_58012,1m 16s,76,1.2666666666666666,5.4 GB,5.4
PlasmidHunter,KP_NORM_URN_58012,1m 42s,102,1.7,3.5 GB,3.5
Plasmer,KP_NORM_URN_58012,2m 11s,131,2.183333333333333,14.9 GB,14.9
PlasmidHunter,KP_NORM_URN_57979,1m 24s,84,1.4,3.3 GB,3.3
MOBSuite,KP_NORM_URN_57695,4m 13s,253,4.216666666666667,718.7 MB,0.7187
MOBSuite,KP_NORM_URN_57409,4m 35s,275,4.583333333333333,791.8 MB,0.7918
Platon,KP_NORM_URN_57979,1m 27s,87,1.45,5 GB,5
PlaScope (assembly),KP_NORM_URN_58233,3.6s,6,0.1,5.5 MB,0.0055
Plasmer,KP_NORM_URN_57979,3m 1s,181,3.0166666666666666,15.1 GB,15.1
PlaScope (assembly),KP_NORM_URN_58251,4.2s,2,0.03333333333333333,965.3 MB,0.9653
Platon,KP_NORM_URN_58233,1m 27s,87,1.45,4.9 GB,4.9
PlasmidHunter,KP_NORM_URN_58233,1m 28s,88,1.4666666666666666,3.2 GB,3.2
PlasmidHunter,KP_NORM_URN_58251,1m 18s,78,1.3,3.2 GB,3.2
MOBSuite,KP_NORM_URN_58012,4m 44s,284,4.733333333333333,1.1 GB,1.1
Plasmer,KP_NORM_URN_58233,2m 31s,151,2.5166666666666666,14.2 GB,14.2
Platon,KP_NORM_URN_58251,1m 25s,85,1.4166666666666667,4.8 GB,4.8
PlaScope (assembly),KP_NORM_URN_58261,3.5s,5,0.08333333333333333,5.3 MB,0.0053
Platon,KP_NORM_URN_58261,1m 14s,74,1.2333333333333334,5 GB,5
Plasmer,KP_NORM_URN_58251,2m 28s,148,2.466666666666667,14.2 GB,14.2
MOBSuite,KP_NORM_URN_57979,5m 29s,329,5.483333333333333,1.4 GB,1.4
PlasmidHunter,KP_NORM_URN_58261,1m 30s,90,1.5,3.3 GB,3.3
Platon,NK_H10_003,1m 27s,87,1.45,5.1 GB,5.1
PlaScope (assembly),NK_H10_003,4.1s,1,0.016666666666666666,954.8 MB,0.9548
Plasmer,KP_NORM_URN_58261,2m 34s,154,2.566666666666667,15.1 GB,15.1
PlaScope (assembly),KP_NORM_URN_58342,4.9s,9,0.15,952.6 MB,0.9526
MOBSuite,KP_NORM_URN_58233,5m,300,5,1.5 GB,1.5
MOBSuite,KP_NORM_URN_58251,4m 43s,283,4.716666666666667,931.2 MB,0.9312
PlasmidHunter,NK_H10_003,1m 32s,92,1.5333333333333334,3.2 GB,3.2
Platon,KP_NORM_URN_58342,1m 30s,90,1.5,5.1 GB,5.1
PlasmidHunter,KP_NORM_URN_58342,1m 28s,88,1.4666666666666666,3.3 GB,3.3
PlaScope (assembly),KP_NORM_URN_58394,4.1s,1,0.016666666666666666,960.9 MB,0.9609
Plasmer,NK_H10_003,3m,180,3,14.2 GB,14.2
MOBSuite,KP_NORM_URN_58261,5m,300,5,943.5 MB,0.9435
Platon,KP_NORM_URN_58394,1m 31s,91,1.5166666666666666,4.8 GB,4.8
PlasmidHunter,KP_NORM_URN_58394,1m 39s,99,1.65,3.1 GB,3.1
PlasmidHunter,NK_H11_006,1m 25s,85,1.4166666666666667,3.4 GB,3.4
Plasmer,KP_NORM_URN_58342,2m 54s,174,2.9,14.4 GB,14.4
PlaScope (assembly),NK_H11_006,3.8s,8,0.13333333333333333,954.2 MB,0.9542
Plasmer,KP_NORM_URN_58394,2m 29s,149,2.4833333333333334,14.2 GB,14.2
PlaScope (assembly),NK_H11_013,3.6s,6,0.1,960.4 MB,0.9604
MOBSuite,NK_H10_003,4m 50s,290,4.833333333333333,1.2 GB,1.2
Platon,NK_H11_013,1m 27s,87,1.45,4.8 GB,4.8
Platon,NK_H11_006,1m 31s,91,1.5166666666666666,5.1 GB,5.1
MOBSuite,KP_NORM_URN_58342,5m 34s,334,5.566666666666666,1.4 GB,1.4
Plasmer,NK_H11_006,2m 55s,175,2.9166666666666665,14.2 GB,14.2
MOBSuite,KP_NORM_URN_58394,5m 36s,336,5.6,1.4 GB,1.4
PlasmidHunter,NK_H11_013,1m 26s,86,1.4333333333333331,3.3 GB,3.3
PlaScope (assembly),NK_H12_018,3.7s,7,0.11666666666666668,964.7 MB,0.9647
Plasmer,NK_H11_013,2m 20s,140,2.333333333333333,14.2 GB,14.2
PlaScope (assembly),NK_H12_023,3.8s,8,0.13333333333333333,5.3 MB,0.0053
Platon,NK_H12_018,1m 31s,91,1.5166666666666666,5.2 GB,5.2
PlasmidHunter,NK_H12_018,1m 38s,98,1.6333333333333333,3.1 GB,3.1
PlasmidHunter,NK_H12_023,1m 27s,87,1.45,3.4 GB,3.4
MOBSuite,NK_H11_006,5m 24s,324,5.4,1.3 GB,1.3
Platon,NK_H12_023,1m 34s,94,1.5666666666666669,5.2 GB,5.2
Plasmer,NK_H12_018,2m 39s,159,2.65,15.1 GB,15.1
PlaScope (assembly),NK_H12_028,4.8s,8,0.13333333333333333,954.3 MB,0.9543
MOBSuite,NK_H11_013,4m 55s,295,4.916666666666667,1.3 GB,1.3
PlaScope (assembly),NK_H12_035,3.8s,8,0.13333333333333333,5.4 MB,0.0054
MOBSuite,NK_H12_018,4m 49s,289,4.816666666666666,1.4 GB,1.4
PlasmidHunter,NK_H12_028,1m 35s,95,1.5833333333333333,3.2 GB,3.2
Plasmer,NK_H12_023,3m 7s,187,3.1166666666666667,15.1 GB,15.1
Platon,NK_H12_028,1m 43s,103,1.7166666666666666,5.4 GB,5.4
PlasmidHunter,NK_H12_035,1m 50s,110,1.8333333333333333,3.7 GB,3.7
PlaScope (assembly),NK_H12_034,4.3s,3,0.05,946.2 MB,0.9462
Plasmer,NK_H12_028,3m 9s,189,3.15,14.2 GB,14.2
MOBSuite,NK_H12_023,5m 24s,324,5.4,1013.3 MB,1.0133
Platon,NK_H12_035,1m 46s,106,1.7666666666666666,5.6 GB,5.6
PlasmidHunter,NK_H12_034,2m,120,2,3.7 GB,3.7
Platon,NK_H12_034,2m 18s,138,2.3,5.7 GB,5.7
Plasmer,NK_H12_035,3m 28s,208,3.466666666666667,15.1 GB,15.1
MOBSuite,NK_H12_028,6m 8s,368,6.133333333333334,1.6 GB,1.6
PlaScope (assembly),NK_H12_038,4.4s,4,0.06666666666666667,954 MB,0.954
Plasmer,NK_H12_034,3m 47s,227,3.783333333333333,14.3 GB,14.3
Platon,NK_H12_038,2m 1s,121,2.0166666666666666,5.2 GB,5.2
PlasmidHunter,NK_H12_038,2m 1s,121,2.0166666666666666,3.4 GB,3.4
MOBSuite,NK_H12_035,7m 15s,435,7.25,2 GB,2
PlaScope (assembly),NK_H12_063,4.1s,1,0.016666666666666666,953.6 MB,0.9536
Plasmer,NK_H12_038,4m 8s,248,4.133333333333334,15.1 GB,15.1
PlasmidHunter,NK_H12_063,2m 2s,122,2.033333333333333,3.2 GB,3.2
Platon,NK_H12_063,1m 48s,108,1.8,4.8 GB,4.8
MOBSuite,NK_H12_034,8m 32s,512,8.533333333333333,2.2 GB,2.2
MOBSuite,NK_H12_038,6m 54s,414,6.9,1.1 GB,1.1
PlaScope (assembly),NK_H12_053,5s,5,0.08333333333333333,955.1 MB,0.9551
Plasmer,NK_H12_053,3m 46s,226,3.7666666666666666,15.1 GB,15.1
PlaScope (assembly),NK_H12_086,4.3s,3,0.05,13.6 MB,0.0136
Plasmer,NK_H12_063,3m 55s,235,3.9166666666666665,14.6 GB,14.6
Platon,NK_H12_053,2m 26s,146,2.433333333333333,5 GB,5
MOBSuite,NK_H12_063,7m 3s,423,7.05,1.6 GB,1.6
PlaScope (assembly),NK_H12_100,6s,6,0.1,950.9 MB,0.9509
Platon,NK_H12_086,2m 2s,122,2.033333333333333,4.7 GB,4.7
PlasmidHunter,NK_H12_053,2m 38s,158,2.6333333333333333,3.4 GB,3.4
PlasmidHunter,NK_H12_086,2m 12s,132,2.2,3.2 GB,3.2
Plasmer,NK_H12_086,4m,240,4,15.1 GB,15.1
PlasmidHunter,NK_H12_100,2m 6s,126,2.1,3.7 GB,3.7
MOBSuite,NK_H12_053,7m 50s,470,7.833333333333333,1.6 GB,1.6
PlaScope (assembly),NK_H12_068,5.4s,4,0.06666666666666667,969.6 MB,0.9696
Platon,NK_H12_100,2m 22s,142,2.3666666666666667,5.6 GB,5.6
PlasmidHunter,NK_H12_068,2m 25s,145,2.4166666666666665,3.3 GB,3.3
Platon,NK_H12_068,1m 41s,101,1.6833333333333331,5 GB,5
PlaScope (assembly),NK_H13_003,4.4s,4,0.06666666666666667,968.3 MB,0.9683
Plasmer,NK_H12_100,4m 20s,260,4.333333333333333,15.1 GB,15.1
Plasmer,NK_H12_068,2m 56s,176,2.933333333333333,15.1 GB,15.1
MOBSuite,NK_H12_100,6m 54s,414,6.9,858.1 MB,0.8581000000000001
Platon,NK_H13_003,2m 9s,129,2.15,5.6 GB,5.6
PlasmidHunter,NK_H13_003,2m 28s,148,2.466666666666667,3.7 GB,3.7
PlasmidHunter,NK_H14_001,2m 4s,124,2.066666666666667,3.2 GB,3.2
MOBSuite,NK_H12_068,6m 29s,389,6.483333333333333,849.4 MB,0.8494
PlaScope (assembly),NK_H14_001,4.1s,1,0.016666666666666666,5.4 MB,0.0054
Plasmer,NK_H13_003,3m 35s,215,3.583333333333333,14.8 GB,14.8
Platon,NK_H14_001,1m 53s,113,1.8833333333333333,5 GB,5
Platon,NK_H14_010,2m 5s,125,2.083333333333333,5.2 GB,5.2
Plasmer,NK_H14_001,4m 1s,241,4.016666666666667,14.8 GB,14.8
PlaScope (assembly),NK_H14_010,4.3s,3,0.05,969.9 MB,0.9699
PlaScope (assembly),NK_H14_015,4.5s,5,0.08333333333333333,977.6 MB,0.9776
MOBSuite,NK_H13_003,7m 40s,460,7.666666666666667,1.8 GB,1.8
PlasmidHunter,NK_H14_010,2m 11s,131,2.183333333333333,3.2 GB,3.2
Platon,NK_H14_015,1m 36s,96,1.6,5.3 GB,5.3
Plasmer,NK_H14_015,2m 17s,137,2.283333333333333,14.7 GB,14.7
PlaScope (assembly),NK_H14_033,4.7s,7,0.11666666666666668,961.2 MB,0.9612
Plasmer,NK_H14_010,2m 36s,156,2.6,14.8 GB,14.8
Platon,NK_H14_033,1m 42s,102,1.7,6 GB,6
PlasmidHunter,NK_H14_015,1m 50s,110,1.8333333333333333,3.3 GB,3.3
MOBSuite,NK_H14_001,6m 43s,403,6.716666666666667,1.7 GB,1.7
PlasmidHunter,NK_H14_036,1m 25s,85,1.4166666666666667,3.2 GB,3.2
PlaScope (assembly),NK_H14_036,3.9s,9,0.15,958.5 MB,0.9585
PlasmidHunter,NK_H14_033,1m 41s,101,1.6833333333333331,3.6 GB,3.6
PlaScope (assembly),NK_H14_037,3.7s,7,0.11666666666666668,965.3 MB,0.9653
Platon,NK_H14_036,1m 20s,80,1.3333333333333333,4.7 GB,4.7
Plasmer,NK_H14_033,3m 11s,191,3.183333333333333,14.1 GB,14.1
MOBSuite,NK_H14_010,6m 27s,387,6.45,1.6 GB,1.6
Plasmer,NK_H14_036,2m 43s,163,2.716666666666667,14.1 GB,14.1
PlaScope (assembly),NK_H14_042,3.6s,6,0.1,14 MB,0.014
PlasmidHunter,NK_H14_037,1m 35s,95,1.5833333333333333,3.3 GB,3.3
Platon,NK_H14_037,1m 33s,93,1.55,5.1 GB,5.1
Plasmer,NK_H14_037,2m 26s,146,2.433333333333333,14.3 GB,14.3
Platon,NK_H14_042,1m 46s,106,1.7666666666666666,6.1 GB,6.1
PlasmidHunter,NK_H14_042,1m 33s,93,1.55,3.5 GB,3.5
PlaScope (assembly),NK_H14_050,3.3s,3,0.05,5.4 MB,0.0054
Platon,NK_H14_050,1m 23s,83,1.3833333333333333,5.4 GB,5.4
MOBSuite,NK_H14_036,4m 39s,279,4.65,1.1 GB,1.1
MOBSuite,NK_H14_033,6m 27s,387,6.45,1.4 GB,1.4
Plasmer,NK_H14_042,2m 45s,165,2.75,14.2 GB,14.2
PlaScope (assembly),NK_H14_057,3.3s,3,0.05,5.4 MB,0.0054
MOBSuite,NK_H14_037,5m 12s,312,5.2,1.2 GB,1.2
Platon,NK_H14_057,1m 12s,72,1.2,4.6 GB,4.6
PlasmidHunter,NK_H14_057,1m 21s,81,1.35,3.1 GB,3.1
PlasmidHunter,NK_H14_050,1m 36s,96,1.6,3.5 GB,3.5
PlaScope (assembly),NK_H14_063,3.8s,8,0.13333333333333333,943.1 MB,0.9431
Plasmer,NK_H14_050,2m 43s,163,2.716666666666667,15.1 GB,15.1
MOBSuite,NK_H14_042,4m 59s,299,4.983333333333333,917.4 MB,0.9174
PlaScope (assembly),NK_H15_001,3.7s,7,0.11666666666666668,5.4 MB,0.0054
PlasmidHunter,NK_H14_063,1m 34s,94,1.5666666666666669,3.3 GB,3.3
Platon,NK_H14_063,1m 49s,109,1.8166666666666669,5 GB,5
Plasmer,NK_H14_057,2m 44s,164,2.7333333333333334,14.2 GB,14.2
MOBSuite,NK_H14_050,5m 36s,336,5.6,1.4 GB,1.4
PlaScope (assembly),NK_H14_058,3.5s,5,0.08333333333333333,975.3 MB,0.9753
PlasmidHunter,NK_H15_001,1m 38s,98,1.6333333333333333,3.7 GB,3.7
Plasmer,NK_H14_063,2m 53s,173,2.8833333333333333,14.5 GB,14.5
MOBSuite,NK_H14_057,4m 14s,254,4.233333333333333,739.2 MB,0.7392000000000001
Platon,NK_H14_058,1m 15s,75,1.25,4.5 GB,4.5
PlaScope (assembly),NK_H15_002,3.6s,6,0.1,949.6 MB,0.9496
Platon,NK_H15_001,1m 57s,117,1.95,5.6 GB,5.6
Plasmer,NK_H14_058,2m 11s,131,2.183333333333333,15.1 GB,15.1
Plasmer,NK_H15_001,3m 1s,181,3.0166666666666666,14.2 GB,14.2
PlasmidHunter,NK_H14_058,1m 25s,85,1.4166666666666667,3 GB,3
MOBSuite,NK_H14_063,5m 8s,308,5.133333333333334,1.2 GB,1.2
Platon,NK_H15_002,1m 22s,82,1.3666666666666667,5 GB,5
PlaScope (assembly),NK_H15_021,3.3s,3,0.05,5.6 MB,0.0056
PlasmidHunter,NK_H15_002,1m 26s,86,1.4333333333333331,3.3 GB,3.3
PlasmidHunter,NK_H15_021,1m 22s,82,1.3666666666666667,3.4 GB,3.4
MOBSuite,NK_H14_058,4m 14s,254,4.233333333333333,723.1 MB,0.7231000000000001
Plasmer,NK_H15_002,2m 55s,175,2.9166666666666665,13.7 GB,13.7
Plasmer,NK_H15_021,2m 43s,163,2.716666666666667,15.1 GB,15.1
Platon,NK_H15_021,1m 18s,78,1.3,5.3 GB,5.3
PlaScope (assembly),NK_H15_014,3.7s,7,0.11666666666666668,13.6 MB,0.0136
MOBSuite,NK_H15_001,6m 30s,390,6.5,2.1 GB,2.1
Platon,NK_H15_014,1m 19s,79,1.3166666666666669,5.1 GB,5.1
PlasmidHunter,NK_H15_014,1m 32s,92,1.5333333333333334,3.4 GB,3.4
PlaScope (assembly),NK_H15_022,4s,4,0.06666666666666667,5.4 MB,0.0054
Platon,NK_H15_022,1m 24s,84,1.4,5 GB,5
MOBSuite,NK_H15_002,5m 21s,321,5.35,1.2 GB,1.2
PlasmidHunter,NK_H15_022,1m 38s,98,1.6333333333333333,3.3 GB,3.3
Plasmer,NK_H15_014,2m 42s,162,2.7,14.2 GB,14.2
PlaScope (assembly),NK_H15_025,3.4s,4,0.06666666666666667,5.5 MB,0.0055
Platon,NK_H15_025,1m 34s,94,1.5666666666666669,5.6 GB,5.6
Plasmer,NK_H15_022,2m 56s,176,2.933333333333333,15.1 GB,15.1
PlasmidHunter,NK_H15_025,1m 29s,89,1.4833333333333334,3.7 GB,3.7
MOBSuite,NK_H15_021,5m 1s,301,5.016666666666667,1.3 GB,1.3
PlaScope (assembly),NK_H15_032,3.9s,9,0.15,5.3 MB,0.0053
MOBSuite,NK_H15_014,4m 20s,260,4.333333333333333,737.5 MB,0.7375
PlasmidHunter,NK_H15_032,1m 36s,96,1.6,3.4 GB,3.4
Platon,NK_H15_032,1m 28s,88,1.4666666666666666,5.1 GB,5.1
Plasmer,NK_H15_025,2m 57s,177,2.95,14.3 GB,14.3
PlaScope (assembly),NK_H15_042,4.1s,1,0.016666666666666666,955.5 MB,0.9555
MOBSuite,NK_H15_022,4m 39s,279,4.65,1.1 GB,1.1
PlaScope (assembly),NK_H15_048,3.6s,6,0.1,954.9 MB,0.9549
Platon,NK_H15_042,1m 25s,85,1.4166666666666667,5.2 GB,5.2
Plasmer,NK_H15_032,2m 49s,169,2.816666666666667,14.2 GB,14.2
PlasmidHunter,NK_H15_042,1m 30s,90,1.5,3.4 GB,3.4
Plasmer,NK_H15_042,2m 55s,175,2.9166666666666665,14.2 GB,14.2
MOBSuite,NK_H15_032,5m 4s,304,5.066666666666666,1.2 GB,1.2
PlasmidHunter,NK_H15_048,1m 48s,108,1.8,3.1 GB,3.1
Platon,NK_H15_048,1m 45s,105,1.75,5.9 GB,5.9
Plasmer,NK_H15_048,2m 29s,149,2.4833333333333334,14 GB,14
PlaScope (assembly),NK_H15_056,3.7s,7,0.11666666666666668,5.3 MB,0.0053
PlaScope (assembly),NK_H15_060,4.5s,5,0.08333333333333333,962.4 MB,0.9624
MOBSuite,NK_H15_025,6m 13s,373,6.216666666666667,1.6 GB,1.6
MOBSuite,NK_H15_042,5m 17s,317,5.283333333333333,1.2 GB,1.2
Platon,NK_H15_056,1m 31s,91,1.5166666666666666,5.3 GB,5.3
PlasmidHunter,NK_H15_056,1m 28s,88,1.4666666666666666,3.5 GB,3.5
Platon,NK_H15_060,1m 15s,75,1.25,4.6 GB,4.6
PlaScope (assembly),NK_H16_005,4s,4,0.06666666666666667,13.8 MB,0.013800000000000002
PlasmidHunter,NK_H15_060,1m 31s,91,1.5166666666666666,3.1 GB,3.1
Plasmer,NK_H15_056,2m 59s,179,2.9833333333333334,15.1 GB,15.1
Plasmer,NK_H15_060,2m 22s,142,2.3666666666666667,13.5 GB,13.5
PlasmidHunter,NK_H16_005,1m 37s,97,1.6166666666666667,3.2 GB,3.2
MOBSuite,NK_H15_048,5m 11s,311,5.183333333333334,1.6 GB,1.6
PlaScope (assembly),NK_H16_012,3.2s,2,0.03333333333333333,5.4 MB,0.0054
Platon,NK_H16_005,1m 25s,85,1.4166666666666667,5.2 GB,5.2
MOBSuite,NK_H15_060,4m 13s,253,4.216666666666667,739.2 MB,0.7392000000000001
PlasmidHunter,NK_H16_012,1m 29s,89,1.4833333333333334,3.2 GB,3.2
Platon,NK_H16_012,1m 31s,91,1.5166666666666666,6 GB,6
MOBSuite,NK_H15_056,5m 25s,325,5.416666666666667,1015.4 MB,1.0154
PlaScope (assembly),NK_H16_016,3.8s,8,0.13333333333333333,969.2 MB,0.9692
Plasmer,NK_H16_005,2m 30s,150,2.5,15.1 GB,15.1
Platon,NK_H16_016,1m 23s,83,1.3833333333333333,5.2 GB,5.2
MOBSuite,NK_H16_005,5m 1s,301,5.016666666666667,1.4 GB,1.4
PlaScope (assembly),NK_H16_023,3.1s,1,0.016666666666666666,5.4 MB,0.0054
PlasmidHunter,NK_H16_016,1m 24s,84,1.4,3.3 GB,3.3
Plasmer,NK_H16_012,2m 45s,165,2.75,13.6 GB,13.6
PlaScope (assembly),NK_H17_002,3.8s,8,0.13333333333333333,952.2 MB,0.9522
Platon,NK_H16_023,1m 37s,97,1.6166666666666667,5.7 GB,5.7
Plasmer,NK_H16_016,2m 31s,151,2.5166666666666666,14.2 GB,14.2
PlasmidHunter,NK_H16_023,1m 25s,85,1.4166666666666667,3.7 GB,3.7
Plasmer,NK_H16_023,2m 57s,177,2.95,14.2 GB,14.2
PlaScope (assembly),NK_H16_021,4.3s,3,0.05,974.5 MB,0.9745
MOBSuite,NK_H16_012,5m 26s,326,5.433333333333334,1.5 GB,1.5
PlasmidHunter,NK_H17_002,1m 31s,91,1.5166666666666666,3.4 GB,3.4
MOBSuite,NK_H16_016,4m 52s,292,4.866666666666666,1.4 GB,1.4
Platon,NK_H17_002,1m 58s,118,1.9666666666666663,5.1 GB,5.1
Plasmer,NK_H17_002,2m 58s,178,2.966666666666667,14.2 GB,14.2
PlaScope (assembly),NK_H17_017,3.7s,7,0.11666666666666668,13.9 MB,0.0139
Platon,NK_H16_021,1m 19s,79,1.3166666666666669,5 GB,5
PlasmidHunter,NK_H16_021,1m 49s,109,1.8166666666666669,3.3 GB,3.3
PlasmidHunter,NK_H17_017,1m 30s,90,1.5,3 GB,3
Platon,NK_H17_017,1m 25s,85,1.4166666666666667,4.9 GB,4.9
Plasmer,NK_H16_021,1m 55s,115,1.9166666666666667,14.2 GB,14.2
MOBSuite,NK_H16_023,5m 51s,351,5.85,1.6 GB,1.6
PlaScope (assembly),NK_H17_023,3.7s,7,0.11666666666666668,5.3 MB,0.0053
PlasmidHunter,NK_H17_023,1m 47s,107,1.7833333333333334,3.5 GB,3.5
Platon,NK_H17_023,1m 50s,110,1.8333333333333333,5.7 GB,5.7
Plasmer,NK_H17_017,2m 45s,165,2.75,14.2 GB,14.2
MOBSuite,NK_H16_021,5m,300,5,846.5 MB,0.8465
MOBSuite,NK_H17_002,7m 21s,441,7.35,3 GB,3
PlaScope (assembly),NK_H17_034,3.4s,4,0.06666666666666667,5.1 MB,0.0051
Plasmer,NK_H17_023,2m 48s,168,2.8,14.2 GB,14.2
PlasmidHunter,NK_H17_034,1m 33s,93,1.55,3.2 GB,3.2
Platon,NK_H17_034,1m 55s,115,1.9166666666666667,4.9 GB,4.9
MOBSuite,NK_H17_017,4m 29s,269,4.483333333333333,895.8 MB,0.8957999999999999
PlaScope (assembly),NK_H18_003,3.8s,8,0.13333333333333333,5.3 MB,0.0053
Plasmer,NK_H17_034,2m 52s,172,2.8666666666666667,15.1 GB,15.1
MOBSuite,NK_H17_023,5m 10s,310,5.166666666666667,972.2 MB,0.9722
Platon,NK_H18_003,1m 27s,87,1.45,5.1 GB,5.1
PlaScope (assembly),NK_H17_042,3.3s,3,0.05,5.5 MB,0.0055
PlasmidHunter,NK_H18_003,1m 39s,99,1.65,3.4 GB,3.4
Platon,NK_H17_042,1m 44s,104,1.7333333333333334,5 GB,5
Plasmer,NK_H18_003,2m 40s,160,2.6666666666666665,14.2 GB,14.2
Plasmer,NK_H17_042,2m 59s,179,2.9833333333333334,15.1 GB,15.1
PlasmidHunter,NK_H17_042,1m 38s,98,1.6333333333333333,3.3 GB,3.3
PlaScope (assembly),NK_H18_019,4.2s,2,0.03333333333333333,956.4 MB,0.9564
PlasmidHunter,NK_H18_019,1m 30s,90,1.5,3.2 GB,3.2
MOBSuite,NK_H18_003,5m 7s,307,5.116666666666666,1.4 GB,1.4
Platon,NK_H18_019,1m 34s,94,1.5666666666666669,5.5 GB,5.5
PlaScope (assembly),NK_H18_026,3.1s,1,0.016666666666666666,5.4 MB,0.0054
MOBSuite,NK_H17_034,6m 51s,411,6.85,1.9 GB,1.9
Platon,NK_H18_026,1m 38s,98,1.6333333333333333,5.1 GB,5.1
Plasmer,NK_H18_019,2m 44s,164,2.7333333333333334,14.2 GB,14.2
Plasmer,NK_H18_026,2m 48s,168,2.8,15.1 GB,15.1
PlaScope (assembly),NK_H18_005,3.6s,6,0.1,957 MB,0.957
PlasmidHunter,NK_H18_026,1m 35s,95,1.5833333333333333,3.4 GB,3.4
PlaScope (assembly),NK_H18_050,3.5s,5,0.08333333333333333,5.2 MB,0.005200000000000001
MOBSuite,NK_H18_019,5m 7s,307,5.116666666666666,1.3 GB,1.3
Platon,NK_H18_005,1m 28s,88,1.4666666666666666,4.9 GB,4.9
MOBSuite,NK_H17_042,5m 37s,337,5.616666666666666,1.4 GB,1.4
PlasmidHunter,NK_H18_005,1m 17s,77,1.2833333333333334,3.2 GB,3.2
PlasmidHunter,NK_H18_050,1m 29s,89,1.4833333333333334,3 GB,3
PlaScope (assembly),NK_H18_038,4s,4,0.06666666666666667,952.8 MB,0.9528
Platon,NK_H18_050,1m 27s,87,1.45,4.4 GB,4.4
Plasmer,NK_H18_005,2m 56s,176,2.933333333333333,14.1 GB,14.1
PlasmidHunter,NK_H18_038,1m 33s,93,1.55,3.3 GB,3.3
MOBSuite,NK_H18_026,5m 29s,329,5.483333333333333,1.6 GB,1.6
Plasmer,NK_H18_050,2m 40s,160,2.6666666666666665,14.2 GB,14.2
Platon,NK_H18_038,1m 28s,88,1.4666666666666666,5 GB,5
MOBSuite,NK_H18_005,4m 57s,297,4.95,1.4 GB,1.4
PlaScope (assembly),NK_H18_054,3.7s,7,0.11666666666666668,5.4 MB,0.0054
MOBSuite,NK_H18_050,4m 7s,247,4.116666666666666,739.9 MB,0.7399
Platon,NK_H18_054,1m 18s,78,1.3,5 GB,5
PlaScope (assembly),NK_H26_006,3.8s,8,0.13333333333333333,962.3 MB,0.9623
PlasmidHunter,NK_H18_054,1m 24s,84,1.4,3.2 GB,3.2
Plasmer,NK_H18_038,2m 48s,168,2.8,14.3 GB,14.3
Platon,NK_H26_006,1m 11s,71,1.1833333333333331,5.7 GB,5.7
PlaScope (assembly),NK_H18_074,4.9s,9,0.15,952.4 MB,0.9524
PlasmidHunter,NK_H26_006,1m 28s,88,1.4666666666666666,3 GB,3
Plasmer,NK_H18_054,2m 48s,168,2.8,14.2 GB,14.2
PlasmidHunter,NK_H18_074,1m 31s,91,1.5166666666666666,3.2 GB,3.2
MOBSuite,NK_H18_054,4m 4s,244,4.066666666666666,741.2 MB,0.7412000000000001
MOBSuite,NK_H18_038,5m 29s,329,5.483333333333333,1.6 GB,1.6
Plasmer,NK_H26_006,2m 21s,141,2.35,14.6 GB,14.6
PlaScope (assembly),NK_H18_073,3.7s,7,0.11666666666666668,945.3 MB,0.9453
PlasmidHunter,NK_H18_073,1m 25s,85,1.4166666666666667,3.3 GB,3.3
Platon,NK_H18_074,1m 36s,96,1.6,5.4 GB,5.4
PlaScope (assembly),NK_H1_001,4s,4,0.06666666666666667,951.3 MB,0.9513
MOBSuite,NK_H26_006,4m 6s,246,4.1,741.8 MB,0.7418
Platon,NK_H18_073,1m 31s,91,1.5166666666666666,5.1 GB,5.1
Plasmer,NK_H18_074,2m 55s,175,2.9166666666666665,14.2 GB,14.2
PlasmidHunter,NK_H1_001,1m 23s,83,1.3833333333333333,3.2 GB,3.2
PlaScope (assembly),NK_H1_002,3.8s,8,0.13333333333333333,9.7 MB,0.0097
Plasmer,NK_H18_073,2m 50s,170,2.833333333333333,14.2 GB,14.2
Platon,NK_H1_001,1m 29s,89,1.4833333333333334,4.8 GB,4.8
Platon,NK_H1_002,1m 35s,95,1.5833333333333333,5.3 GB,5.3
Plasmer,NK_H1_001,2m 48s,168,2.8,14.2 GB,14.2
MOBSuite,NK_H18_074,5m 43s,343,5.716666666666667,1.6 GB,1.6
PlasmidHunter,NK_H1_002,1m 32s,92,1.5333333333333334,3.3 GB,3.3
PlaScope (assembly),NK_H1_012,4.9s,9,0.15,5.5 MB,0.0055
Plasmer,NK_H1_002,3m 2s,182,3.033333333333333,14.2 GB,14.2
MOBSuite,NK_H18_073,5m 20s,320,5.333333333333333,1.3 GB,1.3
Platon,NK_H1_012,1m 15s,75,1.25,4.5 GB,4.5
PlaScope (assembly),NK_H1_011,4.2s,2,0.03333333333333333,5.3 MB,0.0053
PlasmidHunter,NK_H1_012,1m 18s,78,1.3,3 GB,3
MOBSuite,NK_H1_001,5m 14s,314,5.233333333333333,1.7 GB,1.7
Platon,NK_H1_011,1m 25s,85,1.4166666666666667,5 GB,5
Plasmer,NK_H1_012,2m 52s,172,2.8666666666666667,14.2 GB,14.2
PlasmidHunter,NK_H1_011,1m 24s,84,1.4,3.3 GB,3.3
PlaScope (assembly),NK_H1_037,3.5s,5,0.08333333333333333,5.3 MB,0.0053
PlasmidHunter,NK_H1_037,1m 14s,74,1.2333333333333334,3.1 GB,3.1
Platon,NK_H1_037,1m 25s,85,1.4166666666666667,4.6 GB,4.6
MOBSuite,NK_H1_012,4m 2s,242,4.033333333333333,742.8 MB,0.7428
PlaScope (assembly),NK_H19_015,4.7s,7,0.11666666666666668,967.1 MB,0.9671
MOBSuite,NK_H1_002,5m,300,5,1.4 GB,1.4
Plasmer,NK_H1_011,2m 46s,166,2.7666666666666666,14.2 GB,14.2
PlaScope (assembly),NK_H19_011,4.3s,3,0.05,953.2 MB,0.9532
Platon,NK_H19_015,1m 49s,109,1.8166666666666669,5.7 GB,5.7
MOBSuite,NK_H1_011,4m 45s,285,4.75,1 GB,1
PlasmidHunter,NK_H19_015,1m 52s,112,1.8666666666666667,3.3 GB,3.3
Plasmer,NK_H1_037,2m 49s,169,2.816666666666667,14.4 GB,14.4
PlaScope (assembly),NK_H3_015,4.6s,6,0.1,13.9 MB,0.0139
Plasmer,NK_H19_015,2m 20s,140,2.333333333333333,14.7 GB,14.7
Platon,NK_H19_011,1m 33s,93,1.55,5.6 GB,5.6
PlasmidHunter,NK_H19_011,1m 28s,88,1.4666666666666666,3.4 GB,3.4
Plasmer,NK_H19_011,2m 47s,167,2.783333333333333,14.2 GB,14.2
MOBSuite,NK_H1_037,4m 41s,281,4.683333333333334,1.4 GB,1.4
PlaScope (assembly),NK_H1_040,4.4s,4,0.06666666666666667,5.3 MB,0.0053
Platon,NK_H3_015,1m 22s,82,1.3666666666666667,5 GB,5
PlasmidHunter,NK_H1_040,1m 23s,83,1.3833333333333333,3.4 GB,3.4
Platon,NK_H1_040,1m 23s,83,1.3833333333333333,5.2 GB,5.2
Plasmer,NK_H3_015,2m 50s,170,2.833333333333333,14.8 GB,14.8
PlaScope (assembly),NK_H1_041,4.5s,5,0.08333333333333333,5.5 MB,0.0055
MOBSuite,NK_H19_015,6m 14s,374,6.233333333333333,1.6 GB,1.6
PlasmidHunter,NK_H1_041,1m 39s,99,1.65,3.2 GB,3.2
PlaScope (assembly),NK_H1_044,4.4s,4,0.06666666666666667,966.9 MB,0.9669
Plasmer,NK_H1_040,3m,180,3,15.1 GB,15.1
MOBSuite,NK_H3_015,4m 45s,285,4.75,1.4 GB,1.4
MOBSuite,NK_H19_011,5m 27s,327,5.45,1.2 GB,1.2
Platon,NK_H1_041,1m 33s,93,1.55,4.7 GB,4.7
Plasmer,NK_H1_041,2m 29s,149,2.4833333333333334,15.1 GB,15.1
PlasmidHunter,NK_H1_044,1m 28s,88,1.4666666666666666,3.4 GB,3.4
PlaScope (assembly),NK_H1_050,4.8s,8,0.13333333333333333,955.3 MB,0.9553
Platon,NK_H1_044,1m 15s,75,1.25,5.1 GB,5.1
PlasmidHunter,NK_H1_050,1m 10s,70,1.1666666666666667,3 GB,3
Platon,NK_H1_050,1m 17s,77,1.2833333333333334,4.5 GB,4.5
Plasmer,NK_H1_044,2m 32s,152,2.533333333333333,14 GB,14
PlaScope (assembly),NK_H1_059,4.7s,7,0.11666666666666668,957.6 MB,0.9576
MOBSuite,NK_H1_040,5m 8s,308,5.133333333333334,1.2 GB,1.2
MOBSuite,NK_H1_041,4m 52s,292,4.866666666666666,1.5 GB,1.5
PlasmidHunter,NK_H1_059,1m 19s,79,1.3166666666666669,3.4 GB,3.4
Platon,NK_H1_059,1m 21s,81,1.35,5.1 GB,5.1
PlaScope (assembly),NK_H1_084,4.6s,6,0.1,959.6 MB,0.9596
MOBSuite,NK_H1_044,4m 2s,242,4.033333333333333,724.3 MB,0.7242999999999999
Plasmer,NK_H1_050,2m 59s,179,2.9833333333333334,15.1 GB,15.1
MOBSuite,NK_H1_050,3m 51s,231,3.85,720 MB,0.72
Plasmer,NK_H1_059,2m 51s,171,2.85,15.1 GB,15.1
PlaScope (assembly),NK_H1_074,4.3s,3,0.05,5.4 MB,0.0054
Platon,NK_H1_084,1m 28s,88,1.4666666666666666,5.2 GB,5.2
Plasmer,NK_H1_084,2m 42s,162,2.7,14.2 GB,14.2
PlasmidHunter,NK_H1_084,1m 35s,95,1.5833333333333333,3.5 GB,3.5
PlaScope (assembly),NK_H1_098,4.9s,9,0.15,956.8 MB,0.9568
PlasmidHunter,NK_H1_074,1m 42s,102,1.7,3.3 GB,3.3
MOBSuite,NK_H1_059,4m 18s,258,4.3,721.6 MB,0.7216
Platon,NK_H1_074,2m,120,2,4.9 GB,4.9
Platon,NK_H1_098,1m 26s,86,1.4333333333333331,5.3 GB,5.3
Plasmer,NK_H1_074,2m 58s,178,2.966666666666667,14.3 GB,14.3
PlasmidHunter,NK_H1_098,1m 34s,94,1.5666666666666669,3.3 GB,3.3
MOBSuite,NK_H1_084,4m 36s,276,4.6,846 MB,0.846
PlaScope (assembly),NK_H1_109,4.1s,1,0.016666666666666666,5.4 MB,0.0054
PlasmidHunter,NK_H1_109,1m 30s,90,1.5,3.1 GB,3.1
Plasmer,NK_H1_098,2m 48s,168,2.8,15.1 GB,15.1
Platon,NK_H1_109,1m 36s,96,1.6,4.7 GB,4.7
Platon,NK_H1_111,1m 40s,100,1.6666666666666667,5.6 GB,5.6
PlaScope (assembly),NK_H1_111,4s,4,0.06666666666666667,952.6 MB,0.9526
PlasmidHunter,NK_H1_111,1m 29s,89,1.4833333333333334,3.3 GB,3.3
Plasmer,NK_H1_109,2m 43s,163,2.716666666666667,15.1 GB,15.1
MOBSuite,NK_H1_074,5m 56s,356,5.933333333333334,1.4 GB,1.4
MOBSuite,NK_H1_098,5m 6s,306,5.1,1.2 GB,1.2
PlaScope (assembly),NK_H1_091,4.5s,5,0.08333333333333333,5.5 MB,0.0055
PlasmidHunter,NK_H1_091,1m 27s,87,1.45,3.3 GB,3.3
PlaScope (assembly),NK_H20_015,4.8s,8,0.13333333333333333,949.8 MB,0.9498
MOBSuite,NK_H1_109,4m 46s,286,4.766666666666667,1.4 GB,1.4
Platon,NK_H1_091,1m 33s,93,1.55,4.9 GB,4.9
Plasmer,NK_H1_111,2m 59s,179,2.9833333333333334,14.1 GB,14.1
Plasmer,NK_H1_091,2m 50s,170,2.833333333333333,14.9 GB,14.9
PlaScope (assembly),NK_H21_005,4.1s,1,0.016666666666666666,950.5 MB,0.9505
PlasmidHunter,NK_H20_015,1m 33s,93,1.55,3.5 GB,3.5
Platon,NK_H20_015,1m 41s,101,1.6833333333333331,5.3 GB,5.3
Plasmer,NK_H20_015,2m 55s,175,2.9166666666666665,14.3 GB,14.3
MOBSuite,NK_H1_111,5m 35s,335,5.583333333333333,1.4 GB,1.4
MOBSuite,NK_H1_091,4m 41s,281,4.683333333333334,1.1 GB,1.1
Platon,NK_H21_005,1m 51s,111,1.85,5.7 GB,5.7
PlasmidHunter,NK_H21_005,1m 32s,92,1.5333333333333334,3.2 GB,3.2
PlaScope (assembly),NK_H21_010,4s,4,0.06666666666666667,5.5 MB,0.0055
Plasmer,NK_H21_005,3m 2s,182,3.033333333333333,14.7 GB,14.7
Platon,NK_H21_010,1m 24s,84,1.4,4.6 GB,4.6
Plasmer,NK_H21_010,2m 19s,139,2.316666666666667,15.1 GB,15.1
PlasmidHunter,NK_H21_010,1m 28s,88,1.4666666666666666,3.1 GB,3.1
PlaScope (assembly),NK_H20_010,4.2s,2,0.03333333333333333,5.2 MB,0.005200000000000001
Platon,NK_H20_010,1m 30s,90,1.5,5.3 GB,5.3
MOBSuite,NK_H20_015,5m 38s,338,5.633333333333334,1.7 GB,1.7
PlaScope (assembly),NK_H20_007,4.7s,7,0.11666666666666668,960.8 MB,0.9608
PlasmidHunter,NK_H20_010,1m 33s,93,1.55,3.2 GB,3.2
PlasmidHunter,NK_H20_007,1m 7s,67,1.1166666666666667,3 GB,3
Plasmer,NK_H20_010,2m 46s,166,2.7666666666666666,13.9 GB,13.9
MOBSuite,NK_H21_005,5m 55s,355,5.916666666666667,2.3 GB,2.3
Platon,NK_H20_007,1m 27s,87,1.45,4.7 GB,4.7
PlaScope (assembly),NK_H21_011,4.8s,8,0.13333333333333333,950.8 MB,0.9508
PlasmidHunter,NK_H21_011,1m 37s,97,1.6166666666666667,3.1 GB,3.1
MOBSuite,NK_H21_010,4m 30s,270,4.5,1 GB,1
Platon,NK_H21_011,1m 38s,98,1.6333333333333333,4.6 GB,4.6
Plasmer,NK_H20_007,2m 47s,167,2.783333333333333,15.1 GB,15.1
PlaScope (assembly),NK_H21_014,4.8s,8,0.13333333333333333,942.7 MB,0.9427
MOBSuite,NK_H20_010,5m 8s,308,5.133333333333334,1.1 GB,1.1
PlaScope (assembly),NK_H21_015,5.2s,2,0.03333333333333333,955.5 MB,0.9555
MOBSuite,NK_H20_007,4m 39s,279,4.65,813.2 MB,0.8132
Platon,NK_H21_014,1m 44s,104,1.7333333333333334,4.9 GB,4.9
Plasmer,NK_H21_011,3m 1s,181,3.0166666666666666,15.1 GB,15.1
PlasmidHunter,NK_H21_014,1m 22s,82,1.3666666666666667,2.9 GB,2.9
Platon,NK_H21_015,1m 45s,105,1.75,5.1 GB,5.1
Plasmer,NK_H21_014,2m 57s,177,2.95,15.1 GB,15.1
PlasmidHunter,NK_H21_015,1m 37s,97,1.6166666666666667,3.1 GB,3.1
PlaScope (assembly),NK_H21_029,5.4s,4,0.06666666666666667,958.6 MB,0.9586
Plasmer,NK_H21_015,2m 48s,168,2.8,15.1 GB,15.1
MOBSuite,NK_H21_011,5m 11s,311,5.183333333333334,1.7 GB,1.7
Platon,NK_H21_029,1m 39s,99,1.65,5.4 GB,5.4
PlaScope (assembly),NK_H21_023,4.4s,4,0.06666666666666667,956 MB,0.956
PlasmidHunter,NK_H21_029,1m 35s,95,1.5833333333333333,3.6 GB,3.6
Plasmer,NK_H21_029,3m,180,3,14.2 GB,14.2
PlaScope (assembly),NK_H21_036,5.2s,2,0.03333333333333333,954.1 MB,0.9541
Platon,NK_H21_023,1m 40s,100,1.6666666666666667,5.5 GB,5.5
MOBSuite,NK_H21_014,5m 41s,341,5.683333333333334,1.7 GB,1.7
PlasmidHunter,NK_H21_023,1m 44s,104,1.7333333333333334,3.5 GB,3.5
MOBSuite,NK_H21_015,4m 53s,293,4.883333333333334,1.4 GB,1.4
MOBSuite,NK_H21_029,5m,300,5,1 GB,1
Platon,NK_H21_036,1m 43s,103,1.7166666666666666,4.9 GB,4.9
Plasmer,NK_H21_023,2m 48s,168,2.8,14.2 GB,14.2
PlaScope (assembly),NK_H21_049,4.1s,1,0.016666666666666666,952.3 MB,0.9523
PlasmidHunter,NK_H21_049,1m 24s,84,1.4,3 GB,3
PlasmidHunter,NK_H21_036,1m 39s,99,1.65,3.3 GB,3.3
Plasmer,NK_H21_036,2m 45s,165,2.75,14.2 GB,14.2
PlaScope (assembly),NK_H21_037,4.4s,4,0.06666666666666667,5.4 MB,0.0054
Platon,NK_H21_049,1m 22s,82,1.3666666666666667,4.4 GB,4.4
Platon,NK_H21_037,1m 38s,98,1.6333333333333333,4.8 GB,4.8
PlasmidHunter,NK_H21_037,1m 35s,95,1.5833333333333333,3.3 GB,3.3
PlaScope (assembly),NK_H21_050,4.5s,5,0.08333333333333333,952 MB,0.952
MOBSuite,NK_H21_023,5m 46s,346,5.766666666666667,2 GB,2
Plasmer,NK_H21_049,2m 52s,172,2.8666666666666667,14.2 GB,14.2
PlasmidHunter,NK_H21_050,1m 37s,97,1.6166666666666667,3.9 GB,3.9
Plasmer,NK_H21_037,2m 45s,165,2.75,14.8 GB,14.8
MOBSuite,NK_H21_036,5m 33s,333,5.55,1.9 GB,1.9
Platon,NK_H21_050,1m 46s,106,1.7666666666666666,6 GB,6
PlaScope (assembly),NK_H21_056A,5.1s,1,0.016666666666666666,973.9 MB,0.9739
MOBSuite,NK_H21_049,4m 27s,267,4.45,811.7 MB,0.8117000000000001
Plasmer,NK_H21_050,2m 57s,177,2.95,15.1 GB,15.1
Platon,NK_H21_056A,1m 39s,99,1.65,5.4 GB,5.4
PlaScope (assembly),NK_H21_067,4.2s,2,0.03333333333333333,5.4 MB,0.0054
PlasmidHunter,NK_H21_056A,1m 49s,109,1.8166666666666669,3.5 GB,3.5
Platon,NK_H21_067,1m 37s,97,1.6166666666666667,5.7 GB,5.7
Plasmer,NK_H21_056A,2m 23s,143,2.3833333333333333,15.1 GB,15.1
PlaScope (assembly),NK_H8_111,5s,5,0.08333333333333333,959.2 MB,0.9592
MOBSuite,NK_H21_037,5m 20s,320,5.333333333333333,2 GB,2
PlasmidHunter,NK_H21_067,1m 36s,96,1.6,3.7 GB,3.7
MOBSuite,NK_H21_050,5m 47s,347,5.783333333333333,1.9 GB,1.9
PlasmidHunter,NK_H8_111,1m 34s,94,1.5666666666666669,3.2 GB,3.2
Platon,NK_H8_111,1m 38s,98,1.6333333333333333,5 GB,5
PlaScope (assembly),NK_H21_076,4.7s,7,0.11666666666666668,964.7 MB,0.9647
Plasmer,NK_H21_067,2m 58s,178,2.966666666666667,15.1 GB,15.1
MOBSuite,NK_H21_056A,5m 5s,305,5.083333333333333,1.3 GB,1.3
PlasmidHunter,NK_H21_076,1m 27s,87,1.45,3.2 GB,3.2
Platon,NK_H21_076,1m 17s,77,1.2833333333333334,4.8 GB,4.8
Plasmer,NK_H8_111,2m 42s,162,2.7,14.2 GB,14.2
Platon,NK_H22_009,1m 17s,77,1.2833333333333334,5.1 GB,5.1
PlaScope (assembly),NK_H22_009,6.4s,4,0.06666666666666667,972.6 MB,0.9726
MOBSuite,NK_H21_067,5m 20s,320,5.333333333333333,1.3 GB,1.3
PlasmidHunter,NK_H22_009,1m 40s,100,1.6666666666666667,3.3 GB,3.3
Plasmer,NK_H21_076,2m 33s,153,2.55,14.6 GB,14.6
MOBSuite,NK_H8_111,5m 15s,315,5.25,1.6 GB,1.6
PlaScope (assembly),NK_H21_080,4.9s,9,0.15,960.8 MB,0.9608
Plasmer,NK_H22_009,2m 7s,127,2.1166666666666667,14.9 GB,14.9
PlasmidHunter,NK_H21_080,1m 19s,79,1.3166666666666669,3.3 GB,3.3
Platon,NK_H21_080,1m 16s,76,1.2666666666666666,5 GB,5
PlaScope (assembly),NK_H21_078,4.4s,4,0.06666666666666667,5.2 MB,0.005200000000000001
PlasmidHunter,NK_H21_078,1m 21s,81,1.35,3.2 GB,3.2
MOBSuite,NK_H22_009,4m 9s,249,4.15,716.9 MB,0.7169
MOBSuite,NK_H21_076,4m 47s,287,4.783333333333333,1.5 GB,1.5
Plasmer,NK_H21_080,2m 39s,159,2.65,15.1 GB,15.1
PlaScope (assembly),NK_H22_015,5.5s,5,0.08333333333333333,964.9 MB,0.9649
Platon,NK_H21_078,1m 34s,94,1.5666666666666669,4.8 GB,4.8
MOBSuite,NK_H21_080,4m 8s,248,4.133333333333334,742.7 MB,0.7427
Platon,NK_H22_015,1m 26s,86,1.4333333333333331,4.6 GB,4.6
PlasmidHunter,NK_H22_015,1m 28s,88,1.4666666666666666,3.1 GB,3.1
PlaScope (assembly),NK_H22_013,4.4s,4,0.06666666666666667,959.6 MB,0.9596
Plasmer,NK_H21_078,2m 53s,173,2.8833333333333333,14.2 GB,14.2
Plasmer,NK_H22_015,2m 32s,152,2.533333333333333,15.1 GB,15.1
PlasmidHunter,NK_H22_013,1m 19s,79,1.3166666666666669,3.3 GB,3.3
Platon,NK_H22_013,1m 31s,91,1.5166666666666666,5.1 GB,5.1
PlasmidHunter,NK_H22_018,1m 37s,97,1.6166666666666667,3.7 GB,3.7
PlaScope (assembly),NK_H22_018,5.5s,5,0.08333333333333333,976.8 MB,0.9768
Plasmer,NK_H22_013,2m 45s,165,2.75,14.2 GB,14.2
PlaScope (assembly),NK_H22_027,4.4s,4,0.06666666666666667,966.7 MB,0.9667
Plasmer,NK_H22_018,2m 13s,133,2.216666666666667,14.2 GB,14.2
MOBSuite,NK_H22_015,4m 25s,265,4.416666666666667,854.6 MB,0.8546
Platon,NK_H22_018,1m 30s,90,1.5,5.7 GB,5.7
PlaScope (assembly),NK_H22_045,5.1s,1,0.016666666666666666,959.2 MB,0.9592
MOBSuite,NK_H21_078,5m 34s,334,5.566666666666666,1.6 GB,1.6
Platon,NK_H22_027,1m 43s,103,1.7166666666666666,5.1 GB,5.1
PlasmidHunter,NK_H22_027,1m 47s,107,1.7833333333333334,3.3 GB,3.3
Plasmer,NK_H22_027,2m 32s,152,2.533333333333333,15.1 GB,15.1
MOBSuite,NK_H22_013,5m 14s,314,5.233333333333333,1.3 GB,1.3
Platon,NK_H22_045,1m 32s,92,1.5333333333333334,4.8 GB,4.8
PlaScope (assembly),NK_H22_053,4s,4,0.06666666666666667,959.9 MB,0.9599
PlasmidHunter,NK_H22_045,1m 32s,92,1.5333333333333334,3.2 GB,3.2
Plasmer,NK_H22_045,2m 47s,167,2.783333333333333,15.1 GB,15.1
MOBSuite,NK_H22_018,4m 47s,287,4.783333333333333,723.8 MB,0.7238
PlaScope (assembly),NK_H22_060,5s,5,0.08333333333333333,944 MB,0.944
PlasmidHunter,NK_H22_053,1m 40s,100,1.6666666666666667,3.2 GB,3.2
Platon,NK_H22_053,1m 34s,94,1.5666666666666669,4.8 GB,4.8
MOBSuite,NK_H22_045,4m 54s,294,4.9,883.8 MB,0.8837999999999999
PlasmidHunter,NK_H22_060,1m 40s,100,1.6666666666666667,3.8 GB,3.8
Plasmer,NK_H22_053,2m 42s,162,2.7,15.1 GB,15.1
MOBSuite,NK_H22_027,5m 40s,340,5.666666666666667,2 GB,2
Platon,NK_H22_060,2m 3s,123,2.05,5.7 GB,5.7
PlaScope (assembly),NK_H22_070,4.7s,7,0.11666666666666668,956.7 MB,0.9567
Platon,NK_H22_070,1m 16s,76,1.2666666666666666,4.7 GB,4.7
PlaScope (assembly),NK_H22_075,4.4s,4,0.06666666666666667,961.6 MB,0.9616
PlasmidHunter,NK_H22_070,1m 16s,76,1.2666666666666666,3.1 GB,3.1
Plasmer,NK_H22_060,2m 47s,167,2.783333333333333,14.7 GB,14.7
Platon,NK_H22_075,1m 23s,83,1.3833333333333333,5 GB,5
PlasmidHunter,NK_H22_075,1m 30s,90,1.5,3.3 GB,3.3
MOBSuite,NK_H22_053,5m 7s,307,5.116666666666666,1.6 GB,1.6
PlaScope (assembly),NK_H22_076,4.3s,3,0.05,5.5 MB,0.0055
Plasmer,NK_H22_070,2m 51s,171,2.85,14.2 GB,14.2
MOBSuite,NK_H22_070,3m 50s,230,3.8333333333333335,747.6 MB,0.7476
Plasmer,NK_H22_075,2m 42s,162,2.7,15.1 GB,15.1
Platon,NK_H22_076,1m 53s,113,1.8833333333333333,5.4 GB,5.4
PlasmidHunter,NK_H22_076,1m 27s,87,1.45,3.6 GB,3.6
PlaScope (assembly),NK_H23_002,5.3s,3,0.05,954.8 MB,0.9548
Plasmer,NK_H22_076,2m 55s,175,2.9166666666666665,14.2 GB,14.2
PlaScope (assembly),NK_H23_005,4.2s,2,0.03333333333333333,13.6 MB,0.0136
MOBSuite,NK_H22_075,4m 16s,256,4.266666666666667,1.1 GB,1.1
MOBSuite,NK_H22_060,6m 53s,413,6.883333333333334,2.4 GB,2.4
Platon,NK_H23_002,1m 44s,104,1.7333333333333334,4.6 GB,4.6
PlasmidHunter,NK_H23_002,1m 37s,97,1.6166666666666667,3.1 GB,3.1
PlaScope (assembly),NK_H23_006,4.3s,3,0.05,5.5 MB,0.0055
Plasmer,NK_H23_002,2m 37s,157,2.6166666666666667,14.9 GB,14.9
PlasmidHunter,NK_H23_005,1m 31s,91,1.5166666666666666,3.1 GB,3.1
Platon,NK_H23_005,1m 25s,85,1.4166666666666667,4.7 GB,4.7
MOBSuite,NK_H22_076,5m 58s,358,5.966666666666667,1.8 GB,1.8
PlaScope (assembly),NK_H23_007,4.3s,3,0.05,946.6 MB,0.9466
Plasmer,NK_H23_005,2m 33s,153,2.55,14.5 GB,14.5
MOBSuite,NK_H23_002,4m 56s,296,4.933333333333334,1.5 GB,1.5
Plasmer,NK_H23_006,2m 12s,132,2.2,14.3 GB,14.3
Platon,NK_H23_006,1m 28s,88,1.4666666666666666,5 GB,5
PlasmidHunter,NK_H23_006,1m 41s,101,1.6833333333333331,3.3 GB,3.3
Platon,NK_H23_007,1m 24s,84,1.4,4.7 GB,4.7
PlasmidHunter,NK_H23_007,1m 16s,76,1.2666666666666666,3.2 GB,3.2
PlaScope (assembly),NK_H23_014,5.2s,2,0.03333333333333333,964.4 MB,0.9644
MOBSuite,NK_H23_005,4m 17s,257,4.283333333333333,772.9 MB,0.7729
PlasmidHunter,NK_H23_014,1m 34s,94,1.5666666666666669,3.3 GB,3.3
Plasmer,NK_H23_014,2m 36s,156,2.6,14.1 GB,14.1
Platon,NK_H23_014,1m 25s,85,1.4166666666666667,5.1 GB,5.1
Plasmer,NK_H23_007,2m 54s,174,2.9,15.1 GB,15.1
PlaScope (assembly),NK_H23_019,4.4s,4,0.06666666666666667,5.3 MB,0.0053
Platon,NK_H23_019,1m 17s,77,1.2833333333333334,4.5 GB,4.5
MOBSuite,NK_H23_006,5m 13s,313,5.216666666666667,1.8 GB,1.8
PlasmidHunter,NK_H23_019,1m 25s,85,1.4166666666666667,3.1 GB,3.1
PlaScope (assembly),NK_H23_015,5.2s,2,0.03333333333333333,962.7 MB,0.9627
MOBSuite,NK_H23_007,4m 33s,273,4.55,1.1 GB,1.1
Plasmer,NK_H23_019,2m 52s,172,2.8666666666666667,15.1 GB,15.1
Platon,NK_H23_015,1m 33s,93,1.55,5.4 GB,5.4
PlasmidHunter,NK_H23_015,1m 32s,92,1.5333333333333334,3.4 GB,3.4
PlaScope (assembly),NK_H23_027,4.6s,6,0.1,960.2 MB,0.9602
MOBSuite,NK_H23_014,5m 27s,327,5.45,1.4 GB,1.4
MOBSuite,NK_H23_019,4m 29s,269,4.483333333333333,810.3 MB,0.8103
PlaScope (assembly),NK_H23_041,4.3s,3,0.05,948.9 MB,0.9489
PlasmidHunter,NK_H23_027,1m 35s,95,1.5833333333333333,3.2 GB,3.2
Plasmer,NK_H23_015,2m 19s,139,2.316666666666667,14.2 GB,14.2
Platon,NK_H23_027,1m 33s,93,1.55,4.8 GB,4.8
PlaScope (assembly),NK_H23_045,4.3s,3,0.05,5.2 MB,0.005200000000000001
PlasmidHunter,NK_H23_041,1m 37s,97,1.6166666666666667,3.1 GB,3.1
Plasmer,NK_H23_027,2m 40s,160,2.6666666666666665,14.5 GB,14.5
Platon,NK_H23_041,1m 40s,100,1.6666666666666667,4.7 GB,4.7
MOBSuite,NK_H23_015,5m 22s,322,5.366666666666666,960.6 MB,0.9606
PlaScope (assembly),NK_H23_049,4.6s,6,0.1,961.1 MB,0.9611
Plasmer,NK_H23_041,2m 52s,172,2.8666666666666667,15.1 GB,15.1
PlasmidHunter,NK_H23_045,1m 34s,94,1.5666666666666669,3.2 GB,3.2
Platon,NK_H23_045,1m 46s,106,1.7666666666666666,4.8 GB,4.8
Plasmer,NK_H23_045,2m 55s,175,2.9166666666666665,14.2 GB,14.2
MOBSuite,NK_H23_027,4m 45s,285,4.75,1.5 GB,1.5
MOBSuite,NK_H23_041,4m 53s,293,4.883333333333334,1.7 GB,1.7
Plasmer,NK_H23_049,2m 35s,155,2.583333333333333,14.4 GB,14.4
Platon,NK_H23_049,1m 30s,90,1.5,4.9 GB,4.9
PlaScope (assembly),NK_H24_006,4.2s,2,0.03333333333333333,5.3 MB,0.0053
PlasmidHunter,NK_H23_049,1m 45s,105,1.75,3.3 GB,3.3
PlasmidHunter,NK_H24_006,1m 18s,78,1.3,3 GB,3
Platon,NK_H24_006,1m 17s,77,1.2833333333333334,5 GB,5
PlaScope (assembly),NK_H24_010,4.3s,3,0.05,954.9 MB,0.9549
PlaScope (assembly),NK_H24_016,3.8s,8,0.13333333333333333,5.6 MB,0.0056
PlasmidHunter,NK_H24_010,1m 36s,96,1.6,3.1 GB,3.1
Plasmer,NK_H24_006,2m 42s,162,2.7,14.4 GB,14.4
MOBSuite,NK_H23_045,5m 20s,320,5.333333333333333,1.7 GB,1.7
Platon,NK_H24_010,1m 35s,95,1.5833333333333333,5.6 GB,5.6
PlaScope (assembly),NK_H24_028,4.3s,3,0.05,5.3 MB,0.0053
Platon,NK_H24_016,1m 18s,78,1.3,5 GB,5
MOBSuite,NK_H23_049,4m 51s,291,4.85,1.1 GB,1.1
MOBSuite,NK_H24_006,3m 59s,239,3.983333333333333,741.4 MB,0.7414
Platon,NK_H24_028,1m 31s,91,1.5166666666666666,5.4 GB,5.4
PlaScope (assembly),NK_H24_044,4s,4,0.06666666666666667,974.8 MB,0.9748
PlasmidHunter,NK_H24_028,1m 31s,91,1.5166666666666666,3.3 GB,3.3
Plasmer,NK_H24_016,2m 46s,166,2.7666666666666666,15.1 GB,15.1
PlasmidHunter,NK_H24_044,1m 19s,79,1.3166666666666669,2.9 GB,2.9
PlaScope (assembly),NK_H24_054,4.1s,1,0.016666666666666666,5.4 MB,0.0054
Plasmer,NK_H24_028,2m 45s,165,2.75,14.2 GB,14.2
Platon,NK_H24_044,1m 20s,80,1.3333333333333333,4.6 GB,4.6
MOBSuite,NK_H24_010,4m 56s,296,4.933333333333334,1.6 GB,1.6
MOBSuite,NK_H24_016,4m 31s,271,4.516666666666667,722.9 MB,0.7229
Platon,NK_H24_054,1m 23s,83,1.3833333333333333,5.5 GB,5.5
Plasmer,NK_H24_044,2m 21s,141,2.35,14.3 GB,14.3
PlasmidHunter,NK_H24_054,1m 26s,86,1.4333333333333331,3.3 GB,3.3
MOBSuite,NK_H24_044,4m 26s,266,4.433333333333334,740.6 MB,0.7406
PlaScope (assembly),NK_H25_002,4.3s,3,0.05,13.8 MB,0.013800000000000002
Plasmer,NK_H24_054,2m 41s,161,2.683333333333333,15.1 GB,15.1
MOBSuite,NK_H24_028,6m 5s,365,6.083333333333333,1.8 GB,1.8
PlasmidHunter,NK_H25_002,1m 24s,84,1.4,3.2 GB,3.2
Plasmer,NK_H25_002,2m 28s,148,2.466666666666667,14.2 GB,14.2
Platon,NK_H25_002,1m 24s,84,1.4,4.8 GB,4.8
PlasmidHunter,NK_H29_003,1m 24s,84,1.4,3.8 GB,3.8
Platon,NK_H29_003,1m 26s,86,1.4333333333333331,5.9 GB,5.9
PlasmidHunter,NK_H25_013,1m 35s,95,1.5833333333333333,3.4 GB,3.4
PlaScope (assembly),NK_H25_013,5.2s,2,0.03333333333333333,954.7 MB,0.9547
PlaScope (assembly),NK_H28_005,4.8s,8,0.13333333333333333,942.9 MB,0.9429
Plasmer,NK_H29_003,2m 45s,165,2.75,14.4 GB,14.4
MOBSuite,NK_H24_054,5m 34s,334,5.566666666666666,1.3 GB,1.3
Platon,NK_H25_013,1m 38s,98,1.6333333333333333,5.8 GB,5.8
MOBSuite,NK_H25_002,4m 41s,281,4.683333333333334,1.1 GB,1.1
PlasmidHunter,NK_H28_005,1m 34s,94,1.5666666666666669,3.1 GB,3.1
Plasmer,NK_H25_013,3m 1s,181,3.0166666666666666,14.2 GB,14.2
PlaScope (assembly),NK_H2_007,4.7s,7,0.11666666666666668,961.2 MB,0.9612
Platon,NK_H28_005,1m 30s,90,1.5,4.8 GB,4.8
MOBSuite,NK_H29_003,4m 42s,282,4.7,997.5 MB,0.9975
PlasmidHunter,NK_H2_007,1m 31s,91,1.5166666666666666,3.3 GB,3.3
PlaScope (assembly),NK_H2_019,4.8s,8,0.13333333333333333,13.7 MB,0.0137
Plasmer,NK_H28_005,2m 35s,155,2.583333333333333,13.7 GB,13.7
Platon,NK_H2_007,1m 32s,92,1.5333333333333334,5 GB,5
Plasmer,NK_H2_007,2m 37s,157,2.6166666666666667,14.7 GB,14.7
MOBSuite,NK_H25_013,6m 24s,384,6.4,1.3 GB,1.3
Platon,NK_H2_019,1m 25s,85,1.4166666666666667,5.4 GB,5.4
PlaScope (assembly),NK_H2_021,4.2s,2,0.03333333333333333,5.4 MB,0.0054
PlasmidHunter,NK_H2_019,1m 19s,79,1.3166666666666669,3.5 GB,3.5
Plasmer,NK_H2_019,2m 10s,130,2.1666666666666665,15.1 GB,15.1
Platon,NK_H2_021,1m 31s,91,1.5166666666666666,5.1 GB,5.1
PlasmidHunter,NK_H2_021,1m 21s,81,1.35,3.3 GB,3.3
MOBSuite,NK_H28_005,5m 8s,308,5.133333333333334,1.2 GB,1.2
PlaScope (assembly),NK_H3_001,4.7s,7,0.11666666666666668,969.7 MB,0.9697
MOBSuite,NK_H2_019,4m 36s,276,4.6,734.2 MB,0.7342000000000001
MOBSuite,NK_H2_007,4m 46s,286,4.766666666666667,865.8 MB,0.8658
PlasmidHunter,NK_H3_001,1m 35s,95,1.5833333333333333,3.4 GB,3.4
Platon,NK_H3_001,1m 28s,88,1.4666666666666666,5.1 GB,5.1
Plasmer,NK_H2_021,2m 55s,175,2.9166666666666665,14.2 GB,14.2
PlaScope (assembly),NK_H3_002,4.3s,3,0.05,5.4 MB,0.0054
PlaScope (assembly),NK_H2_020,4.4s,4,0.06666666666666667,968.5 MB,0.9685
Plasmer,NK_H3_001,2m 24s,144,2.4,13.9 GB,13.9
Platon,NK_H3_002,1m 44s,104,1.7333333333333334,5.3 GB,5.3
PlasmidHunter,NK_H3_002,1m 27s,87,1.45,3.5 GB,3.5
Platon,NK_H2_020,1m 27s,87,1.45,5.2 GB,5.2
MOBSuite,NK_H2_021,5m 10s,310,5.166666666666667,1.3 GB,1.3
Plasmer,NK_H3_002,2m 49s,169,2.816666666666667,14.6 GB,14.6
PlasmidHunter,NK_H2_020,1m 43s,103,1.7166666666666666,3.4 GB,3.4
PlasmidHunter,NK_H3_007,1m 35s,95,1.5833333333333333,3.4 GB,3.4
PlaScope (assembly),NK_H3_007,4.7s,7,0.11666666666666668,941.5 MB,0.9415
MOBSuite,NK_H3_001,4m 48s,288,4.8,1.1 GB,1.1
PlaScope (assembly),NK_H3_009,4.6s,6,0.1,954.9 MB,0.9549
Plasmer,NK_H2_020,2m 10s,130,2.1666666666666665,15.1 GB,15.1
Platon,NK_H3_007,1m 49s,109,1.8166666666666669,5 GB,5
Platon,NK_H3_009,1m 28s,88,1.4666666666666666,5.1 GB,5.1
Plasmer,NK_H3_007,2m 51s,171,2.85,14.2 GB,14.2
MOBSuite,NK_H3_002,6m 6s,366,6.1,1.9 GB,1.9
PlaScope (assembly),NK_H3_019,4.2s,2,0.03333333333333333,5.4 MB,0.0054
MOBSuite,NK_H2_020,5m 31s,331,5.516666666666667,1.9 GB,1.9
PlasmidHunter,NK_H3_009,1m 25s,85,1.4166666666666667,3.4 GB,3.4
PlaScope (assembly),NK_H3_025,4.4s,4,0.06666666666666667,965.6 MB,0.9656
PlasmidHunter,NK_H3_019,1m 24s,84,1.4,3.1 GB,3.1
Plasmer,NK_H3_009,3m 1s,181,3.0166666666666666,14.7 GB,14.7
Platon,NK_H3_019,1m 39s,99,1.65,4.7 GB,4.7
PlasmidHunter,NK_H3_025,1m 20s,80,1.3333333333333333,3.1 GB,3.1
Plasmer,NK_H3_019,2m 52s,172,2.8666666666666667,14.2 GB,14.2
MOBSuite,NK_H3_007,5m 32s,332,5.533333333333333,1.5 GB,1.5
MOBSuite,NK_H3_009,4m 59s,299,4.983333333333333,1.3 GB,1.3
Plasmer,NK_H3_025,2m 21s,141,2.35,14.9 GB,14.9
PlaScope (assembly),NK_H4_002,4.3s,3,0.05,5.4 MB,0.0054
Platon,NK_H3_025,1m 19s,79,1.3166666666666669,4.5 GB,4.5
PlaScope (assembly),NK_H4_006,4.1s,1,0.016666666666666666,5.3 MB,0.0053
PlasmidHunter,NK_H4_002,1m 28s,88,1.4666666666666666,3.2 GB,3.2
Platon,NK_H4_002,1m 28s,88,1.4666666666666666,5.5 GB,5.5
Platon,NK_H4_006,1m 38s,98,1.6333333333333333,5.9 GB,5.9
MOBSuite,NK_H3_019,5m 41s,341,5.683333333333334,1.6 GB,1.6
MOBSuite,NK_H3_025,4m 23s,263,4.383333333333334,1 GB,1
Plasmer,NK_H4_002,2m 50s,170,2.833333333333333,15.1 GB,15.1
PlasmidHunter,NK_H4_006,1m 47s,107,1.7833333333333334,3.8 GB,3.8
Plasmer,NK_H4_006,2m 50s,170,2.833333333333333,13.8 GB,13.8
PlaScope (assembly),NK_H4_026,3.9s,9,0.15,5.3 MB,0.0053
PlaScope (assembly),NK_H5_010,3.9s,9,0.15,5.3 MB,0.0053
PlasmidHunter,NK_H4_026,1m 33s,93,1.55,3.3 GB,3.3
MOBSuite,NK_H4_002,4m 44s,284,4.733333333333333,1.4 GB,1.4
Platon,NK_H4_026,1m 48s,108,1.8,5.3 GB,5.3
PlaScope (assembly),NK_H5_014,4s,4,0.06666666666666667,5.4 MB,0.0054
Platon,NK_H5_010,1m 45s,105,1.75,4.8 GB,4.8
PlasmidHunter,NK_H5_010,1m 36s,96,1.6,3.1 GB,3.1
Plasmer,NK_H4_026,2m 35s,155,2.583333333333333,14.3 GB,14.3
Plasmer,NK_H5_010,2m 41s,161,2.683333333333333,14.9 GB,14.9
Platon,NK_H5_014,1m 35s,95,1.5833333333333333,4.7 GB,4.7
MOBSuite,NK_H4_006,5m 17s,317,5.283333333333333,1.5 GB,1.5
PlasmidHunter,NK_H5_014,1m 31s,91,1.5166666666666666,3.2 GB,3.2
Plasmer,NK_H5_014,2m 40s,160,2.6666666666666665,14.6 GB,14.6
PlaScope (assembly),NK_H5_016,5.5s,5,0.08333333333333333,953.6 MB,0.9536
MOBSuite,NK_H5_010,4m 44s,284,4.733333333333333,1.6 GB,1.6
PlasmidHunter,NK_H5_016,1m 26s,86,1.4333333333333331,3.1 GB,3.1
Platon,NK_H5_016,1m 22s,82,1.3666666666666667,4.7 GB,4.7
PlaScope (assembly),NK_H5_031,4.4s,4,0.06666666666666667,13.6 MB,0.0136
MOBSuite,NK_H4_026,5m 59s,359,5.983333333333333,2 GB,2
MOBSuite,NK_H5_014,4m 55s,295,4.916666666666667,1.1 GB,1.1
Plasmer,NK_H5_016,2m 53s,173,2.8833333333333333,14.2 GB,14.2
Platon,NK_H5_031,1m 41s,101,1.6833333333333331,5.1 GB,5.1
PlaScope (assembly),NK_H8_002,4.2s,2,0.03333333333333333,5.3 MB,0.0053
PlasmidHunter,NK_H5_031,1m 42s,102,1.7,3.3 GB,3.3
MOBSuite,NK_H5_016,4m 5s,245,4.083333333333333,775.3 MB,0.7753
Plasmer,NK_H5_031,2m 34s,154,2.566666666666667,14.1 GB,14.1
PlaScope (assembly),NK_H7_005,4.1s,1,0.016666666666666666,5.4 MB,0.0054
Platon,NK_H8_002,1m 36s,96,1.6,4.7 GB,4.7
PlasmidHunter,NK_H8_002,1m 31s,91,1.5166666666666666,3.2 GB,3.2
Plasmer,NK_H8_002,2m 35s,155,2.583333333333333,15.1 GB,15.1
PlasmidHunter,NK_H7_005,1m 34s,94,1.5666666666666669,3.4 GB,3.4
PlaScope (assembly),NK_H8_008,4.6s,6,0.1,939.2 MB,0.9392
Platon,NK_H7_005,1m 38s,98,1.6333333333333333,5.1 GB,5.1
MOBSuite,NK_H8_002,4m 51s,291,4.85,1.6 GB,1.6
PlasmidHunter,NK_H8_008,1m 23s,83,1.3833333333333333,3.3 GB,3.3
PlaScope (assembly),NK_H8_022,4s,4,0.06666666666666667,5.5 MB,0.0055
Platon,NK_H8_008,1m 49s,109,1.8166666666666669,4.8 GB,4.8
MOBSuite,NK_H5_031,5m 36s,336,5.6,1.9 GB,1.9
Plasmer,NK_H7_005,2m 59s,179,2.9833333333333334,15.1 GB,15.1
Plasmer,NK_H8_008,2m 44s,164,2.7333333333333334,14.2 GB,14.2
MOBSuite,NK_H7_005,5m 40s,340,5.666666666666667,1.5 GB,1.5
PlasmidHunter,NK_H8_022,1m 41s,101,1.6833333333333331,3.2 GB,3.2
Platon,NK_H8_022,1m 48s,108,1.8,4.9 GB,4.9
PlaScope (assembly),NK_H7_010,5.3s,3,0.05,955.6 MB,0.9556
PlasmidHunter,NK_H7_010,1m 47s,107,1.7833333333333334,3.5 GB,3.5
MOBSuite,NK_H8_008,4m 56s,296,4.933333333333334,1.1 GB,1.1
PlaScope (assembly),NK_H8_011,4.8s,8,0.13333333333333333,958.4 MB,0.9584
Plasmer,NK_H8_022,2m 47s,167,2.783333333333333,14.2 GB,14.2
Platon,NK_H7_010,1m 44s,104,1.7333333333333334,5.6 GB,5.6
Platon,NK_H8_011,1m 54s,114,1.9,6 GB,6
PlasmidHunter,NK_H8_011,1m 46s,106,1.7666666666666666,4 GB,4
PlasmidHunter,NK_H8_044,1m 33s,93,1.55,3.1 GB,3.1
Plasmer,NK_H7_010,2m 42s,162,2.7,14.2 GB,14.2
PlaScope (assembly),NK_H8_044,4.2s,2,0.03333333333333333,5.4 MB,0.0054
MOBSuite,NK_H8_022,5m 11s,311,5.183333333333334,1.7 GB,1.7
Plasmer,NK_H8_011,2m 49s,169,2.816666666666667,15 GB,15
Platon,NK_H8_044,1m 18s,78,1.3,4.6 GB,4.6
PlaScope (assembly),NK_H8_052,3.8s,8,0.13333333333333333,5.4 MB,0.0054
PlasmidHunter,NK_H8_052,1m 25s,85,1.4166666666666667,3 GB,3
PlaScope (assembly),NK_H8_045,4.2s,2,0.03333333333333333,5.3 MB,0.0053
Plasmer,NK_H8_044,2m 28s,148,2.466666666666667,14.2 GB,14.2
Platon,NK_H8_052,1m 16s,76,1.2666666666666666,4.4 GB,4.4
MOBSuite,NK_H7_010,6m,360,6,1.9 GB,1.9
Platon,NK_H8_045,1m 39s,99,1.65,5.4 GB,5.4
MOBSuite,NK_H8_044,3m 59s,239,3.983333333333333,722.2 MB,0.7222000000000001
MOBSuite,NK_H8_011,5m 50s,350,5.833333333333333,1.8 GB,1.8
Plasmer,NK_H8_052,2m 34s,154,2.566666666666667,15.1 GB,15.1
MOBSuite,NK_H8_052,3m 50s,230,3.8333333333333335,718.3 MB,0.7182999999999999
PlasmidHunter,NK_H8_045,1m 37s,97,1.6166666666666667,3.5 GB,3.5
PlaScope (assembly),T7-290,4.6s,6,0.1,971.1 MB,0.9711
Platon,T7-290,1m 17s,77,1.2833333333333334,5 GB,5
Plasmer,NK_H8_045,3m 1s,181,3.0166666666666666,14.2 GB,14.2
PlaScope (assembly),NK_H8_057,4.4s,4,0.06666666666666667,5.3 MB,0.0053
PlasmidHunter,T7-290,1m 32s,92,1.5333333333333334,3.3 GB,3.3
Plasmer,T7-290,2m 29s,149,2.4833333333333334,14.2 GB,14.2
Platon,NK_H8_057,1m 36s,96,1.6,5.2 GB,5.2
Platon,NK_H8_070,1m 27s,87,1.45,5.1 GB,5.1
PlasmidHunter,NK_H8_057,1m 31s,91,1.5166666666666666,3.2 GB,3.2
PlaScope (assembly),NK_H8_070,4.2s,2,0.03333333333333333,5.5 MB,0.0055
Plasmer,NK_H8_057,2m 46s,166,2.7666666666666666,13.9 GB,13.9
PlasmidHunter,NK_H8_070,1m 27s,87,1.45,3.4 GB,3.4
PlaScope (assembly),NK_H8_077,4.1s,1,0.016666666666666666,5.2 MB,0.005200000000000001
MOBSuite,T7-290,4m 35s,275,4.583333333333333,1.1 GB,1.1
PlasmidHunter,NK_H8_077,1m 30s,90,1.5,3.3 GB,3.3
MOBSuite,NK_H8_057,4m 38s,278,4.633333333333334,1.6 GB,1.6
PlaScope (assembly),NK_H8_060,4.2s,2,0.03333333333333333,5.4 MB,0.0054
MOBSuite,NK_H8_045,5m 58s,358,5.966666666666667,2.2 GB,2.2
Platon,NK_H8_077,1m 37s,97,1.6166666666666667,5.1 GB,5.1
Plasmer,NK_H8_070,2m 58s,178,2.966666666666667,14.2 GB,14.2
PlaScope (assembly),NK_H8_083,5s,5,0.08333333333333333,959.2 MB,0.9592
Plasmer,NK_H8_077,2m 53s,173,2.8833333333333333,14.2 GB,14.2
PlasmidHunter,NK_H8_060,1m 26s,86,1.4333333333333331,3.4 GB,3.4
MOBSuite,NK_H8_070,4m 42s,282,4.7,739.7 MB,0.7397
Platon,NK_H8_060,1m 21s,81,1.35,5 GB,5
Plasmer,NK_H8_060,2m 37s,157,2.6166666666666667,13.2 GB,13.2
PlasmidHunter,NK_H8_083,1m 37s,97,1.6166666666666667,3.3 GB,3.3
MOBSuite,NK_H8_077,5m 26s,326,5.433333333333334,1.4 GB,1.4
Platon,NK_H8_083,1m 31s,91,1.5166666666666666,5 GB,5
PlaScope (assembly),NK_H8_100,4.1s,1,0.016666666666666666,5.6 MB,0.0056
PlasmidHunter,NK_H8_100,1m 26s,86,1.4333333333333331,3.2 GB,3.2
Plasmer,NK_H8_083,2m 37s,157,2.6166666666666667,14.2 GB,14.2
PlaScope (assembly),NK_H8_114,4.1s,1,0.016666666666666666,5.4 MB,0.0054
MOBSuite,NK_H8_060,4m 40s,280,4.666666666666667,733.5 MB,0.7335
Plasmer,NK_H8_100,2m 49s,169,2.816666666666667,14.2 GB,14.2
Platon,NK_H8_100,1m 40s,100,1.6666666666666667,4.7 GB,4.7
PlasmidHunter,NK_H8_114,1m 26s,86,1.4333333333333331,3.1 GB,3.1
Platon,NK_H8_114,1m 25s,85,1.4166666666666667,5.2 GB,5.2
MOBSuite,NK_H8_083,4m 57s,297,4.95,1.5 GB,1.5
PlasmidHunter,NK_H9_001,1m 35s,95,1.5833333333333333,3.3 GB,3.3
PlaScope (assembly),NK_H9_001,4.2s,2,0.03333333333333333,5.4 MB,0.0054
Platon,NK_H9_001,1m 33s,93,1.55,5.1 GB,5.1
Plasmer,NK_H8_114,2m 44s,164,2.7333333333333334,14.8 GB,14.8
Plasmer,NK_H9_001,2m 50s,170,2.833333333333333,14.7 GB,14.7
PlaScope (assembly),NK_H8_121,4.4s,4,0.06666666666666667,14 MB,0.014
MOBSuite,NK_H8_100,5m 40s,340,5.666666666666667,1.5 GB,1.5
Platon,NK_H8_121,1m 34s,94,1.5666666666666669,4.9 GB,4.9
PlasmidHunter,NK_H8_121,1m 52s,112,1.8666666666666667,3.1 GB,3.1
Platon,NK_H8_118,1m 53s,113,1.8833333333333333,5 GB,5
PlaScope (assembly),NK_H8_118,5s,5,0.08333333333333333,5.4 MB,0.0054
Plasmer,NK_H8_121,2m 27s,147,2.45,14.6 GB,14.6
MOBSuite,NK_H8_114,5m 54s,354,5.9,1.5 GB,1.5
PlaScope (assembly),NK_H9_003,4.9s,9,0.15,966.2 MB,0.9662
MOBSuite,NK_H9_001,5m 39s,339,5.65,1.6 GB,1.6
Plasmer,NK_H8_118,2m 28s,148,2.466666666666667,14 GB,14
PlasmidHunter,NK_H9_003,1m 37s,97,1.6166666666666667,3.1 GB,3.1
PlasmidHunter,NK_H8_118,2m 2s,122,2.033333333333333,3.1 GB,3.1
Platon,NK_H9_003,1m 27s,87,1.45,4.6 GB,4.6
PlaScope (assembly),NK_H9_006,5.6s,6,0.1,969.4 MB,0.9694
MOBSuite,NK_H8_121,6m 28s,388,6.466666666666667,1.4 GB,1.4
Plasmer,NK_H9_003,2m 55s,175,2.9166666666666665,15.1 GB,15.1
PlasmidHunter,NK_H9_006,1m 38s,98,1.6333333333333333,3.3 GB,3.3
Platon,NK_H9_006,1m 29s,89,1.4833333333333334,5.5 GB,5.5
MOBSuite,NK_H9_003,5m 2s,302,5.033333333333333,1.1 GB,1.1
PlaScope (assembly),T7-007,4.6s,6,0.1,953.8 MB,0.9538
PlasmidHunter,T7-007,1m 51s,111,1.85,3.4 GB,3.4
PlaScope (assembly),T7-010,3.8s,8,0.13333333333333333,5.1 MB,0.0051
Plasmer,NK_H9_006,2m 48s,168,2.8,13.6 GB,13.6
Platon,T7-007,1m 58s,118,1.9666666666666663,5.2 GB,5.2
MOBSuite,NK_H8_118,6m 12s,372,6.2,1.4 GB,1.4
PlasmidHunter,T7-010,1m 42s,102,1.7,3.3 GB,3.3
Platon,T7-010,1m 45s,105,1.75,5.6 GB,5.6
PlaScope (assembly),T7-011,4.3s,3,0.05,13.8 MB,0.013800000000000002
MOBSuite,NK_H9_006,6m 9s,369,6.15,1009.3 MB,1.0093
Plasmer,T7-007,3m 7s,187,3.1166666666666667,13.4 GB,13.4
Plasmer,T7-010,2m 52s,172,2.8666666666666667,14.2 GB,14.2
PlaScope (assembly),T7-013,4.4s,4,0.06666666666666667,958.6 MB,0.9586
PlasmidHunter,T7-011,1m 37s,97,1.6166666666666667,3.2 GB,3.2
Platon,T7-011,1m 31s,91,1.5166666666666666,4.9 GB,4.9
MOBSuite,T7-007,7m 17s,437,7.283333333333333,1.7 GB,1.7
Plasmer,T7-011,2m 40s,160,2.6666666666666665,15 GB,15
PlasmidHunter,T7-013,1m 44s,104,1.7333333333333334,3.3 GB,3.3
PlaScope (assembly),T7-012,5.2s,2,0.03333333333333333,959.4 MB,0.9594
MOBSuite,T7-010,6m 20s,380,6.333333333333333,1.5 GB,1.5
Plasmer,T7-013,2m 59s,179,2.9833333333333334,15.1 GB,15.1
Platon,T7-013,1m 39s,99,1.65,5.2 GB,5.2
PlasmidHunter,T7-012,1m 37s,97,1.6166666666666667,3.1 GB,3.1
MOBSuite,T7-011,5m 25s,325,5.416666666666667,1.1 GB,1.1
PlaScope (assembly),T7-019,4s,4,0.06666666666666667,956.2 MB,0.9562
Platon,T7-012,1m 29s,89,1.4833333333333334,4.8 GB,4.8
PlasmidHunter,T7-019,1m 55s,115,1.9166666666666667,3.3 GB,3.3
PlaScope (assembly),T7-020,5s,5,0.08333333333333333,966.8 MB,0.9668
Platon,T7-019,1m 55s,115,1.9166666666666667,6.4 GB,6.4
Plasmer,T7-012,2m 56s,176,2.933333333333333,14.5 GB,14.5
MOBSuite,T7-013,6m 19s,379,6.316666666666666,1.5 GB,1.5
Plasmer,T7-019,3m 1s,181,3.0166666666666666,14.4 GB,14.4
MOBSuite,T7-012,5m 48s,348,5.8,1.4 GB,1.4
Platon,T7-020,1m 34s,94,1.5666666666666669,5.8 GB,5.8
Plasmer,T7-020,2m 23s,143,2.3833333333333333,15.1 GB,15.1
PlasmidHunter,T7-020,1m 56s,116,1.9333333333333331,3.3 GB,3.3
PlaScope (assembly),T7-032,4.4s,4,0.06666666666666667,5.4 MB,0.0054
PlasmidHunter,T7-032,1m 46s,106,1.7666666666666666,3.7 GB,3.7
Platon,T7-032,1m 51s,111,1.85,5.7 GB,5.7
PlaScope (assembly),T7-034,4.7s,7,0.11666666666666668,5.5 MB,0.0055
MOBSuite,T7-019,7m 10s,430,7.166666666666667,1.7 GB,1.7
PlasmidHunter,T7-034,1m 42s,102,1.7,3.7 GB,3.7
Plasmer,T7-032,2m 58s,178,2.966666666666667,14 GB,14
Plasmer,T7-034,2m 58s,178,2.966666666666667,14.8 GB,14.8
MOBSuite,T7-020,5m 42s,342,5.7,1.2 GB,1.2
Platon,T7-034,1m 51s,111,1.85,5.6 GB,5.6
PlaScope (assembly),T7-036,5.9s,9,0.15,971.9 MB,0.9719
Platon,T7-036,1m 28s,88,1.4666666666666666,4.4 GB,4.4
MOBSuite,T7-032,5m 16s,316,5.266666666666667,718.8 MB,0.7188
PlaScope (assembly),T7-050,4.9s,9,0.15,966.1 MB,0.9661
Plasmer,T7-036,2m 27s,147,2.45,14.9 GB,14.9
PlasmidHunter,T7-036,1m 46s,106,1.7666666666666666,3 GB,3
PlasmidHunter,T7-050,1m 23s,83,1.3833333333333333,3.3 GB,3.3
Platon,T7-050,1m 27s,87,1.45,5.1 GB,5.1
PlaScope (assembly),T7-051,4.6s,6,0.1,966.8 MB,0.9668
PlasmidHunter,T7-051,1m 31s,91,1.5166666666666666,3.3 GB,3.3
Plasmer,T7-050,2m 44s,164,2.7333333333333334,15.1 GB,15.1
MOBSuite,T7-036,4m 42s,282,4.7,724.1 MB,0.7241000000000001
PlaScope (assembly),T7-078,4.8s,8,0.13333333333333333,967 MB,0.967
Platon,T7-051,1m 27s,87,1.45,5 GB,5
MOBSuite,T7-034,7m 19s,439,7.316666666666666,2 GB,2
PlasmidHunter,T7-078,1m 44s,104,1.7333333333333334,3.4 GB,3.4
MOBSuite,T7-050,4m 43s,283,4.716666666666667,716.5 MB,0.7165
Plasmer,T7-078,2m 49s,169,2.816666666666667,13.7 GB,13.7
Plasmer,T7-051,3m 1s,181,3.0166666666666666,14.2 GB,14.2
PlaScope (assembly),T7-072,6.7s,7,0.11666666666666668,976.9 MB,0.9769
Platon,T7-078,1m 25s,85,1.4166666666666667,5.1 GB,5.1
Platon,T7-072,1m 22s,82,1.3666666666666667,4.6 GB,4.6
MOBSuite,T7-051,5m 24s,324,5.4,1 GB,1
PlasmidHunter,T7-072,1m 41s,101,1.6833333333333331,3 GB,3
Platon,T7-085,2m 11s,131,2.183333333333333,5.2 GB,5.2
Plasmer,T7-072,2m 28s,148,2.466666666666667,14.8 GB,14.8
PlaScope (assembly),T7-085,4s,4,0.06666666666666667,5.6 MB,0.0056
PlasmidHunter,T7-085,1m 50s,110,1.8333333333333333,3.4 GB,3.4
MOBSuite,T7-078,5m 45s,345,5.75,1 GB,1
PlaScope (assembly),T7-089,4.7s,7,0.11666666666666668,974.6 MB,0.9746
Platon,T7-089,1m 26s,86,1.4333333333333331,4.8 GB,4.8
PlasmidHunter,T7-089,1m 40s,100,1.6666666666666667,3.2 GB,3.2
Plasmer,T7-085,3m 5s,185,3.083333333333333,15.1 GB,15.1
Plasmer,T7-089,2m 10s,130,2.1666666666666665,14.2 GB,14.2
MOBSuite,T7-072,4m 59s,299,4.983333333333333,715.3 MB,0.7152999999999999
PlaScope (assembly),T7-096,4.1s,1,0.016666666666666666,5.2 MB,0.005200000000000001
PlaScope (assembly),T7-097,4.4s,4,0.06666666666666667,967.1 MB,0.9671
PlaScope (assembly),T7-180,7.7s,7,0.11666666666666668,817.7 MB,0.8177000000000001
PlaScope (assembly),T7-103,8.9s,9,0.15,963.5 MB,0.9635
PlaScope (assembly),T7-115,8.6s,6,0.1,966.2 MB,0.9662
PlaScope (assembly),T7-225,10.5s,5,0.08333333333333333,964.4 MB,0.9644
PlaScope (assembly),T7-105,8.4s,4,0.06666666666666667,980.2 MB,0.9802
PlaScope (assembly),T7-209,9.8s,8,0.13333333333333333,964.3 MB,0.9643
PlaScope (assembly),T7-185,7.8s,8,0.13333333333333333,960.2 MB,0.9602
PlaScope (assembly),T7-160,11.6s,6,0.1,982.2 MB,0.9822
PlaScope (assembly),T7-234,4.6s,6,0.1,10 MB,0.01
PlaScope (assembly),T7-493,4.7s,7,0.11666666666666668,13.8 MB,0.013800000000000002
PlaScope (assembly),T7-378,4.6s,6,0.1,965.5 MB,0.9655
PlaScope (assembly),T7-349,4.7s,7,0.11666666666666668,5.4 MB,0.0054
PlaScope (assembly),T7-424,4.6s,6,0.1,5.3 MB,0.0053
PlaScope (assembly),T7-410,4.9s,9,0.15,965.6 MB,0.9656
PlaScope (assembly),T7-442,4.5s,5,0.08333333333333333,5.3 MB,0.0053
PlaScope (assembly),T7-472,5.8s,8,0.13333333333333333,974.5 MB,0.9745
PlaScope (assembly),T7-439,4.6s,6,0.1,5.4 MB,0.0054
PlaScope (assembly),T7-482,4.6s,6,0.1,966 MB,0.966
PlaScope (assembly),T7-488,4.8s,8,0.13333333333333333,13.9 MB,0.0139
PlaScope (assembly),T7-414,4.9s,9,0.15,954.9 MB,0.9549
PlaScope (assembly),T7-393,4.4s,4,0.06666666666666667,973.3 MB,0.9733
PlaScope (assembly),T7-394,4.9s,9,0.15,962.6 MB,0.9626
PlaScope (assembly),T7-445,5.1s,1,0.016666666666666666,975.8 MB,0.9758
PlaScope (assembly),T7-460,4.8s,8,0.13333333333333333,971.7 MB,0.9717
PlaScope (assembly),T7-398,4.2s,2,0.03333333333333333,5.5 MB,0.0055
PlaScope (assembly),T7-425,5.3s,3,0.05,965.9 MB,0.9659
PlaScope (assembly),T7-289,5s,5,0.08333333333333333,969.1 MB,0.9691
PlaScope (assembly),T7-273,4.7s,7,0.11666666666666668,973.6 MB,0.9736
PlaScope (assembly),T7-335,5.2s,2,0.03333333333333333,978.7 MB,0.9787
PlaScope (assembly),T7-333,4.9s,9,0.15,970.7 MB,0.9707
PlaScope (assembly),T7-292,4.8s,8,0.13333333333333333,973.8 MB,0.9738
PlaScope (assembly),T7-264,6.4s,4,0.06666666666666667,978.7 MB,0.9787
PlaScope (assembly),T7-296,4.5s,5,0.08333333333333333,13.8 MB,0.013800000000000002
PlaScope (assembly),T7-200,3.5s,5,0.08333333333333333,5.3 MB,0.0053
PlaScope (assembly),T7-402,3.9s,9,0.15,977.9 MB,0.9779
PlaScope (assembly),T7-365,4s,4,0.06666666666666667,970.4 MB,0.9704
PlaScope (assembly),T7-286,4.4s,4,0.06666666666666667,977.5 MB,0.9775
PlaScope (assembly),T7-213,3.9s,9,0.15,973 MB,0.973
PlaScope (assembly),T7-220,5s,5,0.08333333333333333,986.8 MB,0.9868
PlaScope (assembly),T7-240,4.1s,1,0.016666666666666666,5.4 MB,0.0054
PlaScope (assembly),T7-475,4.4s,4,0.06666666666666667,971.9 MB,0.9719
PlaScope (assembly),T7-267,4.3s,3,0.05,966.8 MB,0.9668
PlaScope (assembly),T7-262,6.7s,7,0.11666666666666668,981.7 MB,0.9817
PlaScope (assembly),T7-242,5.1s,1,0.016666666666666666,5.3 MB,0.0053
PlaScope (assembly),T7-326,6.8s,8,0.13333333333333333,14 MB,0.014
PlaScope (assembly),T7-311,6.9s,9,0.15,5.1 MB,0.0051
PlaScope (assembly),T7-266,7.2s,2,0.03333333333333333,979.9 MB,0.9799
PlaScope (assembly),T7-153,5.9s,9,0.15,5.5 MB,0.0055
PlaScope (assembly),T7-125,7s,7,0.11666666666666668,972.2 MB,0.9722
PlaScope (assembly),T7-133,5.9s,9,0.15,5.2 MB,0.005200000000000001
PlaScope (assembly),T7-141,5.4s,4,0.06666666666666667,5.4 MB,0.0054
PlaScope (assembly),T7-179,5.7s,7,0.11666666666666668,970.8 MB,0.9708
PlaScope (assembly),T7-181,6s,6,0.1,970.8 MB,0.9708
PlaScope (assembly),T7-146,6.2s,2,0.03333333333333333,5.4 MB,0.0054
PlaScope (assembly),T7-158,6.5s,5,0.08333333333333333,13.8 MB,0.013800000000000002
PlaScope (assembly),T7-165,6.7s,7,0.11666666666666668,5.4 MB,0.0054
PlaScope (assembly),T7-259,7.3s,3,0.05,962.8 MB,0.9628
PlaScope (assembly),T7-129,8.6s,6,0.1,977.6 MB,0.9776
PlaScope (assembly),T7-211,7.8s,8,0.13333333333333333,973 MB,0.973
PlaScope (assembly),T7-189,5.5s,5,0.08333333333333333,5.5 MB,0.0055
PlaScope (assembly),T7-457,5.9s,9,0.15,977.2 MB,0.9772
Platon,T7-115,2m 32s,152,2.533333333333333,5.3 GB,5.3
Platon,T7-105,2m 35s,155,2.583333333333333,5.8 GB,5.8
Platon,T7-097,2m 36s,156,2.6,5.8 GB,5.8
Platon,T7-103,2m 49s,169,2.816666666666667,5.2 GB,5.2
Platon,T7-160,2m 58s,178,2.966666666666667,6.3 GB,6.3
Platon,T7-234,2m 33s,153,2.55,5.1 GB,5.1
Platon,T7-225,2m 42s,162,2.7,5.4 GB,5.4
Platon,T7-185,2m 47s,167,2.783333333333333,5 GB,5
Platon,T7-180,2m 37s,157,2.6166666666666667,4.9 GB,4.9
Platon,T7-209,2m 31s,151,2.5166666666666666,6.1 GB,6.1
Platon,T7-378,2m 27s,147,2.45,5.4 GB,5.4
Platon,T7-414,2m 24s,144,2.4,5.4 GB,5.4
Platon,T7-482,2m 41s,161,2.683333333333333,5.4 GB,5.4
Platon,T7-493,2m 45s,165,2.75,6 GB,6
PlasmidHunter,T7-115,3m 11s,191,3.183333333333333,3.4 GB,3.4
Platon,T7-472,1m 57s,117,1.95,4.9 GB,4.9
Platon,T7-442,2m 33s,153,2.55,5.3 GB,5.3
Platon,T7-410,2m 23s,143,2.3833333333333333,5.7 GB,5.7
PlasmidHunter,T7-097,2m 46s,166,2.7666666666666666,3.7 GB,3.7
PlasmidHunter,T7-105,3m 5s,185,3.083333333333333,3.8 GB,3.8
PlasmidHunter,T7-180,2m 48s,168,2.8,3.2 GB,3.2
Platon,T7-439,2m 34s,154,2.566666666666667,5 GB,5
Platon,T7-488,2m 8s,128,2.1333333333333333,5.2 GB,5.2
PlasmidHunter,T7-160,3m 30s,210,3.5,4 GB,4
PlasmidHunter,T7-103,2m 50s,170,2.833333333333333,3.1 GB,3.1
Platon,T7-333,1m 53s,113,1.8833333333333333,4.7 GB,4.7
Platon,T7-445,2m 3s,123,2.05,4.7 GB,4.7
Platon,T7-398,2m 35s,155,2.583333333333333,5.2 GB,5.2
PlasmidHunter,T7-185,2m 38s,158,2.6333333333333333,3.3 GB,3.3
PlasmidHunter,T7-209,2m 39s,159,2.65,3.5 GB,3.5
Platon,T7-424,2m 24s,144,2.4,5.4 GB,5.4
Platon,T7-349,2m 52s,172,2.8666666666666667,5.4 GB,5.4
Platon,T7-402,2m 25s,145,2.4166666666666665,5.7 GB,5.7
Platon,T7-460,2m 13s,133,2.216666666666667,5.3 GB,5.3
Platon,T7-425,2m 36s,156,2.6,6.2 GB,6.2
Platon,T7-326,2m 35s,155,2.583333333333333,4.9 GB,4.9
Platon,T7-394,2m 34s,154,2.566666666666667,5.9 GB,5.9
Platon,T7-267,3m 17s,197,3.283333333333333,6.9 GB,6.9
Platon,T7-393,2m 9s,129,2.15,5.4 GB,5.4
PlasmidHunter,T7-225,2m 23s,143,2.3833333333333333,3.5 GB,3.5
MOBSuite,T7-266,8m 42s,522,8.7,1.1 GB,1.1
Platon,T7-311,3m 2s,182,3.033333333333333,6.6 GB,6.6
Platon,T7-286,2m,120,2,4.9 GB,4.9
Plasmer,T7-105,3m 29s,209,3.4833333333333334,15.1 GB,15.1
Plasmer,T7-097,6m 9s,369,6.15,14.9 GB,14.9
Platon,T7-292,2m 7s,127,2.1166666666666667,5.1 GB,5.1
Platon,T7-289,2m 14s,134,2.2333333333333334,5 GB,5
Platon,T7-264,2m 11s,131,2.183333333333333,4.7 GB,4.7
Platon,T7-273,2m 5s,125,2.083333333333333,4.8 GB,4.8
Platon,T7-335,2m 15s,135,2.25,5.7 GB,5.7
Plasmer,T7-160,3m 3s,183,3.05,15.1 GB,15.1
Platon,T7-220,1m 40s,100,1.6666666666666667,6.3 GB,6.3
Platon,T7-296,2m 17s,137,2.283333333333333,5.3 GB,5.3
Plasmer,T7-103,3m 45s,225,3.75,14.2 GB,14.2
Platon,T7-200,1m 51s,111,1.85,4.8 GB,4.8
Plasmer,T7-180,2m 43s,163,2.716666666666667,15 GB,15
Plasmer,T7-115,2m 57s,177,2.95,14.6 GB,14.6
Platon,T7-259,1m 40s,100,1.6666666666666667,5.6 GB,5.6
PlasmidHunter,T7-234,2m 13s,133,2.216666666666667,3.3 GB,3.3
Platon,T7-213,1m 53s,113,1.8833333333333333,4.6 GB,4.6
Platon,T7-240,1m 37s,97,1.6166666666666667,4.9 GB,4.9
Platon,T7-365,2m,120,2,5.3 GB,5.3
Platon,T7-457,1m 35s,95,1.5833333333333333,4.8 GB,4.8
Platon,T7-211,1m 50s,110,1.8333333333333333,4.8 GB,4.8
Platon,T7-262,1m 55s,115,1.9166666666666667,5 GB,5
Platon,T7-242,2m 11s,131,2.183333333333333,5.3 GB,5.3
Platon,T7-129,1m 27s,87,1.45,4.8 GB,4.8
Platon,T7-266,1m 41s,101,1.6833333333333331,4.6 GB,4.6
PlasmidHunter,T7-378,2m 12s,132,2.2,3.2 GB,3.2
Platon,T7-096,2m 38s,158,2.6333333333333333,6.1 GB,6.1
PlasmidHunter,T7-482,2m 15s,135,2.25,3.5 GB,3.5
PlasmidHunter,T7-266,1m 54s,114,1.9,3 GB,3
Plasmer,T7-185,3m 34s,214,3.566666666666667,14.4 GB,14.4
PlasmidHunter,T7-425,1m 58s,118,1.9666666666666663,3.9 GB,3.9
Plasmer,T7-225,3m 6s,186,3.1,14.5 GB,14.5
Plasmer,T7-442,2m 42s,162,2.7,14.2 GB,14.2
PlasmidHunter,T7-472,1m 35s,95,1.5833333333333333,3.2 GB,3.2
PlasmidHunter,T7-349,1m 52s,112,1.8666666666666667,3.3 GB,3.3
Plasmer,T7-493,3m 21s,201,3.35,14.5 GB,14.5
PlasmidHunter,T7-460,1m 59s,119,1.9833333333333332,3.5 GB,3.5
PlasmidHunter,T7-220,1m 58s,118,1.9666666666666663,3.9 GB,3.9
PlasmidHunter,T7-259,1m 41s,101,1.6833333333333331,3.5 GB,3.5
Plasmer,T7-439,3m 14s,194,3.2333333333333334,13.9 GB,13.9
PlasmidHunter,T7-335,1m 40s,100,1.6666666666666667,3.7 GB,3.7
PlasmidHunter,T7-292,1m 52s,112,1.8666666666666667,3.3 GB,3.3
PlasmidHunter,T7-296,2m,120,2,3.4 GB,3.4
PlasmidHunter,T7-410,1m 54s,114,1.9,3.6 GB,3.6
Plasmer,T7-378,2m 42s,162,2.7,14.3 GB,14.3
PlasmidHunter,T7-439,1m 52s,112,1.8666666666666667,3.3 GB,3.3
PlasmidHunter,T7-414,1m 48s,108,1.8,3 GB,3
Plasmer,T7-482,2m 44s,164,2.7333333333333334,15.1 GB,15.1
Platon,T7-475,1m 21s,81,1.35,4.8 GB,4.8
PlasmidHunter,T7-488,1m 41s,101,1.6833333333333331,3.4 GB,3.4
Plasmer,T7-488,3m 21s,201,3.35,14.1 GB,14.1
PlasmidHunter,T7-493,1m 46s,106,1.7666666666666666,3.8 GB,3.8
PlasmidHunter,T7-442,1m 49s,109,1.8166666666666669,3.4 GB,3.4
PlasmidHunter,T7-445,1m 40s,100,1.6666666666666667,3.1 GB,3.1
PlasmidHunter,T7-398,1m 40s,100,1.6666666666666667,3.1 GB,3.1
Platon,T7-125,1m 35s,95,1.5833333333333333,5.2 GB,5.2
PlasmidHunter,T7-264,1m 59s,119,1.9833333333333332,3.1 GB,3.1
Plasmer,T7-234,2m 36s,156,2.6,13.2 GB,13.2
PlasmidHunter,T7-289,2m 4s,124,2.066666666666667,3.3 GB,3.3
Plasmer,T7-209,3m 19s,199,3.316666666666667,14.2 GB,14.2
PlasmidHunter,T7-273,1m 57s,117,1.95,3.2 GB,3.2
PlasmidHunter,T7-200,1m 39s,99,1.65,3.2 GB,3.2
PlasmidHunter,T7-333,1m 48s,108,1.8,3.1 GB,3.1
Platon,T7-141,1m 54s,114,1.9,5.3 GB,5.3
Plasmer,T7-445,2m 33s,153,2.55,14.2 GB,14.2
PlasmidHunter,T7-424,1m 49s,109,1.8166666666666669,3.5 GB,3.5
PlasmidHunter,T7-153,2m 12s,132,2.2,3.5 GB,3.5
PlasmidHunter,T7-146,1m 25s,85,1.4166666666666667,3.2 GB,3.2
Platon,T7-189,2m 31s,151,2.5166666666666666,5 GB,5
Platon,T7-158,1m 27s,87,1.45,5 GB,5
Plasmer,T7-349,3m 13s,193,3.216666666666667,14.2 GB,14.2
PlasmidHunter,T7-457,1m 54s,114,1.9,3.1 GB,3.1
Plasmer,T7-460,2m 44s,164,2.7333333333333334,15.1 GB,15.1
PlasmidHunter,T7-475,1m 38s,98,1.6333333333333333,3.1 GB,3.1
PlasmidHunter,T7-129,1m 45s,105,1.75,3.1 GB,3.1
PlasmidHunter,T7-365,2m 3s,123,2.05,3.4 GB,3.4
Plasmer,T7-472,2m 34s,154,2.566666666666667,13.8 GB,13.8
PlasmidHunter,T7-211,1m 51s,111,1.85,3.1 GB,3.1
PlasmidHunter,T7-240,1m 48s,108,1.8,3.2 GB,3.2
PlasmidHunter,T7-267,2m 6s,126,2.1,4.3 GB,4.3
PlasmidHunter,T7-326,1m 54s,114,1.9,3.2 GB,3.2
Platon,T7-165,2m 10s,130,2.1666666666666665,6.3 GB,6.3
PlasmidHunter,T7-213,1m 36s,96,1.6,3 GB,3
Plasmer,T7-410,3m 18s,198,3.3,14.5 GB,14.5
Platon,T7-179,1m 56s,116,1.9333333333333331,5.6 GB,5.6
Platon,T7-153,1m 40s,100,1.6666666666666667,5.4 GB,5.4
PlasmidHunter,T7-402,2m 20s,140,2.333333333333333,3.6 GB,3.6
PlasmidHunter,T7-394,1m 57s,117,1.95,3.4 GB,3.4
Platon,T7-133,2m 1s,121,2.0166666666666666,5.5 GB,5.5
PlasmidHunter,T7-393,2m 5s,125,2.083333333333333,3.3 GB,3.3
PlasmidHunter,T7-242,2m 3s,123,2.05,3.4 GB,3.4
PlasmidHunter,T7-125,1m 51s,111,1.85,3.4 GB,3.4
Plasmer,T7-414,3m 30s,210,3.5,14.2 GB,14.2
PlasmidHunter,T7-133,1m 56s,116,1.9333333333333331,3.5 GB,3.5
PlasmidHunter,T7-096,2m 8s,128,2.1333333333333333,3.9 GB,3.9
Platon,T7-146,1m 42s,102,1.7,4.9 GB,4.9
PlasmidHunter,T7-262,2m,120,2,3.2 GB,3.2
PlasmidHunter,T7-311,2m 22s,142,2.3666666666666667,4.2 GB,4.2
Plasmer,T7-273,2m 9s,129,2.15,14.2 GB,14.2
Platon,T7-181,1m 25s,85,1.4166666666666667,4.6 GB,4.6
PlasmidHunter,T7-165,2m 6s,126,2.1,4 GB,4
PlasmidHunter,T7-141,1m 36s,96,1.6,3.4 GB,3.4
Plasmer,T7-402,2m 17s,137,2.283333333333333,15.1 GB,15.1
Plasmer,T7-394,3m 35s,215,3.583333333333333,14.8 GB,14.8
PlasmidHunter,T7-181,1m 40s,100,1.6666666666666667,3 GB,3
Plasmer,T7-393,2m 40s,160,2.6666666666666665,15.1 GB,15.1
PlasmidHunter,T7-158,1m 34s,94,1.5666666666666669,3.3 GB,3.3
PlasmidHunter,T7-189,1m 53s,113,1.8833333333333333,3.2 GB,3.2
PlasmidHunter,T7-179,2m 4s,124,2.066666666666667,3.6 GB,3.6
PlasmidHunter,T7-286,1m 44s,104,1.7333333333333334,3.2 GB,3.2
Plasmer,T7-424,2m 30s,150,2.5,14.2 GB,14.2
Plasmer,T7-335,2m 31s,151,2.5166666666666666,14.2 GB,14.2
Plasmer,T7-311,2m 59s,179,2.9833333333333334,15 GB,15
Plasmer,T7-326,2m 24s,144,2.4,13.8 GB,13.8
Plasmer,T7-267,2m 57s,177,2.95,14.8 GB,14.8
Plasmer,T7-398,2m 59s,179,2.9833333333333334,14.2 GB,14.2
Plasmer,T7-425,3m,180,3,13.1 GB,13.1
Plasmer,T7-286,2m 8s,128,2.1333333333333333,14.5 GB,14.5
Plasmer,T7-296,3m 3s,183,3.05,15.1 GB,15.1
Plasmer,T7-289,2m 38s,158,2.6333333333333333,15.1 GB,15.1
Plasmer,T7-259,2m 37s,157,2.6166666666666667,15.1 GB,15.1
Plasmer,T7-333,2m 13s,133,2.216666666666667,14.5 GB,14.5
Plasmer,T7-266,1m 54s,114,1.9,14.2 GB,14.2
Plasmer,T7-264,1m 54s,114,1.9,15.1 GB,15.1
Plasmer,T7-240,2m 28s,148,2.466666666666667,14.6 GB,14.6
Plasmer,T7-220,2m 5s,125,2.083333333333333,15.1 GB,15.1
Plasmer,T7-213,1m 54s,114,1.9,14.2 GB,14.2
Plasmer,T7-457,1m 55s,115,1.9166666666666667,14.2 GB,14.2
Plasmer,T7-211,2m 17s,137,2.283333333333333,15.1 GB,15.1
Plasmer,T7-292,2m 41s,161,2.683333333333333,15.1 GB,15.1
Plasmer,T7-242,2m 52s,172,2.8666666666666667,15.1 GB,15.1
Plasmer,T7-179,2m 45s,165,2.75,13.8 GB,13.8
Plasmer,T7-475,2m 44s,164,2.7333333333333334,15.1 GB,15.1
Plasmer,T7-129,2m 28s,148,2.466666666666667,13.8 GB,13.8
Plasmer,T7-262,2m 29s,149,2.4833333333333334,14.2 GB,14.2
Plasmer,T7-365,2m 29s,149,2.4833333333333334,14.5 GB,14.5
Plasmer,T7-200,3m 17s,197,3.283333333333333,15.1 GB,15.1
Plasmer,T7-165,2m 48s,168,2.8,14.3 GB,14.3
Plasmer,T7-096,3m 12s,192,3.2,14 GB,14
Plasmer,T7-158,3m 3s,183,3.05,15.1 GB,15.1
Plasmer,T7-153,3m 2s,182,3.033333333333333,15.1 GB,15.1
Plasmer,T7-181,2m 8s,128,2.1333333333333333,14 GB,14
Plasmer,T7-125,2m 13s,133,2.216666666666667,14.2 GB,14.2
Plasmer,T7-133,3m 4s,184,3.066666666666667,14.9 GB,14.9
Plasmer,T7-189,2m 56s,176,2.933333333333333,15.1 GB,15.1
Plasmer,T7-146,3m 2s,182,3.033333333333333,15.1 GB,15.1
Plasmer,T7-141,3m 17s,197,3.283333333333333,15.1 GB,15.1
MOBSuite,T7-180,5m 53s,353,5.883333333333334,1.5 GB,1.5
MOBSuite,T7-160,5m 55s,355,5.916666666666667,1.2 GB,1.2
MOBSuite,T7-185,6m 11s,371,6.183333333333334,1.6 GB,1.6
MOBSuite,T7-234,6m 26s,386,6.433333333333334,1.5 GB,1.5
MOBSuite,T7-097,6m 22s,382,6.366666666666666,1.4 GB,1.4
MOBSuite,T7-105,5m 36s,336,5.6,1.4 GB,1.4
MOBSuite,T7-209,5m 49s,349,5.816666666666666,1 GB,1
MOBSuite,T7-225,6m 15s,375,6.25,1.7 GB,1.7
MOBSuite,T7-286,4m 32s,272,4.533333333333333,720 MB,0.72
MOBSuite,T7-103,5m 41s,341,5.683333333333334,1.4 GB,1.4
MOBSuite,T7-115,6m 7s,367,6.116666666666666,1.4 GB,1.4
MOBSuite,T7-240,4m 47s,287,4.783333333333333,739 MB,0.739
MOBSuite,T7-335,5m 5s,305,5.083333333333333,926.1 MB,0.9261
MOBSuite,T7-141,6m 25s,385,6.416666666666667,1.4 GB,1.4
MOBSuite,T7-365,5m 31s,331,5.516666666666667,1.5 GB,1.5
MOBSuite,T7-267,6m 19s,379,6.316666666666666,1.4 GB,1.4
MOBSuite,T7-378,6m 2s,362,6.033333333333333,1.6 GB,1.6
MOBSuite,T7-472,4m 12s,252,4.2,722.8 MB,0.7228
MOBSuite,T7-211,5m 9s,309,5.15,1.1 GB,1.1
MOBSuite,T7-445,4m 28s,268,4.466666666666667,719.5 MB,0.7195
MOBSuite,T7-414,5m 54s,354,5.9,1.4 GB,1.4
MOBSuite,T7-482,5m 56s,356,5.933333333333334,1.6 GB,1.6
MOBSuite,T7-442,5m 45s,345,5.75,1.5 GB,1.5
MOBSuite,T7-402,5m 18s,318,5.3,1.4 GB,1.4
MOBSuite,T7-333,4m 14s,254,4.233333333333333,824.7 MB,0.8247000000000001
MOBSuite,T7-292,5m 31s,331,5.516666666666667,1.3 GB,1.3
MOBSuite,T7-460,5m 28s,328,5.466666666666667,1.3 GB,1.3
MOBSuite,T7-394,6m 23s,383,6.383333333333334,1.4 GB,1.4
MOBSuite,T7-424,5m 12s,312,5.2,1.3 GB,1.3
MOBSuite,T7-410,6m 12s,372,6.2,1.6 GB,1.6
MOBSuite,T7-493,6m 6s,366,6.1,1.4 GB,1.4
MOBSuite,T7-296,7m 7s,427,7.116666666666666,1.9 GB,1.9
MOBSuite,T7-289,5m 42s,342,5.7,1.4 GB,1.4
MOBSuite,T7-262,5m 7s,307,5.116666666666666,832.2 MB,0.8322
MOBSuite,T7-393,5m 59s,359,5.983333333333333,1.4 GB,1.4
MOBSuite,T7-220,5m 24s,324,5.4,726.3 MB,0.7263
MOBSuite,T7-259,5m 47s,347,5.783333333333333,1 GB,1
MOBSuite,T7-200,5m 18s,318,5.3,1.3 GB,1.3
MOBSuite,T7-096,7m 16s,436,7.266666666666667,2.5 GB,2.5
MOBSuite,T7-153,5m 49s,349,5.816666666666666,1.2 GB,1.2
MOBSuite,T7-129,4m 41s,281,4.683333333333334,758.1 MB,0.7581
MOBSuite,T7-326,5m 20s,320,5.333333333333333,977.2 MB,0.9772
MOBSuite,T7-488,5m 14s,314,5.233333333333333,1.2 GB,1.2
MOBSuite,T7-273,5m 4s,304,5.066666666666666,1.2 GB,1.2
MOBSuite,T7-085,8m 2s,482,8.033333333333333,3 GB,3
MOBSuite,T7-439,6m,360,6,1.3 GB,1.3
MOBSuite,T7-349,6m 26s,386,6.433333333333334,1.9 GB,1.9
MOBSuite,T7-213,4m 27s,267,4.45,725.4 MB,0.7254
MOBSuite,T7-125,5m,300,5,878.9 MB,0.8789
MOBSuite,T7-179,5m 45s,345,5.75,1.7 GB,1.7
MOBSuite,T7-089,4m 36s,276,4.6,728.3 MB,0.7283
MOBSuite,T7-311,8m 11s,491,8.183333333333334,2.2 GB,2.2
MOBSuite,T7-398,6m 2s,362,6.033333333333333,1.8 GB,1.8
MOBSuite,T7-242,7m 1s,421,7.016666666666667,2 GB,2
MOBSuite,T7-133,6m 31s,391,6.516666666666667,1.7 GB,1.7
MOBSuite,T7-146,4m 28s,268,4.466666666666667,755.1 MB,0.7551
MOBSuite,T7-264,4m 51s,291,4.85,756 MB,0.756
MOBSuite,T7-475,5m 4s,304,5.066666666666666,715.9 MB,0.7159
MOBSuite,T7-457,5m 54s,354,5.9,1.2 GB,1.2
MOBSuite,T7-181,5m 29s,329,5.483333333333333,822.6 MB,0.8226
MOBSuite,T7-425,7m 26s,446,7.433333333333334,1.3 GB,1.3
MOBSuite,T7-158,6m 23s,383,6.383333333333334,736.8 MB,0.7368
MOBSuite,T7-165,10m 59s,659,10.983333333333333,1.6 GB,1.6
MOBSuite,T7-189,11m 27s,687,11.45,1.9 GB,1.9
Unicycler,KP_NORM_BLD_116392,23m 54s,1434,23.9,4.9 GB,4.9
Unicycler,KGVETS-2019-01-604,30m 7s,1807,30.116666666666667,5.1 GB,5.1
Unicycler,KGVETS-2019-01-3127,30m 14s,1814,30.23333333333333,5.2 GB,5.2
Unicycler,KP_NORM_BLD_13757,33m 46s,2026,33.766666666666666,5.1 GB,5.1
Unicycler,KP_NORM_BLD_13889,34m 20s,2060,34.333333333333336,5.1 GB,5.1
Unicycler,NK_H15_025,45m 29s,2729,45.48333333333333,5.2 GB,5.2
Unicycler,KGVET-2020-01-2496-3,56m 34s,3394,56.56666666666667,5.2 GB,5.2
Unicycler,NK_H15_047,34m 31s,2071,34.516666666666666,5 GB,5
Unicycler,KGVETS-2019-01-2871,50m 33s,3033,50.55,5.2 GB,5.2
Unicycler,KGVETS-2019-01-1336,53m 16s,3196,53.266666666666666,5.2 GB,5.2
Unicycler,KGVET-2020-01-2677-1,59m 15s,3555,59.25,5.2 GB,5.2
Unicycler,KGVET-2019-01-3472-4,1h 17m 57s,4677,77.95,5.2 GB,5.2
Unicycler,KP_NORM_BLD_13123,55m 55s,3355,55.91666666666666,5.2 GB,5.2
Unicycler,KGVET-2020-01-236-2,1h 53m 33s,6813,113.55,5.8 GB,5.8
Unicycler,KGVET-2020-01-2067-1,41m 11s,2471,41.18333333333333,5.2 GB,5.2
Unicycler,KP_NORM_BLD_60778,26m 36s,1596,26.6,5.1 GB,5.1
Unicycler,NK_H26_006,45m 47s,2747,45.78333333333333,5.2 GB,5.2
Unicycler,KP_NORM_BLD_62638,26m 18s,1578,26.3,5 GB,5
Unicycler,T7-078,1h 56m 18s,6978,116.3,5.9 GB,5.9
Unicycler,KP_NORM_BLD_2395,1h 3m 6s,3786,63.1,5.2 GB,5.2
Unicycler,KP_NORM_BLD_113888,25m 38s,1538,25.633333333333333,5.2 GB,5.2
Unicycler,KGVET-2020-01-202-1,48m 13s,2893,48.21666666666667,5.2 GB,5.2
Unicycler,KGVETS-2019-01-1378,29m 28s,1768,29.466666666666665,5.2 GB,5.2
Unicycler,NK_H3_025,41m,2460,41,5.1 GB,5.1
Unicycler,KP_NORM_BLD_62912,50m 26s,3026,50.43333333333333,5.1 GB,5.1
Unicycler,NK_H15_032,25m,1500,25,4.5 GB,4.5
Unicycler,2018-01-880,51m 22s,3082,51.36666666666667,5.2 GB,5.2
Unicycler,NK_H2_019,1h 11m 14s,4274,71.23333333333333,5.1 GB,5.1
Unicycler,NK_H3_007,33m 17s,1997,33.28333333333333,5.1 GB,5.1
Unicycler,NK_H1_074,1h 11m 33s,4293,71.55,5.2 GB,5.2
Unicycler,2018-01-711,1h 25m 58s,5158,85.96666666666667,5.2 GB,5.2
Unicycler,NK_H8_114,2h 28m 58s,8938,148.96666666666667,6.8 GB,6.8
Unicycler,KP_NORM_URN_57695,40m 17s,2417,40.28333333333333,5.2 GB,5.2
Unicycler,NK_H15_060,27m 50s,1670,27.83333333333333,5.2 GB,5.2
Unicycler,KGVETS-2019-01-4407,31m 46s,1906,31.766666666666666,5.1 GB,5.1
Unicycler,KGVET-2020-01-2959-1,33m 52s,2032,33.86666666666667,5.2 GB,5.2
Unicycler,KP_NORM_URN_106487,27m 12s,1632,27.2,4.9 GB,4.9
Unicycler,NK_H25_002,32m 4s,1924,32.06666666666667,5.2 GB,5.2
Unicycler,KP_NORM_BLD_62164,51m 25s,3085,51.41666666666666,5.2 GB,5.2
Unicycler,NK_H21_011,41m 39s,2499,41.65,5.2 GB,5.2
Unicycler,2018-01-2860,58m 18s,3498,58.3,5.2 GB,5.2
Unicycler,2018-01-4735,1h 15m 12s,4512,75.2,5.1 GB,5.1
Unicycler,KP_NORM_BLD_114309,37m 59s,2279,37.98333333333333,5.2 GB,5.2
Unicycler,KP_NORM_BLD_112925,22m 45s,1365,22.75,4.3 GB,4.3
Unicycler,KP_NORM_BLD_115369,38m 35s,2315,38.583333333333336,5 GB,5
Unicycler,NK_H1_059,49m 24s,2964,49.4,5.2 GB,5.2
Unicycler,KP_NORM_BLD_2013_91198,47m 25s,2845,47.41666666666666,5.2 GB,5.2
Unicycler,NK_H24_006,1h 2m 21s,3741,62.35,5.2 GB,5.2
Unicycler,KP_NORM_BLD_62922,49m 29s,2969,49.48333333333333,5 GB,5
Unicycler,NK_H14_058,38m 42s,2322,38.7,5.2 GB,5.2
Unicycler,NK_H21_049,35m 9s,2109,35.15,5 GB,5
Unicycler,KGVET-2020-01-4249-1,1h 11s,3611,60.18333333333333,5.2 GB,5.2
Unicycler,NK_H11_006,33m 34s,2014,33.56666666666667,5 GB,5
Unicycler,NK_H17_017,39m 17s,2357,39.28333333333333,4.9 GB,4.9
Unicycler,KP_NORM_URN_56534,34m 50s,2090,34.833333333333336,5 GB,5
Unicycler,NK_H25_013,3h 14m 19s,11659,194.31666666666663,8.4 GB,8.4
Unicycler,2018-01-710,1h 22m 30s,4950,82.5,5 GB,5
Unicycler,KP_NORM_BLD_115706,26m 49s,1609,26.816666666666663,5 GB,5
Unicycler,KGVET-2020-01-3775-3,47m 12s,2832,47.2,5 GB,5
Unicycler,KP_NORM_BLD_2013_88977,1h 4m 24s,3864,64.4,5 GB,5
Unicycler,NK_H14_036,40m 48s,2448,40.8,5 GB,5
Unicycler,KGVETS-2019-01-4908,35m 55s,2155,35.916666666666664,5.1 GB,5.1
Unicycler,KP_NORM_BLD_111588,44m 50s,2690,44.833333333333336,4.6 GB,4.6
Unicycler,NK_H1_011,36m 16s,2176,36.266666666666666,5.1 GB,5.1
Unicycler,KGVETS-2019-01-4380,44m 46s,2686,44.766666666666666,5 GB,5
Unicycler,NK_H23_019,43m 36s,2616,43.6,4.9 GB,4.9
Unicycler,KP_NORM_BLD_1348,1h 28m,5280,88,5.6 GB,5.6
Unicycler,NK_H23_015,1h 52m 3s,6723,112.05,5.7 GB,5.7
Unicycler,NK_H24_016,1h 58m 44s,7124,118.73333333333332,6.2 GB,6.2
Unicycler,NK_H20_007,2h 35m 18s,9318,155.3,7.2 GB,7.2
Unicycler,NK_H1_040,1h 13m 57s,4437,73.95,5 GB,5
Unicycler,T7-020,1h 10m 11s,4211,70.18333333333334,5.1 GB,5.1
Unicycler,T7-125,1h 3s,3603,60.05,5.1 GB,5.1
Unicycler,T7-032,1h 6m 52s,4012,66.86666666666666,5.1 GB,5.1
Unicycler,2018-01-2085,1h 59m 45s,7185,119.75,6.1 GB,6.1
Unicycler,T7-115,1h 6m 41s,4001,66.68333333333334,5.1 GB,5.1
Unicycler,T7-146,55m 11s,3311,55.18333333333333,4.7 GB,4.7
Unicycler,T7-129,1h 24m 9s,5049,84.15,5.3 GB,5.3
Unicycler,T7-181,57m 58s,3478,57.96666666666667,5.1 GB,5.1
Unicycler,T7-213,1h 6m 6s,3966,66.1,5.1 GB,5.1
Unicycler,T7-220,1h 21m 31s,4891,81.51666666666667,5.1 GB,5.1
Unicycler,NK_H9_006,3h 6s,10806,180.1,8 GB,8
Unicycler,T7-424,1h 5m 59s,3959,65.98333333333333,5.2 GB,5.2
Unicycler,T7-335,1h 25m 1s,5101,85.01666666666667,5.3 GB,5.3
Unicycler,T7-266,1h 40m 50s,6050,100.83333333333331,4.8 GB,4.8
Unicycler,T7-259,1h 55m 33s,6933,115.55,5.6 GB,5.6
Unicycler,T7-240,1h 3m 42s,3822,63.7,5.2 GB,5.2
Unicycler,T7-292,1h 28m 25s,5305,88.41666666666667,5.8 GB,5.8
Unicycler,T7-475,48m 4s,2884,48.06666666666667,5 GB,5
Unicycler,2018-01-1001,1h 2m 37s,3757,62.61666666666667,5.2 GB,5.2
Unicycler,T7-460,1h 13m 6s,4386,73.1,5.2 GB,5.2
Unicycler,T7-445,1h 15m 14s,4514,75.23333333333333,5.2 GB,5.2
Unicycler,KGVET-2018-04-44577,35m 29s,2129,35.483333333333334,5.2 GB,5.2
Unicycler,KGVET-2020-01-2328-1,39m 28s,2368,39.46666666666667,5.2 GB,5.2
Unicycler,KGMAR-2016-563,41m 51s,2511,41.85,5.2 GB,5.2
Unicycler,2018-01-4107,46m 56s,2816,46.93333333333333,5.2 GB,5.2
Unicycler,2018-01-2640,52m 17s,3137,52.28333333333333,5.2 GB,5.2
Unicycler,KGVET-2020-01-2661,53m 52s,3232,53.86666666666667,5.2 GB,5.2
Unicycler,KGMAR-2016-1400,26m 34s,1594,26.566666666666663,5.2 GB,5.2
Unicycler,KGMAR-2019-1497,33m 42s,2022,33.7,5.2 GB,5.2
Unicycler,2018-01-707,1h 22m 43s,4963,82.71666666666667,5.2 GB,5.2
Unicycler,KGVET-2020-01-3421-1,39m 16s,2356,39.266666666666666,5.2 GB,5.2
Unicycler,KGMAR-2019-1764,35m 25s,2125,35.416666666666664,5.2 GB,5.2
Unicycler,KGMAR-2019-400-2,22m 19s,1339,22.316666666666663,5.2 GB,5.2
Unicycler,2018-01-3218,58m 8s,3488,58.13333333333333,5.2 GB,5.2
Unicycler,KGMAR-2020-440,55m 43s,3343,55.71666666666667,5.3 GB,5.3
Unicycler,2018-01-2734,2h 2m 28s,7348,122.46666666666668,6.1 GB,6.1
Unicycler,2018-01-4203,33m 11s,1991,33.18333333333333,5.2 GB,5.2
Unicycler,KGMAR-2016-1178,57m 1s,3421,57.016666666666666,5.2 GB,5.2
Unicycler,2018-01-389,1h 41m 45s,6105,101.75,6.5 GB,6.5
Unicycler,KGMAR-2019-1417-2,40m 27s,2427,40.45,5.2 GB,5.2
Unicycler,KGMAR-2016-1200,45m,2700,45,5.2 GB,5.2
Unicycler,KGMAR-2020-428,50m 49s,3049,50.81666666666667,5.2 GB,5.2
Unicycler,KGMAR-2019-1766,28m 14s,1694,28.23333333333333,5.2 GB,5.2
Unicycler,KGVET-2020-01-126,40m 36s,2436,40.6,5.2 GB,5.2
Unicycler,KGVET-2020-01-2846-1,1h 15m 3s,4503,75.05,5.3 GB,5.3
Unicycler,KGMAR-2016-1198,57m 22s,3442,57.36666666666667,5.2 GB,5.2
Unicycler,KGVET-2020-01-2318-1,44m 58s,2698,44.96666666666667,5.2 GB,5.2
Unicycler,2018-01-3723,31m 37s,1897,31.616666666666667,5.2 GB,5.2
Unicycler,KGVET-2020-01-3043-2,1h 23m 34s,5014,83.56666666666666,5.2 GB,5.2
Unicycler,KGMAR-2016-1396,47m 35s,2855,47.583333333333336,5.2 GB,5.2
Unicycler,KGMAR-2016-733,47m 38s,2858,47.63333333333333,5.2 GB,5.2
Unicycler,KGVET-2019-01-3619,1h 19m 48s,4788,79.8,5.3 GB,5.3
Unicycler,KGMAR-2019-1459,42m 14s,2534,42.23333333333333,5.2 GB,5.2
Unicycler,KGMAR-2016-1397,38m 10s,2290,38.16666666666666,5.2 GB,5.2
Unicycler,KGVET-2020-01-2158-1,1h 20m 42s,4842,80.7,5.2 GB,5.2
Unicycler,KGMAR-2016-319,49m 9s,2949,49.15,5.2 GB,5.2
Unicycler,KGVET-2019-01-792,42m 48s,2568,42.8,5.2 GB,5.2
Unicycler,KGVET-2019-01-2264,53m 42s,3222,53.7,5.2 GB,5.2
Unicycler,KGVET-2020-01-2800-1,36m 12s,2172,36.2,5.2 GB,5.2
Unicycler,KGVET-2018-01-3794,48m 39s,2919,48.65,5.2 GB,5.2
Unicycler,2018-01-3465,29m 54s,1794,29.9,5.1 GB,5.1
Unicycler,KGMAR-2019-1792,50m 19s,3019,50.31666666666667,5.2 GB,5.2
Unicycler,2018-01-1584,47m 44s,2864,47.73333333333333,5.2 GB,5.2
Unicycler,2018-01-2485,36m 54s,2214,36.9,5.2 GB,5.2
Unicycler,KGVETS-2019-01-3185,25m 24s,1524,25.4,5.2 GB,5.2
Unicycler,2018-01-714,1h 26m 30s,5190,86.5,5.7 GB,5.7
Unicycler,KGMAR-2019-1434,36m 29s,2189,36.48333333333333,5.2 GB,5.2
Unicycler,KGMAR-2016-1076,44m 28s,2668,44.46666666666667,5.2 GB,5.2
Unicycler,KGVET-2020-01-2209-1,59m 20s,3560,59.333333333333336,5.2 GB,5.2
Unicycler,KGMAR-2019-2186,1h 1m 32s,3692,61.53333333333333,5.3 GB,5.3
Unicycler,KGVET-2020-01-1661,37m 37s,2257,37.61666666666667,5.2 GB,5.2
Unicycler,KGMAR-2019-604,30m 38s,1838,30.633333333333333,5.2 GB,5.2
Unicycler,2018-01-4639,49m 21s,2961,49.35,5.2 GB,5.2
Unicycler,2018-01-3094,45m 43s,2743,45.71666666666667,5.2 GB,5.2
Unicycler,2018-01-2730,1h 54m 7s,6847,114.11666666666666,7.2 GB,7.2
Unicycler,2018-01-2782,40m 50s,2450,40.833333333333336,5.2 GB,5.2
Unicycler,KGVET-2020-01-3513-1,30m 25s,1825,30.416666666666668,5.3 GB,5.3
Unicycler,KGVET-2020-01-3515,25m 58s,1558,25.966666666666665,5.2 GB,5.2
Unicycler,KGVET-2020-01-3514,42m 12s,2532,42.2,5.2 GB,5.2
Unicycler,2018-01-778,1h 5m 44s,3944,65.73333333333333,5.2 GB,5.2
Unicycler,KGVET-2020-01-4188-1,48m 43s,2923,48.71666666666667,5.2 GB,5.2
Unicycler,KGVET-2020-01-3721-3,54m 47s,3287,54.78333333333333,5.2 GB,5.2
Unicycler,KGVETS-2019-01-1382,36m 39s,2199,36.65,5.2 GB,5.2
Unicycler,KGVETS-2019-01-1759,23m 37s,1417,23.616666666666667,5.2 GB,5.2
Unicycler,KGVETS-2019-01-1380,40m 2s,2402,40.03333333333333,5.2 GB,5.2
Unicycler,KGVET-2020-01-4327,21m 2s,1262,21.03333333333333,5.2 GB,5.2
Unicycler,KGVETS-2019-01-1760,32m 4s,1924,32.06666666666667,5.2 GB,5.2
Unicycler,KGVETS-2019-01-1761,31m 45s,1905,31.75,5.2 GB,5.2
Unicycler,KGVETS-2019-01-1961,29m 34s,1774,29.566666666666663,5.2 GB,5.2
Unicycler,KGVETS-2019-01-1844,29m 55s,1795,29.916666666666668,5.2 GB,5.2
Unicycler,2018-01-2353,2h 42s,7242,120.7,6.5 GB,6.5
Unicycler,KGVETS-2019-01-2303,27m 13s,1633,27.216666666666665,5.2 GB,5.2
Unicycler,KGVET-2020-01-468-1,1h 33m 34s,5614,93.56666666666666,5.6 GB,5.6
Unicycler,KGVETS-2019-01-2201,24m 37s,1477,24.616666666666667,5.2 GB,5.2
Unicycler,KGVETS-2019-01-2870,46m 43s,2803,46.71666666666667,5.2 GB,5.2
Unicycler,KGVETS-2019-01-1806,25m 28s,1528,25.466666666666665,5.2 GB,5.2
Unicycler,KGVETS-2019-01-2116,28m 48s,1728,28.8,5.2 GB,5.2
Unicycler,KGVETS-2019-01-3162,36m 34s,2194,36.56666666666667,5.2 GB,5.2
Unicycler,KGVETS-2019-01-376,26m 56s,1616,26.933333333333334,5.2 GB,5.2
Unicycler,KGVETS-2019-01-326,36m 17s,2177,36.28333333333333,5.2 GB,5.2
Unicycler,KGVETS-2019-01-4118,30m 11s,1811,30.183333333333334,5.2 GB,5.2
Unicycler,KGVETS-2019-01-3158,35m 23s,2123,35.38333333333333,5.2 GB,5.2
Unicycler,KGVETS-2019-01-3187,27m 15s,1635,27.25,5 GB,5
Unicycler,KGVET-2020-04-18146,48m,2880,48,5.2 GB,5.2
Unicycler,2018-01-1439,51m 19s,3079,51.31666666666667,5.2 GB,5.2
Unicycler,KGVETS-2019-01-4548,35m 58s,2158,35.96666666666667,5.2 GB,5.2
Unicycler,KGVETS-2019-01-476,36m 8s,2168,36.13333333333333,5.2 GB,5.2
Unicycler,KGVETS-2019-01-5108,32m 48s,1968,32.8,5.2 GB,5.2
Unicycler,KGVETS-2019-01-4937,45m 19s,2719,45.31666666666667,5.1 GB,5.1
Unicycler,2018-01-1024,45m 31s,2731,45.516666666666666,5.2 GB,5.2
Unicycler,KGVETS-2019-01-587,34m 32s,2072,34.53333333333333,5.2 GB,5.2
Unicycler,KGVETS-2019-01-4848,32m 14s,1934,32.233333333333334,5.2 GB,5.2
Unicycler,KGVETS-2019-01-897,33m 48s,2028,33.8,5.2 GB,5.2
Unicycler,KP_NORM_BLD_111598,12m 27s,747,12.45,3.9 GB,3.9
Unicycler,KGVETS-2019-01-3793,1h 11m 1s,4261,71.01666666666667,5.2 GB,5.2
Unicycler,KGVETS-2019-01-901,28m 57s,1737,28.95,5.2 GB,5.2
Unicycler,KGVETS-2019-01-4639,1h 25m 27s,5127,85.45,5.9 GB,5.9
Unicycler,KP_NORM_BLD_110772,25m 55s,1555,25.916666666666668,4.8 GB,4.8
Unicycler,KP_NORM_BLD_112596,21m 14s,1274,21.23333333333333,5.2 GB,5.2
Unicycler,KP_NORM_BLD_112603,20m 22s,1222,20.366666666666667,5 GB,5
Unicycler,KP_NORM_BLD_112908,35m 55s,2155,35.916666666666664,5.2 GB,5.2
Unicycler,KP_NORM_BLD_1032,47m,2820,47,5.2 GB,5.2
Unicycler,KGVETS-2019-01-4637,48m 38s,2918,48.63333333333333,5.3 GB,5.3
Unicycler,KP_NORM_BLD_112911,34m 52s,2092,34.86666666666667,5.1 GB,5.1
Unicycler,KP_NORM_BLD_112916,46m 7s,2767,46.11666666666667,5.2 GB,5.2
Unicycler,KP_NORM_BLD_113315,41m 23s,2483,41.38333333333333,5.1 GB,5.1
Unicycler,KGVETS-2019-01-902,38m 7s,2287,38.11666666666667,5.2 GB,5.2
Unicycler,KP_NORM_BLD_112922,48m 46s,2926,48.766666666666666,5 GB,5
Unicycler,KP_NORM_BLD_113321,23m 34s,1414,23.566666666666663,4 GB,4
Unicycler,KP_NORM_BLD_112590,25m 5s,1505,25.08333333333333,5.2 GB,5.2
Unicycler,KP_NORM_BLD_112904,36m 2s,2162,36.03333333333333,4.9 GB,4.9
Unicycler,KP_NORM_BLD_113768,35m 53s,2153,35.88333333333333,4.6 GB,4.6
Unicycler,KP_NORM_BLD_114603,19m 44s,1184,19.73333333333333,4.7 GB,4.7
Unicycler,KP_NORM_BLD_114453,38m 3s,2283,38.05,4.7 GB,4.7
Unicycler,KP_NORM_BLD_115796,21m 53s,1313,21.883333333333333,4.3 GB,4.3
Unicycler,KP_NORM_BLD_114487,50m 56s,3056,50.93333333333333,5.1 GB,5.1
Unicycler,KP_NORM_BLD_115332,46m 22s,2782,46.36666666666667,5.1 GB,5.1
Unicycler,KP_NORM_BLD_116239,34m 15s,2055,34.25,4.9 GB,4.9
Unicycler,KP_NORM_BLD_116566,21m 2s,1262,21.03333333333333,4.4 GB,4.4
Unicycler,KP_NORM_BLD_115351,1h 3m 26s,3806,63.43333333333333,5.2 GB,5.2
Unicycler,KP_NORM_BLD_116378,21m 23s,1283,21.383333333333333,4.4 GB,4.4
Unicycler,KP_NORM_BLD_114482,1h 28m 20s,5300,88.33333333333333,7.8 GB,7.8
Unicycler,KP_NORM_BLD_114458,1h 30m 1s,5401,90.01666666666667,7.3 GB,7.3
Unicycler,KP_NORM_BLD_116570,22m 54s,1374,22.9,4.8 GB,4.8
Unicycler,KP_NORM_BLD_12850,12m 33s,753,12.55,3.5 GB,3.5
Unicycler,KP_NORM_BLD_116241,44m 22s,2662,44.36666666666667,5 GB,5
Unicycler,KP_NORM_BLD_114473,1h 39m 16s,5956,99.26666666666668,8 GB,8
Unicycler,KP_NORM_BLD_12934,18m 12s,1092,18.2,5 GB,5
Unicycler,KP_NORM_BLD_117477,19m 6s,1146,19.1,4.8 GB,4.8
Unicycler,KP_NORM_BLD_13382,11m 36s,696,11.6,3.2 GB,3.2
Unicycler,KP_NORM_BLD_13129,43m 10s,2590,43.16666666666666,5.1 GB,5.1
Unicycler,KP_NORM_BLD_13127,48m 42s,2922,48.7,5 GB,5
Unicycler,KP_NORM_BLD_13379,1h 4m 58s,3898,64.96666666666667,5.1 GB,5.1
Unicycler,KP_NORM_BLD_13380,1h 14m 22s,4462,74.36666666666666,5.1 GB,5.1
Unicycler,KP_NORM_BLD_13372,1h 24m 46s,5086,84.76666666666667,5.8 GB,5.8
Unicycler,KP_NORM_BLD_13377,1h 26m 44s,5204,86.73333333333333,5.7 GB,5.7
Unicycler,KP_NORM_BLD_13383,1h 16m 11s,4571,76.18333333333334,5.1 GB,5.1
Unicycler,KP_NORM_BLD_13375,1h 38m 6s,5886,98.1,6 GB,6
Unicycler,KP_NORM_BLD_13748,14m 17s,857,14.283333333333331,3.1 GB,3.1
Unicycler,KP_NORM_BLD_1347,59m 42s,3582,59.7,5.2 GB,5.2
Unicycler,KP_NORM_BLD_13880,21m 45s,1305,21.75,5.2 GB,5.2
Unicycler,KP_NORM_BLD_13534,39m 59s,2399,39.98333333333333,5.2 GB,5.2
Unicycler,KP_NORM_BLD_14177,11m 18s,678,11.3,3.3 GB,3.3
Unicycler,KP_NORM_BLD_13886,19m 8s,1148,19.133333333333333,4.6 GB,4.6
Unicycler,KP_NORM_BLD_1339,1h 16m 55s,4615,76.91666666666667,5.2 GB,5.2
Unicycler,KP_NORM_BLD_14179,14m 10s,850,14.166666666666666,4.6 GB,4.6
Unicycler,KP_NORM_BLD_14164,28m 47s,1727,28.78333333333333,5.2 GB,5.2
Unicycler,KP_NORM_BLD_13738,47m 8s,2828,47.13333333333333,5.2 GB,5.2
Unicycler,KP_NORM_BLD_14222,31m 38s,1898,31.633333333333333,5.1 GB,5.1
Unicycler,KP_NORM_BLD_1692,34m 17s,2057,34.28333333333333,5.2 GB,5.2
Unicycler,KP_NORM_BLD_2006_37102,26m 12s,1572,26.2,4.8 GB,4.8
Unicycler,KP_NORM_BLD_2006_36504,30m 47s,1847,30.78333333333333,5.2 GB,5.2
Unicycler,KP_NORM_BLD_2005_1167,40m 21s,2421,40.35,5 GB,5
Unicycler,KP_NORM_BLD_2007_48114,30m 34s,1834,30.566666666666663,5.2 GB,5.2
Unicycler,KP_NORM_BLD_1883,1h 1m 3s,3663,61.05,5.2 GB,5.2
Unicycler,KP_NORM_BLD_2007_48102,47m 26s,2846,47.43333333333333,5.2 GB,5.2
Unicycler,KP_NORM_BLD_2008_54824,43m 35s,2615,43.583333333333336,5.2 GB,5.2
Unicycler,KP_NORM_BLD_2008_54367,57m 54s,3474,57.9,5.2 GB,5.2
Unicycler,KP_NORM_BLD_2008_54823,57m 44s,3464,57.73333333333333,5.1 GB,5.1
Unicycler,KP_NORM_BLD_2008_55153,46m 9s,2769,46.15,5.2 GB,5.2
Unicycler,KP_NORM_BLD_2008_55014,55m 16s,3316,55.266666666666666,5.2 GB,5.2
Unicycler,KP_NORM_BLD_2009_61298,54m 23s,3263,54.38333333333333,5.2 GB,5.2
Unicycler,KP_NORM_BLD_2009_63807,29m 10s,1750,29.166666666666668,5.1 GB,5.1
Unicycler,KP_NORM_BLD_2009_62777,44m 26s,2666,44.43333333333333,5 GB,5
Unicycler,KP_NORM_BLD_2009_62172,1h 5m 49s,3949,65.81666666666666,5.2 GB,5.2
Unicycler,KP_NORM_BLD_2009_63475,49m 43s,2983,49.71666666666667,5.1 GB,5.1
Unicycler,KP_NORM_BLD_2007_46696,1h 45m 44s,6344,105.73333333333332,6.3 GB,6.3
Unicycler,KP_NORM_BLD_2010_70236,44m 46s,2686,44.766666666666666,5.2 GB,5.2
Unicycler,KP_NORM_BLD_2009_61895,1h 20m 55s,4855,80.91666666666667,5.2 GB,5.2
Unicycler,KP_NORM_BLD_2010_71621,50m 53s,3053,50.88333333333333,5.2 GB,5.2
Unicycler,KP_NORM_BLD_2010_70364,1h 2m 38s,3758,62.63333333333333,5.2 GB,5.2
Unicycler,KP_NORM_BLD_2012_85054,41m 22s,2482,41.36666666666667,5 GB,5
Unicycler,KP_NORM_BLD_2011_74838,1h 1m 44s,3704,61.73333333333333,5.1 GB,5.1
Unicycler,KP_NORM_BLD_2013_90851,27m 37s,1657,27.616666666666667,5 GB,5
Unicycler,KP_NORM_BLD_2011_75117,1h 11m 34s,4294,71.56666666666666,5.2 GB,5.2
Unicycler,KP_NORM_BLD_2011_75461,1h 25m 35s,5135,85.58333333333333,5.2 GB,5.2
Unicycler,KP_NORM_BLD_2012_86925,1h 12m 25s,4345,72.41666666666667,5.2 GB,5.2
Unicycler,KP_NORM_BLD_2012_86962,1h 5m 50s,3950,65.83333333333333,5 GB,5
Unicycler,KP_NORM_BLD_2013_92328,1h 11s,3611,60.18333333333333,5.2 GB,5.2
Unicycler,KP_NORM_BLD_2012_85408,1h 59m 15s,7155,119.25,6 GB,6
Unicycler,KP_NORM_BLD_2013_91444,1h 21m 55s,4915,81.91666666666667,5 GB,5
Unicycler,KP_NORM_BLD_2014_101320,1h 1m 42s,3702,61.7,5.1 GB,5.1
Unicycler,KP_NORM_BLD_2014_101821,1h 25m 27s,5127,85.45,5 GB,5
Unicycler,KP_NORM_BLD_2014_100848,1h 26m 56s,5216,86.93333333333334,5.1 GB,5.1
Unicycler,KP_NORM_BLD_2014_100833,2h 47s,7247,120.78333333333332,6.2 GB,6.2
Unicycler,KP_NORM_BLD_2015_112126,35m 11s,2111,35.18333333333333,5 GB,5
Unicycler,KP_NORM_BLD_2015_111587,33m 56s,2036,33.93333333333333,4.8 GB,4.8
Unicycler,KP_NORM_BLD_2015_108843,37m 16s,2236,37.266666666666666,4.9 GB,4.9
Unicycler,KP_NORM_BLD_2014_104302,1h 14m 30s,4470,74.5,5.1 GB,5.1
Unicycler,KP_NORM_BLD_2014_104014,1h 20m 38s,4838,80.63333333333334,5.1 GB,5.1
Unicycler,KP_NORM_BLD_2247,21m 59s,1319,21.98333333333333,4.9 GB,4.9
Unicycler,KP_NORM_BLD_2015_115359,38m 38s,2318,38.63333333333333,5 GB,5
Unicycler,KP_NORM_BLD_2014_103381,2h 14s,7214,120.23333333333332,7.2 GB,7.2
Unicycler,KP_NORM_BLD_2014_102946,2h 35m 23s,9323,155.38333333333333,9.5 GB,9.5
Unicycler,KP_NORM_BLD_60723,44m 54s,2694,44.9,5.1 GB,5.1
Unicycler,KP_NORM_BLD_231,59m 32s,3572,59.53333333333333,5.1 GB,5.1
Unicycler,KP_NORM_BLD_60429,30m 10s,1810,30.166666666666668,5 GB,5
Unicycler,KP_NORM_BLD_2254,1h 4m 19s,3859,64.31666666666666,5 GB,5
Unicycler,KP_NORM_BLD_228,56m 25s,3385,56.41666666666666,5.1 GB,5.1
Unicycler,KP_NORM_BLD_2508,41m 44s,2504,41.73333333333333,5 GB,5
Unicycler,KP_NORM_BLD_225,26m 30s,1590,26.5,5.1 GB,5.1
Unicycler,KP_NORM_BLD_2014_96855,1h 39m 34s,5974,99.56666666666666,6.2 GB,6.2
Unicycler,KP_NORM_BLD_2799,37m 15s,2235,37.25,5.2 GB,5.2
Unicycler,KP_NORM_BLD_2497,41m 46s,2506,41.766666666666666,5.1 GB,5.1
Unicycler,KP_NORM_BLD_61273,35m 34s,2134,35.56666666666667,5.1 GB,5.1
Unicycler,KP_NORM_BLD_60803,41m 13s,2473,41.21666666666667,5.1 GB,5.1
Unicycler,KP_NORM_BLD_60562,53m 41s,3221,53.68333333333333,5.2 GB,5.2
Unicycler,KP_NORM_BLD_61295,29m 44s,1784,29.73333333333333,5.2 GB,5.2
Unicycler,KP_NORM_BLD_3074,55m 49s,3349,55.81666666666667,5.1 GB,5.1
Unicycler,KP_NORM_BLD_60874,39m 59s,2399,39.98333333333333,5.2 GB,5.2
Unicycler,KP_NORM_BLD_61886,30m 31s,1831,30.516666666666666,5 GB,5
Unicycler,KP_NORM_BLD_61459,49m 37s,2977,49.61666666666667,5 GB,5
Unicycler,KP_NORM_BLD_62512,25m 10s,1510,25.166666666666668,5 GB,5
Unicycler,KP_NORM_BLD_61894,20m 46s,1246,20.766666666666666,4.4 GB,4.4
Unicycler,KP_NORM_BLD_61444,1h 6m 57s,4017,66.95,5.2 GB,5.2
Unicycler,KP_NORM_BLD_61439,1h 14m 57s,4497,74.95,5.2 GB,5.2
Unicycler,KP_NORM_BLD_62202,56m 50s,3410,56.833333333333336,5 GB,5
Unicycler,KP_NORM_BLD_62504,52m 15s,3135,52.25,5.1 GB,5.1
Unicycler,KP_NORM_BLD_62914,38m 35s,2315,38.583333333333336,4.8 GB,4.8
Unicycler,KP_NORM_BLD_62649,28m 13s,1693,28.216666666666665,5.1 GB,5.1
Unicycler,KP_NORM_BLD_62920,40m 45s,2445,40.75,5.1 GB,5.1
Unicycler,KP_NORM_BLD_62934,33m 26s,2006,33.43333333333333,4.6 GB,4.6
Unicycler,KP_NORM_BLD_62926,36m 36s,2196,36.6,4.6 GB,4.6
Unicycler,KP_NORM_BLD_62486,1h 4m 50s,3890,64.83333333333333,5.2 GB,5.2
Unicycler,KP_NORM_URN_2015_109358,23m 12s,1392,23.2,4.4 GB,4.4
Unicycler,KP_NORM_BLD_63395,46m 42s,2802,46.7,5.1 GB,5.1
Unicycler,KP_NORM_URN_2014_97677,1h 20m 31s,4831,80.51666666666667,5.2 GB,5.2
Unicycler,KP_NORM_BLD_63815,54m 28s,3268,54.46666666666667,5.2 GB,5.2
Unicycler,KP_NORM_BLD_63801,1h 3m 43s,3823,63.71666666666667,5.2 GB,5.2
Unicycler,KP_NORM_BLD_70,54m 30s,3270,54.5,5.1 GB,5.1
Unicycler,KP_NORM_BLD_63842,56m 45s,3405,56.75,5.2 GB,5.2
Unicycler,KP_NORM_URN_106847,37m 33s,2253,37.55,5.1 GB,5.1
Unicycler,KP_NORM_URN_107976,42m 26s,2546,42.43333333333333,5.2 GB,5.2
Unicycler,KP_NORM_BLD_63839,1h 3m 29s,3809,63.48333333333333,5 GB,5
Unicycler,KP_NORM_URN_2014_101205,2h 56m 11s,10571,176.18333333333334,10.7 GB,10.7
Unicycler,KP_NORM_URN_2012_81416,16m 43s,1003,16.716666666666665,3.6 GB,3.6
Unicycler,KP_NORM_URN_113027,42m 27s,2547,42.45,5.2 GB,5.2
Unicycler,KP_NORM_URN_114421,41m 34s,2494,41.56666666666667,5.2 GB,5.2
Unicycler,KP_NORM_URN_109342,41m 22s,2482,41.36666666666667,5.2 GB,5.2
Unicycler,NK_H11_013,32m 18s,1938,32.3,5.2 GB,5.2
Unicycler,KP_NORM_URN_2013_95819,58m 54s,3534,58.9,5.1 GB,5.1
Unicycler,KP_NORM_URN_2013_95788,45m 48s,2748,45.8,5 GB,5
Unicycler,KP_NORM_URN_2013_95951,42m 34s,2554,42.56666666666667,5.1 GB,5.1
Unicycler,KP_NORM_URN_2013_95439,1h 15m 26s,4526,75.43333333333334,5.2 GB,5.2
Unicycler,KP_NORM_URN_2012_81428,38m 36s,2316,38.6,5.2 GB,5.2
Unicycler,KP_NORM_URN_2013_96200,1h 5m 26s,3926,65.43333333333334,5.1 GB,5.1
Unicycler,KP_NORM_URN_2015_107962,42m 6s,2526,42.1,5.2 GB,5.2
Unicycler,KP_NORM_URN_2014_96612,1h 30m 7s,5407,90.11666666666666,6.6 GB,6.6
Unicycler,KP_NORM_URN_2014_97411,1h 3m 7s,3787,63.11666666666667,5.3 GB,5.3
Unicycler,KP_NORM_URN_2014_97392,1h 29m 29s,5369,89.48333333333333,6 GB,6
Unicycler,KP_NORM_URN_2015_107836,33m 43s,2023,33.71666666666667,5 GB,5
Unicycler,NK_H12_068,1h 9m,4140,69,5 GB,5
Unicycler,KP_NORM_URN_2015_109056,32m 41s,1961,32.68333333333333,5.1 GB,5.1
Unicycler,KP_NORM_URN_56668,17m 40s,1060,17.666666666666668,4.6 GB,4.6
Unicycler,KP_NORM_URN_2014_97671,1h 37m 49s,5869,97.81666666666666,5.3 GB,5.3
Unicycler,KP_NORM_URN_2014_99206,1h 33m 26s,5606,93.43333333333334,6.7 GB,6.7
Unicycler,KP_NORM_URN_2015_109604,39m 41s,2381,39.68333333333333,5.2 GB,5.2
Unicycler,KP_NORM_URN_2015_109238,45m 20s,2720,45.333333333333336,5 GB,5
Unicycler,KP_NORM_URN_56847,32m 56s,1976,32.93333333333333,5.2 GB,5.2
Unicycler,KP_NORM_URN_57023,38m 22s,2302,38.36666666666667,5.2 GB,5.2
Unicycler,KP_NORM_URN_57225,37m 42s,2262,37.7,5.2 GB,5.2
Unicycler,KP_NORM_URN_57042,49m 54s,2994,49.9,5 GB,5
Unicycler,KP_NORM_URN_57002,1h 11m 31s,4291,71.51666666666667,5.1 GB,5.1
Unicycler,KP_NORM_URN_57979,42m 29s,2549,42.48333333333333,5.2 GB,5.2
Unicycler,KP_NORM_URN_57447,46m 57s,2817,46.95,5.2 GB,5.2
Unicycler,KP_NORM_URN_57455,55m 40s,3340,55.66666666666666,5.2 GB,5.2
Unicycler,KP_NORM_URN_58012,17m 28s,1048,17.466666666666665,4.8 GB,4.8
Unicycler,KP_NORM_URN_58233,51m 24s,3084,51.4,5.2 GB,5.2
Unicycler,KP_NORM_URN_58394,44m 44s,2684,44.73333333333333,5.2 GB,5.2
Unicycler,KP_NORM_URN_57409,1h 31m 12s,5472,91.2,6.1 GB,6.1
Unicycler,NK_H10_003,25m 24s,1524,25.4,5 GB,5
Unicycler,KP_NORM_URN_58342,39m 11s,2351,39.18333333333333,5 GB,5
Unicycler,NK_H12_028,15m 6s,906,15.1,3.9 GB,3.9
Unicycler,KP_NORM_URN_58251,53m 23s,3203,53.38333333333333,5.1 GB,5.1
Unicycler,KP_NORM_URN_58261,45m 21s,2721,45.35,5.2 GB,5.2
Unicycler,NK_H12_034,13m 56s,836,13.933333333333334,4 GB,4
Unicycler,NK_H12_035,13m 46s,826,13.766666666666667,3.6 GB,3.6
Unicycler,NK_H12_018,42m 19s,2539,42.31666666666667,5.2 GB,5.2
Unicycler,NK_H12_023,39m 44s,2384,39.73333333333333,5.2 GB,5.2
Unicycler,NK_H12_038,28m 3s,1683,28.05,4.8 GB,4.8
Unicycler,NK_H12_063,20m 29s,1229,20.48333333333333,5 GB,5
Unicycler,NK_H12_053,40m 31s,2431,40.516666666666666,5.2 GB,5.2
Unicycler,NK_H12_057,37m 12s,2232,37.2,5 GB,5
Unicycler,NK_H12_100,29m 34s,1774,29.566666666666663,5.2 GB,5.2
Unicycler,NK_H12_041,52m 55s,3175,52.91666666666666,5.2 GB,5.2
Unicycler,NK_H12_048,40m 19s,2419,40.31666666666667,5.2 GB,5.2
Unicycler,NK_H18_026,18m 55s,1135,18.916666666666668,4.4 GB,4.4
Unicycler,NK_H12_086,45m 51s,2751,45.85,5.2 GB,5.2
Unicycler,NK_H13_003,34m 32s,2072,34.53333333333333,5.2 GB,5.2
Unicycler,NK_H14_037,35m 5s,2105,35.083333333333336,5 GB,5
Unicycler,NK_H14_001,57m 10s,3430,57.16666666666666,5.2 GB,5.2
Unicycler,NK_H14_042,35m 56s,2156,35.93333333333333,5 GB,5
Unicycler,NK_H18_072,42m 32s,2552,42.53333333333333,5 GB,5
Unicycler,NK_H14_057,31m 13s,1873,31.216666666666665,5 GB,5
Unicycler,NK_H14_050,34m 59s,2099,34.983333333333334,5 GB,5
Unicycler,NK_H15_001,28m 37s,1717,28.616666666666667,4.9 GB,4.9
Unicycler,NK_H14_063,36m 1s,2161,36.016666666666666,5 GB,5
Unicycler,NK_H14_015,1h 38m 37s,5917,98.61666666666666,5.8 GB,5.8
Unicycler,NK_H15_002,31m 34s,1894,31.566666666666663,4.7 GB,4.7
Unicycler,NK_H14_033,1h 53m,6780,113,7.3 GB,7.3
Unicycler,NK_H15_014,32m 37s,1957,32.61666666666667,4.7 GB,4.7
Unicycler,NK_H15_021,32m 47s,1967,32.78333333333333,5.1 GB,5.1
Unicycler,NK_H14_010,2h 12m 23s,7943,132.38333333333333,6.8 GB,6.8
Unicycler,NK_H15_022,40m 37s,2437,40.61666666666667,5 GB,5
Unicycler,NK_H15_042,39m 53s,2393,39.88333333333333,5 GB,5
Unicycler,NK_H15_048,38m 6s,2286,38.1,5.1 GB,5.1
Unicycler,NK_H15_056,39m 1s,2341,39.016666666666666,5.1 GB,5.1
Unicycler,NK_H16_016,37m 56s,2276,37.93333333333333,5 GB,5
Unicycler,NK_H16_023,44m 34s,2674,44.56666666666667,5 GB,5
Unicycler,NK_H17_023,43m 23s,2603,43.38333333333333,5 GB,5
Unicycler,NK_H16_005,1h 21m 41s,4901,81.68333333333334,5.1 GB,5.1
Unicycler,NK_H17_002,48m 37s,2917,48.61666666666667,5 GB,5
Unicycler,NK_H16_012,1h 21m 21s,4881,81.35,5.1 GB,5.1
Unicycler,NK_H16_021,1h 10m 14s,4214,70.23333333333333,5.1 GB,5.1
Unicycler,NK_H18_019,27m 14s,1634,27.23333333333333,5 GB,5
Unicycler,NK_H18_038,23m 12s,1392,23.2,4.9 GB,4.9
Unicycler,NK_H17_034,1h 5m 43s,3943,65.71666666666667,5.2 GB,5.2
Unicycler,NK_H18_054,25m 32s,1532,25.53333333333333,5 GB,5
Unicycler,NK_H17_018,42m 23s,2543,42.38333333333333,5 GB,5
Unicycler,NK_H17_042,1h 1m 2s,3662,61.03333333333333,5.1 GB,5.1
Unicycler,NK_H18_050,20m 26s,1226,20.433333333333334,4.7 GB,4.7
Unicycler,NK_H18_003,53m 31s,3211,53.516666666666666,5.2 GB,5.2
Unicycler,NK_H18_073,22m 48s,1368,22.8,3.6 GB,3.6
Unicycler,NK_H18_074,30m 4s,1804,30.066666666666663,4.8 GB,4.8
Unicycler,NK_H1_012,21m 33s,1293,21.55,4.6 GB,4.6
Unicycler,NK_H18_005,1h 11m 9s,4269,71.15,5 GB,5
Unicycler,NK_H1_002,25m 25s,1525,25.416666666666668,5 GB,5
Unicycler,NK_H1_037,24m 56s,1496,24.933333333333334,4.2 GB,4.2
Unicycler,NK_H1_001,31m 35s,1895,31.58333333333333,5.2 GB,5.2
Unicycler,NK_H1_084,34m 9s,2049,34.15,5 GB,5
Unicycler,NK_H1_109,37m 41s,2261,37.68333333333333,5 GB,5
Unicycler,NK_H1_050,46m 26s,2786,46.43333333333333,5.1 GB,5.1
Unicycler,NK_H1_044,49m 2s,2942,49.03333333333333,5 GB,5
Unicycler,NK_H1_098,56m 59s,3419,56.98333333333333,5 GB,5
Unicycler,NK_H1_041,1h 9m 29s,4169,69.48333333333333,5 GB,5
Unicycler,NK_H1_111,37m 22s,2242,37.36666666666667,5 GB,5
Unicycler,NK_H21_005,45m 30s,2730,45.5,5 GB,5
Unicycler,NK_H19_015,2h 7m 30s,7650,127.5,6.3 GB,6.3
Unicycler,NK_H21_014,42m 33s,2553,42.55,5 GB,5
Unicycler,NK_H20_015,44m 36s,2676,44.6,5 GB,5
Unicycler,NK_H1_091,1h 19m 11s,4751,79.18333333333334,5.1 GB,5.1
Unicycler,NK_H19_011,2h 23m 36s,8616,143.6,7.2 GB,7.2
Unicycler,NK_H21_015,45m 58s,2758,45.96666666666667,5 GB,5
Unicycler,NK_H21_029,39m 51s,2391,39.85,5 GB,5
Unicycler,NK_H21_023,50m 21s,3021,50.35,5.1 GB,5.1
Unicycler,NK_H21_010,44m 56s,2696,44.93333333333333,5.1 GB,5.1
Unicycler,NK_H21_036,39m 58s,2398,39.96666666666667,5 GB,5
Unicycler,NK_H21_056A,28m 18s,1698,28.3,4.8 GB,4.8
Unicycler,NK_H21_050,40m 42s,2442,40.7,5 GB,5
Unicycler,NK_H21_076,19m 33s,1173,19.55,4.1 GB,4.1
Unicycler,NK_H21_037,50m 41s,3041,50.68333333333333,5.1 GB,5.1
Unicycler,NK_H20_010,2h 3m 2s,7382,123.03333333333332,6.2 GB,6.2
Unicycler,NK_H21_078,35m 38s,2138,35.63333333333333,5 GB,5
Unicycler,NK_H21_067,40m 7s,2407,40.11666666666667,5 GB,5
Unicycler,NK_H21_080,55m 28s,3328,55.46666666666667,5 GB,5
Unicycler,NK_H22_015,48m 14s,2894,48.23333333333333,5 GB,5
Unicycler,NK_H22_013,54m 21s,3261,54.35,5 GB,5
Unicycler,NK_H22_060,33m 37s,2017,33.61666666666667,5 GB,5
Unicycler,NK_H22_053,39m 23s,2363,39.38333333333333,5 GB,5
Unicycler,NK_H22_009,1h 13m 9s,4389,73.15,5.2 GB,5.2
Unicycler,NK_H22_045,38m 4s,2284,38.06666666666667,5 GB,5
Unicycler,NK_H22_018,1h 15m 16s,4516,75.26666666666667,5.1 GB,5.1
Unicycler,NK_H22_075,39m 44s,2384,39.73333333333333,5 GB,5
Unicycler,NK_H22_070,37m 45s,2265,37.75,5.2 GB,5.2
Unicycler,NK_H22_076,36m 21s,2181,36.35,5.1 GB,5.1
Unicycler,NK_H23_002,41m 32s,2492,41.53333333333333,5.2 GB,5.2
Unicycler,NK_H22_027,1h 37m 9s,5829,97.15,5.2 GB,5.2
Unicycler,NK_H23_005,40m 11s,2411,40.18333333333333,5.2 GB,5.2
Unicycler,NK_H23_007,32m 31s,1951,32.516666666666666,5.2 GB,5.2
Unicycler,NK_H23_006,34m 47s,2087,34.78333333333333,5 GB,5
Unicycler,NK_H23_014,25m 59s,1559,25.98333333333333,5.1 GB,5.1
Unicycler,NK_H23_027,51m 57s,3117,51.95,5.2 GB,5.2
Unicycler,NK_H23_049,44m 26s,2666,44.43333333333333,5 GB,5
Unicycler,NK_H24_010,36m 5s,2165,36.083333333333336,5 GB,5
Unicycler,NK_H4_002,39m 59s,2399,39.98333333333333,5 GB,5
Unicycler,NK_H23_041,43m 6s,2586,43.1,5 GB,5
Unicycler,NK_H23_045,58m 25s,3505,58.41666666666666,5.2 GB,5.2
Unicycler,NK_H3_001,31m 40s,1900,31.666666666666668,4.9 GB,4.9
Unicycler,NK_H2_007,45m 10s,2710,45.16666666666666,5 GB,5
Unicycler,NK_H29_003,1h 59s,3659,60.98333333333333,5 GB,5
Unicycler,NK_H3_009,33m 7s,1987,33.11666666666667,5 GB,5
Unicycler,NK_H2_020,1h 13m 47s,4427,73.78333333333333,5 GB,5
Unicycler,NK_H3_002,31m 43s,1903,31.716666666666665,4.9 GB,4.9
Unicycler,NK_H4_026,30m 29s,1829,30.48333333333333,5 GB,5
Unicycler,NK_H3_019,50m 23s,3023,50.38333333333333,5 GB,5
Unicycler,NK_H3_015,57m 53s,3473,57.88333333333333,5.1 GB,5.1
Unicycler,NK_H24_028,2h 36m 29s,9389,156.48333333333332,6.6 GB,6.6
Unicycler,NK_H28_005,2h 7m 25s,7645,127.41666666666669,7 GB,7
Unicycler,NK_H2_021,55m 21s,3321,55.35,5 GB,5
Unicycler,NK_H5_010,35m 59s,2159,35.983333333333334,5 GB,5
Unicycler,NK_H24_054,2h 31m 11s,9071,151.18333333333334,7.3 GB,7.3
Unicycler,NK_H5_016,32m 30s,1950,32.5,5.2 GB,5.2
Unicycler,NK_H5_014,26m 22s,1582,26.366666666666667,5.2 GB,5.2
Unicycler,NK_H5_031,35m 14s,2114,35.233333333333334,5.2 GB,5.2
Unicycler,NK_H24_044,3h 13m 4s,11584,193.06666666666663,9.2 GB,9.2
Unicycler,NK_H8_002,12m 34s,754,12.566666666666666,3.2 GB,3.2
Unicycler,NK_H7_005,40m 11s,2411,40.18333333333333,5.2 GB,5.2
Unicycler,NK_H4_006,51m 59s,3119,51.98333333333333,5.2 GB,5.2
Unicycler,NK_H8_022,25m 45s,1545,25.75,5.2 GB,5.2
Unicycler,NK_H8_008,27m 32s,1652,27.53333333333333,5.2 GB,5.2
Unicycler,NK_H8_011,40m 22s,2422,40.36666666666667,5.2 GB,5.2
Unicycler,NK_H8_044,42m 20s,2540,42.333333333333336,5.2 GB,5.2
Unicycler,NK_H8_045,41m 48s,2508,41.8,5.2 GB,5.2
Unicycler,NK_H8_070,41m 49s,2509,41.81666666666667,5.2 GB,5.2
Unicycler,NK_H8_052,42m 55s,2575,42.91666666666666,5.2 GB,5.2
Unicycler,NK_H8_057,40m 33s,2433,40.55,5.2 GB,5.2
Unicycler,NK_H8_077,39m 37s,2377,39.61666666666667,5.3 GB,5.3
Unicycler,NK_H8_060,43m 5s,2585,43.083333333333336,5.2 GB,5.2
Unicycler,NK_H7_010,1h 28m 11s,5291,88.18333333333334,5.5 GB,5.5
Unicycler,NK_H8_083,32m 33s,1953,32.55,5.2 GB,5.2
Unicycler,NK_H8_100,50m 21s,3021,50.35,5.2 GB,5.2
Unicycler,NK_H9_001,1h 1m 3s,3663,61.05,5.2 GB,5.2
Unicycler,NK_H9_003,48m 52s,2932,48.86666666666667,5.2 GB,5.2
Unicycler,T7-010,1h 3m 16s,3796,63.266666666666666,5.2 GB,5.2
Unicycler,T7-007,1h 8m 27s,4107,68.45,5.2 GB,5.2
Unicycler,T7-011,1h 5m 58s,3958,65.96666666666667,5.2 GB,5.2
Unicycler,NK_H8_121,1h 48m 16s,6496,108.26666666666668,6.8 GB,6.8
Unicycler,NK_H8_111,1h 51m 1s,6661,111.01666666666668,7 GB,7
Unicycler,T7-012,1h,3600,60,5.2 GB,5.2
Unicycler,T7-019,1h 2m 13s,3733,62.21666666666667,5.2 GB,5.2
Unicycler,NK_H8_118,2h 4m 32s,7472,124.53333333333332,6.1 GB,6.1
Unicycler,T7-034,58m 32s,3512,58.53333333333333,5.1 GB,5.1
Unicycler,T7-013,1h 7m 9s,4029,67.15,5.2 GB,5.2
Unicycler,T7-179,48m 38s,2918,48.63333333333333,5 GB,5
Unicycler,T7-036,1h 5m 49s,3949,65.81666666666666,5.2 GB,5.2
Unicycler,T7-180,1h 4m 24s,3864,64.4,5.1 GB,5.1
Unicycler,T7-050,1h 32m 5s,5525,92.08333333333331,5.8 GB,5.8
Unicycler,T7-051,1h 24m 58s,5098,84.96666666666667,5.2 GB,5.2
Unicycler,T7-096,1h 23m 32s,5012,83.53333333333333,5.6 GB,5.6
Unicycler,T7-103,55m 58s,3358,55.96666666666667,5.1 GB,5.1
Unicycler,T7-105,57m 37s,3457,57.61666666666667,5.2 GB,5.2
Unicycler,T7-072,1h 51m 11s,6671,111.18333333333334,6.6 GB,6.6
Unicycler,T7-089,1h 27m 23s,5243,87.38333333333334,5.7 GB,5.7
Unicycler,T7-097,1h 39m 32s,5972,99.53333333333332,6.1 GB,6.1
Unicycler,T7-133,59m 54s,3594,59.9,5 GB,5
Unicycler,T7-085,1h 17m 44s,4664,77.73333333333333,5.2 GB,5.2
Unicycler,T7-153,1h 7m 39s,4059,67.65,5.2 GB,5.2
Unicycler,T7-141,1h 15m 54s,4554,75.9,5.2 GB,5.2
Unicycler,T7-158,1h 13m 3s,4383,73.05,5.2 GB,5.2
Unicycler,T7-160,1h 8m 27s,4107,68.45,5.2 GB,5.2
Unicycler,T7-165,1h 7m 16s,4036,67.26666666666667,5.1 GB,5.1
Unicycler,T7-185,1h 7m 10s,4030,67.16666666666667,5 GB,5
Unicycler,T7-296,1h 23m 51s,5031,83.85,4.9 GB,4.9
Unicycler,T7-189,1h 5m 7s,3907,65.11666666666666,4.6 GB,4.6
Unicycler,T7-200,1h 15m 25s,4525,75.41666666666667,4.9 GB,4.9
Unicycler,T7-211,1h 14m 42s,4482,74.7,4.7 GB,4.7
Unicycler,T7-209,1h 27m 5s,5225,87.08333333333333,5.8 GB,5.8
Unicycler,T7-225,1h 39m 37s,5977,99.61666666666666,5.3 GB,5.3
Unicycler,T7-242,1h 26m 48s,5208,86.8,5.2 GB,5.2
Unicycler,T7-234,1h 41m 59s,6119,101.98333333333332,5.2 GB,5.2
Unicycler,T7-262,1h 16m 49s,4609,76.81666666666666,5.2 GB,5.2
Unicycler,T7-267,1h 18m 42s,4722,78.7,5.2 GB,5.2
Unicycler,T7-273,1h 9m 46s,4186,69.76666666666667,5.1 GB,5.1
Unicycler,T7-264,1h 37m 33s,5853,97.55,5.6 GB,5.6
Unicycler,T7-290,1h 10m 24s,4224,70.4,5.1 GB,5.1
Unicycler,T7-289,1h 7m 48s,4068,67.8,5.1 GB,5.1
Unicycler,T7-311,1h 23m 23s,5003,83.38333333333334,5.6 GB,5.6
Unicycler,T7-286,1h 26m,5160,86,5.8 GB,5.8
Unicycler,T7-365,57m 20s,3440,57.333333333333336,5.1 GB,5.1
Unicycler,T7-326,1h 21m 24s,4884,81.4,5.3 GB,5.3
Unicycler,T7-333,1h 14m 42s,4482,74.7,5.2 GB,5.2
Unicycler,T7-398,1h 3m 30s,3810,63.5,5.2 GB,5.2
Unicycler,T7-349,1h 2m 49s,3769,62.81666666666667,5 GB,5
Unicycler,T7-378,1h 21m 57s,4917,81.95,5.3 GB,5.3
Unicycler,T7-410,1h 9m 3s,4143,69.05,5.2 GB,5.2
Unicycler,T7-425,1h 8m 43s,4123,68.71666666666667,5.1 GB,5.1
Unicycler,T7-402,1h 54m 35s,6875,114.58333333333331,6.3 GB,6.3
Unicycler,T7-439,1h 26m 51s,5211,86.85,5.2 GB,5.2
Unicycler,T7-442,1h 28m 36s,5316,88.6,5.2 GB,5.2
Unicycler,T7-472,43m 18s,2598,43.3,5.2 GB,5.2
Unicycler,T7-393,2h 30m 8s,9008,150.13333333333333,7.4 GB,7.4
Unicycler,T7-457,1h 13m 55s,4435,73.91666666666667,5.2 GB,5.2
Unicycler,T7-482,52m 10s,3130,52.16666666666666,5.2 GB,5.2
Unicycler,T7-488,42m 54s,2574,42.9,5.2 GB,5.2
Unicycler,T7-493,1h 4m 15s,3855,64.25,5.1 GB,5.1
Unicycler,T7-394,3h 18m 34s,11914,198.56666666666663,9.1 GB,9.1
Unicycler,T7-414,3h 12m 47s,11567,192.78333333333333,8.1 GB,8.1
PLASMe,2018-01-2782,7m 42s,462,7.7,4 GB,4
PLASMe,2018-01-880,7m 45s,465,7.75,4 GB,4
PLASMe,2018-01-2734,6m 46s,406,6.766666666666667,9.6 GB,9.6
PLASMe,KGVET-2019-01-792,6m 21s,381,6.35,4.6 GB,4.6
PLASMe,2018-01-710,5m 49s,349,5.816666666666666,4.4 GB,4.4
PLASMe,2018-01-2730,7m 20s,440,7.333333333333333,9.6 GB,9.6
PLASMe,KGVET-2020-01-3515,5m 48s,348,5.8,4.3 GB,4.3
PLASMe,KGMAR-2019-1417-2,5m 39s,339,5.65,4.2 GB,4.2
PLASMe,KGVET-2019-01-2264,5m 28s,328,5.466666666666667,4 GB,4
PLASMe,KGMAR-2019-604,5m 42s,342,5.7,4.1 GB,4.1
PLASMe,2018-01-3094,6m 3s,363,6.05,4.1 GB,4.1
PLASMe,2018-01-3723,6m 20s,380,6.333333333333333,4.3 GB,4.3
PLASMe,2018-01-707,6m 55s,415,6.916666666666667,5.3 GB,5.3
PLASMe,2018-01-4639,6m 59s,419,6.983333333333333,4.7 GB,4.7
PLASMe,KGMAR-2016-1178,7m 1s,421,7.016666666666667,4.4 GB,4.4
PLASMe,KGVET-2020-01-3775-3,5m 25s,325,5.416666666666667,4 GB,4
PLASMe,KGVET-2018-04-44577,5m 26s,326,5.433333333333334,4 GB,4
PLASMe,KGMAR-2020-428,6m 19s,379,6.316666666666666,4.5 GB,4.5
PLASMe,2018-01-714,6m 28s,388,6.466666666666667,4.9 GB,4.9
PLASMe,KGMAR-2019-1459,6m 47s,407,6.783333333333333,4.5 GB,4.5
PLASMe,2018-01-2353,7m 3s,423,7.05,9.6 GB,9.6
PLASMe,KGVET-2019-01-3619,6m 46s,406,6.766666666666667,4.5 GB,4.5
PLASMe,2018-01-3465,5m 54s,354,5.9,4.3 GB,4.3
PLASMe,KGVET-2020-01-1661,6m 46s,406,6.766666666666667,4.6 GB,4.6
PLASMe,KGVET-2020-01-2677-1,5m 38s,338,5.633333333333334,4.1 GB,4.1
PLASMe,2018-01-389,6m 18s,378,6.3,8.7 GB,8.7
PLASMe,2018-01-2485,6m 5s,365,6.083333333333333,4.4 GB,4.4
PLASMe,KGMAR-2019-1792,6m 39s,399,6.65,4.5 GB,4.5
PLASMe,2018-01-2085,6m 36s,396,6.6,9.6 GB,9.6
PLASMe,KGVETS-2019-01-1761,5m 52s,352,5.866666666666666,4.3 GB,4.3
PLASMe,2018-01-2860,5m 35s,335,5.583333333333333,4 GB,4
PLASMe,KGVET-2020-01-126,5m 23s,323,5.383333333333334,4 GB,4
PLASMe,2018-01-4107,5m 50s,350,5.833333333333333,4.1 GB,4.1
PLASMe,KGVETS-2019-01-1961,6m 10s,370,6.166666666666667,4.4 GB,4.4
PLASMe,KGMAR-2019-1497,6m 40s,400,6.666666666666667,4.4 GB,4.4
PLASMe,KGVET-2020-01-2959-1,5m 21s,321,5.35,4.1 GB,4.1
PLASMe,KGVETS-2019-01-2303,5m 56s,356,5.933333333333334,4.3 GB,4.3
PLASMe,KGMAR-2019-400-2,5m 56s,356,5.933333333333334,4.4 GB,4.4
PLASMe,KGMAR-2016-733,6m 48s,408,6.8,6.1 GB,6.1
PLASMe,KGVET-2020-01-2846-1,5m 22s,322,5.366666666666666,4.1 GB,4.1
PLASMe,KGMAR-2016-1397,6m 30s,390,6.5,4.8 GB,4.8
PLASMe,2018-01-2640,6m 48s,408,6.8,4.5 GB,4.5
PLASMe,KGVETS-2019-01-326,5m 45s,345,5.75,4.2 GB,4.2
PLASMe,KGMAR-2020-440,5m 29s,329,5.483333333333333,4.3 GB,4.3
PLASMe,KGVET-2020-01-2067-1,6m 10s,370,6.166666666666667,9.6 GB,9.6
PLASMe,KGMAR-2019-1764,5m 30s,330,5.5,4.2 GB,4.2
PLASMe,KGVET-2018-01-3794,5m 26s,326,5.433333333333334,4 GB,4
PLASMe,2018-01-711,5m 39s,339,5.65,4 GB,4
PLASMe,KGVETS-2019-01-4848,6m,360,6,4.4 GB,4.4
PLASMe,KGVETS-2019-01-4380,5m 41s,341,5.683333333333334,4.3 GB,4.3
PLASMe,KGVETS-2019-01-476,4m 49s,289,4.816666666666666,4.1 GB,4.1
PLASMe,KGVETS-2019-01-4548,6m 7s,367,6.116666666666666,4.4 GB,4.4
PLASMe,KGVETS-2019-01-3793,5m 27s,327,5.45,4.3 GB,4.3
PLASMe,KGVETS-2019-01-3158,5m 30s,330,5.5,4.1 GB,4.1
PLASMe,KGVETS-2019-01-3187,5m 45s,345,5.75,4.2 GB,4.2
PLASMe,KGVET-2020-01-4188-1,5m 28s,328,5.466666666666667,4 GB,4
PLASMe,KGVETS-2019-01-376,5m 48s,348,5.8,4.3 GB,4.3
PLASMe,KGVETS-2019-01-2870,6m 7s,367,6.116666666666666,4.4 GB,4.4
PLASMe,KGVETS-2019-01-2201,5m 12s,312,5.2,4 GB,4
PLASMe,KGVETS-2019-01-1844,5m 32s,332,5.533333333333333,4.3 GB,4.3
PLASMe,KGVETS-2019-01-2871,6m 10s,370,6.166666666666667,4.1 GB,4.1
PLASMe,KGVETS-2019-01-4637,6m 23s,383,6.383333333333334,4.3 GB,4.3
PLASMe,KGVETS-2019-01-1378,6m 5s,365,6.083333333333333,4.3 GB,4.3
PLASMe,KGVETS-2019-01-4639,5m 53s,353,5.883333333333334,4.2 GB,4.2
PLASMe,KGVET-2020-04-18146,6m 39s,399,6.65,4.6 GB,4.6
PLASMe,KGVETS-2019-01-2116,6m 22s,382,6.366666666666666,4.5 GB,4.5
PLASMe,2018-01-1001,6m 17s,377,6.283333333333333,4.4 GB,4.4
PLASMe,KGVET-2020-01-236-2,5m 37s,337,5.616666666666666,4.1 GB,4.1
PLASMe,KGVETS-2019-01-1759,5m 32s,332,5.533333333333333,4.3 GB,4.3
PLASMe,KGVETS-2019-01-3185,6m 3s,363,6.05,4.4 GB,4.4
PLASMe,KGVETS-2019-01-3162,6m 3s,363,6.05,4.3 GB,4.3
PLASMe,KGVETS-2019-01-4407,5m 48s,348,5.8,6 GB,6
PLASMe,KGVETS-2019-01-1760,5m 59s,359,5.983333333333333,4.3 GB,4.3
PLASMe,KGVETS-2019-01-1382,5m 41s,341,5.683333333333334,4.3 GB,4.3
PLASMe,KGVETS-2019-01-3127,6m 9s,369,6.15,4.3 GB,4.3
PLASMe,KGVET-2020-01-468-1,6m 48s,408,6.8,4.4 GB,4.4
PLASMe,KGVETS-2019-01-4118,5m 36s,336,5.6,4.2 GB,4.2
PLASMe,KGVETS-2019-01-1380,6m 1s,361,6.016666666666667,4.4 GB,4.4
PLASMe,KGVET-2020-01-4249-1,5m 37s,337,5.616666666666666,4.1 GB,4.1
PLASMe,KGVETS-2019-01-1806,5m 35s,335,5.583333333333333,4.4 GB,4.4
PLASMe,KGVET-2020-01-3513-1,5m 15s,315,5.25,4 GB,4
PLASMe,KGVETS-2019-01-1336,6m 25s,385,6.416666666666667,4.3 GB,4.3
PLASMe,KGVET-2020-01-2496-3,6m 22s,382,6.366666666666666,4.2 GB,4.2
PLASMe,KGVET-2020-01-4327,5m 8s,308,5.133333333333334,4 GB,4
PLASMe,KGMAR-2016-1396,6m 11s,371,6.183333333333334,4.4 GB,4.4
PLASMe,KGMAR-2019-2186,4m 54s,294,4.9,4 GB,4
PLASMe,KGVET-2020-01-2318-1,5m 27s,327,5.45,4.2 GB,4.2
PLASMe,2018-01-1584,5m 27s,327,5.45,4.1 GB,4.1
PLASMe,KGVET-2020-01-202-1,5m 54s,354,5.9,6.6 GB,6.6
PLASMe,KGVET-2020-01-2800-1,5m 49s,349,5.816666666666666,4.1 GB,4.1
PLASMe,KGMAR-2016-319,6m 3s,363,6.05,4.4 GB,4.4
PLASMe,KGMAR-2016-1076,7m,420,7,4.5 GB,4.5
PLASMe,KGVET-2020-01-3721-3,5m 48s,348,5.8,4.3 GB,4.3
PLASMe,KGVET-2019-01-3472-4,5m 24s,324,5.4,4 GB,4
PLASMe,KGMAR-2016-563,5m 48s,348,5.8,4.3 GB,4.3
PLASMe,2018-01-4203,5m 17s,317,5.283333333333333,4 GB,4
PLASMe,KGVET-2020-01-2328-1,5m 28s,328,5.466666666666667,4.1 GB,4.1
PLASMe,2018-01-778,6m 8s,368,6.133333333333334,4.2 GB,4.2
PLASMe,KGVET-2020-01-2158-1,5m 52s,352,5.866666666666666,4.4 GB,4.4
PLASMe,KGVET-2020-01-3043-2,5m 31s,331,5.516666666666667,4 GB,4
PLASMe,2018-01-4735,5m 57s,357,5.95,4.1 GB,4.1
PLASMe,KGVET-2020-01-3421-1,6m 15s,375,6.25,4.3 GB,4.3
PLASMe,2018-01-1024,5m 39s,339,5.65,4.2 GB,4.2
PLASMe,KGVET-2020-01-3514,5m 27s,327,5.45,4.1 GB,4.1
PLASMe,KGMAR-2016-1400,6m 1s,361,6.016666666666667,4.2 GB,4.2
PLASMe,KGVETS-2019-01-4908,5m 52s,352,5.866666666666666,4.1 GB,4.1
PLASMe,KGVET-2020-01-2209-1,6m 55s,415,6.916666666666667,4.4 GB,4.4
PLASMe,KP_NORM_BLD_2006_37102,6m 26s,386,6.433333333333334,4.4 GB,4.4
PLASMe,KP_NORM_BLD_115351,6m 35s,395,6.583333333333333,4.5 GB,4.5
PLASMe,KGVETS-2019-01-604,5m 58s,358,5.966666666666667,4 GB,4
PLASMe,KP_NORM_BLD_2007_46696,6m 46s,406,6.766666666666667,4.4 GB,4.4
PLASMe,KGMAR-2019-1766,6m 51s,411,6.85,7.3 GB,7.3
PLASMe,KGMAR-2016-1200,6m 50s,410,6.833333333333333,4.5 GB,4.5
PLASMe,KP_NORM_BLD_13375,6m 35s,395,6.583333333333333,4.5 GB,4.5
PLASMe,KP_NORM_BLD_115706,6m 17s,377,6.283333333333333,4.5 GB,4.5
PLASMe,KP_NORM_BLD_110772,6m 1s,361,6.016666666666667,4.3 GB,4.3
PLASMe,KP_NORM_BLD_112911,6m 23s,383,6.383333333333334,4.9 GB,4.9
PLASMe,KP_NORM_BLD_14222,6m 2s,362,6.033333333333333,4.2 GB,4.2
PLASMe,KP_NORM_BLD_114473,7m 11s,431,7.183333333333334,4.8 GB,4.8
PLASMe,KGVETS-2019-01-5108,6m 7s,367,6.116666666666666,4.2 GB,4.2
PLASMe,KP_NORM_BLD_2006_36504,6m 37s,397,6.616666666666666,4.9 GB,4.9
PLASMe,KP_NORM_BLD_115332,5m 14s,314,5.233333333333333,4 GB,4
PLASMe,KGMAR-2019-1434,6m 36s,396,6.6,4.5 GB,4.5
PLASMe,KP_NORM_BLD_2008_55153,7m 27s,447,7.45,5.4 GB,5.4
PLASMe,KP_NORM_BLD_2007_48102,6m 55s,415,6.916666666666667,4.5 GB,4.5
PLASMe,KP_NORM_BLD_112904,6m 30s,390,6.5,4.5 GB,4.5
PLASMe,KP_NORM_BLD_2009_61298,6m 29s,389,6.483333333333333,4.4 GB,4.4
PLASMe,KP_NORM_BLD_1347,5m 48s,348,5.8,4.2 GB,4.2
PLASMe,KP_NORM_BLD_13880,6m 25s,385,6.416666666666667,4.6 GB,4.6
PLASMe,2018-01-1439,6m 5s,365,6.083333333333333,4.3 GB,4.3
PLASMe,KP_NORM_BLD_2008_54367,6m 49s,409,6.816666666666666,4.5 GB,4.5
PLASMe,2018-01-3218,4m 58s,298,4.966666666666667,4.1 GB,4.1
PLASMe,KP_NORM_BLD_116566,6m 49s,409,6.816666666666666,4.4 GB,4.4
PLASMe,KP_NORM_BLD_2005_1167,6m 22s,382,6.366666666666666,4.7 GB,4.7
PLASMe,KP_NORM_BLD_1883,6m 50s,410,6.833333333333333,5.3 GB,5.3
PLASMe,KGVETS-2019-01-587,6m 17s,377,6.283333333333333,4.3 GB,4.3
PLASMe,KP_NORM_BLD_14164,5m 49s,349,5.816666666666666,4.1 GB,4.1
PLASMe,KP_NORM_BLD_14177,6m 1s,361,6.016666666666667,4.2 GB,4.2
PLASMe,KP_NORM_BLD_13129,6m 28s,388,6.466666666666667,4.4 GB,4.4
PLASMe,KP_NORM_BLD_2008_54823,6m 55s,415,6.916666666666667,4.7 GB,4.7
PLASMe,KP_NORM_BLD_2013_88977,6m 6s,366,6.1,4.4 GB,4.4
PLASMe,KP_NORM_BLD_112603,6m 15s,375,6.25,4.4 GB,4.4
PLASMe,KP_NORM_BLD_2011_75461,7m 1s,421,7.016666666666667,4.7 GB,4.7
PLASMe,KP_NORM_BLD_113315,6m 36s,396,6.6,4.4 GB,4.4
PLASMe,KP_NORM_BLD_2012_85054,7m 38s,458,7.633333333333334,9.7 GB,9.7
PLASMe,KP_NORM_BLD_112925,5m 27s,327,5.45,4.2 GB,4.2
PLASMe,KP_NORM_BLD_13383,5m 45s,345,5.75,4.1 GB,4.1
PLASMe,KP_NORM_BLD_1692,6m 8s,368,6.133333333333334,4.2 GB,4.2
PLASMe,KP_NORM_BLD_13379,6m 3s,363,6.05,4.5 GB,4.5
PLASMe,KP_NORM_BLD_113888,6m 9s,369,6.15,4.3 GB,4.3
PLASMe,KGVET-2020-01-2661,5m 55s,355,5.916666666666667,4.3 GB,4.3
PLASMe,KP_NORM_BLD_114603,5m 56s,356,5.933333333333334,4.2 GB,4.2
PLASMe,KP_NORM_BLD_12850,5m 4s,304,5.066666666666666,4.1 GB,4.1
PLASMe,KP_NORM_BLD_13127,6m 16s,376,6.266666666666667,4.5 GB,4.5
PLASMe,KP_NORM_BLD_114482,5m 38s,338,5.633333333333334,4.1 GB,4.1
PLASMe,KGVETS-2019-01-902,6m 7s,367,6.116666666666666,4.3 GB,4.3
PLASMe,KP_NORM_BLD_13748,6m 17s,377,6.283333333333333,9.3 GB,9.3
PLASMe,KP_NORM_BLD_1339,5m 15s,315,5.25,4.2 GB,4.2
PLASMe,KP_NORM_BLD_14179,6m 26s,386,6.433333333333334,4.4 GB,4.4
PLASMe,KGVETS-2019-01-4937,6m 44s,404,6.733333333333333,4.4 GB,4.4
PLASMe,KP_NORM_BLD_13534,5m 51s,351,5.85,4.4 GB,4.4
PLASMe,KGMAR-2016-1198,6m 28s,388,6.466666666666667,4.3 GB,4.3
PLASMe,KP_NORM_BLD_13889,6m 24s,384,6.4,4.3 GB,4.3
PLASMe,KP_NORM_BLD_13757,5m 35s,335,5.583333333333333,4.1 GB,4.1
PLASMe,KP_NORM_BLD_2014_100833,7m 46s,466,7.766666666666667,9.6 GB,9.6
PLASMe,KP_NORM_BLD_2007_48114,5m 30s,330,5.5,4.2 GB,4.2
PLASMe,KP_NORM_BLD_113321,6m 24s,384,6.4,7.9 GB,7.9
PLASMe,KP_NORM_BLD_12934,6m 9s,369,6.15,4.3 GB,4.3
PLASMe,KP_NORM_BLD_112908,5m 57s,357,5.95,4.3 GB,4.3
PLASMe,KP_NORM_BLD_13380,7m 58s,478,7.966666666666667,4.7 GB,4.7
PLASMe,KP_NORM_BLD_113768,6m 39s,399,6.65,4.7 GB,4.7
PLASMe,KP_NORM_BLD_116570,5m 14s,314,5.233333333333333,4 GB,4
PLASMe,KP_NORM_BLD_112590,6m 37s,397,6.616666666666666,4.4 GB,4.4
PLASMe,KP_NORM_BLD_13123,5m 23s,323,5.383333333333334,4 GB,4
PLASMe,KP_NORM_BLD_1348,5m 47s,347,5.783333333333333,4.2 GB,4.2
PLASMe,KP_NORM_BLD_60562,6m 15s,375,6.25,4.4 GB,4.4
PLASMe,KP_NORM_BLD_111588,6m 33s,393,6.55,4.4 GB,4.4
PLASMe,KP_NORM_BLD_114453,5m 47s,347,5.783333333333333,4.3 GB,4.3
PLASMe,KP_NORM_BLD_111598,6m 12s,372,6.2,4.5 GB,4.5
PLASMe,KP_NORM_BLD_2254,6m 35s,395,6.583333333333333,4.3 GB,4.3
PLASMe,KP_NORM_BLD_62914,6m 24s,384,6.4,4.4 GB,4.4
PLASMe,KP_NORM_BLD_13886,5m 49s,349,5.816666666666666,4.4 GB,4.4
PLASMe,KP_NORM_BLD_112596,6m 14s,374,6.233333333333333,4.5 GB,4.5
PLASMe,KP_NORM_BLD_116392,5m 42s,342,5.7,4.1 GB,4.1
PLASMe,KP_NORM_BLD_61894,6m 50s,410,6.833333333333333,4.5 GB,4.5
PLASMe,KP_NORM_BLD_63395,6m 39s,399,6.65,4.4 GB,4.4
PLASMe,KP_NORM_BLD_117477,5m 50s,350,5.833333333333333,4.2 GB,4.2
PLASMe,KP_NORM_BLD_62920,5m 48s,348,5.8,5.3 GB,5.3
PLASMe,KP_NORM_BLD_62504,6m 22s,382,6.366666666666666,4.4 GB,4.4
PLASMe,KGVETS-2019-01-901,6m 8s,368,6.133333333333334,4.2 GB,4.2
PLASMe,KP_NORM_BLD_112922,6m 46s,406,6.766666666666667,4.7 GB,4.7
PLASMe,KP_NORM_BLD_61273,6m 41s,401,6.683333333333334,4.6 GB,4.6
PLASMe,KP_NORM_BLD_13377,5m 57s,357,5.95,4 GB,4
PLASMe,KP_NORM_BLD_60429,8m 25s,505,8.416666666666666,8.1 GB,8.1
PLASMe,KP_NORM_BLD_116239,5m 9s,309,5.15,4 GB,4
PLASMe,KP_NORM_BLD_62934,5m 34s,334,5.566666666666666,4 GB,4
PLASMe,KP_NORM_BLD_63801,6m 28s,388,6.466666666666667,4.5 GB,4.5
PLASMe,KP_NORM_URN_109342,5m 47s,347,5.783333333333333,4.3 GB,4.3
PLASMe,KGVETS-2019-01-897,5m 18s,318,5.3,4.2 GB,4.2
PLASMe,KP_NORM_BLD_116241,5m 16s,316,5.266666666666667,4.6 GB,4.6
PLASMe,KP_NORM_BLD_62512,5m 58s,358,5.966666666666667,4.3 GB,4.3
PLASMe,KP_NORM_BLD_60874,5m 29s,329,5.483333333333333,4.1 GB,4.1
PLASMe,KP_NORM_BLD_2247,5m 2s,302,5.033333333333333,4 GB,4
PLASMe,KP_NORM_BLD_13738,6m 26s,386,6.433333333333334,4.3 GB,4.3
PLASMe,KP_NORM_BLD_114458,7m 22s,442,7.366666666666666,4.6 GB,4.6
PLASMe,KP_NORM_BLD_61444,5m 38s,338,5.633333333333334,4.2 GB,4.2
PLASMe,KP_NORM_BLD_62649,5m 58s,358,5.966666666666667,4.2 GB,4.2
PLASMe,KP_NORM_BLD_62638,5m 43s,343,5.716666666666667,4.2 GB,4.2
PLASMe,KP_NORM_BLD_62912,5m 54s,354,5.9,4.3 GB,4.3
PLASMe,KP_NORM_BLD_2508,5m 34s,334,5.566666666666666,4.1 GB,4.1
PLASMe,KP_NORM_BLD_112916,5m 57s,357,5.95,9.6 GB,9.6
PLASMe,KP_NORM_URN_2012_81428,7m 43s,463,7.716666666666667,4.7 GB,4.7
PLASMe,KP_NORM_URN_2012_81416,7m 9s,429,7.15,4.5 GB,4.5
PLASMe,KP_NORM_BLD_114487,6m 39s,399,6.65,4.4 GB,4.4
PLASMe,KP_NORM_BLD_114309,6m 38s,398,6.633333333333334,4.3 GB,4.3
PLASMe,KP_NORM_BLD_62202,6m 55s,415,6.916666666666667,4.2 GB,4.2
PLASMe,KP_NORM_URN_106487,6m 58s,418,6.966666666666667,4.6 GB,4.6
PLASMe,KP_NORM_BLD_13372,7m 9s,429,7.15,4.8 GB,4.8
PLASMe,KP_NORM_BLD_60803,5m 23s,323,5.383333333333334,4 GB,4
PLASMe,KP_NORM_URN_113027,6m 3s,363,6.05,4.2 GB,4.2
PLASMe,KP_NORM_BLD_115796,6m 31s,391,6.516666666666667,4.4 GB,4.4
PLASMe,KP_NORM_BLD_61459,6m 9s,369,6.15,4.2 GB,4.2
PLASMe,KP_NORM_BLD_62922,6m 27s,387,6.45,4.3 GB,4.3
PLASMe,KP_NORM_BLD_115369,6m 23s,383,6.383333333333334,4.4 GB,4.4
PLASMe,KP_NORM_BLD_61439,5m 49s,349,5.816666666666666,4.6 GB,4.6
PLASMe,KP_NORM_BLD_13382,5m 51s,351,5.85,4.3 GB,4.3
PLASMe,KP_NORM_BLD_62164,5m 24s,324,5.4,4 GB,4
PLASMe,KP_NORM_BLD_116378,5m 28s,328,5.466666666666667,4 GB,4
PLASMe,KP_NORM_BLD_61886,6m 14s,374,6.233333333333333,4.1 GB,4.1
PLASMe,KP_NORM_BLD_63842,6m 13s,373,6.216666666666667,4.3 GB,4.3
PLASMe,KP_NORM_BLD_61295,6m 13s,373,6.216666666666667,4.4 GB,4.4
PLASMe,KP_NORM_BLD_62926,4m 52s,292,4.866666666666666,4 GB,4
PLASMe,KP_NORM_BLD_62486,5m 21s,321,5.35,4.2 GB,4.2
PLASMe,KP_NORM_BLD_1032,6m 14s,374,6.233333333333333,4.6 GB,4.6
PLASMe,KP_NORM_BLD_63839,6m 32s,392,6.533333333333333,4.5 GB,4.5
PLASMe,KP_NORM_URN_106847,6m 7s,367,6.116666666666666,4.5 GB,4.5
PLASMe,KP_NORM_URN_107976,6m 39s,399,6.65,4.5 GB,4.5
PLASMe,KP_NORM_BLD_60723,5m 27s,327,5.45,4.2 GB,4.2
PLASMe,KP_NORM_URN_114421,6m 16s,376,6.266666666666667,4.5 GB,4.5
PLASMe,KP_NORM_BLD_2497,6m 28s,388,6.466666666666667,4.3 GB,4.3
PLASMe,KP_NORM_URN_56534,5m 11s,311,5.183333333333334,4.1 GB,4.1
PLASMe,KP_NORM_BLD_70,5m 42s,342,5.7,4.3 GB,4.3
PLASMe,KP_NORM_BLD_63815,6m 6s,366,6.1,4.4 GB,4.4
PLASMe,KP_NORM_BLD_2015_108843,7m 3s,423,7.05,4.7 GB,4.7
PLASMe,KP_NORM_URN_2013_96200,6m 23s,383,6.383333333333334,4.4 GB,4.4
PLASMe,KP_NORM_BLD_60778,5m 47s,347,5.783333333333333,4.3 GB,4.3
PLASMe,KP_NORM_URN_2015_109238,5m 43s,343,5.716666666666667,4.2 GB,4.2
PLASMe,KP_NORM_BLD_2015_112126,8m 22s,502,8.366666666666667,9.8 GB,9.8
PLASMe,KP_NORM_BLD_225,5m 20s,320,5.333333333333333,4.1 GB,4.1
PLASMe,KP_NORM_BLD_2015_115359,7m 34s,454,7.566666666666666,4.5 GB,4.5
PLASMe,KP_NORM_BLD_231,6m 43s,403,6.716666666666667,4.4 GB,4.4
PLASMe,KP_NORM_BLD_2013_90851,6m 8s,368,6.133333333333334,7 GB,7
PLASMe,KP_NORM_URN_57225,6m 31s,391,6.516666666666667,4.4 GB,4.4
PLASMe,KP_NORM_BLD_2014_103381,7m 36s,456,7.6,9.7 GB,9.7
PLASMe,KP_NORM_BLD_2012_86962,6m 23s,383,6.383333333333334,4.5 GB,4.5
PLASMe,KP_NORM_BLD_2014_104014,7m 32s,452,7.533333333333333,6.4 GB,6.4
PLASMe,KP_NORM_URN_2014_99206,7m 19s,439,7.316666666666666,5.7 GB,5.7
PLASMe,KP_NORM_BLD_228,5m 42s,342,5.7,4 GB,4
PLASMe,KP_NORM_BLD_2014_100848,6m 30s,390,6.5,4.5 GB,4.5
PLASMe,KP_NORM_BLD_2395,5m 59s,359,5.983333333333333,4.3 GB,4.3
PLASMe,NK_H10_003,6m 3s,363,6.05,4.3 GB,4.3
PLASMe,KP_NORM_BLD_2014_101821,6m 13s,373,6.216666666666667,4.3 GB,4.3
PLASMe,KP_NORM_BLD_2014_96855,7m 12s,432,7.2,4.8 GB,4.8
PLASMe,KP_NORM_BLD_2799,5m 55s,355,5.916666666666667,4.3 GB,4.3
PLASMe,KP_NORM_URN_58251,5m 58s,358,5.966666666666667,4.3 GB,4.3
PLASMe,KP_NORM_BLD_3074,6m 9s,369,6.15,4.4 GB,4.4
PLASMe,KP_NORM_BLD_2014_104302,6m 19s,379,6.316666666666666,4.5 GB,4.5
PLASMe,KP_NORM_BLD_2013_92328,6m 49s,409,6.816666666666666,4.4 GB,4.4
PLASMe,KP_NORM_BLD_2015_111587,6m 49s,409,6.816666666666666,9.3 GB,9.3
PLASMe,KP_NORM_BLD_2013_91444,7m 36s,456,7.6,4.6 GB,4.6
PLASMe,KP_NORM_BLD_2010_70236,7m 4s,424,7.066666666666666,4.5 GB,4.5
PLASMe,KP_NORM_BLD_2012_85408,7m 35s,455,7.583333333333333,4.6 GB,4.6
PLASMe,KP_NORM_BLD_2013_91198,7m 14s,434,7.233333333333333,6 GB,6
PLASMe,KP_NORM_URN_57409,5m 38s,338,5.633333333333334,4.2 GB,4.2
PLASMe,KP_NORM_BLD_2014_101320,6m 24s,384,6.4,4.5 GB,4.5
PLASMe,KP_NORM_URN_57455,5m 49s,349,5.816666666666666,4.1 GB,4.1
PLASMe,KP_NORM_BLD_2012_86925,6m 2s,362,6.033333333333333,4.4 GB,4.4
PLASMe,NK_H12_028,6m 6s,366,6.1,4.2 GB,4.2
PLASMe,KP_NORM_BLD_2014_102946,7m 16s,436,7.266666666666667,4.6 GB,4.6
PLASMe,KP_NORM_URN_58012,6m 4s,364,6.066666666666666,4.4 GB,4.4
PLASMe,KP_NORM_BLD_2010_71621,6m 58s,418,6.966666666666667,4.5 GB,4.5
PLASMe,NK_H11_006,6m 33s,393,6.55,4.5 GB,4.5
PLASMe,KP_NORM_URN_57447,5m 46s,346,5.766666666666667,4.4 GB,4.4
PLASMe,KP_NORM_BLD_2009_62172,7m 42s,462,7.7,4.7 GB,4.7
PLASMe,KP_NORM_BLD_2011_74838,6m 19s,379,6.316666666666666,4.4 GB,4.4
PLASMe,KP_NORM_URN_2014_97411,5m 39s,339,5.65,4.2 GB,4.2
PLASMe,KP_NORM_URN_56668,6m 24s,384,6.4,4.2 GB,4.2
PLASMe,KP_NORM_BLD_2009_63475,7m 3s,423,7.05,4.6 GB,4.6
PLASMe,KP_NORM_URN_57023,6m 49s,409,6.816666666666666,4.7 GB,4.7
PLASMe,NK_H12_023,6m 14s,374,6.233333333333333,4.4 GB,4.4
PLASMe,KP_NORM_URN_57002,6m 7s,367,6.116666666666666,4.2 GB,4.2
PLASMe,KP_NORM_URN_2015_109056,6m 10s,370,6.166666666666667,4.3 GB,4.3
PLASMe,KP_NORM_URN_57042,6m 38s,398,6.633333333333334,4.4 GB,4.4
PLASMe,KP_NORM_URN_57695,5m 22s,322,5.366666666666666,4 GB,4
PLASMe,KP_NORM_URN_2014_101205,6m 56s,416,6.933333333333334,4.5 GB,4.5
PLASMe,NK_H12_018,5m 57s,357,5.95,4.1 GB,4.1
PLASMe,KP_NORM_URN_58261,5m 45s,345,5.75,4.4 GB,4.4
PLASMe,KP_NORM_BLD_2008_54824,6m 24s,384,6.4,4.5 GB,4.5
PLASMe,NK_H11_013,5m 47s,347,5.783333333333333,4.3 GB,4.3
PLASMe,KP_NORM_BLD_2011_75117,6m 43s,403,6.716666666666667,4.8 GB,4.8
PLASMe,KP_NORM_URN_58394,6m 48s,408,6.8,4.4 GB,4.4
PLASMe,NK_H12_038,5m 20s,320,5.333333333333333,4.3 GB,4.3
PLASMe,NK_H12_041,6m 34s,394,6.566666666666666,4.4 GB,4.4
PLASMe,KP_NORM_URN_2014_96612,7m 26s,446,7.433333333333334,7.4 GB,7.4
PLASMe,NK_H12_034,7m 8s,428,7.133333333333334,4.6 GB,4.6
PLASMe,KP_NORM_URN_57979,6m 19s,379,6.316666666666666,4.4 GB,4.4
PLASMe,KP_NORM_URN_2013_95788,7m 33s,453,7.55,9.7 GB,9.7
PLASMe,KP_NORM_BLD_2009_63807,5m 55s,355,5.916666666666667,4.7 GB,4.7
PLASMe,KP_NORM_BLD_2010_70364,6m 8s,368,6.133333333333334,4.4 GB,4.4
PLASMe,KP_NORM_BLD_2009_61895,6m 34s,394,6.566666666666666,4.6 GB,4.6
PLASMe,NK_H12_035,7m 43s,463,7.716666666666667,4.5 GB,4.5
PLASMe,KP_NORM_URN_2013_95439,7m 33s,453,7.55,4.8 GB,4.8
PLASMe,KP_NORM_BLD_2009_62777,7m 1s,421,7.016666666666667,4.4 GB,4.4
PLASMe,KP_NORM_URN_58233,6m 21s,381,6.35,4.3 GB,4.3
PLASMe,KP_NORM_BLD_2008_55014,6m 44s,404,6.733333333333333,4.4 GB,4.4
PLASMe,KP_NORM_URN_2013_95819,6m 18s,378,6.3,4.5 GB,4.5
PLASMe,KP_NORM_URN_2013_95951,6m 8s,368,6.133333333333334,4.4 GB,4.4
PLASMe,NK_H1_059,5m 13s,313,5.216666666666667,4.1 GB,4.1
PLASMe,NK_H12_053,6m 29s,389,6.483333333333333,4.4 GB,4.4
PLASMe,KP_NORM_URN_2014_97392,7m,420,7,6.2 GB,6.2
PLASMe,NK_H1_050,5m 9s,309,5.15,4 GB,4
PLASMe,NK_H18_074,6m 31s,391,6.516666666666667,4.5 GB,4.5
PLASMe,KP_NORM_URN_56847,6m 40s,400,6.666666666666667,4.6 GB,4.6
PLASMe,KP_NORM_URN_2014_97671,6m 35s,395,6.583333333333333,4.6 GB,4.6
PLASMe,KP_NORM_URN_2015_109358,5m 43s,343,5.716666666666667,4.4 GB,4.4
PLASMe,NK_H21_010,5m 27s,327,5.45,4.2 GB,4.2
PLASMe,NK_H1_091,6m 31s,391,6.516666666666667,4.3 GB,4.3
PLASMe,NK_H1_084,5m 41s,341,5.683333333333334,4.3 GB,4.3
PLASMe,NK_H21_014,6m 38s,398,6.633333333333334,4.3 GB,4.3
PLASMe,NK_H20_010,6m 51s,411,6.85,9.7 GB,9.7
PLASMe,NK_H21_011,6m 15s,375,6.25,4.3 GB,4.3
PLASMe,KP_NORM_URN_2014_97677,6m 20s,380,6.333333333333333,4.4 GB,4.4
PLASMe,NK_H18_054,5m 16s,316,5.266666666666667,4 GB,4
PLASMe,NK_H20_007,6m 2s,362,6.033333333333333,9.7 GB,9.7
PLASMe,NK_H17_018,5m 42s,342,5.7,4.2 GB,4.2
PLASMe,KP_NORM_URN_2015_109604,5m 46s,346,5.766666666666667,4.4 GB,4.4
PLASMe,NK_H21_049,5m 9s,309,5.15,4.1 GB,4.1
PLASMe,NK_H1_012,5m,300,5,4 GB,4
PLASMe,KP_NORM_URN_2015_107962,6m 23s,383,6.383333333333334,4.6 GB,4.6
PLASMe,KP_NORM_URN_2015_107836,6m 20s,380,6.333333333333333,4.4 GB,4.4
PLASMe,NK_H14_036,6m 17s,377,6.283333333333333,4.3 GB,4.3
PLASMe,NK_H1_040,6m 12s,372,6.2,4.5 GB,4.5
PLASMe,NK_H21_050,6m 37s,397,6.616666666666666,5.2 GB,5.2
PLASMe,NK_H22_075,5m 40s,340,5.666666666666667,4.3 GB,4.3
PLASMe,NK_H18_072,5m 37s,337,5.616666666666666,4.3 GB,4.3
PLASMe,NK_H21_023,6m 57s,417,6.95,4.6 GB,4.6
PLASMe,NK_H21_078,6m 43s,403,6.716666666666667,4.8 GB,4.8
PLASMe,NK_H21_067,6m 22s,382,6.366666666666666,4.5 GB,4.5
PLASMe,NK_H18_073,5m 55s,355,5.916666666666667,4.5 GB,4.5
PLASMe,NK_H21_005,6m 43s,403,6.716666666666667,5.5 GB,5.5
PLASMe,NK_H21_037,6m 33s,393,6.55,4.5 GB,4.5
PLASMe,NK_H22_027,6m 35s,395,6.583333333333333,4.5 GB,4.5
PLASMe,NK_H19_011,7m 14s,434,7.233333333333333,9.6 GB,9.6
PLASMe,NK_H18_019,6m 44s,404,6.733333333333333,4.4 GB,4.4
PLASMe,NK_H18_005,6m 23s,383,6.383333333333334,4.3 GB,4.3
PLASMe,NK_H1_037,6m 13s,373,6.216666666666667,4.3 GB,4.3
PLASMe,NK_H1_074,6m 41s,401,6.683333333333334,4.5 GB,4.5
PLASMe,NK_H19_015,8m 16s,496,8.266666666666667,9.8 GB,9.8
PLASMe,NK_H16_023,6m 38s,398,6.633333333333334,4.5 GB,4.5
PLASMe,NK_H17_017,5m 11s,311,5.183333333333334,4.9 GB,4.9
PLASMe,NK_H1_002,6m 13s,373,6.216666666666667,4.4 GB,4.4
PLASMe,NK_H17_002,7m 5s,425,7.083333333333333,4.6 GB,4.6
PLASMe,NK_H4_002,6m 14s,374,6.233333333333333,4.2 GB,4.2
PLASMe,NK_H1_111,6m 28s,388,6.466666666666667,4.4 GB,4.4
PLASMe,NK_H21_036,7m 14s,434,7.233333333333333,4.4 GB,4.4
PLASMe,NK_H21_029,6m 40s,400,6.666666666666667,4.4 GB,4.4
PLASMe,NK_H17_034,6m 20s,380,6.333333333333333,4.5 GB,4.5
PLASMe,NK_H1_041,5m 59s,359,5.983333333333333,4.2 GB,4.2
PLASMe,NK_H18_050,5m,300,5,4 GB,4
PLASMe,NK_H1_001,6m 14s,374,6.233333333333333,4.4 GB,4.4
PLASMe,NK_H1_011,5m 49s,349,5.816666666666666,4.7 GB,4.7
PLASMe,NK_H20_015,6m 43s,403,6.716666666666667,4.5 GB,4.5
PLASMe,NK_H1_109,5m 53s,353,5.883333333333334,4.2 GB,4.2
PLASMe,NK_H22_076,6m 20s,380,6.333333333333333,4.6 GB,4.6
PLASMe,NK_H16_021,6m 19s,379,6.316666666666666,4.3 GB,4.3
PLASMe,NK_H17_042,6m 26s,386,6.433333333333334,4.3 GB,4.3
PLASMe,NK_H18_026,6m 37s,397,6.616666666666666,4.5 GB,4.5
PLASMe,NK_H17_023,6m 2s,362,6.033333333333333,4.3 GB,4.3
PLASMe,NK_H24_006,4m 58s,298,4.966666666666667,4 GB,4
PLASMe,NK_H23_041,5m 54s,354,5.9,4.2 GB,4.2
PLASMe,NK_H22_045,6m 1s,361,6.016666666666667,4.3 GB,4.3
PLASMe,NK_H1_044,5m 14s,314,5.233333333333333,4.2 GB,4.2
PLASMe,NK_H1_098,6m 13s,373,6.216666666666667,4.4 GB,4.4
PLASMe,NK_H18_003,5m 51s,351,5.85,4.5 GB,4.5
PLASMe,NK_H21_015,6m 7s,367,6.116666666666666,4.1 GB,4.1
PLASMe,NK_H18_038,6m 19s,379,6.316666666666666,4.3 GB,4.3
PLASMe,NK_H24_028,7m 51s,471,7.85,9.6 GB,9.6
PLASMe,NK_H23_014,7m 29s,449,7.483333333333333,8.6 GB,8.6
PLASMe,NK_H16_016,6m 29s,389,6.483333333333333,4.3 GB,4.3
PLASMe,NK_H15_032,6m 23s,383,6.383333333333334,4.4 GB,4.4
PLASMe,NK_H15_025,6m 52s,412,6.866666666666666,4.7 GB,4.7
PLASMe,NK_H15_042,6m 29s,389,6.483333333333333,4.4 GB,4.4
PLASMe,NK_H15_060,5m 25s,325,5.416666666666667,4 GB,4
PLASMe,NK_H15_056,5m 37s,337,5.616666666666666,4.4 GB,4.4
PLASMe,NK_H5_016,5m 7s,307,5.116666666666666,4 GB,4
PLASMe,NK_H4_026,6m 29s,389,6.483333333333333,4.5 GB,4.5
PLASMe,NK_H16_012,5m 42s,342,5.7,5.6 GB,5.6
PLASMe,NK_H14_050,6m 20s,380,6.333333333333333,4.5 GB,4.5
PLASMe,NK_H14_015,7m 5s,425,7.083333333333333,9.6 GB,9.6
PLASMe,NK_H14_033,7m 30s,450,7.5,9.6 GB,9.6
PLASMe,NK_H14_037,6m 48s,408,6.8,4.4 GB,4.4
PLASMe,NK_H15_048,6m 14s,374,6.233333333333333,4.1 GB,4.1
PLASMe,NK_H5_014,5m 38s,338,5.633333333333334,5.1 GB,5.1
PLASMe,NK_H8_022,6m 27s,387,6.45,7.6 GB,7.6
PLASMe,NK_H16_005,6m 8s,368,6.133333333333334,4.2 GB,4.2
PLASMe,NK_H15_022,6m 8s,368,6.133333333333334,4.3 GB,4.3
PLASMe,NK_H14_063,6m 38s,398,6.633333333333334,6.3 GB,6.3
PLASMe,NK_H15_021,5m 40s,340,5.666666666666667,4.4 GB,4.4
PLASMe,NK_H14_010,7m 7s,427,7.116666666666666,9.6 GB,9.6
PLASMe,NK_H15_014,5m 42s,342,5.7,4.1 GB,4.1
PLASMe,NK_H15_047,5m 56s,356,5.933333333333334,4.2 GB,4.2
PLASMe,NK_H13_003,6m 37s,397,6.616666666666666,4.5 GB,4.5
PLASMe,NK_H12_057,5m 47s,347,5.783333333333333,4 GB,4
PLASMe,NK_H15_001,6m 23s,383,6.383333333333334,4.6 GB,4.6
PLASMe,NK_H12_063,6m 9s,369,6.15,4.3 GB,4.3
PLASMe,NK_H14_042,6m 12s,372,6.2,5.5 GB,5.5
PLASMe,KP_NORM_URN_58342,6m 8s,368,6.133333333333334,4.4 GB,4.4
PLASMe,NK_H14_001,6m 16s,376,6.266666666666667,8.6 GB,8.6
PLASMe,NK_H15_002,6m 18s,378,6.3,4.4 GB,4.4
PLASMe,NK_H24_010,5m 36s,336,5.6,4.1 GB,4.1
PLASMe,NK_H8_008,6m 1s,361,6.016666666666667,4.9 GB,4.9
PLASMe,NK_H23_027,6m 36s,396,6.6,4.2 GB,4.2
PLASMe,NK_H8_044,5m 7s,307,5.116666666666666,4 GB,4
PLASMe,NK_H5_010,6m 17s,377,6.283333333333333,4.1 GB,4.1
PLASMe,NK_H8_002,6m 7s,367,6.116666666666666,4.2 GB,4.2
PLASMe,NK_H23_006,6m 59s,419,6.983333333333333,4.5 GB,4.5
PLASMe,NK_H23_007,5m 53s,353,5.883333333333334,4.3 GB,4.3
PLASMe,NK_H23_015,6m 48s,408,6.8,9.6 GB,9.6
PLASMe,NK_H12_068,5m 17s,317,5.283333333333333,4.1 GB,4.1
PLASMe,NK_H7_010,7m 6s,426,7.1,8.7 GB,8.7
PLASMe,NK_H14_057,5m 45s,345,5.75,4.4 GB,4.4
PLASMe,NK_H8_011,6m 46s,406,6.766666666666667,4.8 GB,4.8
PLASMe,NK_H3_025,6m 1s,361,6.016666666666667,4.2 GB,4.2
PLASMe,NK_H14_058,5m 56s,356,5.933333333333334,4 GB,4
PLASMe,NK_H26_006,5m 5s,305,5.083333333333333,4 GB,4
PLASMe,NK_H3_002,6m 32s,392,6.533333333333333,4.6 GB,4.6
PLASMe,NK_H12_100,5m 49s,349,5.816666666666666,4.4 GB,4.4
PLASMe,NK_H2_021,5m 52s,352,5.866666666666666,4.4 GB,4.4
PLASMe,NK_H2_007,5m 50s,350,5.833333333333333,4.3 GB,4.3
PLASMe,NK_H4_006,6m 33s,393,6.55,4.6 GB,4.6
PLASMe,NK_H25_013,7m 35s,455,7.583333333333333,9.7 GB,9.7
PLASMe,NK_H7_005,6m 9s,369,6.15,4.4 GB,4.4
PLASMe,NK_H24_016,6m 5s,365,6.083333333333333,9.7 GB,9.7
PLASMe,NK_H23_002,5m 51s,351,5.85,4.2 GB,4.2
PLASMe,NK_H2_019,6m 7s,367,6.116666666666666,4.4 GB,4.4
PLASMe,NK_H3_015,6m 4s,364,6.066666666666666,4.4 GB,4.4
PLASMe,NK_H28_005,6m 14s,374,6.233333333333333,9.7 GB,9.7
PLASMe,NK_H3_007,6m 38s,398,6.633333333333334,5.1 GB,5.1
PLASMe,NK_H29_003,6m 14s,374,6.233333333333333,4.5 GB,4.5
PLASMe,NK_H12_048,6m 19s,379,6.316666666666666,4.2 GB,4.2
PLASMe,NK_H3_009,6m 31s,391,6.516666666666667,4.4 GB,4.4
PLASMe,NK_H3_001,6m 43s,403,6.716666666666667,4.3 GB,4.3
PLASMe,NK_H5_031,6m 34s,394,6.566666666666666,4.5 GB,4.5
PLASMe,NK_H12_086,6m 29s,389,6.483333333333333,4.3 GB,4.3
PLASMe,NK_H3_019,6m 53s,413,6.883333333333334,4.3 GB,4.3
PLASMe,NK_H2_020,6m 22s,382,6.366666666666666,4.5 GB,4.5
PLASMe,T7-072,6m,360,6,5.2 GB,5.2
PLASMe,NK_H24_044,6m 13s,373,6.216666666666667,9.7 GB,9.7
PLASMe,NK_H25_002,5m 45s,345,5.75,4.2 GB,4.2
PLASMe,NK_H23_049,5m 33s,333,5.55,4.3 GB,4.3
PLASMe,T7-141,7m 3s,423,7.05,4.5 GB,4.5
PLASMe,NK_H8_118,7m 30s,450,7.5,9.7 GB,9.7
PLASMe,NK_H24_054,7m 45s,465,7.75,9.6 GB,9.6
PLASMe,NK_H9_001,6m 25s,385,6.416666666666667,4.5 GB,4.5
PLASMe,NK_H21_080,5m 45s,345,5.75,4.1 GB,4.1
PLASMe,NK_H21_076,6m 6s,366,6.1,4.3 GB,4.3
PLASMe,NK_H23_045,6m 44s,404,6.733333333333333,4.4 GB,4.4
PLASMe,NK_H22_070,5m 5s,305,5.083333333333333,4 GB,4
PLASMe,NK_H22_015,5m 35s,335,5.583333333333333,4.2 GB,4.2
PLASMe,T7-165,6m 52s,412,6.866666666666666,4.7 GB,4.7
PLASMe,NK_H22_013,6m 23s,383,6.383333333333334,4.5 GB,4.5
PLASMe,NK_H23_019,5m 56s,356,5.933333333333334,4.1 GB,4.1
PLASMe,NK_H21_056A,6m 47s,407,6.783333333333333,4.3 GB,4.3
PLASMe,NK_H22_060,7m 45s,465,7.75,6.8 GB,6.8
PLASMe,NK_H22_018,5m 33s,333,5.55,4.4 GB,4.4
PLASMe,NK_H22_009,6m 4s,364,6.066666666666666,4.1 GB,4.1
PLASMe,NK_H23_005,5m 28s,328,5.466666666666667,4.1 GB,4.1
PLASMe,T7-036,5m 54s,354,5.9,4 GB,4
PLASMe,NK_H22_053,6m 7s,367,6.116666666666666,4.4 GB,4.4
PLASMe,T7-034,7m 23s,443,7.383333333333334,5.3 GB,5.3
PLASMe,T7-179,6m 38s,398,6.633333333333334,4.3 GB,4.3
PLASMe,T7-011,6m,360,6,4.3 GB,4.3
PLASMe,T7-085,7m 10s,430,7.166666666666667,6.6 GB,6.6
PLASMe,T7-220,5m 58s,358,5.966666666666667,4.5 GB,4.5
PLASMe,T7-189,6m 50s,410,6.833333333333333,7.3 GB,7.3
PLASMe,T7-289,6m 46s,406,6.766666666666667,4.6 GB,4.6
PLASMe,T7-349,6m 52s,412,6.866666666666666,5.5 GB,5.5
PLASMe,T7-050,5m 31s,331,5.516666666666667,4.1 GB,4.1
PLASMe,NK_H9_006,7m 11s,431,7.183333333333334,9.6 GB,9.6
PLASMe,T7-158,5m 46s,346,5.766666666666667,4.2 GB,4.2
PLASMe,T7-424,6m 43s,403,6.716666666666667,4.4 GB,4.4
PLASMe,T7-160,7m 13s,433,7.216666666666667,4.6 GB,4.6
PLASMe,T7-096,7m 6s,426,7.1,8.1 GB,8.1
PLASMe,T7-146,5m 38s,338,5.633333333333334,4.1 GB,4.1
PLASMe,T7-103,6m 30s,390,6.5,4.3 GB,4.3
PLASMe,T7-133,7m 1s,421,7.016666666666667,4.7 GB,4.7
PLASMe,T7-105,6m 21s,381,6.35,4.4 GB,4.4
PLASMe,T7-129,5m 46s,346,5.766666666666667,4.1 GB,4.1
PLASMe,T7-181,4m 58s,298,4.966666666666667,4 GB,4
PLASMe,T7-115,6m 26s,386,6.433333333333334,4.5 GB,4.5
PLASMe,T7-125,5m 30s,330,5.5,4.3 GB,4.3
PLASMe,T7-097,6m 31s,391,6.516666666666667,5.1 GB,5.1
PLASMe,T7-153,6m 7s,367,6.116666666666666,4.6 GB,4.6
PLASMe,T7-051,6m 2s,362,6.033333333333333,4.3 GB,4.3
PLASMe,T7-089,5m 46s,346,5.766666666666667,4.1 GB,4.1
PLASMe,T7-078,6m 36s,396,6.6,4.4 GB,4.4
PLASMe,T7-019,7m 3s,423,7.05,5.2 GB,5.2
PLASMe,T7-013,6m 36s,396,6.6,4.9 GB,4.9
PLASMe,T7-020,6m 27s,387,6.45,4.4 GB,4.4
PLASMe,T7-032,6m 11s,371,6.183333333333334,4.3 GB,4.3
PLASMe,T7-010,7m 4s,424,7.066666666666666,5.3 GB,5.3
PLASMe,NK_H8_100,6m 15s,375,6.25,4.4 GB,4.4
PLASMe,T7-007,6m 45s,405,6.75,6.5 GB,6.5
PLASMe,NK_H8_083,6m 26s,386,6.433333333333334,4.5 GB,4.5
PLASMe,NK_H8_111,6m 49s,409,6.816666666666666,9.6 GB,9.6
PLASMe,NK_H8_052,5m 40s,340,5.666666666666667,4 GB,4
PLASMe,NK_H8_060,6m,360,6,4.4 GB,4.4
PLASMe,NK_H9_003,5m 45s,345,5.75,4.3 GB,4.3
PLASMe,NK_H8_045,7m 7s,427,7.116666666666666,4.6 GB,4.6
PLASMe,NK_H8_121,7m 25s,445,7.416666666666667,9.7 GB,9.7
PLASMe,NK_H8_057,6m 14s,374,6.233333333333333,4.1 GB,4.1
PLASMe,NK_H8_077,6m 42s,402,6.7,4.4 GB,4.4
PLASMe,NK_H8_114,6m 59s,419,6.983333333333333,9.2 GB,9.2
PLASMe,T7-262,7m 13s,433,7.216666666666667,4.3 GB,4.3
PLASMe,T7-425,7m 19s,439,7.316666666666666,5.1 GB,5.1
PLASMe,T7-439,6m 8s,368,6.133333333333334,4.3 GB,4.3
PLASMe,T7-012,6m 39s,399,6.65,4.2 GB,4.2
PLASMe,T7-266,6m 2s,362,6.033333333333333,4.1 GB,4.1
PLASMe,NK_H8_070,6m,360,6,4.3 GB,4.3
PLASMe,T7-180,6m,360,6,4.3 GB,4.3
PLASMe,T7-311,7m 54s,474,7.9,7.8 GB,7.8
PLASMe,T7-200,6m 31s,391,6.516666666666667,4.3 GB,4.3
PLASMe,T7-414,6m 54s,414,6.9,9.2 GB,9.2
PLASMe,T7-240,6m,360,6,4.1 GB,4.1
PLASMe,T7-335,6m 2s,362,6.033333333333333,4.4 GB,4.4
PLASMe,T7-242,7m 37s,457,7.616666666666666,5.7 GB,5.7
PLASMe,T7-273,6m 38s,398,6.633333333333334,4.2 GB,4.2
PLASMe,T7-259,7m 12s,432,7.2,6.5 GB,6.5
PLASMe,T7-398,6m 44s,404,6.733333333333333,4.9 GB,4.9
PLASMe,T7-213,5m 26s,326,5.433333333333334,4 GB,4
PLASMe,T7-402,6m 43s,403,6.716666666666667,4.4 GB,4.4
PLASMe,T7-378,6m 57s,417,6.95,5.7 GB,5.7
PLASMe,T7-267,6m 42s,402,6.7,5.6 GB,5.6
PLASMe,T7-333,5m 10s,310,5.166666666666667,4 GB,4
PLASMe,T7-225,6m 32s,392,6.533333333333333,5.1 GB,5.1
PLASMe,T7-365,6m 17s,377,6.283333333333333,4.4 GB,4.4
PLASMe,T7-290,6m 1s,361,6.016666666666667,4.2 GB,4.2
PLASMe,T7-326,6m 9s,369,6.15,5.3 GB,5.3
PLASMe,T7-286,5m 33s,333,5.55,4.8 GB,4.8
PLASMe,T7-185,6m 20s,380,6.333333333333333,4.4 GB,4.4
PLASMe,T7-410,7m 16s,436,7.266666666666667,5.4 GB,5.4
PLASMe,T7-296,6m 28s,388,6.466666666666667,6.7 GB,6.7
PLASMe,T7-394,7m 24s,444,7.4,9.7 GB,9.7
PLASMe,T7-393,7m 5s,425,7.083333333333333,9.7 GB,9.7
PLASMe,T7-234,7m 6s,426,7.1,4.6 GB,4.6
PLASMe,T7-211,6m 47s,407,6.783333333333333,4.3 GB,4.3
PLASMe,T7-292,6m 36s,396,6.6,5.1 GB,5.1
PLASMe,T7-264,6m 25s,385,6.416666666666667,4.7 GB,4.7
PLASMe,T7-457,5m 48s,348,5.8,4.2 GB,4.2
PLASMe,T7-209,6m 6s,366,6.1,8.7 GB,8.7
PLASMe,T7-442,5m 53s,353,5.883333333333334,4.6 GB,4.6
PLASMe,T7-445,5m 17s,317,5.283333333333333,4.1 GB,4.1
PLASMe,T7-482,6m 33s,393,6.55,4.6 GB,4.6
PLASMe,T7-475,6m 21s,381,6.35,4.1 GB,4.1
PLASMe,T7-472,5m 42s,342,5.7,4.1 GB,4.1
PLASMe,T7-460,6m 46s,406,6.766666666666667,4.5 GB,4.5
PLASMe,T7-488,6m 20s,380,6.333333333333333,4.4 GB,4.4
PLASMe,T7-493,6m 48s,408,6.8,4.6 GB,4.6
